lead_id,source,rejection_reason,hours_to_first_follow_up,routed_to
L-000001,paid_search,,6.5,smb_sdr
L-000002,paid_search,,8.8,smb_sdr
L-000003,paid_search,too_small,4.7,smb_sdr
L-000004,paid_search,duplicate,2.3,smb_sdr
L-000005,paid_search,no_budget,2.8,smb_sdr
L-000006,paid_search,not_decision_maker,18.5,smb_sdr
L-000007,paid_search,,4.3,smb_sdr
L-000008,paid_search,too_small,5.5,smb_sdr
L-000009,paid_search,not_decision_maker,5.0,smb_sdr
L-000010,paid_search,,11.7,smb_sdr
L-000011,paid_search,,6.2,smb_sdr
L-000012,paid_search,,6.1,smb_sdr
L-000013,paid_search,no_response,2.1,smb_sdr
L-000014,paid_search,,6.5,smb_sdr
L-000015,paid_search,no_response,6.5,smb_sdr
L-000016,paid_search,,15.2,smb_sdr
L-000017,paid_search,,4.6,smb_sdr
L-000018,paid_search,,5.1,smb_sdr
L-000019,paid_search,wrong_use_case,8.2,smb_sdr
L-000020,paid_search,no_response,1.9,smb_sdr
L-000021,paid_search,no_response,15.6,smb_sdr
L-000022,paid_search,duplicate,3.4,smb_sdr
L-000023,paid_search,no_response,1.6,smb_sdr
L-000024,paid_search,,31.1,smb_sdr
L-000025,paid_search,,16.5,smb_sdr
L-000026,paid_search,no_budget,5.8,smb_sdr
L-000027,paid_search,no_response,9.3,smb_sdr
L-000028,paid_search,no_response,1.6,smb_sdr
L-000029,paid_search,duplicate,2.9,smb_sdr
L-000030,paid_search,no_budget,3.5,smb_sdr
L-000031,paid_search,too_small,2.8,smb_sdr
L-000032,paid_search,competitor_contract,8.8,smb_sdr
L-000033,paid_search,,2.3,smb_sdr
L-000034,paid_search,wrong_use_case,9.4,smb_sdr
L-000035,paid_search,,6.8,smb_sdr
L-000036,paid_search,,6.6,smb_sdr
L-000037,paid_search,,6.2,smb_sdr
L-000038,paid_search,no_response,5.1,smb_sdr
L-000039,paid_search,no_response,9.9,smb_sdr
L-000040,paid_search,,1.9,smb_sdr
L-000041,paid_search,no_budget,6.3,smb_sdr
L-000042,paid_search,too_small,3.2,smb_sdr
L-000043,paid_search,not_decision_maker,5.8,smb_sdr
L-000044,paid_search,duplicate,7.1,smb_sdr
L-000045,paid_search,no_response,7.1,smb_sdr
L-000046,paid_search,not_decision_maker,9.4,smb_sdr
L-000047,paid_search,,5.8,smb_sdr
L-000048,paid_search,,8.6,smb_sdr
L-000049,paid_search,no_response,3.4,smb_sdr
L-000050,paid_search,,5.0,smb_sdr
L-000051,paid_search,,7.5,smb_sdr
L-000052,paid_search,no_response,6.1,smb_sdr
L-000053,paid_search,,12.7,smb_sdr
L-000054,paid_search,duplicate,1.1,smb_sdr
L-000055,paid_search,competitor_contract,2.0,smb_sdr
L-000056,paid_search,,1.5,smb_sdr
L-000057,paid_search,,8.1,smb_sdr
L-000058,paid_search,,10.5,smb_sdr
L-000059,paid_search,not_decision_maker,4.0,smb_sdr
L-000060,paid_search,competitor_contract,8.1,smb_sdr
L-000061,paid_search,,3.2,smb_sdr
L-000062,paid_search,,5.4,smb_sdr
L-000063,paid_search,,5.8,smb_sdr
L-000064,paid_search,no_response,3.2,smb_sdr
L-000065,paid_search,,4.0,smb_sdr
L-000066,paid_search,,4.6,smb_sdr
L-000067,paid_search,not_decision_maker,4.4,smb_sdr
L-000068,paid_search,no_budget,3.9,smb_sdr
L-000069,paid_search,,4.9,smb_sdr
L-000070,paid_search,,10.6,smb_sdr
L-000071,paid_search,wrong_use_case,13.0,smb_sdr
L-000072,paid_search,competitor_contract,2.5,smb_sdr
L-000073,paid_search,wrong_use_case,6.1,smb_sdr
L-000074,paid_search,no_response,9.6,smb_sdr
L-000075,paid_search,no_budget,19.5,smb_sdr
L-000076,paid_search,wrong_use_case,2.9,smb_sdr
L-000077,paid_search,,5.3,smb_sdr
L-000078,paid_search,,6.8,smb_sdr
L-000079,paid_search,no_response,6.8,smb_sdr
L-000080,paid_search,not_decision_maker,6.1,smb_sdr
L-000081,paid_search,no_budget,5.3,smb_sdr
L-000082,paid_search,,2.3,smb_sdr
L-000083,paid_search,no_budget,4.4,smb_sdr
L-000084,paid_search,,12.6,smb_sdr
L-000085,paid_search,no_response,10.5,smb_sdr
L-000086,paid_search,duplicate,2.5,smb_sdr
L-000087,paid_search,,1.0,smb_sdr
L-000088,paid_search,no_budget,108.5,unassigned
L-000089,paid_search,,2.5,smb_sdr
L-000090,paid_search,,6.7,smb_sdr
L-000091,paid_search,,8.9,smb_sdr
L-000092,paid_search,not_decision_maker,4.3,smb_sdr
L-000093,paid_search,,7.0,smb_sdr
L-000094,paid_search,too_small,6.8,smb_sdr
L-000095,paid_search,too_small,3.6,smb_sdr
L-000096,paid_search,too_small,4.3,smb_sdr
L-000097,paid_search,no_budget,8.1,smb_sdr
L-000098,paid_search,,2.5,smb_sdr
L-000099,paid_search,,8.1,smb_sdr
L-000100,paid_search,no_budget,4.1,smb_sdr
L-000101,paid_search,,5.9,smb_sdr
L-000102,paid_search,wrong_use_case,2.1,smb_sdr
L-000103,paid_search,not_decision_maker,3.2,smb_sdr
L-000104,paid_search,too_small,9.5,smb_sdr
L-000105,paid_search,no_budget,17.2,smb_sdr
L-000106,paid_search,,109.1,unassigned
L-000107,paid_search,no_response,4.3,smb_sdr
L-000108,paid_search,,3.5,smb_sdr
L-000109,paid_search,,6.3,smb_sdr
L-000110,paid_search,duplicate,5.6,smb_sdr
L-000111,paid_search,duplicate,0.9,smb_sdr
L-000112,paid_search,duplicate,6.5,smb_sdr
L-000113,paid_search,,2.3,smb_sdr
L-000114,paid_search,duplicate,1.4,smb_sdr
L-000115,paid_search,,3.2,smb_sdr
L-000116,paid_search,no_budget,7.1,smb_sdr
L-000117,paid_search,,3.7,smb_sdr
L-000118,paid_search,,6.7,smb_sdr
L-000119,paid_search,no_response,6.2,smb_sdr
L-000120,paid_search,,3.4,smb_sdr
L-000121,paid_search,wrong_use_case,16.1,smb_sdr
L-000122,paid_search,,1.7,smb_sdr
L-000123,paid_search,too_small,2.4,smb_sdr
L-000124,paid_search,not_decision_maker,3.0,smb_sdr
L-000125,paid_search,no_response,1.9,smb_sdr
L-000126,paid_search,,4.3,smb_sdr
L-000127,paid_search,no_response,3.3,smb_sdr
L-000128,paid_search,too_small,4.6,smb_sdr
L-000129,paid_search,wrong_use_case,2.5,smb_sdr
L-000130,paid_search,no_response,4.8,smb_sdr
L-000131,paid_search,,5.6,smb_sdr
L-000132,paid_search,,7.8,smb_sdr
L-000133,paid_search,,5.2,smb_sdr
L-000134,paid_search,,4.5,smb_sdr
L-000135,paid_search,,9.4,smb_sdr
L-000136,paid_search,no_response,9.7,smb_sdr
L-000137,paid_search,,11.0,smb_sdr
L-000138,paid_search,,4.9,smb_sdr
L-000139,paid_search,,11.6,smb_sdr
L-000140,paid_search,,2.0,smb_sdr
L-000141,paid_search,no_budget,5.1,smb_sdr
L-000142,paid_search,,127.6,unassigned
L-000143,paid_search,no_response,1.6,smb_sdr
L-000144,paid_search,no_response,3.7,smb_sdr
L-000145,paid_search,not_decision_maker,44.9,unassigned
L-000146,paid_search,,11.4,smb_sdr
L-000147,paid_search,no_response,7.5,smb_sdr
L-000148,paid_search,,6.7,smb_sdr
L-000149,paid_search,not_decision_maker,4.8,smb_sdr
L-000150,paid_search,no_response,7.6,smb_sdr
L-000151,paid_search,too_small,2.4,smb_sdr
L-000152,paid_search,no_response,3.9,smb_sdr
L-000153,paid_search,no_response,4.8,smb_sdr
L-000154,paid_search,no_budget,11.6,smb_sdr
L-000155,paid_search,no_response,6.6,smb_sdr
L-000156,paid_search,,9.5,smb_sdr
L-000157,paid_search,no_response,15.5,smb_sdr
L-000158,paid_search,no_budget,1.7,smb_sdr
L-000159,paid_search,duplicate,7.0,smb_sdr
L-000160,paid_search,,3.1,smb_sdr
L-000161,paid_search,,10.2,smb_sdr
L-000162,paid_search,duplicate,2.3,smb_sdr
L-000163,paid_search,,5.0,smb_sdr
L-000164,paid_search,wrong_use_case,1.9,smb_sdr
L-000165,paid_search,too_small,6.4,smb_sdr
L-000166,paid_search,no_budget,2.5,smb_sdr
L-000167,paid_search,,5.1,smb_sdr
L-000168,paid_search,no_budget,12.4,smb_sdr
L-000169,paid_search,no_budget,4.8,smb_sdr
L-000170,paid_search,,2.1,smb_sdr
L-000171,paid_search,duplicate,3.2,smb_sdr
L-000172,paid_search,too_small,3.4,smb_sdr
L-000173,paid_search,wrong_use_case,16.5,smb_sdr
L-000174,paid_search,no_budget,8.5,smb_sdr
L-000175,paid_search,no_budget,8.8,smb_sdr
L-000176,paid_search,no_budget,4.6,smb_sdr
L-000177,paid_search,,2.2,smb_sdr
L-000178,paid_search,no_budget,4.5,smb_sdr
L-000179,paid_search,too_small,2.4,smb_sdr
L-000180,paid_search,no_response,1.6,smb_sdr
L-000181,paid_search,,3.6,smb_sdr
L-000182,paid_search,too_small,11.5,smb_sdr
L-000183,paid_search,not_decision_maker,4.0,smb_sdr
L-000184,paid_search,,5.1,smb_sdr
L-000185,paid_search,not_decision_maker,3.1,smb_sdr
L-000186,paid_search,no_response,5.4,smb_sdr
L-000187,paid_search,wrong_use_case,3.8,smb_sdr
L-000188,paid_search,,2.7,smb_sdr
L-000189,paid_search,,5.1,smb_sdr
L-000190,paid_search,,2.8,smb_sdr
L-000191,paid_search,,2.5,smb_sdr
L-000192,paid_search,not_decision_maker,1.9,smb_sdr
L-000193,paid_search,competitor_contract,26.6,smb_sdr
L-000194,paid_search,,4.8,smb_sdr
L-000195,paid_search,too_small,2.9,smb_sdr
L-000196,paid_search,,7.4,smb_sdr
L-000197,paid_search,,32.6,smb_sdr
L-000198,paid_search,,4.0,smb_sdr
L-000199,paid_search,,5.9,smb_sdr
L-000200,paid_search,competitor_contract,8.3,smb_sdr
L-000201,paid_search,,11.4,smb_sdr
L-000202,paid_search,no_response,3.8,smb_sdr
L-000203,paid_search,wrong_use_case,6.5,smb_sdr
L-000204,paid_search,,3.5,smb_sdr
L-000205,paid_search,,6.8,smb_sdr
L-000206,paid_search,no_response,4.0,smb_sdr
L-000207,paid_search,,215.9,unassigned
L-000208,paid_search,competitor_contract,4.3,smb_sdr
L-000209,paid_search,no_budget,11.2,smb_sdr
L-000210,paid_search,wrong_use_case,29.2,unassigned
L-000211,paid_search,,10.2,smb_sdr
L-000212,paid_search,no_response,6.6,smb_sdr
L-000213,paid_search,,5.3,smb_sdr
L-000214,paid_search,,5.9,smb_sdr
L-000215,paid_search,too_small,4.0,smb_sdr
L-000216,paid_search,not_decision_maker,3.5,smb_sdr
L-000217,paid_search,not_decision_maker,4.6,smb_sdr
L-000218,paid_search,duplicate,14.9,smb_sdr
L-000219,paid_search,,2.2,smb_sdr
L-000220,paid_search,no_budget,1.6,smb_sdr
L-000221,paid_search,competitor_contract,1.9,smb_sdr
L-000222,paid_search,too_small,14.8,smb_sdr
L-000223,paid_search,too_small,8.0,smb_sdr
L-000224,paid_search,,6.7,smb_sdr
L-000225,paid_search,,4.4,smb_sdr
L-000226,paid_search,,5.7,smb_sdr
L-000227,paid_search,,5.3,smb_sdr
L-000228,paid_search,no_response,2.6,smb_sdr
L-000229,paid_search,no_budget,8.5,smb_sdr
L-000230,paid_search,,2.4,smb_sdr
L-000231,paid_search,competitor_contract,6.7,smb_sdr
L-000232,paid_search,,5.2,smb_sdr
L-000233,paid_search,,5.1,smb_sdr
L-000234,paid_search,,5.5,smb_sdr
L-000235,paid_search,,4.5,smb_sdr
L-000236,paid_search,wrong_use_case,2.3,smb_sdr
L-000237,paid_search,duplicate,4.0,smb_sdr
L-000238,paid_search,no_budget,8.5,smb_sdr
L-000239,paid_search,,5.7,smb_sdr
L-000240,paid_search,not_decision_maker,7.1,smb_sdr
L-000241,paid_search,,9.9,smb_sdr
L-000242,paid_search,not_decision_maker,8.0,smb_sdr
L-000243,paid_search,wrong_use_case,14.1,smb_sdr
L-000244,paid_search,,4.2,smb_sdr
L-000245,paid_search,too_small,2.8,smb_sdr
L-000246,paid_search,not_decision_maker,5.9,smb_sdr
L-000247,paid_search,too_small,7.9,smb_sdr
L-000248,paid_search,no_response,4.6,smb_sdr
L-000249,paid_search,duplicate,2.5,smb_sdr
L-000250,paid_search,no_budget,3.3,smb_sdr
L-000251,paid_search,no_response,3.4,smb_sdr
L-000252,paid_search,,6.1,smb_sdr
L-000253,paid_search,,10.9,smb_sdr
L-000254,paid_search,duplicate,5.1,smb_sdr
L-000255,paid_search,no_response,1.9,smb_sdr
L-000256,paid_search,not_decision_maker,10.1,smb_sdr
L-000257,paid_search,duplicate,3.3,smb_sdr
L-000258,paid_search,,7.9,smb_sdr
L-000259,paid_search,,5.8,smb_sdr
L-000260,paid_search,too_small,6.5,smb_sdr
L-000261,paid_search,no_response,4.6,smb_sdr
L-000262,paid_search,competitor_contract,1.9,smb_sdr
L-000263,paid_search,no_response,14.5,smb_sdr
L-000264,paid_search,not_decision_maker,1.2,smb_sdr
L-000265,paid_search,not_decision_maker,2.4,smb_sdr
L-000266,paid_search,no_response,2.6,smb_sdr
L-000267,paid_search,,5.1,smb_sdr
L-000268,paid_search,not_decision_maker,9.5,smb_sdr
L-000269,paid_search,wrong_use_case,12.3,smb_sdr
L-000270,paid_search,wrong_use_case,1.8,smb_sdr
L-000271,paid_search,no_budget,4.6,smb_sdr
L-000272,paid_search,no_response,7.3,smb_sdr
L-000273,paid_search,,3.3,smb_sdr
L-000274,paid_search,too_small,6.5,smb_sdr
L-000275,paid_search,,11.2,smb_sdr
L-000276,paid_search,too_small,14.5,smb_sdr
L-000277,paid_search,no_response,8.7,smb_sdr
L-000278,paid_search,too_small,4.1,smb_sdr
L-000279,paid_search,,4.9,smb_sdr
L-000280,paid_search,,2.8,smb_sdr
L-000281,paid_search,no_budget,7.7,smb_sdr
L-000282,paid_search,,4.5,smb_sdr
L-000283,paid_search,,44.8,unassigned
L-000284,paid_search,not_decision_maker,4.6,smb_sdr
L-000285,paid_search,,2.6,smb_sdr
L-000286,paid_search,,2.8,smb_sdr
L-000287,paid_search,,1.0,smb_sdr
L-000288,paid_search,,5.0,smb_sdr
L-000289,paid_search,duplicate,5.9,smb_sdr
L-000290,paid_search,too_small,6.1,smb_sdr
L-000291,paid_search,no_response,1.5,smb_sdr
L-000292,paid_search,,50.1,unassigned
L-000293,paid_search,,6.0,smb_sdr
L-000294,paid_search,,5.4,smb_sdr
L-000295,paid_search,,12.8,smb_sdr
L-000296,paid_search,,4.8,smb_sdr
L-000297,paid_search,,4.3,smb_sdr
L-000298,paid_search,,3.7,smb_sdr
L-000299,paid_search,duplicate,5.1,smb_sdr
L-000300,paid_search,not_decision_maker,9.9,smb_sdr
L-000301,paid_search,no_budget,3.6,smb_sdr
L-000302,paid_search,,5.5,smb_sdr
L-000303,paid_search,too_small,7.6,smb_sdr
L-000304,paid_search,no_response,1.9,smb_sdr
L-000305,paid_search,too_small,2.9,smb_sdr
L-000306,paid_search,,3.2,smb_sdr
L-000307,paid_search,no_budget,2.4,smb_sdr
L-000308,paid_search,too_small,3.4,smb_sdr
L-000309,paid_search,no_response,1.8,smb_sdr
L-000310,paid_search,duplicate,8.5,smb_sdr
L-000311,paid_search,too_small,2.9,smb_sdr
L-000312,paid_search,,3.5,smb_sdr
L-000313,paid_search,,3.1,smb_sdr
L-000314,paid_search,no_budget,4.9,smb_sdr
L-000315,paid_search,duplicate,2.5,smb_sdr
L-000316,paid_search,no_budget,9.9,smb_sdr
L-000317,paid_search,,5.4,smb_sdr
L-000318,paid_search,wrong_use_case,8.1,smb_sdr
L-000319,paid_search,wrong_use_case,11.2,smb_sdr
L-000320,paid_search,not_decision_maker,4.0,smb_sdr
L-000321,paid_search,no_response,2.9,smb_sdr
L-000322,paid_search,too_small,8.0,smb_sdr
L-000323,paid_search,competitor_contract,6.0,smb_sdr
L-000324,paid_search,no_response,11.1,smb_sdr
L-000325,paid_search,,44.9,unassigned
L-000326,paid_search,no_response,6.1,smb_sdr
L-000327,paid_search,,4.0,smb_sdr
L-000328,paid_search,not_decision_maker,7.3,smb_sdr
L-000329,paid_search,,6.6,smb_sdr
L-000330,paid_search,wrong_use_case,5.0,smb_sdr
L-000331,paid_search,too_small,2.7,smb_sdr
L-000332,paid_search,too_small,2.9,smb_sdr
L-000333,paid_search,duplicate,1.1,smb_sdr
L-000334,paid_search,not_decision_maker,3.4,smb_sdr
L-000335,paid_search,,10.6,smb_sdr
L-000336,paid_search,not_decision_maker,3.8,smb_sdr
L-000337,paid_search,,5.5,smb_sdr
L-000338,paid_search,duplicate,9.4,smb_sdr
L-000339,paid_search,no_budget,2.6,smb_sdr
L-000340,paid_search,,13.0,smb_sdr
L-000341,paid_search,no_response,5.4,smb_sdr
L-000342,paid_search,no_budget,4.1,smb_sdr
L-000343,paid_search,no_budget,2.4,smb_sdr
L-000344,paid_search,,13.4,smb_sdr
L-000345,paid_search,,6.0,smb_sdr
L-000346,paid_search,,3.9,smb_sdr
L-000347,paid_search,not_decision_maker,5.5,smb_sdr
L-000348,paid_search,too_small,2.9,smb_sdr
L-000349,paid_search,,7.7,smb_sdr
L-000350,paid_search,no_response,6.2,smb_sdr
L-000351,paid_search,duplicate,6.3,smb_sdr
L-000352,paid_search,no_budget,9.6,smb_sdr
L-000353,paid_search,,3.3,smb_sdr
L-000354,paid_search,,3.8,smb_sdr
L-000355,paid_search,duplicate,3.4,smb_sdr
L-000356,paid_search,no_budget,8.4,smb_sdr
L-000357,paid_search,not_decision_maker,9.5,smb_sdr
L-000358,paid_search,too_small,4.6,smb_sdr
L-000359,paid_search,,2.1,smb_sdr
L-000360,paid_search,,2.1,smb_sdr
L-000361,paid_search,too_small,3.1,smb_sdr
L-000362,paid_search,no_budget,3.8,smb_sdr
L-000363,paid_search,no_response,2.6,smb_sdr
L-000364,paid_search,competitor_contract,4.5,smb_sdr
L-000365,paid_search,no_budget,3.2,smb_sdr
L-000366,paid_search,no_budget,9.3,smb_sdr
L-000367,paid_search,wrong_use_case,5.8,smb_sdr
L-000368,paid_search,not_decision_maker,13.1,smb_sdr
L-000369,paid_search,,4.3,smb_sdr
L-000370,paid_search,,11.8,smb_sdr
L-000371,paid_search,no_response,4.7,smb_sdr
L-000372,paid_search,no_response,3.3,smb_sdr
L-000373,paid_search,no_response,4.7,smb_sdr
L-000374,paid_search,,3.0,smb_sdr
L-000375,paid_search,not_decision_maker,4.1,smb_sdr
L-000376,paid_search,,3.1,smb_sdr
L-000377,paid_search,not_decision_maker,3.7,smb_sdr
L-000378,paid_search,,7.2,smb_sdr
L-000379,paid_search,wrong_use_case,4.5,smb_sdr
L-000380,paid_search,,3.4,smb_sdr
L-000381,paid_search,not_decision_maker,2.3,smb_sdr
L-000382,paid_search,,4.1,smb_sdr
L-000383,paid_search,,7.4,smb_sdr
L-000384,paid_search,duplicate,101.7,unassigned
L-000385,paid_search,,3.3,smb_sdr
L-000386,paid_search,duplicate,7.9,smb_sdr
L-000387,paid_search,no_budget,12.4,smb_sdr
L-000388,paid_search,wrong_use_case,11.5,smb_sdr
L-000389,paid_search,no_response,8.4,smb_sdr
L-000390,paid_search,no_budget,54.4,smb_sdr
L-000391,paid_search,,11.0,smb_sdr
L-000392,paid_search,too_small,6.3,smb_sdr
L-000393,paid_search,no_response,14.3,smb_sdr
L-000394,paid_search,wrong_use_case,13.1,smb_sdr
L-000395,paid_search,wrong_use_case,7.2,smb_sdr
L-000396,paid_search,,5.7,smb_sdr
L-000397,paid_search,no_response,4.1,smb_sdr
L-000398,paid_search,not_decision_maker,9.0,smb_sdr
L-000399,paid_search,,1.5,smb_sdr
L-000400,paid_search,no_response,1.8,smb_sdr
L-000401,paid_search,,2.3,smb_sdr
L-000402,paid_search,not_decision_maker,4.1,smb_sdr
L-000403,paid_search,,7.0,smb_sdr
L-000404,paid_search,,3.2,smb_sdr
L-000405,paid_search,no_budget,3.9,smb_sdr
L-000406,paid_search,no_response,23.9,smb_sdr
L-000407,paid_search,,5.3,smb_sdr
L-000408,paid_search,too_small,28.1,smb_sdr
L-000409,paid_search,no_response,3.9,smb_sdr
L-000410,paid_search,wrong_use_case,3.8,smb_sdr
L-000411,paid_search,,16.1,smb_sdr
L-000412,paid_search,wrong_use_case,3.8,smb_sdr
L-000413,paid_search,no_budget,3.8,smb_sdr
L-000414,paid_search,,1.6,smb_sdr
L-000415,paid_search,no_response,5.8,smb_sdr
L-000416,paid_search,too_small,4.9,smb_sdr
L-000417,paid_search,no_response,3.6,smb_sdr
L-000418,paid_search,,10.1,smb_sdr
L-000419,paid_search,,7.5,smb_sdr
L-000420,paid_search,,3.0,smb_sdr
L-000421,paid_search,too_small,6.2,smb_sdr
L-000422,paid_search,,5.0,smb_sdr
L-000423,paid_search,,7.9,smb_sdr
L-000424,paid_search,not_decision_maker,14.5,smb_sdr
L-000425,paid_search,too_small,3.1,smb_sdr
L-000426,paid_search,wrong_use_case,3.5,smb_sdr
L-000427,paid_search,,5.3,smb_sdr
L-000428,paid_search,no_budget,3.6,smb_sdr
L-000429,paid_search,,7.8,smb_sdr
L-000430,paid_search,no_response,4.7,smb_sdr
L-000431,paid_search,,3.7,smb_sdr
L-000432,paid_search,no_response,6.0,smb_sdr
L-000433,paid_search,,3.6,smb_sdr
L-000434,paid_search,,8.7,smb_sdr
L-000435,paid_search,too_small,3.5,smb_sdr
L-000436,paid_search,,6.5,smb_sdr
L-000437,paid_search,too_small,1.8,smb_sdr
L-000438,paid_search,too_small,8.5,smb_sdr
L-000439,paid_search,,13.5,smb_sdr
L-000440,paid_search,no_response,1.0,smb_sdr
L-000441,paid_search,no_budget,3.3,smb_sdr
L-000442,paid_search,competitor_contract,5.3,smb_sdr
L-000443,paid_search,wrong_use_case,6.1,smb_sdr
L-000444,paid_search,,8.4,smb_sdr
L-000445,paid_search,,4.1,smb_sdr
L-000446,paid_search,,12.4,smb_sdr
L-000447,paid_search,too_small,6.1,smb_sdr
L-000448,paid_search,wrong_use_case,26.8,smb_sdr
L-000449,paid_search,no_budget,4.2,smb_sdr
L-000450,paid_search,no_budget,11.7,smb_sdr
L-000451,paid_search,competitor_contract,4.0,smb_sdr
L-000452,paid_search,too_small,3.0,smb_sdr
L-000453,paid_search,no_budget,4.3,smb_sdr
L-000454,paid_search,wrong_use_case,2.7,smb_sdr
L-000455,paid_search,no_budget,7.8,smb_sdr
L-000456,paid_search,,7.4,smb_sdr
L-000457,paid_search,competitor_contract,6.0,smb_sdr
L-000458,paid_search,not_decision_maker,4.1,smb_sdr
L-000459,paid_search,not_decision_maker,2.2,smb_sdr
L-000460,paid_search,no_response,11.8,smb_sdr
L-000461,paid_search,no_response,7.1,smb_sdr
L-000462,paid_search,duplicate,4.7,smb_sdr
L-000463,paid_search,wrong_use_case,6.8,smb_sdr
L-000464,paid_search,,8.2,smb_sdr
L-000465,paid_search,,12.1,smb_sdr
L-000466,paid_search,wrong_use_case,7.0,smb_sdr
L-000467,paid_search,not_decision_maker,2.4,smb_sdr
L-000468,paid_search,,2.3,smb_sdr
L-000469,paid_search,no_response,4.1,smb_sdr
L-000470,paid_search,not_decision_maker,7.0,smb_sdr
L-000471,paid_search,duplicate,10.2,smb_sdr
L-000472,paid_search,,3.9,smb_sdr
L-000473,paid_search,no_budget,5.3,smb_sdr
L-000474,paid_search,,2.7,smb_sdr
L-000475,paid_search,no_response,3.1,smb_sdr
L-000476,paid_search,not_decision_maker,12.5,smb_sdr
L-000477,paid_search,,12.6,smb_sdr
L-000478,paid_search,duplicate,9.8,smb_sdr
L-000479,paid_search,,3.3,smb_sdr
L-000480,paid_search,,8.3,smb_sdr
L-000481,paid_search,no_budget,2.8,smb_sdr
L-000482,paid_search,no_response,2.3,smb_sdr
L-000483,paid_search,not_decision_maker,6.8,smb_sdr
L-000484,paid_search,no_budget,5.3,smb_sdr
L-000485,paid_search,,4.3,smb_sdr
L-000486,paid_search,duplicate,2.7,smb_sdr
L-000487,paid_search,no_budget,5.9,smb_sdr
L-000488,paid_search,no_budget,3.6,smb_sdr
L-000489,paid_search,no_response,5.1,smb_sdr
L-000490,paid_search,not_decision_maker,6.6,smb_sdr
L-000491,paid_search,,7.9,smb_sdr
L-000492,paid_search,,10.3,smb_sdr
L-000493,paid_search,no_response,2.3,smb_sdr
L-000494,paid_search,,5.3,smb_sdr
L-000495,paid_search,not_decision_maker,8.7,smb_sdr
L-000496,paid_search,too_small,12.2,smb_sdr
L-000497,paid_search,,1.9,smb_sdr
L-000498,paid_search,not_decision_maker,4.6,smb_sdr
L-000499,paid_search,no_response,4.7,smb_sdr
L-000500,paid_search,wrong_use_case,4.2,smb_sdr
L-000501,paid_search,competitor_contract,5.6,smb_sdr
L-000502,paid_search,no_response,5.1,smb_sdr
L-000503,paid_search,competitor_contract,5.2,smb_sdr
L-000504,paid_search,,3.4,smb_sdr
L-000505,paid_search,,4.7,smb_sdr
L-000506,paid_search,,1.9,smb_sdr
L-000507,paid_search,no_response,3.8,smb_sdr
L-000508,paid_search,too_small,3.3,smb_sdr
L-000509,paid_search,too_small,3.4,smb_sdr
L-000510,paid_search,no_budget,8.1,smb_sdr
L-000511,paid_search,,9.4,smb_sdr
L-000512,paid_search,,1.5,smb_sdr
L-000513,paid_search,,2.8,smb_sdr
L-000514,paid_search,competitor_contract,3.7,smb_sdr
L-000515,paid_search,duplicate,4.9,smb_sdr
L-000516,paid_search,wrong_use_case,2.3,smb_sdr
L-000517,paid_search,too_small,10.4,smb_sdr
L-000518,paid_search,too_small,5.2,smb_sdr
L-000519,paid_search,,5.5,smb_sdr
L-000520,paid_search,,5.5,smb_sdr
L-000521,paid_search,,7.5,smb_sdr
L-000522,paid_search,wrong_use_case,3.4,smb_sdr
L-000523,paid_search,no_budget,3.0,smb_sdr
L-000524,paid_search,no_budget,3.2,smb_sdr
L-000525,paid_search,no_response,11.6,smb_sdr
L-000526,paid_search,no_response,6.2,smb_sdr
L-000527,paid_search,,1.9,smb_sdr
L-000528,paid_search,no_response,2.8,smb_sdr
L-000529,paid_search,,2.5,smb_sdr
L-000530,paid_search,competitor_contract,3.0,smb_sdr
L-000531,paid_search,competitor_contract,1.0,smb_sdr
L-000532,paid_search,,15.5,smb_sdr
L-000533,paid_search,,8.2,smb_sdr
L-000534,paid_search,no_response,26.0,smb_sdr
L-000535,paid_search,,57.9,unassigned
L-000536,paid_search,not_decision_maker,4.4,smb_sdr
L-000537,paid_search,,4.1,smb_sdr
L-000538,paid_search,no_response,2.1,smb_sdr
L-000539,paid_search,no_response,8.3,smb_sdr
L-000540,paid_search,no_response,14.2,smb_sdr
L-000541,paid_search,,2.6,smb_sdr
L-000542,paid_search,,1.3,smb_sdr
L-000543,paid_search,duplicate,4.7,smb_sdr
L-000544,paid_search,,4.8,smb_sdr
L-000545,paid_search,no_budget,1.7,smb_sdr
L-000546,paid_search,duplicate,10.6,smb_sdr
L-000547,paid_search,no_response,65.8,unassigned
L-000548,paid_search,,11.3,smb_sdr
L-000549,paid_search,duplicate,3.0,smb_sdr
L-000550,paid_search,,10.0,smb_sdr
L-000551,paid_search,no_response,10.8,smb_sdr
L-000552,paid_search,,68.1,unassigned
L-000553,paid_search,,1.4,smb_sdr
L-000554,paid_search,no_budget,2.6,smb_sdr
L-000555,paid_search,,2.6,smb_sdr
L-000556,paid_search,too_small,9.9,smb_sdr
L-000557,paid_search,,10.6,smb_sdr
L-000558,paid_search,not_decision_maker,2.6,smb_sdr
L-000559,paid_search,,6.7,smb_sdr
L-000560,paid_search,no_response,7.8,smb_sdr
L-000561,paid_search,too_small,9.6,smb_sdr
L-000562,paid_search,,10.7,smb_sdr
L-000563,paid_search,no_response,1.9,smb_sdr
L-000564,paid_search,not_decision_maker,4.6,smb_sdr
L-000565,paid_search,,37.0,unassigned
L-000566,paid_search,not_decision_maker,12.8,smb_sdr
L-000567,paid_search,no_budget,2.9,smb_sdr
L-000568,paid_search,no_response,1.6,smb_sdr
L-000569,paid_search,,6.7,smb_sdr
L-000570,paid_search,wrong_use_case,10.5,smb_sdr
L-000571,paid_search,too_small,4.9,smb_sdr
L-000572,paid_search,,2.2,smb_sdr
L-000573,paid_search,,3.3,smb_sdr
L-000574,paid_search,not_decision_maker,67.6,unassigned
L-000575,paid_search,too_small,6.1,smb_sdr
L-000576,paid_search,,4.4,smb_sdr
L-000577,paid_search,no_response,6.1,smb_sdr
L-000578,paid_search,no_budget,5.0,smb_sdr
L-000579,paid_search,duplicate,1.0,smb_sdr
L-000580,paid_search,wrong_use_case,4.0,smb_sdr
L-000581,paid_search,,8.4,smb_sdr
L-000582,paid_search,,3.8,smb_sdr
L-000583,paid_search,,3.8,smb_sdr
L-000584,paid_search,duplicate,10.2,smb_sdr
L-000585,paid_search,,17.4,smb_sdr
L-000586,paid_search,not_decision_maker,3.0,smb_sdr
L-000587,paid_search,no_response,4.0,smb_sdr
L-000588,paid_search,,6.0,smb_sdr
L-000589,paid_search,no_response,4.0,smb_sdr
L-000590,paid_search,,4.4,smb_sdr
L-000591,paid_search,not_decision_maker,3.6,smb_sdr
L-000592,paid_search,no_response,10.1,smb_sdr
L-000593,paid_search,,13.1,smb_sdr
L-000594,paid_search,no_budget,5.0,smb_sdr
L-000595,paid_search,duplicate,7.3,smb_sdr
L-000596,paid_search,,5.2,mid_market_ae
L-000597,paid_search,no_budget,8.1,mid_market_ae
L-000598,paid_search,duplicate,6.2,mid_market_ae
L-000599,paid_search,no_response,6.6,mid_market_ae
L-000600,paid_search,,2.2,mid_market_ae
L-000601,paid_search,,5.5,mid_market_ae
L-000602,paid_search,duplicate,7.2,mid_market_ae
L-000603,paid_search,,8.8,mid_market_ae
L-000604,paid_search,,2.0,mid_market_ae
L-000605,paid_search,wrong_use_case,21.0,mid_market_ae
L-000606,paid_search,,11.0,mid_market_ae
L-000607,paid_search,,1.6,mid_market_ae
L-000608,paid_search,duplicate,4.6,mid_market_ae
L-000609,paid_search,,3.8,mid_market_ae
L-000610,paid_search,no_response,3.4,mid_market_ae
L-000611,paid_search,,4.4,mid_market_ae
L-000612,paid_search,no_response,48.9,unassigned
L-000613,paid_search,,6.7,mid_market_ae
L-000614,paid_search,competitor_contract,8.9,mid_market_ae
L-000615,paid_search,,14.4,mid_market_ae
L-000616,paid_search,no_response,6.9,mid_market_ae
L-000617,paid_search,,2.9,mid_market_ae
L-000618,paid_search,,2.7,mid_market_ae
L-000619,paid_search,,5.5,mid_market_ae
L-000620,paid_search,,7.9,mid_market_ae
L-000621,paid_search,,2.7,mid_market_ae
L-000622,paid_search,,4.2,mid_market_ae
L-000623,paid_search,,6.2,mid_market_ae
L-000624,paid_search,,4.9,mid_market_ae
L-000625,paid_search,no_budget,6.9,mid_market_ae
L-000626,paid_search,no_response,5.5,mid_market_ae
L-000627,paid_search,not_decision_maker,8.7,mid_market_ae
L-000628,paid_search,wrong_use_case,4.2,mid_market_ae
L-000629,paid_search,no_response,17.5,mid_market_ae
L-000630,paid_search,no_response,9.7,mid_market_ae
L-000631,paid_search,,3.2,mid_market_ae
L-000632,paid_search,not_decision_maker,5.6,mid_market_ae
L-000633,paid_search,too_small,4.0,mid_market_ae
L-000634,paid_search,,3.7,mid_market_ae
L-000635,paid_search,wrong_use_case,2.7,mid_market_ae
L-000636,paid_search,wrong_use_case,3.0,mid_market_ae
L-000637,paid_search,too_small,1.5,mid_market_ae
L-000638,paid_search,duplicate,6.0,mid_market_ae
L-000639,paid_search,no_response,10.8,mid_market_ae
L-000640,paid_search,not_decision_maker,7.3,mid_market_ae
L-000641,paid_search,duplicate,4.0,mid_market_ae
L-000642,paid_search,duplicate,6.9,mid_market_ae
L-000643,paid_search,,8.1,mid_market_ae
L-000644,paid_search,,4.7,mid_market_ae
L-000645,paid_search,wrong_use_case,8.8,mid_market_ae
L-000646,paid_search,,6.5,mid_market_ae
L-000647,paid_search,,4.9,mid_market_ae
L-000648,paid_search,no_response,5.3,mid_market_ae
L-000649,paid_search,,5.4,mid_market_ae
L-000650,paid_search,too_small,10.9,mid_market_ae
L-000651,paid_search,,4.4,mid_market_ae
L-000652,paid_search,too_small,5.6,mid_market_ae
L-000653,paid_search,duplicate,2.6,mid_market_ae
L-000654,paid_search,not_decision_maker,3.9,mid_market_ae
L-000655,paid_search,no_budget,3.1,mid_market_ae
L-000656,paid_search,duplicate,5.7,mid_market_ae
L-000657,paid_search,no_response,4.5,mid_market_ae
L-000658,paid_search,not_decision_maker,2.3,mid_market_ae
L-000659,paid_search,,6.9,mid_market_ae
L-000660,paid_search,,5.4,mid_market_ae
L-000661,paid_search,duplicate,3.1,mid_market_ae
L-000662,paid_search,not_decision_maker,4.6,mid_market_ae
L-000663,paid_search,no_response,5.0,mid_market_ae
L-000664,paid_search,duplicate,3.9,mid_market_ae
L-000665,paid_search,duplicate,2.0,mid_market_ae
L-000666,paid_search,no_response,4.2,mid_market_ae
L-000667,paid_search,no_response,4.2,mid_market_ae
L-000668,paid_search,not_decision_maker,5.8,mid_market_ae
L-000669,paid_search,not_decision_maker,5.8,mid_market_ae
L-000670,paid_search,no_budget,1.2,mid_market_ae
L-000671,paid_search,not_decision_maker,5.7,mid_market_ae
L-000672,paid_search,,2.0,mid_market_ae
L-000673,paid_search,wrong_use_case,4.5,mid_market_ae
L-000674,paid_search,,6.4,mid_market_ae
L-000675,paid_search,no_budget,12.8,mid_market_ae
L-000676,paid_search,not_decision_maker,1.5,mid_market_ae
L-000677,paid_search,,4.9,mid_market_ae
L-000678,paid_search,competitor_contract,5.4,mid_market_ae
L-000679,paid_search,,15.6,mid_market_ae
L-000680,paid_search,no_response,2.9,mid_market_ae
L-000681,paid_search,not_decision_maker,2.4,mid_market_ae
L-000682,paid_search,no_response,3.4,mid_market_ae
L-000683,paid_search,wrong_use_case,3.8,mid_market_ae
L-000684,paid_search,no_budget,6.3,mid_market_ae
L-000685,paid_search,wrong_use_case,4.1,mid_market_ae
L-000686,paid_search,,1.6,mid_market_ae
L-000687,paid_search,not_decision_maker,4.0,mid_market_ae
L-000688,paid_search,,6.6,mid_market_ae
L-000689,paid_search,no_budget,9.8,mid_market_ae
L-000690,paid_search,competitor_contract,4.8,mid_market_ae
L-000691,paid_search,,1.9,mid_market_ae
L-000692,paid_search,,6.8,mid_market_ae
L-000693,paid_search,too_small,4.2,mid_market_ae
L-000694,paid_search,,3.4,mid_market_ae
L-000695,paid_search,no_budget,9.7,mid_market_ae
L-000696,paid_search,not_decision_maker,2.9,mid_market_ae
L-000697,paid_search,,7.4,mid_market_ae
L-000698,paid_search,too_small,5.7,mid_market_ae
L-000699,paid_search,,5.4,mid_market_ae
L-000700,paid_search,wrong_use_case,9.3,mid_market_ae
L-000701,paid_search,,4.5,mid_market_ae
L-000702,paid_search,,19.3,mid_market_ae
L-000703,paid_search,,5.8,mid_market_ae
L-000704,paid_search,,125.2,unassigned
L-000705,paid_search,,1.3,mid_market_ae
L-000706,paid_search,too_small,11.4,mid_market_ae
L-000707,paid_search,,3.2,mid_market_ae
L-000708,paid_search,no_budget,4.2,mid_market_ae
L-000709,paid_search,not_decision_maker,6.7,mid_market_ae
L-000710,paid_search,no_response,4.2,mid_market_ae
L-000711,paid_search,not_decision_maker,3.7,mid_market_ae
L-000712,paid_search,duplicate,2.5,mid_market_ae
L-000713,paid_search,no_response,25.7,mid_market_ae
L-000714,paid_search,,4.7,mid_market_ae
L-000715,paid_search,no_budget,2.0,mid_market_ae
L-000716,paid_search,,6.2,mid_market_ae
L-000717,paid_search,no_response,3.3,mid_market_ae
L-000718,paid_search,no_response,8.9,mid_market_ae
L-000719,paid_search,competitor_contract,9.2,mid_market_ae
L-000720,paid_search,,8.5,mid_market_ae
L-000721,paid_search,no_response,1.6,mid_market_ae
L-000722,paid_search,no_budget,5.0,mid_market_ae
L-000723,paid_search,wrong_use_case,3.4,mid_market_ae
L-000724,paid_search,no_budget,4.7,mid_market_ae
L-000725,paid_search,no_response,8.9,mid_market_ae
L-000726,paid_search,,10.0,mid_market_ae
L-000727,paid_search,no_budget,1.4,mid_market_ae
L-000728,paid_search,wrong_use_case,10.3,mid_market_ae
L-000729,paid_search,not_decision_maker,5.5,mid_market_ae
L-000730,paid_search,,4.9,mid_market_ae
L-000731,paid_search,,4.6,mid_market_ae
L-000732,paid_search,wrong_use_case,3.8,mid_market_ae
L-000733,paid_search,,2.4,mid_market_ae
L-000734,paid_search,no_response,4.3,mid_market_ae
L-000735,paid_search,,5.2,mid_market_ae
L-000736,paid_search,not_decision_maker,7.5,mid_market_ae
L-000737,paid_search,,6.0,mid_market_ae
L-000738,paid_search,no_response,7.3,mid_market_ae
L-000739,paid_search,,4.4,mid_market_ae
L-000740,paid_search,no_response,5.2,mid_market_ae
L-000741,paid_search,,6.9,mid_market_ae
L-000742,paid_search,duplicate,3.5,mid_market_ae
L-000743,paid_search,,61.2,unassigned
L-000744,paid_search,not_decision_maker,3.5,mid_market_ae
L-000745,paid_search,no_response,4.5,mid_market_ae
L-000746,paid_search,no_response,9.8,mid_market_ae
L-000747,paid_search,no_response,7.4,mid_market_ae
L-000748,paid_search,duplicate,2.7,mid_market_ae
L-000749,paid_search,,0.8,mid_market_ae
L-000750,paid_search,no_response,1.2,mid_market_ae
L-000751,paid_search,not_decision_maker,1.6,mid_market_ae
L-000752,paid_search,,7.9,mid_market_ae
L-000753,paid_search,,5.0,mid_market_ae
L-000754,paid_search,,11.1,mid_market_ae
L-000755,paid_search,,11.6,mid_market_ae
L-000756,paid_search,duplicate,3.1,mid_market_ae
L-000757,paid_search,no_response,5.1,mid_market_ae
L-000758,paid_search,,111.6,unassigned
L-000759,paid_search,,87.3,unassigned
L-000760,paid_search,,5.2,mid_market_ae
L-000761,paid_search,too_small,2.5,mid_market_ae
L-000762,paid_search,,5.7,mid_market_ae
L-000763,paid_search,not_decision_maker,3.4,mid_market_ae
L-000764,paid_search,,9.7,mid_market_ae
L-000765,paid_search,wrong_use_case,7.9,mid_market_ae
L-000766,paid_search,,4.0,mid_market_ae
L-000767,paid_search,no_response,3.8,mid_market_ae
L-000768,paid_search,,7.2,mid_market_ae
L-000769,paid_search,,4.0,mid_market_ae
L-000770,paid_search,,5.9,mid_market_ae
L-000771,paid_search,,17.5,mid_market_ae
L-000772,paid_search,,2.0,mid_market_ae
L-000773,paid_search,,5.7,mid_market_ae
L-000774,paid_search,no_response,7.1,mid_market_ae
L-000775,paid_search,not_decision_maker,3.3,mid_market_ae
L-000776,paid_search,,1.9,mid_market_ae
L-000777,paid_search,no_response,2.2,mid_market_ae
L-000778,paid_search,,54.1,unassigned
L-000779,paid_search,not_decision_maker,3.1,mid_market_ae
L-000780,paid_search,,5.0,mid_market_ae
L-000781,paid_search,,11.5,mid_market_ae
L-000782,paid_search,not_decision_maker,9.2,mid_market_ae
L-000783,paid_search,not_decision_maker,6.7,mid_market_ae
L-000784,paid_search,competitor_contract,4.7,mid_market_ae
L-000785,paid_search,,1.8,mid_market_ae
L-000786,paid_search,,2.8,mid_market_ae
L-000787,paid_search,no_response,3.3,mid_market_ae
L-000788,paid_search,,4.6,mid_market_ae
L-000789,paid_search,wrong_use_case,11.4,mid_market_ae
L-000790,paid_search,no_response,4.0,mid_market_ae
L-000791,paid_search,,23.3,mid_market_ae
L-000792,paid_search,no_response,41.0,unassigned
L-000793,paid_search,,7.6,mid_market_ae
L-000794,paid_search,,3.2,mid_market_ae
L-000795,paid_search,no_response,8.8,mid_market_ae
L-000796,paid_search,,11.3,mid_market_ae
L-000797,paid_search,no_response,3.8,mid_market_ae
L-000798,paid_search,no_response,3.0,mid_market_ae
L-000799,paid_search,duplicate,6.4,mid_market_ae
L-000800,paid_search,not_decision_maker,7.3,mid_market_ae
L-000801,paid_search,no_response,8.6,mid_market_ae
L-000802,paid_search,,9.9,mid_market_ae
L-000803,paid_search,competitor_contract,2.5,mid_market_ae
L-000804,paid_search,,4.0,mid_market_ae
L-000805,paid_search,,6.9,mid_market_ae
L-000806,paid_search,,3.6,mid_market_ae
L-000807,paid_search,too_small,9.5,mid_market_ae
L-000808,paid_search,no_budget,3.9,mid_market_ae
L-000809,paid_search,not_decision_maker,3.2,mid_market_ae
L-000810,paid_search,,5.1,mid_market_ae
L-000811,paid_search,no_response,4.6,mid_market_ae
L-000812,paid_search,wrong_use_case,3.6,mid_market_ae
L-000813,paid_search,,14.8,mid_market_ae
L-000814,paid_search,,1.0,mid_market_ae
L-000815,paid_search,,6.6,mid_market_ae
L-000816,paid_search,,52.5,unassigned
L-000817,paid_search,,12.1,mid_market_ae
L-000818,paid_search,,3.2,mid_market_ae
L-000819,paid_search,not_decision_maker,4.9,mid_market_ae
L-000820,paid_search,,17.0,mid_market_ae
L-000821,paid_search,not_decision_maker,57.1,unassigned
L-000822,paid_search,wrong_use_case,4.7,mid_market_ae
L-000823,paid_search,,3.9,mid_market_ae
L-000824,paid_search,wrong_use_case,4.0,mid_market_ae
L-000825,paid_search,,9.6,mid_market_ae
L-000826,paid_search,,15.0,mid_market_ae
L-000827,paid_search,wrong_use_case,4.5,mid_market_ae
L-000828,paid_search,no_budget,1.2,mid_market_ae
L-000829,paid_search,,7.4,mid_market_ae
L-000830,paid_search,,1.3,mid_market_ae
L-000831,paid_search,not_decision_maker,2.0,mid_market_ae
L-000832,paid_search,,4.2,mid_market_ae
L-000833,paid_search,,2.4,mid_market_ae
L-000834,paid_search,no_response,6.0,mid_market_ae
L-000835,paid_search,no_response,4.4,mid_market_ae
L-000836,paid_search,,1.7,mid_market_ae
L-000837,paid_search,,2.7,mid_market_ae
L-000838,paid_search,,9.9,mid_market_ae
L-000839,paid_search,no_response,3.2,mid_market_ae
L-000840,paid_search,,1.6,mid_market_ae
L-000841,paid_search,too_small,8.1,mid_market_ae
L-000842,paid_search,duplicate,5.8,mid_market_ae
L-000843,paid_search,not_decision_maker,7.2,mid_market_ae
L-000844,paid_search,,4.5,mid_market_ae
L-000845,paid_search,too_small,11.4,mid_market_ae
L-000846,paid_search,no_response,3.2,mid_market_ae
L-000847,paid_social,,4.2,smb_sdr
L-000848,paid_social,,2.5,smb_sdr
L-000849,paid_social,,5.6,smb_sdr
L-000850,paid_social,,10.6,smb_sdr
L-000851,paid_social,not_decision_maker,9.4,smb_sdr
L-000852,paid_social,,10.5,smb_sdr
L-000853,paid_social,no_response,1.7,smb_sdr
L-000854,paid_social,,5.8,smb_sdr
L-000855,paid_social,not_decision_maker,13.1,smb_sdr
L-000856,paid_social,,3.4,smb_sdr
L-000857,paid_social,wrong_use_case,1.9,smb_sdr
L-000858,paid_social,no_response,13.5,smb_sdr
L-000859,paid_social,no_response,5.7,smb_sdr
L-000860,paid_social,too_small,3.4,smb_sdr
L-000861,paid_social,no_response,6.3,smb_sdr
L-000862,paid_social,,4.6,smb_sdr
L-000863,paid_social,no_budget,1.6,smb_sdr
L-000864,paid_social,,15.4,smb_sdr
L-000865,paid_social,wrong_use_case,2.0,smb_sdr
L-000866,paid_social,no_budget,3.9,smb_sdr
L-000867,paid_social,no_response,5.2,smb_sdr
L-000868,paid_social,no_response,18.5,smb_sdr
L-000869,paid_social,no_response,5.6,smb_sdr
L-000870,paid_social,wrong_use_case,3.3,smb_sdr
L-000871,paid_social,no_response,4.3,smb_sdr
L-000872,paid_social,,8.6,smb_sdr
L-000873,paid_social,too_small,17.7,smb_sdr
L-000874,paid_social,no_response,2.7,smb_sdr
L-000875,paid_social,too_small,6.9,smb_sdr
L-000876,paid_social,not_decision_maker,7.4,smb_sdr
L-000877,paid_social,too_small,8.1,smb_sdr
L-000878,paid_social,no_response,2.0,smb_sdr
L-000879,paid_social,,12.0,smb_sdr
L-000880,paid_social,not_decision_maker,7.1,smb_sdr
L-000881,paid_social,,8.1,smb_sdr
L-000882,paid_social,,3.0,smb_sdr
L-000883,paid_social,,6.4,smb_sdr
L-000884,paid_social,,9.3,smb_sdr
L-000885,paid_social,,5.1,smb_sdr
L-000886,paid_social,wrong_use_case,1.6,smb_sdr
L-000887,paid_social,no_response,7.4,smb_sdr
L-000888,paid_social,competitor_contract,6.2,smb_sdr
L-000889,paid_social,not_decision_maker,3.8,smb_sdr
L-000890,paid_social,not_decision_maker,13.3,smb_sdr
L-000891,paid_social,duplicate,4.2,smb_sdr
L-000892,paid_social,not_decision_maker,5.3,smb_sdr
L-000893,paid_social,too_small,4.8,smb_sdr
L-000894,paid_social,,1.5,smb_sdr
L-000895,paid_social,duplicate,7.3,smb_sdr
L-000896,paid_social,too_small,5.5,smb_sdr
L-000897,paid_social,no_budget,1.9,smb_sdr
L-000898,paid_social,,13.5,smb_sdr
L-000899,paid_social,too_small,5.0,smb_sdr
L-000900,paid_social,too_small,5.9,smb_sdr
L-000901,paid_social,competitor_contract,10.1,smb_sdr
L-000902,paid_social,,1.8,smb_sdr
L-000903,paid_social,wrong_use_case,3.0,smb_sdr
L-000904,paid_social,wrong_use_case,3.2,smb_sdr
L-000905,paid_social,not_decision_maker,5.0,smb_sdr
L-000906,paid_social,too_small,13.7,smb_sdr
L-000907,paid_social,no_budget,7.4,smb_sdr
L-000908,paid_social,no_response,4.6,smb_sdr
L-000909,paid_social,,4.6,smb_sdr
L-000910,paid_social,,3.3,smb_sdr
L-000911,paid_social,no_budget,2.9,smb_sdr
L-000912,paid_social,no_response,6.1,smb_sdr
L-000913,paid_social,,3.8,smb_sdr
L-000914,paid_social,no_response,6.0,smb_sdr
L-000915,paid_social,,8.9,smb_sdr
L-000916,paid_social,too_small,60.8,unassigned
L-000917,paid_social,,8.2,smb_sdr
L-000918,paid_social,no_budget,5.9,smb_sdr
L-000919,paid_social,,7.4,smb_sdr
L-000920,paid_social,,5.2,smb_sdr
L-000921,paid_social,,4.4,smb_sdr
L-000922,paid_social,too_small,20.7,smb_sdr
L-000923,paid_social,no_response,3.3,smb_sdr
L-000924,paid_social,no_response,5.7,smb_sdr
L-000925,paid_social,not_decision_maker,7.8,smb_sdr
L-000926,paid_social,,2.0,smb_sdr
L-000927,paid_social,,8.1,smb_sdr
L-000928,paid_social,no_response,1.4,smb_sdr
L-000929,paid_social,not_decision_maker,5.3,smb_sdr
L-000930,paid_social,wrong_use_case,12.4,smb_sdr
L-000931,paid_social,no_response,5.4,smb_sdr
L-000932,paid_social,no_response,4.1,smb_sdr
L-000933,paid_social,too_small,2.8,smb_sdr
L-000934,paid_social,,6.2,smb_sdr
L-000935,paid_social,,4.3,smb_sdr
L-000936,paid_social,too_small,8.1,smb_sdr
L-000937,paid_social,,6.4,smb_sdr
L-000938,paid_social,too_small,3.0,smb_sdr
L-000939,paid_social,no_response,7.9,smb_sdr
L-000940,paid_social,no_budget,4.9,smb_sdr
L-000941,paid_social,,3.7,smb_sdr
L-000942,paid_social,no_response,8.8,smb_sdr
L-000943,paid_social,not_decision_maker,1.7,smb_sdr
L-000944,paid_social,no_response,15.9,smb_sdr
L-000945,paid_social,,12.2,smb_sdr
L-000946,paid_social,,4.3,smb_sdr
L-000947,paid_social,no_budget,4.2,smb_sdr
L-000948,paid_social,no_response,2.6,smb_sdr
L-000949,paid_social,no_budget,3.3,smb_sdr
L-000950,paid_social,no_budget,2.6,smb_sdr
L-000951,paid_social,,6.9,smb_sdr
L-000952,paid_social,no_response,4.9,smb_sdr
L-000953,paid_social,no_budget,4.9,smb_sdr
L-000954,paid_social,not_decision_maker,5.1,smb_sdr
L-000955,paid_social,not_decision_maker,4.5,smb_sdr
L-000956,paid_social,too_small,3.2,smb_sdr
L-000957,paid_social,,10.0,smb_sdr
L-000958,paid_social,,6.3,smb_sdr
L-000959,paid_social,,4.9,smb_sdr
L-000960,paid_social,no_budget,3.5,smb_sdr
L-000961,paid_social,too_small,2.4,smb_sdr
L-000962,paid_social,no_response,10.4,smb_sdr
L-000963,paid_social,duplicate,5.4,smb_sdr
L-000964,paid_social,wrong_use_case,3.7,smb_sdr
L-000965,paid_social,,5.6,smb_sdr
L-000966,paid_social,no_response,5.3,smb_sdr
L-000967,paid_social,too_small,5.0,smb_sdr
L-000968,paid_social,no_response,3.1,smb_sdr
L-000969,paid_social,no_budget,4.4,smb_sdr
L-000970,paid_social,no_response,4.0,smb_sdr
L-000971,paid_social,not_decision_maker,4.1,smb_sdr
L-000972,paid_social,no_response,7.7,smb_sdr
L-000973,paid_social,no_response,2.1,smb_sdr
L-000974,paid_social,no_response,4.4,smb_sdr
L-000975,paid_social,,2.4,smb_sdr
L-000976,paid_social,no_budget,3.7,smb_sdr
L-000977,paid_social,,2.9,smb_sdr
L-000978,paid_social,no_response,13.9,smb_sdr
L-000979,paid_social,,11.6,smb_sdr
L-000980,paid_social,not_decision_maker,4.4,smb_sdr
L-000981,paid_social,no_response,91.7,unassigned
L-000982,paid_social,no_budget,6.5,smb_sdr
L-000983,paid_social,not_decision_maker,3.4,smb_sdr
L-000984,paid_social,too_small,2.2,smb_sdr
L-000985,paid_social,wrong_use_case,5.9,smb_sdr
L-000986,paid_social,wrong_use_case,3.6,smb_sdr
L-000987,paid_social,no_response,5.6,smb_sdr
L-000988,paid_social,no_budget,35.2,smb_sdr
L-000989,paid_social,too_small,2.8,smb_sdr
L-000990,paid_social,no_response,2.6,smb_sdr
L-000991,paid_social,duplicate,7.0,smb_sdr
L-000992,paid_social,too_small,4.9,smb_sdr
L-000993,paid_social,no_budget,15.0,smb_sdr
L-000994,paid_social,no_response,10.5,smb_sdr
L-000995,paid_social,too_small,114.0,unassigned
L-000996,paid_social,too_small,4.6,smb_sdr
L-000997,paid_social,no_response,2.5,smb_sdr
L-000998,paid_social,,5.1,smb_sdr
L-000999,paid_social,no_budget,4.5,smb_sdr
L-001000,paid_social,,4.6,smb_sdr
L-001001,paid_social,duplicate,12.9,smb_sdr
L-001002,paid_social,no_response,3.5,smb_sdr
L-001003,paid_social,,6.5,smb_sdr
L-001004,paid_social,duplicate,5.4,smb_sdr
L-001005,paid_social,wrong_use_case,5.1,smb_sdr
L-001006,paid_social,duplicate,8.5,smb_sdr
L-001007,paid_social,,2.9,smb_sdr
L-001008,paid_social,,2.1,smb_sdr
L-001009,paid_social,too_small,7.7,smb_sdr
L-001010,paid_social,,1.9,mid_market_ae
L-001011,paid_social,,3.8,mid_market_ae
L-001012,paid_social,,2.8,mid_market_ae
L-001013,paid_social,competitor_contract,8.6,mid_market_ae
L-001014,paid_social,wrong_use_case,53.1,unassigned
L-001015,paid_social,wrong_use_case,2.9,mid_market_ae
L-001016,paid_social,no_response,10.1,mid_market_ae
L-001017,paid_social,no_budget,2.8,mid_market_ae
L-001018,paid_social,duplicate,4.0,mid_market_ae
L-001019,paid_social,not_decision_maker,2.2,mid_market_ae
L-001020,paid_social,wrong_use_case,1.4,mid_market_ae
L-001021,paid_social,no_budget,3.0,mid_market_ae
L-001022,paid_social,,7.0,mid_market_ae
L-001023,paid_social,duplicate,3.3,mid_market_ae
L-001024,paid_social,,3.3,mid_market_ae
L-001025,paid_social,too_small,19.2,mid_market_ae
L-001026,paid_social,no_response,18.2,mid_market_ae
L-001027,paid_social,no_budget,4.1,mid_market_ae
L-001028,paid_social,,3.5,mid_market_ae
L-001029,paid_social,,3.0,mid_market_ae
L-001030,paid_social,no_budget,3.7,mid_market_ae
L-001031,paid_social,no_response,4.7,mid_market_ae
L-001032,paid_social,duplicate,3.3,mid_market_ae
L-001033,paid_social,duplicate,5.1,mid_market_ae
L-001034,paid_social,too_small,2.6,mid_market_ae
L-001035,paid_social,no_budget,10.9,mid_market_ae
L-001036,paid_social,,13.0,mid_market_ae
L-001037,paid_social,wrong_use_case,2.1,mid_market_ae
L-001038,paid_social,,2.5,mid_market_ae
L-001039,paid_social,,4.9,mid_market_ae
L-001040,paid_social,,7.8,mid_market_ae
L-001041,paid_social,no_response,3.0,mid_market_ae
L-001042,paid_social,,15.3,mid_market_ae
L-001043,paid_social,wrong_use_case,83.3,unassigned
L-001044,paid_social,not_decision_maker,8.7,mid_market_ae
L-001045,paid_social,no_response,6.7,mid_market_ae
L-001046,paid_social,no_response,6.1,mid_market_ae
L-001047,paid_social,not_decision_maker,6.3,mid_market_ae
L-001048,paid_social,not_decision_maker,3.2,mid_market_ae
L-001049,paid_social,too_small,14.9,mid_market_ae
L-001050,paid_social,too_small,7.4,mid_market_ae
L-001051,paid_social,no_budget,5.8,mid_market_ae
L-001052,organic,,3.4,smb_sdr
L-001053,organic,duplicate,13.3,smb_sdr
L-001054,organic,,5.2,smb_sdr
L-001055,organic,,7.0,smb_sdr
L-001056,organic,duplicate,5.0,smb_sdr
L-001057,organic,too_small,5.6,smb_sdr
L-001058,organic,no_budget,2.7,smb_sdr
L-001059,organic,competitor_contract,3.3,smb_sdr
L-001060,organic,,16.8,smb_sdr
L-001061,organic,,10.3,smb_sdr
L-001062,organic,not_decision_maker,14.2,smb_sdr
L-001063,organic,not_decision_maker,13.0,smb_sdr
L-001064,organic,,2.5,smb_sdr
L-001065,organic,,2.2,smb_sdr
L-001066,organic,too_small,2.0,smb_sdr
L-001067,organic,no_response,2.9,smb_sdr
L-001068,organic,,5.9,smb_sdr
L-001069,organic,no_response,3.8,smb_sdr
L-001070,organic,no_response,17.3,smb_sdr
L-001071,organic,not_decision_maker,47.5,unassigned
L-001072,organic,,5.7,smb_sdr
L-001073,organic,,3.6,smb_sdr
L-001074,organic,no_budget,3.1,smb_sdr
L-001075,organic,duplicate,41.9,unassigned
L-001076,organic,,2.3,smb_sdr
L-001077,organic,duplicate,14.5,smb_sdr
L-001078,organic,,3.5,smb_sdr
L-001079,organic,no_response,8.0,smb_sdr
L-001080,organic,no_budget,6.3,smb_sdr
L-001081,organic,,13.3,smb_sdr
L-001082,organic,,0.9,smb_sdr
L-001083,organic,,9.1,smb_sdr
L-001084,organic,no_budget,11.8,smb_sdr
L-001085,organic,,2.6,smb_sdr
L-001086,organic,too_small,2.7,smb_sdr
L-001087,organic,too_small,7.9,smb_sdr
L-001088,organic,,4.2,smb_sdr
L-001089,organic,,2.4,smb_sdr
L-001090,organic,,1.4,smb_sdr
L-001091,organic,wrong_use_case,8.0,smb_sdr
L-001092,organic,too_small,2.6,smb_sdr
L-001093,organic,no_response,2.4,smb_sdr
L-001094,organic,not_decision_maker,2.3,smb_sdr
L-001095,organic,no_response,9.0,smb_sdr
L-001096,organic,,3.6,smb_sdr
L-001097,organic,,2.3,smb_sdr
L-001098,organic,,4.4,smb_sdr
L-001099,organic,,9.6,smb_sdr
L-001100,organic,wrong_use_case,5.0,smb_sdr
L-001101,organic,no_response,4.9,smb_sdr
L-001102,organic,,38.9,unassigned
L-001103,organic,,6.2,smb_sdr
L-001104,organic,no_response,12.3,smb_sdr
L-001105,organic,,6.2,smb_sdr
L-001106,organic,competitor_contract,2.7,smb_sdr
L-001107,organic,too_small,3.3,smb_sdr
L-001108,organic,duplicate,1.5,smb_sdr
L-001109,organic,no_response,5.1,smb_sdr
L-001110,organic,competitor_contract,4.5,smb_sdr
L-001111,organic,,2.5,smb_sdr
L-001112,organic,no_response,2.1,smb_sdr
L-001113,organic,not_decision_maker,7.5,smb_sdr
L-001114,organic,no_budget,42.0,unassigned
L-001115,organic,,3.3,smb_sdr
L-001116,organic,,1.5,smb_sdr
L-001117,organic,too_small,2.7,smb_sdr
L-001118,organic,not_decision_maker,4.3,smb_sdr
L-001119,organic,too_small,1.7,smb_sdr
L-001120,organic,,3.0,smb_sdr
L-001121,organic,,8.1,smb_sdr
L-001122,organic,wrong_use_case,3.6,smb_sdr
L-001123,organic,,11.2,smb_sdr
L-001124,organic,,2.4,smb_sdr
L-001125,organic,too_small,2.5,smb_sdr
L-001126,organic,,2.9,smb_sdr
L-001127,organic,,4.3,smb_sdr
L-001128,organic,,11.3,smb_sdr
L-001129,organic,,3.4,smb_sdr
L-001130,organic,no_response,1.4,smb_sdr
L-001131,organic,,4.7,smb_sdr
L-001132,organic,,6.2,smb_sdr
L-001133,organic,no_response,14.6,smb_sdr
L-001134,organic,too_small,6.0,smb_sdr
L-001135,organic,,6.7,smb_sdr
L-001136,organic,no_response,2.8,smb_sdr
L-001137,organic,not_decision_maker,5.3,smb_sdr
L-001138,organic,,74.7,unassigned
L-001139,organic,no_budget,2.1,smb_sdr
L-001140,organic,no_response,5.5,smb_sdr
L-001141,organic,not_decision_maker,4.2,smb_sdr
L-001142,organic,,6.3,smb_sdr
L-001143,organic,,7.2,smb_sdr
L-001144,organic,,8.4,smb_sdr
L-001145,organic,competitor_contract,6.2,smb_sdr
L-001146,organic,not_decision_maker,6.0,smb_sdr
L-001147,organic,no_response,8.3,smb_sdr
L-001148,organic,no_response,8.1,smb_sdr
L-001149,organic,,7.6,smb_sdr
L-001150,organic,too_small,3.3,smb_sdr
L-001151,organic,not_decision_maker,2.2,smb_sdr
L-001152,organic,too_small,7.1,smb_sdr
L-001153,organic,no_response,6.3,smb_sdr
L-001154,organic,not_decision_maker,4.9,smb_sdr
L-001155,organic,no_budget,4.4,smb_sdr
L-001156,organic,,5.3,smb_sdr
L-001157,organic,too_small,4.2,smb_sdr
L-001158,organic,,5.1,smb_sdr
L-001159,organic,no_response,4.4,smb_sdr
L-001160,organic,,3.3,smb_sdr
L-001161,organic,,3.3,smb_sdr
L-001162,organic,,4.8,smb_sdr
L-001163,organic,,7.0,smb_sdr
L-001164,organic,no_budget,9.6,smb_sdr
L-001165,organic,competitor_contract,2.6,smb_sdr
L-001166,organic,,2.6,smb_sdr
L-001167,organic,no_response,3.1,smb_sdr
L-001168,organic,,3.4,smb_sdr
L-001169,organic,no_response,7.9,smb_sdr
L-001170,organic,,2.4,smb_sdr
L-001171,organic,,3.4,smb_sdr
L-001172,organic,,1.5,smb_sdr
L-001173,organic,no_response,6.2,smb_sdr
L-001174,organic,no_response,2.4,smb_sdr
L-001175,organic,too_small,3.6,smb_sdr
L-001176,organic,,3.7,smb_sdr
L-001177,organic,no_response,6.0,smb_sdr
L-001178,organic,,3.6,smb_sdr
L-001179,organic,no_response,4.4,smb_sdr
L-001180,organic,competitor_contract,6.2,smb_sdr
L-001181,organic,not_decision_maker,2.9,smb_sdr
L-001182,organic,,6.0,smb_sdr
L-001183,organic,wrong_use_case,4.6,smb_sdr
L-001184,organic,no_response,20.5,smb_sdr
L-001185,organic,no_response,4.4,smb_sdr
L-001186,organic,no_response,7.8,smb_sdr
L-001187,organic,no_response,4.9,smb_sdr
L-001188,organic,no_response,6.1,smb_sdr
L-001189,organic,no_response,3.8,smb_sdr
L-001190,organic,duplicate,8.0,smb_sdr
L-001191,organic,,6.8,smb_sdr
L-001192,organic,no_budget,6.6,smb_sdr
L-001193,organic,too_small,3.3,smb_sdr
L-001194,organic,,6.0,smb_sdr
L-001195,organic,,2.6,smb_sdr
L-001196,organic,duplicate,5.7,smb_sdr
L-001197,organic,duplicate,7.0,smb_sdr
L-001198,organic,no_budget,5.6,smb_sdr
L-001199,organic,duplicate,4.1,smb_sdr
L-001200,organic,,5.1,smb_sdr
L-001201,organic,duplicate,6.8,smb_sdr
L-001202,organic,not_decision_maker,2.0,smb_sdr
L-001203,organic,not_decision_maker,13.4,smb_sdr
L-001204,organic,,2.0,smb_sdr
L-001205,organic,,3.5,smb_sdr
L-001206,organic,,7.0,smb_sdr
L-001207,organic,no_budget,5.6,smb_sdr
L-001208,organic,no_response,1.8,smb_sdr
L-001209,organic,competitor_contract,2.5,smb_sdr
L-001210,organic,,5.2,smb_sdr
L-001211,organic,no_response,4.1,smb_sdr
L-001212,organic,,2.3,smb_sdr
L-001213,organic,no_response,13.1,smb_sdr
L-001214,organic,too_small,11.5,smb_sdr
L-001215,organic,,6.3,smb_sdr
L-001216,organic,no_response,10.9,smb_sdr
L-001217,organic,,6.5,smb_sdr
L-001218,organic,,1.4,smb_sdr
L-001219,organic,,3.9,smb_sdr
L-001220,organic,,4.3,smb_sdr
L-001221,organic,too_small,2.7,smb_sdr
L-001222,organic,,21.7,smb_sdr
L-001223,organic,,5.6,smb_sdr
L-001224,organic,no_response,11.5,smb_sdr
L-001225,organic,wrong_use_case,4.5,smb_sdr
L-001226,organic,no_response,4.4,smb_sdr
L-001227,organic,wrong_use_case,5.8,smb_sdr
L-001228,organic,not_decision_maker,3.4,smb_sdr
L-001229,organic,,3.3,smb_sdr
L-001230,organic,,5.2,smb_sdr
L-001231,organic,too_small,5.8,smb_sdr
L-001232,organic,too_small,9.7,smb_sdr
L-001233,organic,duplicate,5.5,smb_sdr
L-001234,organic,wrong_use_case,3.4,smb_sdr
L-001235,organic,duplicate,6.6,smb_sdr
L-001236,organic,not_decision_maker,4.9,smb_sdr
L-001237,organic,,8.2,smb_sdr
L-001238,organic,no_response,10.7,smb_sdr
L-001239,organic,no_response,9.1,smb_sdr
L-001240,organic,,7.0,smb_sdr
L-001241,organic,too_small,4.0,smb_sdr
L-001242,organic,not_decision_maker,7.2,smb_sdr
L-001243,organic,not_decision_maker,3.9,smb_sdr
L-001244,organic,,17.0,smb_sdr
L-001245,organic,not_decision_maker,4.6,smb_sdr
L-001246,organic,no_budget,3.4,smb_sdr
L-001247,organic,no_response,16.0,smb_sdr
L-001248,organic,no_budget,5.0,smb_sdr
L-001249,organic,no_budget,2.5,smb_sdr
L-001250,organic,no_response,6.2,smb_sdr
L-001251,organic,,6.9,smb_sdr
L-001252,organic,,7.5,smb_sdr
L-001253,organic,,3.7,smb_sdr
L-001254,organic,not_decision_maker,5.8,smb_sdr
L-001255,organic,no_response,2.3,smb_sdr
L-001256,organic,no_response,17.1,smb_sdr
L-001257,organic,too_small,8.3,smb_sdr
L-001258,organic,no_response,2.9,smb_sdr
L-001259,organic,duplicate,6.4,smb_sdr
L-001260,organic,no_budget,4.6,smb_sdr
L-001261,organic,not_decision_maker,1.8,smb_sdr
L-001262,organic,,2.7,smb_sdr
L-001263,organic,too_small,3.4,smb_sdr
L-001264,organic,no_response,2.2,smb_sdr
L-001265,organic,too_small,2.4,smb_sdr
L-001266,organic,wrong_use_case,8.8,smb_sdr
L-001267,organic,,2.7,smb_sdr
L-001268,organic,,3.7,smb_sdr
L-001269,organic,not_decision_maker,6.8,smb_sdr
L-001270,organic,no_budget,3.7,smb_sdr
L-001271,organic,not_decision_maker,12.3,smb_sdr
L-001272,organic,,10.0,smb_sdr
L-001273,organic,wrong_use_case,9.0,smb_sdr
L-001274,organic,,6.1,smb_sdr
L-001275,organic,,12.5,smb_sdr
L-001276,organic,too_small,6.0,smb_sdr
L-001277,organic,,11.7,smb_sdr
L-001278,organic,competitor_contract,7.5,smb_sdr
L-001279,organic,not_decision_maker,3.8,smb_sdr
L-001280,organic,no_budget,2.9,smb_sdr
L-001281,organic,,2.7,smb_sdr
L-001282,organic,,142.1,unassigned
L-001283,organic,,2.1,smb_sdr
L-001284,organic,,3.8,smb_sdr
L-001285,organic,competitor_contract,2.2,smb_sdr
L-001286,organic,,10.2,smb_sdr
L-001287,organic,,12.0,smb_sdr
L-001288,organic,competitor_contract,2.8,smb_sdr
L-001289,organic,wrong_use_case,4.9,smb_sdr
L-001290,organic,,58.2,unassigned
L-001291,organic,,6.0,smb_sdr
L-001292,organic,,8.4,smb_sdr
L-001293,organic,,9.1,smb_sdr
L-001294,organic,,2.9,smb_sdr
L-001295,organic,no_response,11.6,smb_sdr
L-001296,organic,,2.6,smb_sdr
L-001297,organic,too_small,4.0,smb_sdr
L-001298,organic,no_response,1.8,smb_sdr
L-001299,organic,too_small,3.2,smb_sdr
L-001300,organic,competitor_contract,2.3,smb_sdr
L-001301,organic,too_small,0.7,smb_sdr
L-001302,organic,no_response,7.0,smb_sdr
L-001303,organic,no_budget,2.3,smb_sdr
L-001304,organic,too_small,4.1,smb_sdr
L-001305,organic,too_small,1.4,smb_sdr
L-001306,organic,too_small,2.6,smb_sdr
L-001307,organic,,6.8,smb_sdr
L-001308,organic,no_response,7.9,smb_sdr
L-001309,organic,no_response,5.8,smb_sdr
L-001310,organic,no_budget,2.9,smb_sdr
L-001311,organic,wrong_use_case,4.6,smb_sdr
L-001312,organic,too_small,18.7,smb_sdr
L-001313,organic,,2.7,smb_sdr
L-001314,organic,no_response,6.8,smb_sdr
L-001315,organic,,4.5,smb_sdr
L-001316,organic,no_response,4.1,smb_sdr
L-001317,organic,wrong_use_case,9.3,smb_sdr
L-001318,organic,,4.1,smb_sdr
L-001319,organic,no_response,1.3,smb_sdr
L-001320,organic,not_decision_maker,5.8,smb_sdr
L-001321,organic,too_small,5.3,smb_sdr
L-001322,organic,,2.6,smb_sdr
L-001323,organic,too_small,1.9,smb_sdr
L-001324,organic,too_small,7.2,smb_sdr
L-001325,organic,,4.6,smb_sdr
L-001326,organic,,11.3,smb_sdr
L-001327,organic,too_small,2.7,smb_sdr
L-001328,organic,,6.6,smb_sdr
L-001329,organic,duplicate,8.3,smb_sdr
L-001330,organic,,4.8,smb_sdr
L-001331,organic,not_decision_maker,6.0,smb_sdr
L-001332,organic,no_response,9.6,smb_sdr
L-001333,organic,too_small,6.5,smb_sdr
L-001334,organic,no_response,2.8,smb_sdr
L-001335,organic,,6.4,smb_sdr
L-001336,organic,,2.4,smb_sdr
L-001337,organic,,6.0,smb_sdr
L-001338,organic,,12.1,smb_sdr
L-001339,organic,,5.4,smb_sdr
L-001340,organic,no_budget,81.3,unassigned
L-001341,organic,,8.2,smb_sdr
L-001342,organic,too_small,9.4,smb_sdr
L-001343,organic,no_budget,1.7,smb_sdr
L-001344,organic,,5.3,smb_sdr
L-001345,organic,duplicate,7.9,smb_sdr
L-001346,organic,no_budget,1.1,smb_sdr
L-001347,organic,not_decision_maker,4.3,smb_sdr
L-001348,organic,,5.9,smb_sdr
L-001349,organic,,3.0,smb_sdr
L-001350,organic,no_response,1.9,smb_sdr
L-001351,organic,duplicate,8.5,smb_sdr
L-001352,organic,no_response,8.3,smb_sdr
L-001353,organic,too_small,4.8,smb_sdr
L-001354,organic,not_decision_maker,4.3,smb_sdr
L-001355,organic,,15.6,smb_sdr
L-001356,organic,,14.7,smb_sdr
L-001357,organic,not_decision_maker,2.3,smb_sdr
L-001358,organic,too_small,2.8,smb_sdr
L-001359,organic,not_decision_maker,2.8,smb_sdr
L-001360,organic,,6.1,smb_sdr
L-001361,organic,,38.9,unassigned
L-001362,organic,,3.4,smb_sdr
L-001363,organic,,7.4,smb_sdr
L-001364,organic,,3.9,smb_sdr
L-001365,organic,,3.8,smb_sdr
L-001366,organic,too_small,5.0,smb_sdr
L-001367,organic,,2.2,smb_sdr
L-001368,organic,,12.0,smb_sdr
L-001369,organic,duplicate,5.0,smb_sdr
L-001370,organic,no_response,55.9,unassigned
L-001371,organic,too_small,3.4,smb_sdr
L-001372,organic,duplicate,4.2,smb_sdr
L-001373,organic,no_response,12.3,smb_sdr
L-001374,organic,,4.8,smb_sdr
L-001375,organic,,8.7,smb_sdr
L-001376,organic,no_response,12.3,smb_sdr
L-001377,organic,,12.4,smb_sdr
L-001378,organic,no_response,3.7,smb_sdr
L-001379,organic,duplicate,4.8,smb_sdr
L-001380,organic,no_response,11.3,smb_sdr
L-001381,organic,not_decision_maker,6.8,smb_sdr
L-001382,organic,not_decision_maker,4.0,smb_sdr
L-001383,organic,,1.9,smb_sdr
L-001384,organic,wrong_use_case,3.1,smb_sdr
L-001385,organic,wrong_use_case,8.3,smb_sdr
L-001386,organic,duplicate,7.2,smb_sdr
L-001387,organic,,5.3,smb_sdr
L-001388,organic,no_response,3.6,smb_sdr
L-001389,organic,no_response,3.9,smb_sdr
L-001390,organic,wrong_use_case,1.3,smb_sdr
L-001391,organic,,3.4,smb_sdr
L-001392,organic,,5.0,smb_sdr
L-001393,organic,no_response,4.6,smb_sdr
L-001394,organic,,171.9,unassigned
L-001395,organic,no_budget,5.4,smb_sdr
L-001396,organic,,7.3,smb_sdr
L-001397,organic,not_decision_maker,6.3,smb_sdr
L-001398,organic,wrong_use_case,5.4,smb_sdr
L-001399,organic,,5.8,smb_sdr
L-001400,organic,not_decision_maker,18.1,smb_sdr
L-001401,organic,no_response,1.4,smb_sdr
L-001402,organic,,3.3,smb_sdr
L-001403,organic,no_response,3.4,smb_sdr
L-001404,organic,,3.9,smb_sdr
L-001405,organic,no_budget,2.0,smb_sdr
L-001406,organic,no_response,5.1,smb_sdr
L-001407,organic,,2.0,smb_sdr
L-001408,organic,,10.3,smb_sdr
L-001409,organic,,7.1,smb_sdr
L-001410,organic,,5.6,smb_sdr
L-001411,organic,wrong_use_case,5.0,smb_sdr
L-001412,organic,not_decision_maker,1.7,smb_sdr
L-001413,organic,too_small,2.2,smb_sdr
L-001414,organic,not_decision_maker,3.1,smb_sdr
L-001415,organic,no_response,2.8,smb_sdr
L-001416,organic,no_budget,8.1,smb_sdr
L-001417,organic,not_decision_maker,4.0,smb_sdr
L-001418,organic,no_response,7.5,smb_sdr
L-001419,organic,competitor_contract,3.3,smb_sdr
L-001420,organic,too_small,2.4,smb_sdr
L-001421,organic,,4.8,smb_sdr
L-001422,organic,,8.1,smb_sdr
L-001423,organic,not_decision_maker,2.0,smb_sdr
L-001424,organic,,5.7,smb_sdr
L-001425,organic,duplicate,2.4,smb_sdr
L-001426,organic,,2.2,smb_sdr
L-001427,organic,too_small,4.3,smb_sdr
L-001428,organic,not_decision_maker,5.5,smb_sdr
L-001429,organic,,4.0,smb_sdr
L-001430,organic,,7.3,smb_sdr
L-001431,organic,no_budget,9.0,smb_sdr
L-001432,organic,no_response,35.9,unassigned
L-001433,organic,no_response,3.8,smb_sdr
L-001434,organic,,9.0,smb_sdr
L-001435,organic,duplicate,20.0,smb_sdr
L-001436,organic,,3.5,smb_sdr
L-001437,organic,no_response,2.1,smb_sdr
L-001438,organic,,14.8,smb_sdr
L-001439,organic,not_decision_maker,5.6,smb_sdr
L-001440,organic,,4.1,smb_sdr
L-001441,organic,no_response,7.4,smb_sdr
L-001442,organic,duplicate,8.1,smb_sdr
L-001443,organic,duplicate,11.3,smb_sdr
L-001444,organic,,3.4,smb_sdr
L-001445,organic,,1.8,smb_sdr
L-001446,organic,,3.4,smb_sdr
L-001447,organic,no_response,5.9,smb_sdr
L-001448,organic,no_budget,52.3,unassigned
L-001449,organic,not_decision_maker,3.5,smb_sdr
L-001450,organic,competitor_contract,6.2,smb_sdr
L-001451,organic,not_decision_maker,3.1,smb_sdr
L-001452,organic,not_decision_maker,3.1,smb_sdr
L-001453,organic,no_budget,1.6,smb_sdr
L-001454,organic,no_response,74.1,unassigned
L-001455,organic,no_response,4.6,smb_sdr
L-001456,organic,duplicate,73.1,unassigned
L-001457,organic,,6.6,smb_sdr
L-001458,organic,no_budget,3.2,smb_sdr
L-001459,organic,wrong_use_case,17.1,smb_sdr
L-001460,organic,no_response,2.5,smb_sdr
L-001461,organic,,2.3,smb_sdr
L-001462,organic,,2.2,smb_sdr
L-001463,organic,not_decision_maker,4.1,smb_sdr
L-001464,organic,too_small,4.5,smb_sdr
L-001465,organic,,8.4,smb_sdr
L-001466,organic,,3.2,smb_sdr
L-001467,organic,no_budget,4.4,smb_sdr
L-001468,organic,,5.8,smb_sdr
L-001469,organic,,18.2,smb_sdr
L-001470,organic,not_decision_maker,10.7,smb_sdr
L-001471,organic,,3.3,smb_sdr
L-001472,organic,,5.7,smb_sdr
L-001473,organic,no_response,11.0,smb_sdr
L-001474,organic,duplicate,3.5,smb_sdr
L-001475,organic,wrong_use_case,2.8,smb_sdr
L-001476,organic,,4.5,smb_sdr
L-001477,organic,,4.7,smb_sdr
L-001478,organic,wrong_use_case,3.5,smb_sdr
L-001479,organic,,8.0,smb_sdr
L-001480,organic,not_decision_maker,3.4,smb_sdr
L-001481,organic,,3.7,smb_sdr
L-001482,organic,duplicate,15.6,smb_sdr
L-001483,organic,,2.2,smb_sdr
L-001484,organic,not_decision_maker,6.8,smb_sdr
L-001485,organic,no_response,9.4,smb_sdr
L-001486,organic,,12.1,smb_sdr
L-001487,organic,,10.7,smb_sdr
L-001488,organic,,12.5,smb_sdr
L-001489,organic,too_small,8.0,smb_sdr
L-001490,organic,no_budget,4.8,smb_sdr
L-001491,organic,not_decision_maker,4.1,smb_sdr
L-001492,organic,not_decision_maker,62.0,unassigned
L-001493,organic,no_response,7.9,smb_sdr
L-001494,organic,no_budget,12.6,smb_sdr
L-001495,organic,not_decision_maker,6.0,smb_sdr
L-001496,organic,duplicate,11.7,smb_sdr
L-001497,organic,,13.7,smb_sdr
L-001498,organic,,15.2,smb_sdr
L-001499,organic,not_decision_maker,3.7,smb_sdr
L-001500,organic,,11.4,smb_sdr
L-001501,organic,,7.5,smb_sdr
L-001502,organic,not_decision_maker,4.8,smb_sdr
L-001503,organic,not_decision_maker,4.8,smb_sdr
L-001504,organic,,5.3,mid_market_ae
L-001505,organic,no_budget,8.5,mid_market_ae
L-001506,organic,,6.3,mid_market_ae
L-001507,organic,,6.0,mid_market_ae
L-001508,organic,no_budget,1.7,mid_market_ae
L-001509,organic,no_response,2.2,mid_market_ae
L-001510,organic,wrong_use_case,4.8,mid_market_ae
L-001511,organic,no_response,4.5,mid_market_ae
L-001512,organic,,5.7,mid_market_ae
L-001513,organic,no_response,6.1,mid_market_ae
L-001514,organic,,3.0,mid_market_ae
L-001515,organic,,29.3,mid_market_ae
L-001516,organic,,9.3,mid_market_ae
L-001517,organic,duplicate,10.2,mid_market_ae
L-001518,organic,competitor_contract,1.8,mid_market_ae
L-001519,organic,,12.8,mid_market_ae
L-001520,organic,,2.4,mid_market_ae
L-001521,organic,competitor_contract,1.1,mid_market_ae
L-001522,organic,competitor_contract,6.9,mid_market_ae
L-001523,organic,,1.2,mid_market_ae
L-001524,organic,no_response,11.0,mid_market_ae
L-001525,organic,too_small,4.8,mid_market_ae
L-001526,organic,,4.0,mid_market_ae
L-001527,organic,,7.8,mid_market_ae
L-001528,organic,too_small,4.2,mid_market_ae
L-001529,organic,,6.7,mid_market_ae
L-001530,organic,no_response,9.6,mid_market_ae
L-001531,organic,,6.8,mid_market_ae
L-001532,organic,,4.7,mid_market_ae
L-001533,organic,no_response,11.2,mid_market_ae
L-001534,organic,wrong_use_case,10.3,mid_market_ae
L-001535,organic,,5.8,mid_market_ae
L-001536,organic,too_small,6.8,mid_market_ae
L-001537,organic,,1.8,mid_market_ae
L-001538,organic,not_decision_maker,3.3,mid_market_ae
L-001539,organic,no_response,11.3,mid_market_ae
L-001540,organic,,2.6,mid_market_ae
L-001541,organic,,2.8,mid_market_ae
L-001542,organic,,3.8,mid_market_ae
L-001543,organic,,1.8,mid_market_ae
L-001544,organic,wrong_use_case,7.1,mid_market_ae
L-001545,organic,,2.3,mid_market_ae
L-001546,organic,,4.8,mid_market_ae
L-001547,organic,no_response,8.2,mid_market_ae
L-001548,organic,,4.1,mid_market_ae
L-001549,organic,not_decision_maker,9.3,mid_market_ae
L-001550,organic,no_response,1.4,mid_market_ae
L-001551,organic,no_budget,6.8,mid_market_ae
L-001552,organic,not_decision_maker,7.5,mid_market_ae
L-001553,organic,not_decision_maker,12.1,mid_market_ae
L-001554,organic,no_response,0.8,mid_market_ae
L-001555,organic,no_response,8.8,mid_market_ae
L-001556,organic,not_decision_maker,46.6,unassigned
L-001557,organic,,5.7,mid_market_ae
L-001558,organic,,4.0,mid_market_ae
L-001559,organic,,5.1,mid_market_ae
L-001560,organic,,13.0,mid_market_ae
L-001561,organic,no_response,18.5,mid_market_ae
L-001562,organic,,3.2,mid_market_ae
L-001563,organic,no_budget,7.5,mid_market_ae
L-001564,organic,duplicate,2.9,mid_market_ae
L-001565,organic,no_response,12.7,mid_market_ae
L-001566,organic,no_budget,4.5,mid_market_ae
L-001567,organic,too_small,14.3,mid_market_ae
L-001568,organic,,3.0,mid_market_ae
L-001569,organic,not_decision_maker,7.5,mid_market_ae
L-001570,organic,no_budget,5.6,mid_market_ae
L-001571,organic,,6.5,mid_market_ae
L-001572,organic,,5.9,mid_market_ae
L-001573,organic,,3.2,mid_market_ae
L-001574,organic,,2.7,mid_market_ae
L-001575,organic,duplicate,8.0,mid_market_ae
L-001576,organic,,7.0,mid_market_ae
L-001577,organic,no_response,2.9,mid_market_ae
L-001578,organic,no_response,2.9,mid_market_ae
L-001579,organic,duplicate,18.4,mid_market_ae
L-001580,organic,no_budget,4.2,mid_market_ae
L-001581,organic,,1.7,mid_market_ae
L-001582,organic,,7.9,mid_market_ae
L-001583,organic,not_decision_maker,1.4,mid_market_ae
L-001584,organic,competitor_contract,6.8,mid_market_ae
L-001585,organic,,18.4,mid_market_ae
L-001586,organic,no_budget,5.0,mid_market_ae
L-001587,organic,,4.3,mid_market_ae
L-001588,organic,not_decision_maker,2.9,mid_market_ae
L-001589,organic,,4.3,mid_market_ae
L-001590,organic,wrong_use_case,4.0,mid_market_ae
L-001591,organic,too_small,3.7,mid_market_ae
L-001592,organic,no_response,2.7,mid_market_ae
L-001593,organic,,121.3,unassigned
L-001594,organic,,13.0,mid_market_ae
L-001595,organic,,5.4,mid_market_ae
L-001596,organic,,3.8,mid_market_ae
L-001597,organic,,2.3,mid_market_ae
L-001598,organic,,7.5,mid_market_ae
L-001599,organic,duplicate,28.6,mid_market_ae
L-001600,organic,no_response,5.1,mid_market_ae
L-001601,organic,duplicate,3.6,mid_market_ae
L-001602,organic,,6.3,mid_market_ae
L-001603,organic,wrong_use_case,4.4,mid_market_ae
L-001604,organic,,4.3,mid_market_ae
L-001605,organic,no_response,2.0,mid_market_ae
L-001606,organic,no_budget,3.5,mid_market_ae
L-001607,organic,,2.3,mid_market_ae
L-001608,organic,,7.4,mid_market_ae
L-001609,organic,no_response,2.6,mid_market_ae
L-001610,organic,no_response,1.0,mid_market_ae
L-001611,organic,,6.5,mid_market_ae
L-001612,organic,no_budget,9.3,mid_market_ae
L-001613,organic,,6.1,mid_market_ae
L-001614,organic,duplicate,3.9,mid_market_ae
L-001615,organic,no_response,10.6,mid_market_ae
L-001616,organic,no_response,3.5,mid_market_ae
L-001617,organic,not_decision_maker,6.1,mid_market_ae
L-001618,organic,wrong_use_case,8.6,mid_market_ae
L-001619,organic,,5.5,mid_market_ae
L-001620,organic,no_budget,7.5,mid_market_ae
L-001621,organic,,4.0,mid_market_ae
L-001622,organic,,3.1,mid_market_ae
L-001623,organic,no_response,4.4,mid_market_ae
L-001624,organic,wrong_use_case,3.8,mid_market_ae
L-001625,organic,,2.9,mid_market_ae
L-001626,organic,no_budget,3.3,mid_market_ae
L-001627,organic,,4.3,mid_market_ae
L-001628,organic,,8.6,mid_market_ae
L-001629,organic,no_response,3.8,mid_market_ae
L-001630,organic,,4.7,mid_market_ae
L-001631,organic,no_budget,5.7,mid_market_ae
L-001632,organic,no_response,7.1,mid_market_ae
L-001633,organic,,4.7,mid_market_ae
L-001634,organic,not_decision_maker,21.5,mid_market_ae
L-001635,organic,not_decision_maker,4.0,mid_market_ae
L-001636,organic,,3.7,mid_market_ae
L-001637,organic,,3.2,mid_market_ae
L-001638,organic,no_response,7.6,mid_market_ae
L-001639,organic,too_small,3.9,mid_market_ae
L-001640,organic,,1.7,mid_market_ae
L-001641,organic,wrong_use_case,2.9,mid_market_ae
L-001642,organic,,2.4,mid_market_ae
L-001643,organic,,2.8,mid_market_ae
L-001644,organic,not_decision_maker,3.7,mid_market_ae
L-001645,organic,no_response,5.8,mid_market_ae
L-001646,organic,competitor_contract,4.9,mid_market_ae
L-001647,organic,no_response,3.3,mid_market_ae
L-001648,organic,no_budget,6.6,mid_market_ae
L-001649,organic,,3.8,mid_market_ae
L-001650,organic,,8.2,mid_market_ae
L-001651,organic,no_budget,3.7,mid_market_ae
L-001652,organic,,2.9,mid_market_ae
L-001653,organic,,37.5,unassigned
L-001654,organic,,6.6,mid_market_ae
L-001655,organic,no_response,4.4,mid_market_ae
L-001656,organic,,5.8,mid_market_ae
L-001657,organic,no_response,13.3,mid_market_ae
L-001658,organic,no_budget,6.5,mid_market_ae
L-001659,organic,,5.9,mid_market_ae
L-001660,organic,no_budget,9.0,mid_market_ae
L-001661,organic,too_small,3.4,mid_market_ae
L-001662,organic,competitor_contract,7.8,mid_market_ae
L-001663,organic,no_budget,3.8,mid_market_ae
L-001664,organic,,4.9,mid_market_ae
L-001665,organic,,12.4,mid_market_ae
L-001666,organic,no_response,4.1,mid_market_ae
L-001667,organic,not_decision_maker,7.0,mid_market_ae
L-001668,organic,too_small,6.0,mid_market_ae
L-001669,organic,no_response,1.2,mid_market_ae
L-001670,organic,,12.8,mid_market_ae
L-001671,organic,,3.1,mid_market_ae
L-001672,organic,too_small,1.8,mid_market_ae
L-001673,organic,competitor_contract,2.4,mid_market_ae
L-001674,organic,,5.6,mid_market_ae
L-001675,organic,no_response,3.8,mid_market_ae
L-001676,organic,wrong_use_case,91.2,unassigned
L-001677,organic,,5.1,mid_market_ae
L-001678,organic,no_response,3.0,mid_market_ae
L-001679,organic,wrong_use_case,4.2,mid_market_ae
L-001680,organic,,1.0,mid_market_ae
L-001681,organic,,5.7,mid_market_ae
L-001682,organic,,8.1,mid_market_ae
L-001683,organic,,100.9,unassigned
L-001684,organic,no_response,2.8,mid_market_ae
L-001685,organic,too_small,6.2,mid_market_ae
L-001686,organic,too_small,11.6,mid_market_ae
L-001687,organic,no_response,1.9,mid_market_ae
L-001688,organic,too_small,1.2,mid_market_ae
L-001689,organic,,5.6,mid_market_ae
L-001690,organic,too_small,10.2,mid_market_ae
L-001691,organic,not_decision_maker,21.5,mid_market_ae
L-001692,organic,,7.9,mid_market_ae
L-001693,organic,duplicate,4.5,mid_market_ae
L-001694,organic,no_budget,4.9,mid_market_ae
L-001695,organic,no_response,5.6,mid_market_ae
L-001696,organic,not_decision_maker,13.5,mid_market_ae
L-001697,organic,no_response,5.3,mid_market_ae
L-001698,organic,,2.4,mid_market_ae
L-001699,organic,too_small,2.9,mid_market_ae
L-001700,organic,no_response,5.9,mid_market_ae
L-001701,organic,duplicate,3.9,mid_market_ae
L-001702,organic,wrong_use_case,4.5,mid_market_ae
L-001703,organic,no_response,7.5,mid_market_ae
L-001704,organic,,4.8,mid_market_ae
L-001705,organic,wrong_use_case,6.0,mid_market_ae
L-001706,organic,too_small,3.0,mid_market_ae
L-001707,organic,,6.1,mid_market_ae
L-001708,organic,,5.0,mid_market_ae
L-001709,organic,no_budget,7.3,mid_market_ae
L-001710,organic,too_small,9.8,mid_market_ae
L-001711,organic,no_budget,11.7,mid_market_ae
L-001712,organic,,3.9,mid_market_ae
L-001713,organic,no_response,3.5,mid_market_ae
L-001714,organic,no_budget,2.5,mid_market_ae
L-001715,organic,no_response,1.9,mid_market_ae
L-001716,organic,not_decision_maker,4.4,mid_market_ae
L-001717,organic,,10.9,mid_market_ae
L-001718,organic,no_budget,5.3,mid_market_ae
L-001719,organic,no_response,6.4,mid_market_ae
L-001720,organic,,13.7,mid_market_ae
L-001721,organic,,8.3,mid_market_ae
L-001722,organic,no_budget,13.0,mid_market_ae
L-001723,organic,too_small,2.2,mid_market_ae
L-001724,organic,duplicate,5.3,mid_market_ae
L-001725,organic,,3.7,mid_market_ae
L-001726,organic,,1.4,mid_market_ae
L-001727,organic,,3.0,mid_market_ae
L-001728,organic,,3.0,mid_market_ae
L-001729,organic,,7.9,mid_market_ae
L-001730,organic,duplicate,2.0,mid_market_ae
L-001731,organic,,2.0,mid_market_ae
L-001732,organic,,4.0,mid_market_ae
L-001733,organic,wrong_use_case,10.0,mid_market_ae
L-001734,organic,,6.4,mid_market_ae
L-001735,organic,not_decision_maker,6.9,mid_market_ae
L-001736,organic,no_budget,3.8,mid_market_ae
L-001737,organic,not_decision_maker,4.6,mid_market_ae
L-001738,organic,,3.6,mid_market_ae
L-001739,organic,,2.8,mid_market_ae
L-001740,organic,,13.6,mid_market_ae
L-001741,organic,no_response,11.4,mid_market_ae
L-001742,organic,no_response,2.7,mid_market_ae
L-001743,webinar,not_decision_maker,4.6,smb_sdr
L-001744,webinar,student_or_researcher,4.5,smb_sdr
L-001745,webinar,no_budget,8.3,smb_sdr
L-001746,webinar,,4.2,smb_sdr
L-001747,webinar,not_decision_maker,5.0,smb_sdr
L-001748,webinar,no_budget,9.1,smb_sdr
L-001749,webinar,student_or_researcher,4.5,smb_sdr
L-001750,webinar,wrong_use_case,6.3,smb_sdr
L-001751,webinar,not_decision_maker,9.8,smb_sdr
L-001752,webinar,no_budget,3.3,smb_sdr
L-001753,webinar,no_budget,6.8,smb_sdr
L-001754,webinar,no_budget,6.8,smb_sdr
L-001755,webinar,no_budget,15.3,smb_sdr
L-001756,webinar,no_response,3.8,smb_sdr
L-001757,webinar,no_budget,1.8,smb_sdr
L-001758,webinar,student_or_researcher,6.2,smb_sdr
L-001759,webinar,wrong_use_case,24.1,smb_sdr
L-001760,webinar,student_or_researcher,5.2,smb_sdr
L-001761,webinar,student_or_researcher,6.1,smb_sdr
L-001762,webinar,,1.2,smb_sdr
L-001763,webinar,not_decision_maker,4.0,smb_sdr
L-001764,webinar,not_decision_maker,3.2,smb_sdr
L-001765,webinar,duplicate,8.3,smb_sdr
L-001766,webinar,,7.7,smb_sdr
L-001767,webinar,student_or_researcher,5.2,smb_sdr
L-001768,webinar,no_budget,3.6,smb_sdr
L-001769,webinar,not_decision_maker,16.9,smb_sdr
L-001770,webinar,not_decision_maker,4.8,smb_sdr
L-001771,webinar,no_budget,1.4,smb_sdr
L-001772,webinar,not_decision_maker,7.5,smb_sdr
L-001773,webinar,,5.2,smb_sdr
L-001774,webinar,wrong_use_case,5.2,smb_sdr
L-001775,webinar,student_or_researcher,4.2,smb_sdr
L-001776,webinar,not_decision_maker,6.2,smb_sdr
L-001777,webinar,student_or_researcher,3.9,smb_sdr
L-001778,webinar,no_budget,12.9,smb_sdr
L-001779,webinar,no_budget,5.6,smb_sdr
L-001780,webinar,,8.8,smb_sdr
L-001781,webinar,duplicate,3.1,smb_sdr
L-001782,webinar,student_or_researcher,11.5,smb_sdr
L-001783,webinar,no_budget,4.1,smb_sdr
L-001784,webinar,not_decision_maker,3.2,smb_sdr
L-001785,webinar,wrong_use_case,3.5,smb_sdr
L-001786,webinar,student_or_researcher,2.3,smb_sdr
L-001787,webinar,no_budget,6.0,smb_sdr
L-001788,webinar,student_or_researcher,2.2,smb_sdr
L-001789,webinar,no_response,4.5,smb_sdr
L-001790,webinar,,3.6,smb_sdr
L-001791,webinar,,2.2,smb_sdr
L-001792,webinar,student_or_researcher,8.2,smb_sdr
L-001793,webinar,not_decision_maker,2.2,smb_sdr
L-001794,webinar,wrong_use_case,4.2,smb_sdr
L-001795,webinar,no_response,6.3,smb_sdr
L-001796,webinar,no_budget,2.9,smb_sdr
L-001797,webinar,student_or_researcher,6.9,smb_sdr
L-001798,webinar,no_budget,2.0,smb_sdr
L-001799,webinar,student_or_researcher,4.1,smb_sdr
L-001800,webinar,no_budget,13.1,smb_sdr
L-001801,webinar,no_budget,13.2,smb_sdr
L-001802,webinar,student_or_researcher,2.6,smb_sdr
L-001803,webinar,,9.0,smb_sdr
L-001804,webinar,no_budget,4.1,smb_sdr
L-001805,webinar,student_or_researcher,4.5,smb_sdr
L-001806,webinar,not_decision_maker,4.7,smb_sdr
L-001807,webinar,student_or_researcher,6.0,smb_sdr
L-001808,webinar,no_budget,3.0,smb_sdr
L-001809,webinar,not_decision_maker,4.7,smb_sdr
L-001810,webinar,wrong_use_case,5.5,smb_sdr
L-001811,webinar,not_decision_maker,5.1,smb_sdr
L-001812,webinar,no_response,10.1,smb_sdr
L-001813,webinar,not_decision_maker,3.7,smb_sdr
L-001814,webinar,wrong_use_case,3.4,smb_sdr
L-001815,webinar,student_or_researcher,1.8,smb_sdr
L-001816,webinar,duplicate,4.8,smb_sdr
L-001817,webinar,not_decision_maker,25.3,smb_sdr
L-001818,webinar,not_decision_maker,14.3,smb_sdr
L-001819,webinar,no_budget,4.6,smb_sdr
L-001820,webinar,not_decision_maker,4.6,smb_sdr
L-001821,webinar,student_or_researcher,4.7,smb_sdr
L-001822,webinar,not_decision_maker,5.5,smb_sdr
L-001823,webinar,no_response,2.7,smb_sdr
L-001824,webinar,not_decision_maker,6.7,smb_sdr
L-001825,webinar,student_or_researcher,5.3,smb_sdr
L-001826,webinar,,9.4,smb_sdr
L-001827,webinar,no_budget,7.9,smb_sdr
L-001828,webinar,wrong_use_case,12.1,smb_sdr
L-001829,webinar,no_budget,3.4,smb_sdr
L-001830,webinar,student_or_researcher,4.1,smb_sdr
L-001831,webinar,not_decision_maker,6.7,smb_sdr
L-001832,webinar,not_decision_maker,2.4,smb_sdr
L-001833,webinar,wrong_use_case,7.5,smb_sdr
L-001834,webinar,student_or_researcher,2.7,smb_sdr
L-001835,webinar,wrong_use_case,5.2,smb_sdr
L-001836,webinar,no_budget,15.8,smb_sdr
L-001837,webinar,student_or_researcher,3.0,smb_sdr
L-001838,webinar,wrong_use_case,2.3,smb_sdr
L-001839,webinar,no_response,2.6,smb_sdr
L-001840,webinar,,3.8,smb_sdr
L-001841,webinar,student_or_researcher,8.3,smb_sdr
L-001842,webinar,no_response,3.9,smb_sdr
L-001843,webinar,not_decision_maker,5.0,smb_sdr
L-001844,webinar,,3.8,smb_sdr
L-001845,webinar,,4.3,smb_sdr
L-001846,webinar,wrong_use_case,1.6,smb_sdr
L-001847,webinar,no_budget,2.5,smb_sdr
L-001848,webinar,not_decision_maker,5.4,smb_sdr
L-001849,webinar,no_budget,9.6,smb_sdr
L-001850,webinar,no_response,2.8,smb_sdr
L-001851,webinar,no_response,5.0,smb_sdr
L-001852,webinar,wrong_use_case,3.9,smb_sdr
L-001853,webinar,no_budget,6.4,smb_sdr
L-001854,webinar,student_or_researcher,3.4,smb_sdr
L-001855,webinar,not_decision_maker,1.4,smb_sdr
L-001856,webinar,no_budget,6.3,smb_sdr
L-001857,webinar,wrong_use_case,6.1,smb_sdr
L-001858,webinar,student_or_researcher,7.3,smb_sdr
L-001859,webinar,wrong_use_case,7.0,smb_sdr
L-001860,webinar,no_budget,6.2,smb_sdr
L-001861,webinar,wrong_use_case,11.0,smb_sdr
L-001862,webinar,not_decision_maker,3.9,smb_sdr
L-001863,webinar,student_or_researcher,3.9,smb_sdr
L-001864,webinar,not_decision_maker,2.8,smb_sdr
L-001865,webinar,wrong_use_case,13.4,smb_sdr
L-001866,webinar,not_decision_maker,7.7,smb_sdr
L-001867,webinar,,3.4,smb_sdr
L-001868,webinar,student_or_researcher,4.0,smb_sdr
L-001869,webinar,student_or_researcher,4.2,smb_sdr
L-001870,webinar,student_or_researcher,4.3,smb_sdr
L-001871,webinar,no_budget,2.4,smb_sdr
L-001872,webinar,duplicate,8.1,smb_sdr
L-001873,webinar,student_or_researcher,4.0,smb_sdr
L-001874,webinar,no_response,2.4,smb_sdr
L-001875,webinar,no_budget,3.0,smb_sdr
L-001876,webinar,no_budget,55.1,unassigned
L-001877,webinar,student_or_researcher,1.7,smb_sdr
L-001878,webinar,no_budget,1.6,smb_sdr
L-001879,webinar,student_or_researcher,4.0,smb_sdr
L-001880,webinar,no_budget,6.7,smb_sdr
L-001881,webinar,wrong_use_case,4.3,smb_sdr
L-001882,webinar,,4.8,smb_sdr
L-001883,webinar,no_budget,3.6,smb_sdr
L-001884,webinar,,2.6,smb_sdr
L-001885,webinar,no_response,70.1,unassigned
L-001886,webinar,not_decision_maker,5.3,smb_sdr
L-001887,webinar,no_response,52.0,unassigned
L-001888,webinar,no_budget,1.3,smb_sdr
L-001889,webinar,student_or_researcher,6.8,smb_sdr
L-001890,webinar,not_decision_maker,3.9,smb_sdr
L-001891,webinar,not_decision_maker,3.4,smb_sdr
L-001892,webinar,student_or_researcher,6.2,smb_sdr
L-001893,webinar,no_response,5.0,smb_sdr
L-001894,webinar,wrong_use_case,7.4,smb_sdr
L-001895,webinar,not_decision_maker,5.2,smb_sdr
L-001896,webinar,student_or_researcher,9.5,smb_sdr
L-001897,webinar,not_decision_maker,6.8,smb_sdr
L-001898,webinar,no_budget,6.3,smb_sdr
L-001899,webinar,not_decision_maker,1.0,smb_sdr
L-001900,webinar,duplicate,2.1,smb_sdr
L-001901,webinar,no_budget,4.2,smb_sdr
L-001902,webinar,no_budget,7.8,smb_sdr
L-001903,webinar,not_decision_maker,6.8,smb_sdr
L-001904,webinar,no_response,22.1,smb_sdr
L-001905,webinar,student_or_researcher,2.8,smb_sdr
L-001906,webinar,student_or_researcher,24.5,smb_sdr
L-001907,webinar,student_or_researcher,4.1,smb_sdr
L-001908,webinar,student_or_researcher,3.0,smb_sdr
L-001909,webinar,no_budget,7.3,smb_sdr
L-001910,webinar,not_decision_maker,5.6,smb_sdr
L-001911,webinar,duplicate,3.5,smb_sdr
L-001912,webinar,no_budget,9.7,smb_sdr
L-001913,webinar,no_budget,2.3,smb_sdr
L-001914,webinar,not_decision_maker,4.8,smb_sdr
L-001915,webinar,no_budget,4.2,smb_sdr
L-001916,webinar,wrong_use_case,1.8,smb_sdr
L-001917,webinar,not_decision_maker,3.4,smb_sdr
L-001918,webinar,wrong_use_case,4.9,smb_sdr
L-001919,webinar,no_budget,2.4,smb_sdr
L-001920,webinar,,3.3,smb_sdr
L-001921,webinar,no_response,9.0,smb_sdr
L-001922,webinar,no_budget,2.9,smb_sdr
L-001923,webinar,no_budget,4.8,smb_sdr
L-001924,webinar,,3.5,smb_sdr
L-001925,webinar,student_or_researcher,3.6,smb_sdr
L-001926,webinar,wrong_use_case,5.8,smb_sdr
L-001927,webinar,,6.1,smb_sdr
L-001928,webinar,no_response,8.1,smb_sdr
L-001929,webinar,no_budget,2.9,smb_sdr
L-001930,webinar,,12.2,smb_sdr
L-001931,webinar,student_or_researcher,4.4,smb_sdr
L-001932,webinar,no_budget,5.9,smb_sdr
L-001933,webinar,student_or_researcher,3.9,smb_sdr
L-001934,webinar,not_decision_maker,1.4,smb_sdr
L-001935,webinar,,5.9,smb_sdr
L-001936,webinar,no_budget,8.4,smb_sdr
L-001937,webinar,no_budget,1.5,smb_sdr
L-001938,webinar,wrong_use_case,5.0,smb_sdr
L-001939,webinar,not_decision_maker,4.0,smb_sdr
L-001940,webinar,student_or_researcher,4.1,smb_sdr
L-001941,webinar,no_budget,4.2,smb_sdr
L-001942,webinar,no_budget,1.5,smb_sdr
L-001943,webinar,wrong_use_case,4.8,smb_sdr
L-001944,webinar,no_budget,2.5,smb_sdr
L-001945,webinar,no_budget,4.9,smb_sdr
L-001946,webinar,no_budget,3.1,smb_sdr
L-001947,webinar,no_budget,2.0,smb_sdr
L-001948,webinar,student_or_researcher,6.1,smb_sdr
L-001949,webinar,,5.1,smb_sdr
L-001950,webinar,,14.3,smb_sdr
L-001951,webinar,student_or_researcher,12.2,smb_sdr
L-001952,webinar,no_response,6.0,smb_sdr
L-001953,webinar,not_decision_maker,1.9,smb_sdr
L-001954,webinar,,3.9,smb_sdr
L-001955,webinar,no_response,4.3,smb_sdr
L-001956,webinar,no_budget,5.3,smb_sdr
L-001957,webinar,student_or_researcher,11.3,smb_sdr
L-001958,webinar,not_decision_maker,2.1,smb_sdr
L-001959,webinar,not_decision_maker,2.6,smb_sdr
L-001960,webinar,no_budget,8.6,smb_sdr
L-001961,webinar,duplicate,9.4,smb_sdr
L-001962,webinar,not_decision_maker,3.4,smb_sdr
L-001963,webinar,student_or_researcher,3.3,smb_sdr
L-001964,webinar,no_response,4.9,smb_sdr
L-001965,webinar,,2.1,smb_sdr
L-001966,webinar,student_or_researcher,2.1,smb_sdr
L-001967,webinar,not_decision_maker,4.0,smb_sdr
L-001968,webinar,student_or_researcher,3.5,smb_sdr
L-001969,webinar,not_decision_maker,14.1,smb_sdr
L-001970,webinar,student_or_researcher,2.3,smb_sdr
L-001971,webinar,,5.4,smb_sdr
L-001972,webinar,student_or_researcher,4.9,smb_sdr
L-001973,webinar,no_response,7.0,smb_sdr
L-001974,webinar,not_decision_maker,6.5,smb_sdr
L-001975,webinar,,5.6,smb_sdr
L-001976,webinar,,4.7,smb_sdr
L-001977,webinar,wrong_use_case,3.0,smb_sdr
L-001978,webinar,,4.8,smb_sdr
L-001979,webinar,not_decision_maker,10.4,smb_sdr
L-001980,webinar,wrong_use_case,5.1,smb_sdr
L-001981,webinar,duplicate,5.9,smb_sdr
L-001982,webinar,no_response,3.9,smb_sdr
L-001983,webinar,no_budget,4.3,smb_sdr
L-001984,webinar,no_response,1.8,smb_sdr
L-001985,webinar,not_decision_maker,7.2,smb_sdr
L-001986,webinar,duplicate,1.4,smb_sdr
L-001987,webinar,not_decision_maker,4.3,smb_sdr
L-001988,webinar,,8.6,smb_sdr
L-001989,webinar,wrong_use_case,3.5,smb_sdr
L-001990,webinar,no_response,4.8,smb_sdr
L-001991,webinar,no_response,10.2,smb_sdr
L-001992,webinar,no_response,4.4,smb_sdr
L-001993,webinar,,5.7,smb_sdr
L-001994,webinar,no_budget,9.2,smb_sdr
L-001995,webinar,,8.2,smb_sdr
L-001996,webinar,,1.1,smb_sdr
L-001997,webinar,no_budget,3.6,smb_sdr
L-001998,webinar,,3.8,smb_sdr
L-001999,webinar,student_or_researcher,2.4,smb_sdr
L-002000,webinar,not_decision_maker,18.2,smb_sdr
L-002001,webinar,duplicate,6.1,smb_sdr
L-002002,webinar,not_decision_maker,6.3,smb_sdr
L-002003,webinar,,72.6,unassigned
L-002004,webinar,not_decision_maker,3.7,smb_sdr
L-002005,webinar,wrong_use_case,16.3,smb_sdr
L-002006,webinar,no_budget,2.8,smb_sdr
L-002007,webinar,student_or_researcher,9.1,smb_sdr
L-002008,webinar,student_or_researcher,1.7,smb_sdr
L-002009,webinar,student_or_researcher,3.4,smb_sdr
L-002010,webinar,student_or_researcher,3.2,smb_sdr
L-002011,webinar,no_response,3.4,smb_sdr
L-002012,webinar,no_response,9.4,smb_sdr
L-002013,webinar,not_decision_maker,5.3,smb_sdr
L-002014,webinar,student_or_researcher,3.1,smb_sdr
L-002015,webinar,not_decision_maker,2.7,smb_sdr
L-002016,webinar,student_or_researcher,3.6,smb_sdr
L-002017,webinar,wrong_use_case,7.4,smb_sdr
L-002018,webinar,not_decision_maker,6.1,smb_sdr
L-002019,webinar,wrong_use_case,43.9,unassigned
L-002020,webinar,,6.0,smb_sdr
L-002021,webinar,student_or_researcher,4.8,smb_sdr
L-002022,webinar,duplicate,4.3,smb_sdr
L-002023,webinar,no_budget,11.4,smb_sdr
L-002024,webinar,wrong_use_case,8.7,smb_sdr
L-002025,webinar,no_budget,4.7,smb_sdr
L-002026,webinar,,8.9,smb_sdr
L-002027,webinar,duplicate,4.3,smb_sdr
L-002028,webinar,not_decision_maker,4.8,smb_sdr
L-002029,webinar,not_decision_maker,9.0,smb_sdr
L-002030,webinar,no_budget,3.7,smb_sdr
L-002031,webinar,,6.4,smb_sdr
L-002032,webinar,,6.5,smb_sdr
L-002033,webinar,student_or_researcher,2.5,smb_sdr
L-002034,webinar,,5.3,smb_sdr
L-002035,webinar,no_response,4.2,smb_sdr
L-002036,webinar,no_budget,6.2,smb_sdr
L-002037,webinar,,4.9,smb_sdr
L-002038,webinar,student_or_researcher,37.9,smb_sdr
L-002039,webinar,student_or_researcher,3.3,smb_sdr
L-002040,webinar,student_or_researcher,14.7,smb_sdr
L-002041,webinar,student_or_researcher,2.6,smb_sdr
L-002042,webinar,wrong_use_case,10.6,smb_sdr
L-002043,webinar,student_or_researcher,6.9,smb_sdr
L-002044,webinar,not_decision_maker,2.9,smb_sdr
L-002045,webinar,no_response,5.7,smb_sdr
L-002046,webinar,student_or_researcher,4.3,smb_sdr
L-002047,webinar,student_or_researcher,5.7,smb_sdr
L-002048,webinar,student_or_researcher,17.6,smb_sdr
L-002049,webinar,student_or_researcher,3.4,smb_sdr
L-002050,webinar,student_or_researcher,9.3,smb_sdr
L-002051,webinar,wrong_use_case,8.9,smb_sdr
L-002052,webinar,no_budget,4.5,smb_sdr
L-002053,webinar,student_or_researcher,12.6,smb_sdr
L-002054,webinar,student_or_researcher,19.1,smb_sdr
L-002055,webinar,not_decision_maker,4.1,smb_sdr
L-002056,webinar,no_budget,5.3,smb_sdr
L-002057,webinar,no_response,3.7,smb_sdr
L-002058,webinar,student_or_researcher,3.4,smb_sdr
L-002059,webinar,,11.0,smb_sdr
L-002060,webinar,duplicate,9.7,smb_sdr
L-002061,webinar,no_budget,12.6,smb_sdr
L-002062,webinar,no_budget,1.9,smb_sdr
L-002063,webinar,no_budget,3.7,smb_sdr
L-002064,webinar,not_decision_maker,2.8,smb_sdr
L-002065,webinar,student_or_researcher,7.5,smb_sdr
L-002066,webinar,student_or_researcher,4.7,smb_sdr
L-002067,webinar,not_decision_maker,5.3,smb_sdr
L-002068,webinar,no_budget,1.6,smb_sdr
L-002069,webinar,no_budget,5.6,smb_sdr
L-002070,webinar,wrong_use_case,9.7,smb_sdr
L-002071,webinar,,15.7,smb_sdr
L-002072,webinar,not_decision_maker,6.5,smb_sdr
L-002073,webinar,wrong_use_case,12.1,smb_sdr
L-002074,webinar,student_or_researcher,5.0,smb_sdr
L-002075,webinar,no_response,4.9,smb_sdr
L-002076,webinar,no_budget,3.5,smb_sdr
L-002077,webinar,not_decision_maker,13.8,smb_sdr
L-002078,webinar,,7.7,smb_sdr
L-002079,webinar,not_decision_maker,7.0,smb_sdr
L-002080,webinar,no_budget,3.2,smb_sdr
L-002081,webinar,wrong_use_case,2.3,smb_sdr
L-002082,webinar,student_or_researcher,4.2,smb_sdr
L-002083,webinar,student_or_researcher,4.2,smb_sdr
L-002084,webinar,student_or_researcher,10.5,smb_sdr
L-002085,webinar,no_budget,1.1,smb_sdr
L-002086,webinar,no_response,11.4,smb_sdr
L-002087,webinar,not_decision_maker,5.1,smb_sdr
L-002088,webinar,no_response,3.3,smb_sdr
L-002089,webinar,student_or_researcher,4.7,smb_sdr
L-002090,webinar,student_or_researcher,1.2,smb_sdr
L-002091,webinar,,2.3,smb_sdr
L-002092,webinar,no_budget,9.5,smb_sdr
L-002093,webinar,not_decision_maker,1.5,smb_sdr
L-002094,webinar,not_decision_maker,5.5,smb_sdr
L-002095,webinar,no_budget,3.3,smb_sdr
L-002096,webinar,student_or_researcher,2.9,smb_sdr
L-002097,webinar,not_decision_maker,7.9,smb_sdr
L-002098,webinar,student_or_researcher,4.3,smb_sdr
L-002099,webinar,wrong_use_case,55.4,unassigned
L-002100,webinar,student_or_researcher,8.1,smb_sdr
L-002101,webinar,wrong_use_case,3.2,smb_sdr
L-002102,webinar,student_or_researcher,10.7,smb_sdr
L-002103,webinar,,4.9,smb_sdr
L-002104,webinar,not_decision_maker,14.4,smb_sdr
L-002105,webinar,student_or_researcher,5.1,smb_sdr
L-002106,webinar,not_decision_maker,4.5,smb_sdr
L-002107,webinar,not_decision_maker,32.9,smb_sdr
L-002108,webinar,student_or_researcher,9.8,smb_sdr
L-002109,webinar,not_decision_maker,3.9,smb_sdr
L-002110,webinar,wrong_use_case,4.9,smb_sdr
L-002111,webinar,,5.8,smb_sdr
L-002112,webinar,wrong_use_case,1.9,smb_sdr
L-002113,webinar,student_or_researcher,4.2,smb_sdr
L-002114,webinar,not_decision_maker,5.7,smb_sdr
L-002115,webinar,not_decision_maker,6.2,smb_sdr
L-002116,webinar,no_budget,3.9,smb_sdr
L-002117,webinar,,7.6,smb_sdr
L-002118,webinar,duplicate,14.8,smb_sdr
L-002119,webinar,no_response,6.5,smb_sdr
L-002120,webinar,not_decision_maker,10.6,smb_sdr
L-002121,webinar,no_budget,5.7,smb_sdr
L-002122,webinar,no_response,78.5,unassigned
L-002123,webinar,student_or_researcher,2.5,smb_sdr
L-002124,webinar,student_or_researcher,4.0,smb_sdr
L-002125,webinar,,5.1,smb_sdr
L-002126,webinar,wrong_use_case,8.0,smb_sdr
L-002127,webinar,duplicate,3.1,smb_sdr
L-002128,webinar,not_decision_maker,4.2,smb_sdr
L-002129,webinar,,8.2,smb_sdr
L-002130,webinar,no_budget,2.7,smb_sdr
L-002131,webinar,student_or_researcher,5.2,smb_sdr
L-002132,webinar,not_decision_maker,3.8,smb_sdr
L-002133,webinar,wrong_use_case,10.8,smb_sdr
L-002134,webinar,,3.2,smb_sdr
L-002135,webinar,,3.8,smb_sdr
L-002136,webinar,no_response,10.3,smb_sdr
L-002137,webinar,,3.6,smb_sdr
L-002138,webinar,duplicate,6.1,smb_sdr
L-002139,webinar,wrong_use_case,4.1,smb_sdr
L-002140,webinar,no_budget,3.8,smb_sdr
L-002141,webinar,not_decision_maker,8.1,smb_sdr
L-002142,webinar,not_decision_maker,1.6,smb_sdr
L-002143,webinar,not_decision_maker,18.2,smb_sdr
L-002144,webinar,not_decision_maker,3.3,smb_sdr
L-002145,webinar,not_decision_maker,2.8,smb_sdr
L-002146,webinar,no_budget,8.8,smb_sdr
L-002147,webinar,,2.2,smb_sdr
L-002148,webinar,no_budget,8.8,smb_sdr
L-002149,webinar,wrong_use_case,4.9,smb_sdr
L-002150,webinar,no_response,10.3,smb_sdr
L-002151,webinar,no_budget,1.9,smb_sdr
L-002152,webinar,student_or_researcher,2.2,smb_sdr
L-002153,webinar,no_budget,8.8,smb_sdr
L-002154,webinar,no_budget,5.3,smb_sdr
L-002155,webinar,no_budget,7.2,smb_sdr
L-002156,webinar,,9.3,smb_sdr
L-002157,webinar,no_budget,7.9,smb_sdr
L-002158,webinar,,4.5,smb_sdr
L-002159,webinar,duplicate,3.1,smb_sdr
L-002160,webinar,student_or_researcher,1.7,smb_sdr
L-002161,webinar,student_or_researcher,4.2,smb_sdr
L-002162,webinar,wrong_use_case,4.0,smb_sdr
L-002163,webinar,not_decision_maker,8.5,smb_sdr
L-002164,webinar,not_decision_maker,1.9,smb_sdr
L-002165,webinar,not_decision_maker,8.5,smb_sdr
L-002166,webinar,not_decision_maker,6.8,smb_sdr
L-002167,webinar,no_budget,3.9,smb_sdr
L-002168,webinar,not_decision_maker,6.4,smb_sdr
L-002169,webinar,no_budget,6.8,smb_sdr
L-002170,webinar,no_budget,2.9,smb_sdr
L-002171,webinar,not_decision_maker,2.5,smb_sdr
L-002172,webinar,not_decision_maker,2.5,smb_sdr
L-002173,webinar,no_budget,8.5,smb_sdr
L-002174,webinar,student_or_researcher,4.3,smb_sdr
L-002175,webinar,no_budget,6.4,smb_sdr
L-002176,webinar,wrong_use_case,1.4,smb_sdr
L-002177,webinar,wrong_use_case,46.6,unassigned
L-002178,webinar,duplicate,2.3,smb_sdr
L-002179,webinar,student_or_researcher,4.3,smb_sdr
L-002180,webinar,no_budget,6.9,smb_sdr
L-002181,webinar,student_or_researcher,1.0,smb_sdr
L-002182,webinar,no_budget,3.2,smb_sdr
L-002183,webinar,no_budget,6.2,smb_sdr
L-002184,webinar,student_or_researcher,4.9,smb_sdr
L-002185,webinar,no_budget,5.1,smb_sdr
L-002186,webinar,not_decision_maker,5.2,smb_sdr
L-002187,webinar,no_budget,6.8,smb_sdr
L-002188,webinar,no_response,7.0,smb_sdr
L-002189,webinar,no_budget,3.8,smb_sdr
L-002190,webinar,no_response,1.3,smb_sdr
L-002191,webinar,no_budget,7.6,smb_sdr
L-002192,webinar,no_response,2.5,smb_sdr
L-002193,webinar,student_or_researcher,4.6,smb_sdr
L-002194,webinar,duplicate,39.3,unassigned
L-002195,webinar,,3.7,smb_sdr
L-002196,webinar,,3.7,smb_sdr
L-002197,webinar,not_decision_maker,3.1,smb_sdr
L-002198,webinar,no_budget,4.5,smb_sdr
L-002199,webinar,not_decision_maker,8.3,smb_sdr
L-002200,webinar,not_decision_maker,19.8,smb_sdr
L-002201,webinar,duplicate,2.2,smb_sdr
L-002202,webinar,no_budget,7.4,smb_sdr
L-002203,webinar,student_or_researcher,2.6,smb_sdr
L-002204,webinar,,8.8,smb_sdr
L-002205,webinar,no_response,2.8,smb_sdr
L-002206,webinar,no_response,3.3,smb_sdr
L-002207,webinar,no_budget,2.8,smb_sdr
L-002208,webinar,,9.5,smb_sdr
L-002209,webinar,no_budget,5.3,smb_sdr
L-002210,webinar,not_decision_maker,4.2,smb_sdr
L-002211,webinar,student_or_researcher,2.2,smb_sdr
L-002212,webinar,no_budget,4.6,smb_sdr
L-002213,webinar,student_or_researcher,5.0,smb_sdr
L-002214,webinar,not_decision_maker,2.2,smb_sdr
L-002215,webinar,no_budget,3.7,smb_sdr
L-002216,webinar,no_budget,1.2,smb_sdr
L-002217,webinar,not_decision_maker,6.6,smb_sdr
L-002218,webinar,student_or_researcher,3.8,smb_sdr
L-002219,webinar,no_response,2.6,smb_sdr
L-002220,webinar,student_or_researcher,5.3,smb_sdr
L-002221,webinar,no_budget,4.9,smb_sdr
L-002222,webinar,duplicate,4.4,smb_sdr
L-002223,webinar,no_budget,5.6,smb_sdr
L-002224,webinar,student_or_researcher,26.0,smb_sdr
L-002225,webinar,duplicate,7.3,smb_sdr
L-002226,webinar,wrong_use_case,7.8,smb_sdr
L-002227,webinar,,2.7,smb_sdr
L-002228,webinar,no_budget,8.2,smb_sdr
L-002229,webinar,,3.5,smb_sdr
L-002230,webinar,no_budget,3.8,smb_sdr
L-002231,webinar,not_decision_maker,38.0,unassigned
L-002232,webinar,not_decision_maker,14.6,smb_sdr
L-002233,webinar,student_or_researcher,9.9,smb_sdr
L-002234,webinar,not_decision_maker,2.1,smb_sdr
L-002235,webinar,not_decision_maker,6.5,smb_sdr
L-002236,webinar,wrong_use_case,7.3,smb_sdr
L-002237,webinar,,3.5,smb_sdr
L-002238,webinar,,2.7,smb_sdr
L-002239,webinar,wrong_use_case,4.3,smb_sdr
L-002240,webinar,wrong_use_case,3.0,smb_sdr
L-002241,webinar,no_budget,1.1,smb_sdr
L-002242,webinar,not_decision_maker,4.0,smb_sdr
L-002243,webinar,wrong_use_case,4.8,smb_sdr
L-002244,webinar,duplicate,13.5,smb_sdr
L-002245,webinar,no_budget,7.5,smb_sdr
L-002246,webinar,no_response,3.8,smb_sdr
L-002247,webinar,no_response,7.7,smb_sdr
L-002248,webinar,not_decision_maker,2.2,smb_sdr
L-002249,webinar,no_budget,0.7,smb_sdr
L-002250,webinar,wrong_use_case,7.1,smb_sdr
L-002251,webinar,not_decision_maker,7.3,smb_sdr
L-002252,webinar,student_or_researcher,7.0,smb_sdr
L-002253,webinar,no_budget,1.6,smb_sdr
L-002254,webinar,no_response,3.8,smb_sdr
L-002255,webinar,no_budget,4.1,smb_sdr
L-002256,webinar,student_or_researcher,1.3,smb_sdr
L-002257,webinar,no_response,9.7,smb_sdr
L-002258,webinar,not_decision_maker,2.0,smb_sdr
L-002259,webinar,wrong_use_case,3.7,smb_sdr
L-002260,webinar,not_decision_maker,4.8,smb_sdr
L-002261,webinar,duplicate,2.3,smb_sdr
L-002262,webinar,no_budget,1.7,smb_sdr
L-002263,webinar,not_decision_maker,2.8,smb_sdr
L-002264,webinar,wrong_use_case,6.7,smb_sdr
L-002265,webinar,no_budget,6.8,smb_sdr
L-002266,webinar,wrong_use_case,74.7,unassigned
L-002267,webinar,not_decision_maker,3.9,smb_sdr
L-002268,webinar,no_budget,3.5,smb_sdr
L-002269,webinar,not_decision_maker,16.4,smb_sdr
L-002270,webinar,no_budget,4.3,smb_sdr
L-002271,webinar,wrong_use_case,4.0,smb_sdr
L-002272,webinar,student_or_researcher,9.3,smb_sdr
L-002273,webinar,not_decision_maker,2.4,smb_sdr
L-002274,webinar,not_decision_maker,5.8,smb_sdr
L-002275,webinar,wrong_use_case,11.8,smb_sdr
L-002276,webinar,not_decision_maker,2.9,smb_sdr
L-002277,webinar,no_budget,0.5,smb_sdr
L-002278,webinar,no_budget,5.6,smb_sdr
L-002279,webinar,no_budget,7.0,smb_sdr
L-002280,webinar,not_decision_maker,6.6,smb_sdr
L-002281,webinar,not_decision_maker,5.4,smb_sdr
L-002282,webinar,no_response,2.8,smb_sdr
L-002283,webinar,not_decision_maker,2.1,smb_sdr
L-002284,webinar,student_or_researcher,4.9,smb_sdr
L-002285,webinar,no_response,4.2,smb_sdr
L-002286,webinar,not_decision_maker,8.5,smb_sdr
L-002287,webinar,student_or_researcher,8.3,smb_sdr
L-002288,webinar,not_decision_maker,3.2,smb_sdr
L-002289,webinar,no_budget,2.0,smb_sdr
L-002290,webinar,not_decision_maker,12.4,smb_sdr
L-002291,webinar,student_or_researcher,1.6,smb_sdr
L-002292,webinar,wrong_use_case,6.5,smb_sdr
L-002293,webinar,no_response,2.1,smb_sdr
L-002294,webinar,student_or_researcher,1.6,smb_sdr
L-002295,webinar,student_or_researcher,3.1,smb_sdr
L-002296,webinar,no_budget,11.5,smb_sdr
L-002297,webinar,student_or_researcher,2.2,smb_sdr
L-002298,webinar,not_decision_maker,9.4,smb_sdr
L-002299,webinar,no_budget,14.9,smb_sdr
L-002300,webinar,not_decision_maker,6.1,smb_sdr
L-002301,webinar,student_or_researcher,0.9,smb_sdr
L-002302,webinar,not_decision_maker,6.0,smb_sdr
L-002303,webinar,no_response,3.0,smb_sdr
L-002304,webinar,no_budget,2.0,smb_sdr
L-002305,webinar,student_or_researcher,3.7,smb_sdr
L-002306,webinar,,4.3,smb_sdr
L-002307,webinar,student_or_researcher,8.2,smb_sdr
L-002308,webinar,not_decision_maker,10.8,smb_sdr
L-002309,webinar,no_budget,3.8,smb_sdr
L-002310,webinar,no_budget,8.2,smb_sdr
L-002311,webinar,student_or_researcher,3.2,smb_sdr
L-002312,webinar,student_or_researcher,2.7,smb_sdr
L-002313,webinar,,6.7,smb_sdr
L-002314,webinar,student_or_researcher,5.8,smb_sdr
L-002315,webinar,no_budget,4.7,smb_sdr
L-002316,webinar,no_budget,5.3,smb_sdr
L-002317,webinar,no_budget,3.3,smb_sdr
L-002318,webinar,no_budget,5.7,smb_sdr
L-002319,webinar,not_decision_maker,2.4,smb_sdr
L-002320,webinar,,3.0,smb_sdr
L-002321,webinar,no_budget,3.2,smb_sdr
L-002322,webinar,student_or_researcher,5.9,smb_sdr
L-002323,webinar,duplicate,6.7,smb_sdr
L-002324,webinar,not_decision_maker,5.9,smb_sdr
L-002325,webinar,,3.8,smb_sdr
L-002326,webinar,no_budget,10.5,smb_sdr
L-002327,webinar,not_decision_maker,2.0,smb_sdr
L-002328,webinar,student_or_researcher,71.5,unassigned
L-002329,webinar,duplicate,4.5,smb_sdr
L-002330,webinar,not_decision_maker,4.0,smb_sdr
L-002331,webinar,wrong_use_case,5.5,smb_sdr
L-002332,webinar,student_or_researcher,11.8,smb_sdr
L-002333,webinar,no_budget,2.8,smb_sdr
L-002334,webinar,no_budget,3.7,smb_sdr
L-002335,webinar,,1.4,smb_sdr
L-002336,webinar,no_budget,4.2,smb_sdr
L-002337,webinar,no_budget,10.8,smb_sdr
L-002338,webinar,no_response,15.4,smb_sdr
L-002339,webinar,student_or_researcher,69.6,unassigned
L-002340,webinar,no_budget,13.0,smb_sdr
L-002341,webinar,not_decision_maker,4.0,smb_sdr
L-002342,webinar,wrong_use_case,4.8,smb_sdr
L-002343,webinar,wrong_use_case,7.7,smb_sdr
L-002344,webinar,no_budget,4.5,smb_sdr
L-002345,webinar,no_budget,4.9,smb_sdr
L-002346,webinar,no_budget,3.5,smb_sdr
L-002347,webinar,no_budget,8.7,smb_sdr
L-002348,webinar,no_budget,2.6,smb_sdr
L-002349,webinar,not_decision_maker,11.6,smb_sdr
L-002350,webinar,student_or_researcher,7.8,smb_sdr
L-002351,webinar,no_budget,4.3,smb_sdr
L-002352,webinar,not_decision_maker,2.0,smb_sdr
L-002353,webinar,,2.4,smb_sdr
L-002354,webinar,not_decision_maker,1.4,smb_sdr
L-002355,webinar,student_or_researcher,4.4,smb_sdr
L-002356,webinar,student_or_researcher,9.8,smb_sdr
L-002357,webinar,not_decision_maker,11.6,smb_sdr
L-002358,webinar,no_response,4.0,smb_sdr
L-002359,webinar,,8.0,smb_sdr
L-002360,webinar,not_decision_maker,43.8,unassigned
L-002361,webinar,student_or_researcher,4.7,smb_sdr
L-002362,webinar,wrong_use_case,9.2,smb_sdr
L-002363,webinar,,7.5,smb_sdr
L-002364,webinar,not_decision_maker,2.4,smb_sdr
L-002365,webinar,student_or_researcher,4.1,smb_sdr
L-002366,webinar,student_or_researcher,13.1,smb_sdr
L-002367,webinar,no_budget,2.6,smb_sdr
L-002368,webinar,not_decision_maker,9.9,smb_sdr
L-002369,webinar,no_budget,10.5,smb_sdr
L-002370,webinar,not_decision_maker,5.2,smb_sdr
L-002371,webinar,wrong_use_case,3.4,smb_sdr
L-002372,webinar,no_budget,6.8,smb_sdr
L-002373,webinar,duplicate,7.0,smb_sdr
L-002374,webinar,no_response,26.3,unassigned
L-002375,webinar,,9.3,smb_sdr
L-002376,webinar,wrong_use_case,4.4,smb_sdr
L-002377,webinar,student_or_researcher,9.0,smb_sdr
L-002378,webinar,student_or_researcher,4.7,smb_sdr
L-002379,webinar,student_or_researcher,3.0,smb_sdr
L-002380,webinar,not_decision_maker,4.3,smb_sdr
L-002381,webinar,student_or_researcher,8.9,smb_sdr
L-002382,webinar,not_decision_maker,4.8,smb_sdr
L-002383,webinar,no_budget,4.8,smb_sdr
L-002384,webinar,student_or_researcher,4.2,smb_sdr
L-002385,webinar,no_budget,3.4,smb_sdr
L-002386,webinar,,4.9,smb_sdr
L-002387,webinar,student_or_researcher,4.2,smb_sdr
L-002388,webinar,student_or_researcher,8.9,smb_sdr
L-002389,webinar,duplicate,5.6,smb_sdr
L-002390,webinar,no_budget,7.1,smb_sdr
L-002391,webinar,no_budget,4.4,smb_sdr
L-002392,webinar,no_budget,7.7,smb_sdr
L-002393,webinar,wrong_use_case,6.0,smb_sdr
L-002394,webinar,no_budget,7.7,smb_sdr
L-002395,webinar,wrong_use_case,8.2,smb_sdr
L-002396,webinar,,4.2,smb_sdr
L-002397,webinar,,1.9,smb_sdr
L-002398,webinar,not_decision_maker,5.6,smb_sdr
L-002399,webinar,no_response,4.2,smb_sdr
L-002400,webinar,no_response,2.7,smb_sdr
L-002401,webinar,student_or_researcher,13.9,smb_sdr
L-002402,webinar,duplicate,6.4,smb_sdr
L-002403,webinar,,3.9,smb_sdr
L-002404,webinar,wrong_use_case,3.6,smb_sdr
L-002405,webinar,not_decision_maker,4.9,smb_sdr
L-002406,webinar,,5.5,smb_sdr
L-002407,webinar,no_budget,3.4,smb_sdr
L-002408,webinar,wrong_use_case,7.0,smb_sdr
L-002409,webinar,not_decision_maker,3.6,smb_sdr
L-002410,webinar,wrong_use_case,5.8,smb_sdr
L-002411,webinar,no_response,2.8,smb_sdr
L-002412,webinar,no_budget,7.7,smb_sdr
L-002413,webinar,no_budget,3.7,smb_sdr
L-002414,webinar,,5.0,smb_sdr
L-002415,webinar,no_budget,4.0,smb_sdr
L-002416,webinar,no_budget,5.2,smb_sdr
L-002417,webinar,no_response,7.3,smb_sdr
L-002418,webinar,no_budget,1.9,smb_sdr
L-002419,webinar,not_decision_maker,5.4,smb_sdr
L-002420,webinar,not_decision_maker,12.8,smb_sdr
L-002421,webinar,student_or_researcher,1.6,smb_sdr
L-002422,webinar,no_budget,1.9,smb_sdr
L-002423,webinar,no_response,9.8,smb_sdr
L-002424,webinar,no_budget,5.9,smb_sdr
L-002425,webinar,no_response,13.0,smb_sdr
L-002426,webinar,no_response,33.2,unassigned
L-002427,webinar,no_budget,7.7,smb_sdr
L-002428,webinar,not_decision_maker,1.3,smb_sdr
L-002429,webinar,wrong_use_case,12.8,smb_sdr
L-002430,webinar,duplicate,2.9,smb_sdr
L-002431,webinar,not_decision_maker,11.8,smb_sdr
L-002432,webinar,wrong_use_case,6.2,smb_sdr
L-002433,webinar,student_or_researcher,1.9,smb_sdr
L-002434,webinar,no_response,50.8,unassigned
L-002435,webinar,student_or_researcher,3.4,smb_sdr
L-002436,webinar,not_decision_maker,3.2,smb_sdr
L-002437,webinar,student_or_researcher,2.4,smb_sdr
L-002438,webinar,not_decision_maker,3.7,smb_sdr
L-002439,webinar,student_or_researcher,4.4,smb_sdr
L-002440,webinar,not_decision_maker,1.5,smb_sdr
L-002441,webinar,student_or_researcher,3.6,smb_sdr
L-002442,webinar,wrong_use_case,2.8,smb_sdr
L-002443,webinar,wrong_use_case,3.5,smb_sdr
L-002444,webinar,no_budget,2.2,smb_sdr
L-002445,webinar,no_budget,3.0,smb_sdr
L-002446,webinar,not_decision_maker,9.4,smb_sdr
L-002447,webinar,no_budget,13.1,smb_sdr
L-002448,webinar,student_or_researcher,3.3,smb_sdr
L-002449,webinar,duplicate,6.8,smb_sdr
L-002450,webinar,no_budget,11.4,smb_sdr
L-002451,webinar,not_decision_maker,2.2,smb_sdr
L-002452,webinar,,9.0,smb_sdr
L-002453,webinar,duplicate,7.5,smb_sdr
L-002454,webinar,,1.2,smb_sdr
L-002455,webinar,no_budget,47.1,unassigned
L-002456,webinar,student_or_researcher,6.6,smb_sdr
L-002457,webinar,not_decision_maker,3.0,smb_sdr
L-002458,webinar,not_decision_maker,1.5,smb_sdr
L-002459,webinar,student_or_researcher,4.6,smb_sdr
L-002460,webinar,,2.8,smb_sdr
L-002461,webinar,no_budget,80.7,unassigned
L-002462,webinar,no_response,7.9,smb_sdr
L-002463,webinar,no_budget,3.6,smb_sdr
L-002464,webinar,wrong_use_case,2.8,smb_sdr
L-002465,webinar,not_decision_maker,8.8,smb_sdr
L-002466,webinar,not_decision_maker,7.1,smb_sdr
L-002467,webinar,student_or_researcher,3.9,smb_sdr
L-002468,webinar,wrong_use_case,4.0,smb_sdr
L-002469,webinar,,5.6,smb_sdr
L-002470,webinar,no_budget,2.1,smb_sdr
L-002471,webinar,student_or_researcher,3.1,smb_sdr
L-002472,webinar,student_or_researcher,13.6,smb_sdr
L-002473,webinar,no_budget,6.3,smb_sdr
L-002474,webinar,no_budget,3.3,smb_sdr
L-002475,webinar,no_budget,6.5,smb_sdr
L-002476,webinar,duplicate,3.9,smb_sdr
L-002477,webinar,duplicate,19.6,smb_sdr
L-002478,webinar,not_decision_maker,7.9,smb_sdr
L-002479,webinar,no_budget,5.7,smb_sdr
L-002480,webinar,no_budget,7.8,smb_sdr
L-002481,webinar,not_decision_maker,4.2,smb_sdr
L-002482,webinar,duplicate,3.6,smb_sdr
L-002483,webinar,no_budget,3.7,smb_sdr
L-002484,webinar,student_or_researcher,5.4,smb_sdr
L-002485,webinar,no_budget,4.7,smb_sdr
L-002486,webinar,,2.4,smb_sdr
L-002487,webinar,no_budget,4.3,smb_sdr
L-002488,webinar,student_or_researcher,2.3,smb_sdr
L-002489,webinar,student_or_researcher,3.9,smb_sdr
L-002490,webinar,wrong_use_case,1.5,smb_sdr
L-002491,webinar,student_or_researcher,1.3,smb_sdr
L-002492,webinar,not_decision_maker,8.4,smb_sdr
L-002493,webinar,student_or_researcher,4.7,smb_sdr
L-002494,webinar,duplicate,2.0,smb_sdr
L-002495,webinar,no_budget,3.2,smb_sdr
L-002496,webinar,student_or_researcher,4.6,smb_sdr
L-002497,webinar,student_or_researcher,2.0,smb_sdr
L-002498,webinar,not_decision_maker,13.2,smb_sdr
L-002499,webinar,wrong_use_case,5.7,smb_sdr
L-002500,webinar,wrong_use_case,14.5,smb_sdr
L-002501,webinar,student_or_researcher,4.4,smb_sdr
L-002502,webinar,no_budget,1.5,smb_sdr
L-002503,webinar,no_budget,3.2,smb_sdr
L-002504,webinar,no_budget,5.3,smb_sdr
L-002505,webinar,wrong_use_case,7.6,smb_sdr
L-002506,webinar,,5.3,smb_sdr
L-002507,webinar,not_decision_maker,2.9,smb_sdr
L-002508,webinar,,10.3,smb_sdr
L-002509,webinar,,6.4,smb_sdr
L-002510,webinar,no_response,3.8,smb_sdr
L-002511,webinar,no_response,3.7,smb_sdr
L-002512,webinar,no_budget,11.3,smb_sdr
L-002513,webinar,student_or_researcher,3.1,smb_sdr
L-002514,webinar,no_budget,3.8,smb_sdr
L-002515,webinar,student_or_researcher,2.9,smb_sdr
L-002516,webinar,no_budget,8.9,smb_sdr
L-002517,webinar,duplicate,10.5,smb_sdr
L-002518,webinar,student_or_researcher,4.7,smb_sdr
L-002519,webinar,duplicate,3.4,smb_sdr
L-002520,webinar,student_or_researcher,6.5,smb_sdr
L-002521,webinar,student_or_researcher,4.2,smb_sdr
L-002522,webinar,no_budget,3.5,smb_sdr
L-002523,webinar,no_response,4.7,smb_sdr
L-002524,webinar,not_decision_maker,1.8,smb_sdr
L-002525,webinar,student_or_researcher,12.7,smb_sdr
L-002526,webinar,no_response,4.4,smb_sdr
L-002527,webinar,student_or_researcher,10.0,smb_sdr
L-002528,webinar,not_decision_maker,12.7,smb_sdr
L-002529,webinar,not_decision_maker,6.5,smb_sdr
L-002530,webinar,no_budget,3.6,smb_sdr
L-002531,webinar,student_or_researcher,1.9,smb_sdr
L-002532,webinar,wrong_use_case,6.8,smb_sdr
L-002533,webinar,wrong_use_case,7.2,smb_sdr
L-002534,webinar,no_budget,6.1,smb_sdr
L-002535,webinar,not_decision_maker,8.4,smb_sdr
L-002536,webinar,no_response,8.5,smb_sdr
L-002537,webinar,student_or_researcher,6.0,smb_sdr
L-002538,webinar,no_response,64.7,unassigned
L-002539,webinar,not_decision_maker,7.9,smb_sdr
L-002540,webinar,duplicate,5.4,smb_sdr
L-002541,webinar,not_decision_maker,2.5,smb_sdr
L-002542,webinar,not_decision_maker,2.9,smb_sdr
L-002543,webinar,wrong_use_case,4.1,smb_sdr
L-002544,webinar,wrong_use_case,8.6,smb_sdr
L-002545,webinar,no_response,3.8,smb_sdr
L-002546,webinar,not_decision_maker,4.9,smb_sdr
L-002547,webinar,no_response,9.2,smb_sdr
L-002548,webinar,not_decision_maker,6.5,smb_sdr
L-002549,webinar,not_decision_maker,8.9,smb_sdr
L-002550,webinar,not_decision_maker,5.4,smb_sdr
L-002551,webinar,no_budget,3.3,smb_sdr
L-002552,webinar,no_budget,4.4,smb_sdr
L-002553,webinar,no_budget,8.3,smb_sdr
L-002554,webinar,no_budget,3.6,smb_sdr
L-002555,webinar,no_budget,6.1,smb_sdr
L-002556,webinar,no_budget,2.1,smb_sdr
L-002557,webinar,not_decision_maker,4.1,smb_sdr
L-002558,webinar,wrong_use_case,6.2,smb_sdr
L-002559,webinar,no_budget,9.0,smb_sdr
L-002560,webinar,,6.3,smb_sdr
L-002561,webinar,student_or_researcher,5.5,smb_sdr
L-002562,webinar,wrong_use_case,2.6,smb_sdr
L-002563,webinar,,18.7,smb_sdr
L-002564,webinar,no_budget,11.3,smb_sdr
L-002565,webinar,no_budget,6.0,smb_sdr
L-002566,webinar,no_response,6.6,smb_sdr
L-002567,webinar,student_or_researcher,6.9,smb_sdr
L-002568,webinar,,31.0,unassigned
L-002569,webinar,not_decision_maker,4.9,smb_sdr
L-002570,webinar,not_decision_maker,24.5,smb_sdr
L-002571,webinar,student_or_researcher,5.7,smb_sdr
L-002572,webinar,not_decision_maker,3.9,smb_sdr
L-002573,webinar,,8.0,smb_sdr
L-002574,webinar,student_or_researcher,6.2,smb_sdr
L-002575,webinar,no_budget,5.2,smb_sdr
L-002576,webinar,student_or_researcher,9.6,smb_sdr
L-002577,webinar,no_budget,14.3,smb_sdr
L-002578,webinar,no_budget,5.2,smb_sdr
L-002579,webinar,student_or_researcher,5.5,smb_sdr
L-002580,webinar,student_or_researcher,6.3,smb_sdr
L-002581,webinar,no_budget,12.1,smb_sdr
L-002582,webinar,student_or_researcher,2.1,smb_sdr
L-002583,webinar,not_decision_maker,6.3,smb_sdr
L-002584,webinar,wrong_use_case,2.9,smb_sdr
L-002585,webinar,not_decision_maker,6.6,smb_sdr
L-002586,webinar,,1.1,smb_sdr
L-002587,webinar,not_decision_maker,11.4,smb_sdr
L-002588,webinar,no_budget,2.8,smb_sdr
L-002589,webinar,no_budget,7.0,smb_sdr
L-002590,webinar,no_budget,97.8,unassigned
L-002591,webinar,student_or_researcher,6.3,smb_sdr
L-002592,webinar,wrong_use_case,4.1,smb_sdr
L-002593,webinar,wrong_use_case,7.9,smb_sdr
L-002594,webinar,no_response,1.7,smb_sdr
L-002595,webinar,,2.4,smb_sdr
L-002596,webinar,no_budget,4.7,smb_sdr
L-002597,webinar,not_decision_maker,5.3,smb_sdr
L-002598,webinar,no_budget,10.4,smb_sdr
L-002599,webinar,not_decision_maker,4.1,smb_sdr
L-002600,webinar,,4.8,smb_sdr
L-002601,webinar,duplicate,8.3,smb_sdr
L-002602,webinar,no_budget,13.8,smb_sdr
L-002603,webinar,student_or_researcher,3.6,smb_sdr
L-002604,webinar,,5.1,smb_sdr
L-002605,webinar,student_or_researcher,4.5,smb_sdr
L-002606,webinar,wrong_use_case,6.1,smb_sdr
L-002607,webinar,not_decision_maker,8.9,smb_sdr
L-002608,webinar,no_budget,6.2,smb_sdr
L-002609,webinar,not_decision_maker,6.3,smb_sdr
L-002610,webinar,student_or_researcher,8.1,smb_sdr
L-002611,webinar,no_budget,5.5,smb_sdr
L-002612,webinar,no_budget,2.7,smb_sdr
L-002613,webinar,student_or_researcher,8.9,smb_sdr
L-002614,webinar,not_decision_maker,3.0,smb_sdr
L-002615,webinar,student_or_researcher,9.4,smb_sdr
L-002616,webinar,wrong_use_case,23.7,smb_sdr
L-002617,webinar,not_decision_maker,1.9,smb_sdr
L-002618,webinar,student_or_researcher,2.0,smb_sdr
L-002619,webinar,wrong_use_case,11.7,smb_sdr
L-002620,webinar,no_budget,3.9,smb_sdr
L-002621,webinar,student_or_researcher,4.0,smb_sdr
L-002622,webinar,not_decision_maker,3.3,smb_sdr
L-002623,webinar,student_or_researcher,2.6,smb_sdr
L-002624,webinar,,8.2,smb_sdr
L-002625,webinar,no_response,1.9,smb_sdr
L-002626,webinar,no_response,3.9,smb_sdr
L-002627,webinar,no_response,12.3,smb_sdr
L-002628,webinar,not_decision_maker,3.3,smb_sdr
L-002629,webinar,no_budget,8.2,smb_sdr
L-002630,webinar,no_budget,3.8,smb_sdr
L-002631,webinar,not_decision_maker,6.8,smb_sdr
L-002632,webinar,no_budget,7.5,smb_sdr
L-002633,webinar,student_or_researcher,7.3,smb_sdr
L-002634,webinar,,4.1,smb_sdr
L-002635,webinar,wrong_use_case,5.6,smb_sdr
L-002636,webinar,not_decision_maker,3.8,smb_sdr
L-002637,webinar,no_response,3.9,smb_sdr
L-002638,webinar,,10.5,smb_sdr
L-002639,webinar,wrong_use_case,4.7,smb_sdr
L-002640,webinar,no_budget,2.7,smb_sdr
L-002641,webinar,no_response,2.9,smb_sdr
L-002642,webinar,no_budget,18.3,smb_sdr
L-002643,webinar,no_response,10.6,smb_sdr
L-002644,webinar,student_or_researcher,14.2,smb_sdr
L-002645,webinar,no_budget,6.1,smb_sdr
L-002646,webinar,student_or_researcher,4.3,smb_sdr
L-002647,webinar,no_budget,3.8,smb_sdr
L-002648,webinar,no_budget,3.6,smb_sdr
L-002649,webinar,student_or_researcher,5.0,smb_sdr
L-002650,webinar,no_budget,3.3,smb_sdr
L-002651,webinar,student_or_researcher,12.5,smb_sdr
L-002652,webinar,no_budget,3.1,smb_sdr
L-002653,webinar,no_budget,6.8,smb_sdr
L-002654,webinar,wrong_use_case,5.7,smb_sdr
L-002655,webinar,no_budget,4.8,smb_sdr
L-002656,webinar,not_decision_maker,9.7,smb_sdr
L-002657,webinar,student_or_researcher,5.6,smb_sdr
L-002658,webinar,student_or_researcher,3.3,smb_sdr
L-002659,webinar,no_response,6.2,smb_sdr
L-002660,webinar,,18.9,smb_sdr
L-002661,webinar,,3.7,smb_sdr
L-002662,webinar,no_budget,5.5,smb_sdr
L-002663,webinar,no_budget,2.9,smb_sdr
L-002664,webinar,student_or_researcher,11.5,smb_sdr
L-002665,webinar,not_decision_maker,8.5,smb_sdr
L-002666,webinar,not_decision_maker,14.7,smb_sdr
L-002667,webinar,no_response,4.1,smb_sdr
L-002668,webinar,no_budget,1.3,smb_sdr
L-002669,webinar,student_or_researcher,24.0,smb_sdr
L-002670,webinar,not_decision_maker,7.4,smb_sdr
L-002671,webinar,no_response,5.7,smb_sdr
L-002672,webinar,not_decision_maker,6.6,smb_sdr
L-002673,webinar,no_response,5.0,smb_sdr
L-002674,webinar,no_budget,9.8,smb_sdr
L-002675,webinar,student_or_researcher,4.2,smb_sdr
L-002676,webinar,,3.7,smb_sdr
L-002677,webinar,,8.2,smb_sdr
L-002678,webinar,wrong_use_case,4.2,smb_sdr
L-002679,webinar,not_decision_maker,17.5,smb_sdr
L-002680,webinar,student_or_researcher,5.3,smb_sdr
L-002681,webinar,,5.5,smb_sdr
L-002682,webinar,student_or_researcher,6.1,smb_sdr
L-002683,webinar,no_budget,3.2,smb_sdr
L-002684,webinar,wrong_use_case,6.7,smb_sdr
L-002685,webinar,not_decision_maker,6.7,smb_sdr
L-002686,webinar,wrong_use_case,7.8,smb_sdr
L-002687,webinar,not_decision_maker,4.4,smb_sdr
L-002688,webinar,wrong_use_case,5.0,smb_sdr
L-002689,webinar,student_or_researcher,3.0,smb_sdr
L-002690,webinar,no_budget,1.0,smb_sdr
L-002691,webinar,not_decision_maker,7.6,smb_sdr
L-002692,webinar,no_response,9.1,smb_sdr
L-002693,webinar,not_decision_maker,2.5,smb_sdr
L-002694,webinar,no_response,1.9,smb_sdr
L-002695,webinar,student_or_researcher,7.1,smb_sdr
L-002696,webinar,no_budget,4.0,smb_sdr
L-002697,webinar,not_decision_maker,5.8,smb_sdr
L-002698,webinar,,9.9,smb_sdr
L-002699,webinar,not_decision_maker,1.8,smb_sdr
L-002700,webinar,no_budget,4.7,smb_sdr
L-002701,webinar,no_response,5.6,smb_sdr
L-002702,webinar,not_decision_maker,6.7,smb_sdr
L-002703,webinar,no_budget,3.8,smb_sdr
L-002704,webinar,student_or_researcher,2.1,smb_sdr
L-002705,webinar,no_budget,4.1,smb_sdr
L-002706,webinar,not_decision_maker,13.6,smb_sdr
L-002707,webinar,student_or_researcher,10.0,smb_sdr
L-002708,webinar,no_budget,0.9,smb_sdr
L-002709,webinar,no_budget,5.4,smb_sdr
L-002710,webinar,wrong_use_case,4.3,smb_sdr
L-002711,webinar,student_or_researcher,10.5,smb_sdr
L-002712,webinar,no_budget,7.1,smb_sdr
L-002713,webinar,student_or_researcher,70.0,unassigned
L-002714,webinar,no_budget,11.3,smb_sdr
L-002715,webinar,student_or_researcher,10.5,smb_sdr
L-002716,webinar,not_decision_maker,5.4,smb_sdr
L-002717,webinar,not_decision_maker,67.2,unassigned
L-002718,webinar,no_response,6.4,smb_sdr
L-002719,webinar,student_or_researcher,3.9,smb_sdr
L-002720,webinar,no_budget,7.6,smb_sdr
L-002721,webinar,no_budget,2.1,smb_sdr
L-002722,webinar,no_response,2.3,smb_sdr
L-002723,webinar,not_decision_maker,8.2,smb_sdr
L-002724,webinar,not_decision_maker,2.3,smb_sdr
L-002725,webinar,not_decision_maker,22.3,smb_sdr
L-002726,webinar,,56.0,unassigned
L-002727,webinar,no_budget,5.0,smb_sdr
L-002728,webinar,wrong_use_case,2.0,smb_sdr
L-002729,webinar,not_decision_maker,2.2,smb_sdr
L-002730,webinar,student_or_researcher,14.6,smb_sdr
L-002731,webinar,student_or_researcher,2.0,smb_sdr
L-002732,webinar,no_budget,2.5,smb_sdr
L-002733,webinar,no_budget,6.5,smb_sdr
L-002734,webinar,no_response,5.1,smb_sdr
L-002735,webinar,not_decision_maker,5.2,smb_sdr
L-002736,webinar,student_or_researcher,9.5,smb_sdr
L-002737,webinar,student_or_researcher,5.2,smb_sdr
L-002738,webinar,no_budget,5.8,smb_sdr
L-002739,webinar,not_decision_maker,2.9,smb_sdr
L-002740,webinar,no_budget,12.0,smb_sdr
L-002741,webinar,not_decision_maker,1.4,smb_sdr
L-002742,webinar,student_or_researcher,7.8,smb_sdr
L-002743,webinar,no_response,12.2,smb_sdr
L-002744,webinar,no_budget,4.0,smb_sdr
L-002745,webinar,duplicate,6.0,smb_sdr
L-002746,webinar,duplicate,2.5,smb_sdr
L-002747,webinar,,6.5,smb_sdr
L-002748,webinar,not_decision_maker,66.8,unassigned
L-002749,webinar,,1.6,smb_sdr
L-002750,webinar,,75.5,unassigned
L-002751,webinar,no_budget,5.6,smb_sdr
L-002752,webinar,,6.5,smb_sdr
L-002753,webinar,student_or_researcher,5.3,smb_sdr
L-002754,webinar,no_budget,8.2,smb_sdr
L-002755,webinar,student_or_researcher,3.5,smb_sdr
L-002756,webinar,no_budget,4.2,smb_sdr
L-002757,webinar,no_budget,5.4,smb_sdr
L-002758,webinar,student_or_researcher,11.9,smb_sdr
L-002759,webinar,no_budget,4.3,smb_sdr
L-002760,webinar,student_or_researcher,2.9,smb_sdr
L-002761,webinar,student_or_researcher,2.4,smb_sdr
L-002762,webinar,,1.2,mid_market_ae
L-002763,webinar,no_budget,6.4,mid_market_ae
L-002764,webinar,student_or_researcher,6.8,mid_market_ae
L-002765,webinar,not_decision_maker,2.0,mid_market_ae
L-002766,webinar,no_budget,1.7,mid_market_ae
L-002767,webinar,no_budget,8.3,mid_market_ae
L-002768,webinar,no_budget,3.6,mid_market_ae
L-002769,webinar,no_response,3.5,mid_market_ae
L-002770,webinar,no_budget,6.6,mid_market_ae
L-002771,webinar,no_budget,5.4,mid_market_ae
L-002772,webinar,student_or_researcher,3.1,mid_market_ae
L-002773,webinar,,4.2,mid_market_ae
L-002774,webinar,student_or_researcher,8.1,mid_market_ae
L-002775,webinar,wrong_use_case,75.0,unassigned
L-002776,webinar,duplicate,3.6,mid_market_ae
L-002777,webinar,student_or_researcher,2.8,mid_market_ae
L-002778,webinar,,8.9,mid_market_ae
L-002779,webinar,not_decision_maker,3.6,mid_market_ae
L-002780,webinar,no_budget,5.9,mid_market_ae
L-002781,webinar,student_or_researcher,3.0,mid_market_ae
L-002782,webinar,no_budget,10.3,mid_market_ae
L-002783,webinar,not_decision_maker,6.0,mid_market_ae
L-002784,webinar,no_budget,14.0,mid_market_ae
L-002785,webinar,not_decision_maker,4.1,mid_market_ae
L-002786,webinar,,2.8,mid_market_ae
L-002787,webinar,duplicate,3.6,mid_market_ae
L-002788,webinar,not_decision_maker,2.6,mid_market_ae
L-002789,webinar,no_response,14.7,mid_market_ae
L-002790,webinar,student_or_researcher,8.7,mid_market_ae
L-002791,webinar,not_decision_maker,11.3,mid_market_ae
L-002792,webinar,student_or_researcher,5.7,mid_market_ae
L-002793,webinar,not_decision_maker,17.6,mid_market_ae
L-002794,webinar,no_response,6.3,mid_market_ae
L-002795,webinar,no_budget,2.4,mid_market_ae
L-002796,webinar,no_response,2.8,mid_market_ae
L-002797,webinar,not_decision_maker,4.4,mid_market_ae
L-002798,webinar,no_budget,6.8,mid_market_ae
L-002799,webinar,no_response,4.7,mid_market_ae
L-002800,webinar,duplicate,5.5,mid_market_ae
L-002801,webinar,no_budget,1.8,mid_market_ae
L-002802,webinar,not_decision_maker,5.2,mid_market_ae
L-002803,webinar,student_or_researcher,2.3,mid_market_ae
L-002804,webinar,student_or_researcher,2.5,mid_market_ae
L-002805,webinar,student_or_researcher,16.7,mid_market_ae
L-002806,webinar,duplicate,2.8,mid_market_ae
L-002807,webinar,no_budget,3.1,mid_market_ae
L-002808,webinar,,7.4,mid_market_ae
L-002809,webinar,student_or_researcher,7.7,mid_market_ae
L-002810,webinar,not_decision_maker,7.6,mid_market_ae
L-002811,webinar,wrong_use_case,23.9,mid_market_ae
L-002812,webinar,no_budget,5.2,mid_market_ae
L-002813,webinar,no_budget,3.9,mid_market_ae
L-002814,webinar,student_or_researcher,2.0,mid_market_ae
L-002815,webinar,no_budget,3.2,mid_market_ae
L-002816,webinar,duplicate,5.3,mid_market_ae
L-002817,webinar,,6.1,mid_market_ae
L-002818,webinar,student_or_researcher,1.5,mid_market_ae
L-002819,webinar,no_budget,7.8,mid_market_ae
L-002820,webinar,,2.9,mid_market_ae
L-002821,webinar,,2.9,mid_market_ae
L-002822,webinar,no_response,1.7,mid_market_ae
L-002823,webinar,student_or_researcher,13.3,mid_market_ae
L-002824,webinar,student_or_researcher,1.8,mid_market_ae
L-002825,webinar,no_budget,8.8,mid_market_ae
L-002826,webinar,student_or_researcher,5.2,mid_market_ae
L-002827,webinar,no_budget,2.9,mid_market_ae
L-002828,webinar,no_budget,6.6,mid_market_ae
L-002829,webinar,duplicate,5.4,mid_market_ae
L-002830,webinar,not_decision_maker,3.4,mid_market_ae
L-002831,webinar,no_budget,1.9,mid_market_ae
L-002832,webinar,student_or_researcher,2.9,mid_market_ae
L-002833,webinar,student_or_researcher,10.1,mid_market_ae
L-002834,webinar,,3.6,mid_market_ae
L-002835,webinar,no_budget,12.6,mid_market_ae
L-002836,webinar,no_budget,10.9,mid_market_ae
L-002837,webinar,not_decision_maker,8.0,mid_market_ae
L-002838,webinar,student_or_researcher,20.3,mid_market_ae
L-002839,webinar,not_decision_maker,7.8,mid_market_ae
L-002840,webinar,student_or_researcher,3.7,mid_market_ae
L-002841,webinar,student_or_researcher,3.4,mid_market_ae
L-002842,webinar,wrong_use_case,3.6,mid_market_ae
L-002843,webinar,student_or_researcher,7.6,mid_market_ae
L-002844,webinar,student_or_researcher,2.5,mid_market_ae
L-002845,webinar,no_budget,7.3,mid_market_ae
L-002846,webinar,no_response,2.1,mid_market_ae
L-002847,webinar,not_decision_maker,6.9,mid_market_ae
L-002848,webinar,no_response,8.4,mid_market_ae
L-002849,webinar,,6.2,mid_market_ae
L-002850,webinar,not_decision_maker,4.5,mid_market_ae
L-002851,webinar,student_or_researcher,4.7,mid_market_ae
L-002852,webinar,wrong_use_case,3.9,mid_market_ae
L-002853,webinar,not_decision_maker,2.9,mid_market_ae
L-002854,webinar,not_decision_maker,2.2,mid_market_ae
L-002855,webinar,not_decision_maker,11.3,mid_market_ae
L-002856,webinar,,2.7,mid_market_ae
L-002857,webinar,wrong_use_case,4.3,mid_market_ae
L-002858,webinar,no_budget,6.5,mid_market_ae
L-002859,webinar,not_decision_maker,5.6,mid_market_ae
L-002860,webinar,student_or_researcher,8.0,mid_market_ae
L-002861,webinar,,3.9,mid_market_ae
L-002862,webinar,duplicate,5.9,mid_market_ae
L-002863,webinar,student_or_researcher,7.1,mid_market_ae
L-002864,webinar,,2.2,mid_market_ae
L-002865,webinar,no_budget,5.8,mid_market_ae
L-002866,webinar,wrong_use_case,5.4,mid_market_ae
L-002867,webinar,wrong_use_case,11.9,mid_market_ae
L-002868,webinar,no_budget,9.9,mid_market_ae
L-002869,webinar,,3.1,mid_market_ae
L-002870,webinar,no_budget,7.0,mid_market_ae
L-002871,webinar,student_or_researcher,2.5,mid_market_ae
L-002872,webinar,not_decision_maker,9.2,mid_market_ae
L-002873,webinar,no_response,7.6,mid_market_ae
L-002874,webinar,not_decision_maker,4.7,mid_market_ae
L-002875,webinar,no_budget,47.9,unassigned
L-002876,webinar,no_budget,13.3,mid_market_ae
L-002877,webinar,,5.6,mid_market_ae
L-002878,webinar,no_budget,5.2,mid_market_ae
L-002879,webinar,not_decision_maker,2.6,mid_market_ae
L-002880,webinar,,15.2,mid_market_ae
L-002881,webinar,wrong_use_case,3.7,mid_market_ae
L-002882,webinar,wrong_use_case,1.8,mid_market_ae
L-002883,webinar,no_budget,1.8,mid_market_ae
L-002884,webinar,not_decision_maker,2.9,mid_market_ae
L-002885,webinar,no_budget,8.9,mid_market_ae
L-002886,webinar,not_decision_maker,4.7,mid_market_ae
L-002887,webinar,student_or_researcher,5.5,mid_market_ae
L-002888,webinar,no_response,4.4,mid_market_ae
L-002889,webinar,no_budget,2.8,mid_market_ae
L-002890,webinar,student_or_researcher,5.9,mid_market_ae
L-002891,webinar,not_decision_maker,2.9,mid_market_ae
L-002892,webinar,no_budget,3.3,mid_market_ae
L-002893,webinar,not_decision_maker,4.5,mid_market_ae
L-002894,webinar,no_budget,2.1,mid_market_ae
L-002895,webinar,not_decision_maker,3.8,mid_market_ae
L-002896,webinar,no_response,10.7,mid_market_ae
L-002897,webinar,no_budget,11.3,mid_market_ae
L-002898,webinar,wrong_use_case,7.8,mid_market_ae
L-002899,webinar,no_response,2.5,mid_market_ae
L-002900,webinar,wrong_use_case,5.9,mid_market_ae
L-002901,webinar,,5.1,mid_market_ae
L-002902,webinar,no_budget,2.6,mid_market_ae
L-002903,webinar,not_decision_maker,2.5,mid_market_ae
L-002904,webinar,,5.7,mid_market_ae
L-002905,webinar,not_decision_maker,1.6,mid_market_ae
L-002906,webinar,no_budget,10.7,mid_market_ae
L-002907,webinar,wrong_use_case,7.2,mid_market_ae
L-002908,webinar,,2.3,mid_market_ae
L-002909,webinar,no_budget,5.3,mid_market_ae
L-002910,webinar,student_or_researcher,1.5,mid_market_ae
L-002911,webinar,not_decision_maker,2.4,mid_market_ae
L-002912,webinar,student_or_researcher,6.5,mid_market_ae
L-002913,webinar,no_budget,2.1,mid_market_ae
L-002914,webinar,duplicate,5.4,mid_market_ae
L-002915,webinar,no_response,7.9,mid_market_ae
L-002916,webinar,wrong_use_case,4.5,mid_market_ae
L-002917,webinar,,5.1,mid_market_ae
L-002918,webinar,,6.3,mid_market_ae
L-002919,webinar,,6.0,mid_market_ae
L-002920,webinar,no_response,4.2,mid_market_ae
L-002921,webinar,student_or_researcher,14.2,mid_market_ae
L-002922,webinar,no_budget,4.5,mid_market_ae
L-002923,webinar,wrong_use_case,5.0,mid_market_ae
L-002924,webinar,no_response,4.8,mid_market_ae
L-002925,webinar,wrong_use_case,5.6,mid_market_ae
L-002926,webinar,student_or_researcher,7.4,mid_market_ae
L-002927,webinar,not_decision_maker,5.1,mid_market_ae
L-002928,webinar,no_budget,2.8,mid_market_ae
L-002929,webinar,not_decision_maker,5.6,mid_market_ae
L-002930,webinar,not_decision_maker,11.8,mid_market_ae
L-002931,webinar,not_decision_maker,2.8,mid_market_ae
L-002932,webinar,,16.0,mid_market_ae
L-002933,webinar,,3.0,mid_market_ae
L-002934,webinar,not_decision_maker,4.2,mid_market_ae
L-002935,webinar,student_or_researcher,2.8,mid_market_ae
L-002936,webinar,,4.2,mid_market_ae
L-002937,webinar,not_decision_maker,8.6,mid_market_ae
L-002938,webinar,student_or_researcher,17.0,mid_market_ae
L-002939,webinar,student_or_researcher,5.0,mid_market_ae
L-002940,webinar,no_response,5.3,mid_market_ae
L-002941,webinar,not_decision_maker,2.2,mid_market_ae
L-002942,webinar,no_budget,2.5,mid_market_ae
L-002943,webinar,no_response,5.6,mid_market_ae
L-002944,webinar,no_budget,5.6,mid_market_ae
L-002945,webinar,no_budget,5.3,mid_market_ae
L-002946,webinar,no_budget,5.8,mid_market_ae
L-002947,webinar,no_budget,20.3,mid_market_ae
L-002948,webinar,no_budget,3.7,mid_market_ae
L-002949,webinar,no_budget,4.9,mid_market_ae
L-002950,webinar,wrong_use_case,5.4,mid_market_ae
L-002951,webinar,student_or_researcher,3.5,mid_market_ae
L-002952,webinar,no_budget,15.8,mid_market_ae
L-002953,webinar,no_budget,9.9,mid_market_ae
L-002954,webinar,not_decision_maker,4.8,mid_market_ae
L-002955,webinar,not_decision_maker,1.2,mid_market_ae
L-002956,webinar,not_decision_maker,3.0,mid_market_ae
L-002957,webinar,no_budget,5.8,mid_market_ae
L-002958,webinar,not_decision_maker,5.5,mid_market_ae
L-002959,webinar,not_decision_maker,2.6,mid_market_ae
L-002960,webinar,student_or_researcher,5.7,mid_market_ae
L-002961,webinar,student_or_researcher,9.9,mid_market_ae
L-002962,webinar,wrong_use_case,3.4,mid_market_ae
L-002963,webinar,,3.7,mid_market_ae
L-002964,webinar,no_response,3.2,mid_market_ae
L-002965,webinar,duplicate,2.7,mid_market_ae
L-002966,webinar,wrong_use_case,7.9,mid_market_ae
L-002967,webinar,no_budget,3.2,mid_market_ae
L-002968,webinar,student_or_researcher,6.8,mid_market_ae
L-002969,webinar,student_or_researcher,5.7,mid_market_ae
L-002970,webinar,duplicate,5.5,mid_market_ae
L-002971,webinar,student_or_researcher,2.7,mid_market_ae
L-002972,webinar,no_budget,3.3,mid_market_ae
L-002973,webinar,student_or_researcher,6.6,mid_market_ae
L-002974,webinar,not_decision_maker,12.7,mid_market_ae
L-002975,webinar,student_or_researcher,8.0,mid_market_ae
L-002976,webinar,no_budget,119.5,unassigned
L-002977,webinar,wrong_use_case,10.0,mid_market_ae
L-002978,webinar,student_or_researcher,4.7,mid_market_ae
L-002979,webinar,no_budget,2.8,mid_market_ae
L-002980,webinar,no_budget,3.3,mid_market_ae
L-002981,webinar,student_or_researcher,7.8,mid_market_ae
L-002982,webinar,not_decision_maker,3.5,mid_market_ae
L-002983,webinar,student_or_researcher,4.2,mid_market_ae
L-002984,webinar,not_decision_maker,74.1,unassigned
L-002985,webinar,no_budget,7.9,mid_market_ae
L-002986,webinar,student_or_researcher,1.6,mid_market_ae
L-002987,webinar,not_decision_maker,8.0,mid_market_ae
L-002988,webinar,no_budget,1.3,mid_market_ae
L-002989,webinar,no_budget,7.7,mid_market_ae
L-002990,webinar,,2.1,mid_market_ae
L-002991,webinar,no_budget,5.5,mid_market_ae
L-002992,webinar,not_decision_maker,1.4,mid_market_ae
L-002993,webinar,wrong_use_case,7.6,mid_market_ae
L-002994,webinar,student_or_researcher,3.1,mid_market_ae
L-002995,webinar,not_decision_maker,4.0,mid_market_ae
L-002996,webinar,duplicate,5.9,mid_market_ae
L-002997,webinar,no_budget,5.0,mid_market_ae
L-002998,webinar,student_or_researcher,58.6,unassigned
L-002999,webinar,not_decision_maker,2.0,mid_market_ae
L-003000,webinar,wrong_use_case,5.1,mid_market_ae
L-003001,webinar,duplicate,9.0,mid_market_ae
L-003002,webinar,student_or_researcher,85.8,unassigned
L-003003,webinar,student_or_researcher,15.8,mid_market_ae
L-003004,webinar,student_or_researcher,9.2,mid_market_ae
L-003005,webinar,not_decision_maker,5.1,mid_market_ae
L-003006,webinar,wrong_use_case,4.1,mid_market_ae
L-003007,webinar,no_budget,2.0,mid_market_ae
L-003008,webinar,,11.4,mid_market_ae
L-003009,webinar,,5.4,mid_market_ae
L-003010,webinar,student_or_researcher,6.2,mid_market_ae
L-003011,webinar,student_or_researcher,2.9,mid_market_ae
L-003012,webinar,no_budget,3.3,mid_market_ae
L-003013,webinar,not_decision_maker,55.6,unassigned
L-003014,webinar,,7.5,mid_market_ae
L-003015,webinar,student_or_researcher,5.3,mid_market_ae
L-003016,webinar,not_decision_maker,3.1,mid_market_ae
L-003017,webinar,duplicate,3.3,mid_market_ae
L-003018,webinar,not_decision_maker,2.3,mid_market_ae
L-003019,webinar,wrong_use_case,2.0,mid_market_ae
L-003020,webinar,wrong_use_case,3.1,mid_market_ae
L-003021,webinar,not_decision_maker,5.3,mid_market_ae
L-003022,webinar,student_or_researcher,6.8,mid_market_ae
L-003023,webinar,not_decision_maker,12.9,mid_market_ae
L-003024,webinar,not_decision_maker,4.3,mid_market_ae
L-003025,webinar,wrong_use_case,6.9,mid_market_ae
L-003026,webinar,no_budget,4.7,mid_market_ae
L-003027,webinar,no_budget,5.4,mid_market_ae
L-003028,webinar,,5.1,mid_market_ae
L-003029,webinar,not_decision_maker,3.9,mid_market_ae
L-003030,webinar,student_or_researcher,8.1,mid_market_ae
L-003031,webinar,not_decision_maker,9.2,mid_market_ae
L-003032,webinar,no_budget,4.9,mid_market_ae
L-003033,webinar,wrong_use_case,9.6,mid_market_ae
L-003034,webinar,,9.8,mid_market_ae
L-003035,webinar,no_budget,2.7,mid_market_ae
L-003036,webinar,not_decision_maker,8.0,mid_market_ae
L-003037,webinar,no_budget,1.9,mid_market_ae
L-003038,webinar,no_budget,9.2,mid_market_ae
L-003039,webinar,not_decision_maker,4.3,mid_market_ae
L-003040,webinar,,2.1,mid_market_ae
L-003041,webinar,no_budget,4.6,mid_market_ae
L-003042,webinar,,5.3,mid_market_ae
L-003043,webinar,wrong_use_case,5.3,mid_market_ae
L-003044,webinar,no_budget,6.5,mid_market_ae
L-003045,webinar,wrong_use_case,9.9,mid_market_ae
L-003046,webinar,student_or_researcher,6.6,mid_market_ae
L-003047,webinar,,8.0,mid_market_ae
L-003048,webinar,no_budget,2.0,mid_market_ae
L-003049,webinar,no_budget,8.7,mid_market_ae
L-003050,webinar,not_decision_maker,4.3,mid_market_ae
L-003051,webinar,no_budget,11.4,mid_market_ae
L-003052,webinar,no_response,10.1,mid_market_ae
L-003053,webinar,no_response,3.2,mid_market_ae
L-003054,webinar,,1.6,mid_market_ae
L-003055,webinar,not_decision_maker,3.7,mid_market_ae
L-003056,webinar,no_budget,4.2,mid_market_ae
L-003057,webinar,no_response,6.7,mid_market_ae
L-003058,webinar,student_or_researcher,3.2,mid_market_ae
L-003059,webinar,duplicate,5.9,mid_market_ae
L-003060,webinar,no_response,6.5,mid_market_ae
L-003061,webinar,no_budget,3.9,mid_market_ae
L-003062,webinar,,4.2,mid_market_ae
L-003063,webinar,not_decision_maker,2.3,mid_market_ae
L-003064,webinar,not_decision_maker,3.4,mid_market_ae
L-003065,webinar,not_decision_maker,5.2,mid_market_ae
L-003066,webinar,student_or_researcher,8.8,mid_market_ae
L-003067,webinar,not_decision_maker,3.6,mid_market_ae
L-003068,webinar,not_decision_maker,7.0,mid_market_ae
L-003069,webinar,not_decision_maker,4.0,mid_market_ae
L-003070,webinar,no_response,2.7,mid_market_ae
L-003071,webinar,,4.9,mid_market_ae
L-003072,webinar,student_or_researcher,7.1,mid_market_ae
L-003073,webinar,no_budget,8.8,mid_market_ae
L-003074,webinar,student_or_researcher,10.0,mid_market_ae
L-003075,webinar,no_budget,2.6,mid_market_ae
L-003076,webinar,,5.0,mid_market_ae
L-003077,webinar,not_decision_maker,15.7,mid_market_ae
L-003078,webinar,student_or_researcher,7.3,mid_market_ae
L-003079,webinar,no_response,11.9,mid_market_ae
L-003080,webinar,,14.2,mid_market_ae
L-003081,webinar,no_budget,2.4,mid_market_ae
L-003082,webinar,student_or_researcher,1.6,mid_market_ae
L-003083,webinar,not_decision_maker,3.3,mid_market_ae
L-003084,webinar,student_or_researcher,3.8,mid_market_ae
L-003085,webinar,student_or_researcher,1.7,mid_market_ae
L-003086,webinar,no_budget,12.1,mid_market_ae
L-003087,webinar,student_or_researcher,12.2,mid_market_ae
L-003088,webinar,not_decision_maker,5.7,mid_market_ae
L-003089,webinar,,14.1,mid_market_ae
L-003090,webinar,student_or_researcher,3.8,mid_market_ae
L-003091,webinar,,7.1,mid_market_ae
L-003092,webinar,no_budget,5.9,mid_market_ae
L-003093,webinar,student_or_researcher,2.5,mid_market_ae
L-003094,webinar,student_or_researcher,9.1,mid_market_ae
L-003095,webinar,no_budget,3.3,mid_market_ae
L-003096,webinar,wrong_use_case,2.9,mid_market_ae
L-003097,webinar,student_or_researcher,2.2,mid_market_ae
L-003098,webinar,not_decision_maker,23.0,mid_market_ae
L-003099,webinar,no_response,6.7,mid_market_ae
L-003100,webinar,student_or_researcher,3.5,mid_market_ae
L-003101,webinar,no_response,1.2,mid_market_ae
L-003102,webinar,no_budget,3.4,mid_market_ae
L-003103,webinar,not_decision_maker,2.9,mid_market_ae
L-003104,webinar,wrong_use_case,4.4,mid_market_ae
L-003105,webinar,duplicate,3.4,mid_market_ae
L-003106,webinar,no_budget,11.9,mid_market_ae
L-003107,webinar,student_or_researcher,7.2,mid_market_ae
L-003108,webinar,,6.7,mid_market_ae
L-003109,webinar,no_response,4.9,mid_market_ae
L-003110,webinar,no_budget,6.0,mid_market_ae
L-003111,webinar,student_or_researcher,7.2,mid_market_ae
L-003112,webinar,not_decision_maker,2.1,mid_market_ae
L-003113,webinar,student_or_researcher,3.3,mid_market_ae
L-003114,webinar,not_decision_maker,4.4,mid_market_ae
L-003115,webinar,no_budget,3.2,mid_market_ae
L-003116,webinar,no_budget,1.8,mid_market_ae
L-003117,webinar,no_budget,1.8,mid_market_ae
L-003118,webinar,no_response,8.2,mid_market_ae
L-003119,webinar,student_or_researcher,1.4,mid_market_ae
L-003120,webinar,student_or_researcher,10.5,mid_market_ae
L-003121,webinar,no_budget,4.3,mid_market_ae
L-003122,webinar,student_or_researcher,6.5,mid_market_ae
L-003123,webinar,not_decision_maker,2.9,mid_market_ae
L-003124,webinar,no_budget,7.5,mid_market_ae
L-003125,webinar,no_response,4.9,mid_market_ae
L-003126,webinar,no_budget,2.4,mid_market_ae
L-003127,webinar,no_budget,5.2,mid_market_ae
L-003128,webinar,not_decision_maker,9.6,mid_market_ae
L-003129,webinar,no_budget,2.7,mid_market_ae
L-003130,webinar,no_budget,3.5,mid_market_ae
L-003131,webinar,student_or_researcher,13.6,mid_market_ae
L-003132,webinar,no_budget,4.4,mid_market_ae
L-003133,webinar,,8.6,mid_market_ae
L-003134,webinar,student_or_researcher,9.4,mid_market_ae
L-003135,webinar,no_budget,6.5,mid_market_ae
L-003136,webinar,not_decision_maker,3.9,mid_market_ae
L-003137,webinar,student_or_researcher,3.8,mid_market_ae
L-003138,webinar,not_decision_maker,4.4,mid_market_ae
L-003139,webinar,no_budget,1.7,mid_market_ae
L-003140,webinar,student_or_researcher,6.8,mid_market_ae
L-003141,webinar,no_budget,15.9,mid_market_ae
L-003142,webinar,no_response,6.5,mid_market_ae
L-003143,webinar,not_decision_maker,1.4,mid_market_ae
L-003144,webinar,not_decision_maker,6.3,mid_market_ae
L-003145,webinar,student_or_researcher,1.8,mid_market_ae
L-003146,webinar,no_budget,7.8,mid_market_ae
L-003147,webinar,student_or_researcher,64.3,unassigned
L-003148,webinar,not_decision_maker,2.9,mid_market_ae
L-003149,webinar,no_response,4.5,mid_market_ae
L-003150,webinar,not_decision_maker,2.1,mid_market_ae
L-003151,webinar,not_decision_maker,14.2,mid_market_ae
L-003152,webinar,not_decision_maker,5.5,mid_market_ae
L-003153,webinar,no_budget,2.6,mid_market_ae
L-003154,webinar,no_response,5.0,mid_market_ae
L-003155,webinar,no_response,3.8,mid_market_ae
L-003156,webinar,student_or_researcher,3.6,mid_market_ae
L-003157,webinar,no_budget,15.9,mid_market_ae
L-003158,webinar,no_budget,2.9,mid_market_ae
L-003159,webinar,no_budget,1.9,mid_market_ae
L-003160,webinar,no_budget,1.8,mid_market_ae
L-003161,webinar,no_response,3.4,mid_market_ae
L-003162,webinar,student_or_researcher,15.8,mid_market_ae
L-003163,webinar,wrong_use_case,3.9,mid_market_ae
L-003164,webinar,,5.1,mid_market_ae
L-003165,webinar,,83.1,unassigned
L-003166,webinar,no_budget,4.5,mid_market_ae
L-003167,webinar,,10.2,mid_market_ae
L-003168,webinar,no_budget,3.9,mid_market_ae
L-003169,webinar,student_or_researcher,3.0,mid_market_ae
L-003170,webinar,student_or_researcher,11.5,mid_market_ae
L-003171,webinar,duplicate,7.3,mid_market_ae
L-003172,webinar,not_decision_maker,11.7,mid_market_ae
L-003173,webinar,no_budget,6.1,mid_market_ae
L-003174,webinar,no_response,3.2,mid_market_ae
L-003175,webinar,wrong_use_case,6.6,mid_market_ae
L-003176,webinar,,7.7,mid_market_ae
L-003177,webinar,no_response,8.3,mid_market_ae
L-003178,webinar,no_budget,6.5,mid_market_ae
L-003179,webinar,no_budget,6.7,mid_market_ae
L-003180,webinar,no_response,12.2,mid_market_ae
L-003181,webinar,student_or_researcher,3.2,mid_market_ae
L-003182,webinar,no_budget,3.1,mid_market_ae
L-003183,webinar,no_budget,3.4,mid_market_ae
L-003184,webinar,no_budget,3.3,mid_market_ae
L-003185,webinar,no_budget,1.3,mid_market_ae
L-003186,webinar,wrong_use_case,5.2,mid_market_ae
L-003187,webinar,no_budget,11.0,mid_market_ae
L-003188,webinar,not_decision_maker,9.6,mid_market_ae
L-003189,webinar,not_decision_maker,2.8,mid_market_ae
L-003190,webinar,wrong_use_case,3.3,mid_market_ae
L-003191,webinar,duplicate,7.2,mid_market_ae
L-003192,webinar,wrong_use_case,9.2,mid_market_ae
L-003193,webinar,not_decision_maker,3.2,mid_market_ae
L-003194,webinar,no_budget,3.2,mid_market_ae
L-003195,webinar,student_or_researcher,2.0,mid_market_ae
L-003196,webinar,no_response,10.7,mid_market_ae
L-003197,webinar,wrong_use_case,8.2,mid_market_ae
L-003198,webinar,not_decision_maker,3.8,mid_market_ae
L-003199,webinar,no_budget,6.5,mid_market_ae
L-003200,webinar,student_or_researcher,5.4,mid_market_ae
L-003201,webinar,student_or_researcher,6.2,mid_market_ae
L-003202,webinar,duplicate,4.1,mid_market_ae
L-003203,webinar,student_or_researcher,16.2,mid_market_ae
L-003204,webinar,not_decision_maker,7.2,mid_market_ae
L-003205,webinar,no_budget,9.2,mid_market_ae
L-003206,webinar,wrong_use_case,4.4,mid_market_ae
L-003207,webinar,student_or_researcher,3.6,mid_market_ae
L-003208,webinar,no_budget,9.7,mid_market_ae
L-003209,webinar,wrong_use_case,4.4,mid_market_ae
L-003210,webinar,not_decision_maker,7.0,mid_market_ae
L-003211,webinar,no_budget,6.0,mid_market_ae
L-003212,webinar,no_budget,5.4,mid_market_ae
L-003213,partner,not_decision_maker,14.7,partner_team
L-003214,partner,,16.0,partner_team
L-003215,partner,no_response,10.6,partner_team
L-003216,partner,,15.8,partner_team
L-003217,partner,duplicate,23.8,partner_team
L-003218,partner,no_response,11.4,partner_team
L-003219,partner,,18.7,partner_team
L-003220,partner,,9.3,partner_team
L-003221,partner,,27.1,partner_team
L-003222,partner,,16.2,partner_team
L-003223,partner,,22.7,partner_team
L-003224,partner,no_response,15.2,partner_team
L-003225,partner,,22.2,partner_team
L-003226,partner,no_response,13.5,partner_team
L-003227,partner,not_decision_maker,11.5,partner_team
L-003228,partner,no_response,21.2,partner_team
L-003229,partner,,38.1,partner_team
L-003230,partner,,8.5,partner_team
L-003231,partner,,11.6,partner_team
L-003232,partner,,33.0,partner_team
L-003233,partner,wrong_use_case,20.4,partner_team
L-003234,partner,not_decision_maker,21.6,partner_team
L-003235,partner,,57.9,partner_team
L-003236,partner,no_budget,16.5,partner_team
L-003237,partner,duplicate,12.3,partner_team
L-003238,partner,,13.1,partner_team
L-003239,partner,,34.5,partner_team
L-003240,partner,too_small,8.3,partner_team
L-003241,partner,,12.0,partner_team
L-003242,partner,,15.8,partner_team
L-003243,partner,no_budget,9.2,partner_team
L-003244,partner,,12.6,partner_team
L-003245,partner,,35.3,partner_team
L-003246,partner,,12.0,partner_team
L-003247,partner,no_response,7.8,partner_team
L-003248,partner,,19.6,partner_team
L-003249,partner,,6.7,partner_team
L-003250,partner,,37.4,partner_team
L-003251,partner,not_decision_maker,15.2,partner_team
L-003252,partner,,14.8,partner_team
L-003253,partner,no_response,18.3,partner_team
L-003254,partner,not_decision_maker,28.8,partner_team
L-003255,partner,,15.1,partner_team
L-003256,partner,,6.0,partner_team
L-003257,partner,,12.7,partner_team
L-003258,partner,,27.3,partner_team
L-003259,partner,,10.7,partner_team
L-003260,partner,wrong_use_case,15.5,partner_team
L-003261,partner,competitor_contract,19.9,partner_team
L-003262,partner,,13.1,partner_team
L-003263,partner,,23.7,partner_team
L-003264,partner,too_small,13.8,partner_team
L-003265,partner,,44.6,partner_team
L-003266,partner,wrong_use_case,32.8,partner_team
L-003267,partner,,19.1,partner_team
L-003268,partner,,42.4,partner_team
L-003269,partner,too_small,22.6,partner_team
L-003270,partner,no_response,23.2,partner_team
L-003271,partner,,26.4,partner_team
L-003272,partner,too_small,22.4,partner_team
L-003273,partner,competitor_contract,28.1,partner_team
L-003274,partner,too_small,22.8,partner_team
L-003275,partner,,23.6,partner_team
L-003276,partner,not_decision_maker,48.4,partner_team
L-003277,partner,not_decision_maker,42.9,partner_team
L-003278,partner,,11.2,partner_team
L-003279,partner,too_small,19.5,partner_team
L-003280,partner,not_decision_maker,18.6,partner_team
L-003281,partner,competitor_contract,8.0,partner_team
L-003282,partner,,46.5,partner_team
L-003283,partner,,12.4,partner_team
L-003284,partner,,31.2,partner_team
L-003285,partner,,9.3,partner_team
L-003286,partner,too_small,17.5,partner_team
L-003287,partner,wrong_use_case,16.9,partner_team
L-003288,partner,,29.8,partner_team
L-003289,partner,,21.2,partner_team
L-003290,partner,wrong_use_case,30.2,partner_team
L-003291,partner,,21.4,partner_team
L-003292,partner,,14.9,partner_team
L-003293,partner,,13.1,partner_team
L-003294,partner,no_budget,29.8,partner_team
L-003295,partner,too_small,12.1,partner_team
L-003296,partner,,18.5,partner_team
L-003297,partner,too_small,11.0,partner_team
L-003298,partner,,20.6,partner_team
L-003299,partner,no_budget,25.9,partner_team
L-003300,partner,no_budget,17.9,partner_team
L-003301,partner,,7.8,partner_team
L-003302,partner,no_response,29.6,partner_team
L-003303,partner,duplicate,16.0,partner_team
L-003304,partner,,52.0,partner_team
L-003305,partner,,24.9,partner_team
L-003306,partner,,31.7,partner_team
L-003307,partner,no_response,7.1,partner_team
L-003308,partner,too_small,14.7,partner_team
L-003309,partner,too_small,27.1,partner_team
L-003310,partner,,19.7,partner_team
L-003311,partner,,9.1,partner_team
L-003312,partner,,11.2,partner_team
L-003313,partner,,20.4,partner_team
L-003314,partner,too_small,18.9,partner_team
L-003315,partner,,7.3,partner_team
L-003316,partner,no_response,44.2,partner_team
L-003317,partner,no_response,19.9,partner_team
L-003318,partner,no_response,18.9,partner_team
L-003319,partner,too_small,22.4,partner_team
L-003320,partner,duplicate,24.6,partner_team
L-003321,partner,,45.5,partner_team
L-003322,partner,wrong_use_case,25.8,partner_team
L-003323,partner,,24.8,partner_team
L-003324,partner,,18.1,partner_team
L-003325,partner,no_response,29.6,partner_team
L-003326,partner,,16.6,partner_team
L-003327,partner,,25.4,partner_team
L-003328,partner,too_small,20.9,partner_team
L-003329,partner,no_response,11.4,partner_team
L-003330,partner,,28.2,partner_team
L-003331,partner,duplicate,13.3,partner_team
L-003332,partner,too_small,68.8,partner_team
L-003333,partner,,24.9,partner_team
L-003334,partner,,25.8,partner_team
L-003335,partner,duplicate,8.7,partner_team
L-003336,partner,too_small,53.1,partner_team
L-003337,partner,no_budget,11.7,partner_team
L-003338,partner,,6.7,partner_team
L-003339,partner,,21.8,partner_team
L-003340,partner,,7.4,partner_team
L-003341,partner,,21.4,partner_team
L-003342,partner,,17.2,partner_team
L-003343,partner,no_response,8.1,partner_team
L-003344,partner,,16.8,partner_team
L-003345,partner,,21.9,partner_team
L-003346,partner,duplicate,37.2,partner_team
L-003347,partner,duplicate,13.2,partner_team
L-003348,partner,,34.9,partner_team
L-003349,partner,no_response,32.1,partner_team
L-003350,partner,,16.5,partner_team
L-003351,partner,duplicate,14.0,partner_team
L-003352,partner,,11.8,partner_team
L-003353,partner,,21.8,partner_team
L-003354,partner,,15.0,partner_team
L-003355,partner,,18.0,partner_team
L-003356,partner,too_small,25.0,partner_team
L-003357,partner,,31.2,partner_team
L-003358,partner,wrong_use_case,21.5,partner_team
L-003359,partner,,13.0,partner_team
L-003360,partner,no_response,12.8,partner_team
L-003361,partner,no_budget,10.7,partner_team
L-003362,partner,,37.9,partner_team
L-003363,partner,not_decision_maker,19.0,partner_team
L-003364,partner,no_response,33.2,partner_team
L-003365,partner,no_response,41.8,partner_team
L-003366,partner,not_decision_maker,10.7,partner_team
L-003367,partner,,50.8,partner_team
L-003368,partner,not_decision_maker,31.6,partner_team
L-003369,partner,no_response,30.0,partner_team
L-003370,partner,,29.6,partner_team
L-003371,partner,no_budget,32.4,partner_team
L-003372,partner,,21.0,partner_team
L-003373,partner,,11.7,partner_team
L-003374,partner,,21.0,partner_team
L-003375,partner,duplicate,9.1,partner_team
L-003376,partner,too_small,12.4,partner_team
L-003377,partner,,11.8,partner_team
L-003378,partner,no_budget,15.2,partner_team
L-003379,partner,,16.2,partner_team
L-003380,partner,no_budget,7.7,partner_team
L-003381,partner,,13.7,partner_team
L-003382,partner,duplicate,20.4,partner_team
L-003383,partner,,9.3,partner_team
L-003384,partner,too_small,14.8,partner_team
L-003385,partner,not_decision_maker,23.6,partner_team
L-003386,partner,,7.6,partner_team
L-003387,partner,wrong_use_case,15.1,partner_team
L-003388,partner,no_response,20.6,partner_team
L-003389,partner,not_decision_maker,33.7,partner_team
L-003390,partner,,43.6,partner_team
L-003391,partner,not_decision_maker,26.3,partner_team
L-003392,partner,not_decision_maker,47.9,partner_team
L-003393,partner,,56.5,partner_team
L-003394,partner,,25.3,partner_team
L-003395,partner,,14.4,partner_team
L-003396,partner,,17.8,partner_team
L-003397,partner,,20.0,partner_team
L-003398,partner,no_budget,27.2,partner_team
L-003399,partner,no_response,8.7,partner_team
L-003400,partner,wrong_use_case,17.2,partner_team
L-003401,partner,too_small,23.1,partner_team
L-003402,partner,,23.9,partner_team
L-003403,partner,no_response,20.0,partner_team
L-003404,partner,no_response,11.3,partner_team
L-003405,partner,wrong_use_case,19.7,partner_team
L-003406,partner,no_response,12.6,partner_team
L-003407,partner,no_response,11.3,partner_team
L-003408,partner,,48.7,partner_team
L-003409,partner,no_response,7.9,partner_team
L-003410,partner,,20.6,partner_team
L-003411,partner,no_budget,28.9,partner_team
L-003412,partner,competitor_contract,32.1,partner_team
L-003413,partner,,22.6,partner_team
L-003414,partner,,19.2,partner_team
L-003415,partner,,35.3,partner_team
L-003416,partner,,20.2,partner_team
L-003417,partner,,35.9,partner_team
L-003418,partner,competitor_contract,37.1,partner_team
L-003419,partner,,18.1,partner_team
L-003420,partner,,37.7,partner_team
L-003421,partner,,10.5,partner_team
L-003422,partner,,30.4,partner_team
L-003423,partner,,7.7,partner_team
L-003424,partner,,34.9,partner_team
L-003425,partner,,66.7,partner_team
L-003426,partner,,22.0,partner_team
L-003427,partner,,22.8,partner_team
L-003428,partner,no_response,46.6,partner_team
L-003429,partner,,19.2,partner_team
L-003430,partner,wrong_use_case,5.7,partner_team
L-003431,partner,not_decision_maker,23.0,partner_team
L-003432,partner,,12.8,partner_team
L-003433,partner,,18.8,partner_team
L-003434,partner,no_response,11.7,partner_team
L-003435,partner,no_budget,43.3,partner_team
L-003436,partner,not_decision_maker,25.6,partner_team
L-003437,partner,no_budget,16.6,partner_team
L-003438,partner,,27.0,partner_team
L-003439,partner,,19.4,partner_team
L-003440,partner,no_response,43.6,partner_team
L-003441,email,,28.3,smb_sdr
L-003442,email,,14.1,smb_sdr
L-003443,email,no_response,3.4,smb_sdr
L-003444,email,,4.5,smb_sdr
L-003445,email,not_decision_maker,1.4,smb_sdr
L-003446,email,no_response,4.2,smb_sdr
L-003447,email,no_budget,7.1,smb_sdr
L-003448,email,,7.0,smb_sdr
L-003449,email,too_small,4.2,smb_sdr
L-003450,email,,18.3,smb_sdr
L-003451,email,no_budget,4.2,smb_sdr
L-003452,email,,7.0,smb_sdr
L-003453,email,no_response,3.4,smb_sdr
L-003454,email,too_small,2.1,smb_sdr
L-003455,email,not_decision_maker,4.2,smb_sdr
L-003456,email,,7.2,smb_sdr
L-003457,email,too_small,5.5,smb_sdr
L-003458,email,no_budget,12.4,smb_sdr
L-003459,email,no_response,4.5,smb_sdr
L-003460,email,duplicate,12.1,smb_sdr
L-003461,email,no_response,4.7,smb_sdr
L-003462,email,competitor_contract,8.1,smb_sdr
L-003463,email,,8.6,smb_sdr
L-003464,email,,8.7,smb_sdr
L-003465,email,no_response,4.2,smb_sdr
L-003466,email,no_response,2.4,smb_sdr
L-003467,email,,4.3,smb_sdr
L-003468,email,no_response,5.1,smb_sdr
L-003469,email,,3.8,smb_sdr
L-003470,email,,3.9,smb_sdr
L-003471,email,duplicate,3.2,smb_sdr
L-003472,email,not_decision_maker,2.8,smb_sdr
L-003473,email,no_budget,7.3,smb_sdr
L-003474,email,,1.5,smb_sdr
L-003475,email,,2.7,smb_sdr
L-003476,email,too_small,4.1,smb_sdr
L-003477,email,wrong_use_case,4.3,smb_sdr
L-003478,email,,6.3,smb_sdr
L-003479,email,competitor_contract,4.8,smb_sdr
L-003480,email,,6.0,smb_sdr
L-003481,email,duplicate,6.2,smb_sdr
L-003482,email,no_response,10.2,smb_sdr
L-003483,email,no_budget,5.8,smb_sdr
L-003484,email,too_small,3.8,smb_sdr
L-003485,email,,20.9,smb_sdr
L-003486,email,,9.4,smb_sdr
L-003487,email,,11.2,smb_sdr
L-003488,email,no_budget,5.6,smb_sdr
L-003489,email,no_response,4.8,smb_sdr
L-003490,email,duplicate,5.0,smb_sdr
L-003491,email,no_response,2.2,smb_sdr
L-003492,email,no_response,3.4,smb_sdr
L-003493,email,,3.7,smb_sdr
L-003494,email,wrong_use_case,3.0,smb_sdr
L-003495,email,,2.1,smb_sdr
L-003496,email,,7.1,smb_sdr
L-003497,email,no_budget,3.5,smb_sdr
L-003498,email,,3.3,smb_sdr
L-003499,email,not_decision_maker,4.6,smb_sdr
L-003500,email,wrong_use_case,4.6,smb_sdr
L-003501,email,not_decision_maker,4.9,smb_sdr
L-003502,email,,5.1,smb_sdr
L-003503,email,,4.4,smb_sdr
L-003504,email,no_response,7.5,smb_sdr
L-003505,email,too_small,10.9,smb_sdr
L-003506,email,,3.5,smb_sdr
L-003507,email,no_response,7.2,smb_sdr
L-003508,email,no_response,9.2,smb_sdr
L-003509,email,,6.5,smb_sdr
L-003510,email,not_decision_maker,2.4,smb_sdr
L-003511,email,too_small,9.5,smb_sdr
L-003512,email,,5.9,smb_sdr
L-003513,email,not_decision_maker,6.6,smb_sdr
L-003514,email,,3.9,smb_sdr
L-003515,email,,3.4,smb_sdr
L-003516,email,not_decision_maker,6.4,smb_sdr
L-003517,email,duplicate,8.4,smb_sdr
L-003518,email,not_decision_maker,4.4,smb_sdr
L-003519,email,not_decision_maker,3.2,smb_sdr
L-003520,email,duplicate,3.6,smb_sdr
L-003521,email,,2.9,smb_sdr
L-003522,email,,2.8,smb_sdr
L-003523,email,,3.7,smb_sdr
L-003524,email,no_response,3.9,smb_sdr
L-003525,email,,4.2,smb_sdr
L-003526,email,too_small,4.7,smb_sdr
L-003527,email,,6.0,smb_sdr
L-003528,email,no_response,4.3,smb_sdr
L-003529,email,,3.5,smb_sdr
L-003530,email,no_budget,2.8,smb_sdr
L-003531,email,too_small,3.8,smb_sdr
L-003532,email,duplicate,2.8,smb_sdr
L-003533,email,duplicate,7.6,smb_sdr
L-003534,email,not_decision_maker,8.7,smb_sdr
L-003535,email,no_response,13.9,smb_sdr
L-003536,email,,1.8,smb_sdr
L-003537,email,too_small,5.8,smb_sdr
L-003538,email,no_response,8.9,smb_sdr
L-003539,email,,3.7,smb_sdr
L-003540,email,,24.4,unassigned
L-003541,email,not_decision_maker,8.7,smb_sdr
L-003542,email,,5.1,smb_sdr
L-003543,email,,3.5,smb_sdr
L-003544,email,wrong_use_case,11.7,smb_sdr
L-003545,email,not_decision_maker,3.5,smb_sdr
L-003546,email,too_small,11.1,smb_sdr
L-003547,email,,2.0,smb_sdr
L-003548,email,,2.4,smb_sdr
L-003549,email,not_decision_maker,6.6,smb_sdr
L-003550,email,no_budget,10.9,smb_sdr
L-003551,email,no_response,3.8,smb_sdr
L-003552,email,,10.2,smb_sdr
L-003553,email,too_small,4.2,smb_sdr
L-003554,email,,5.0,smb_sdr
L-003555,email,not_decision_maker,10.9,smb_sdr
L-003556,email,,13.4,smb_sdr
L-003557,email,too_small,5.4,smb_sdr
L-003558,email,competitor_contract,4.6,smb_sdr
L-003559,email,wrong_use_case,4.3,smb_sdr
L-003560,email,too_small,2.7,smb_sdr
L-003561,email,no_budget,6.2,smb_sdr
L-003562,email,no_response,4.9,smb_sdr
L-003563,email,no_budget,6.8,smb_sdr
L-003564,email,,4.7,smb_sdr
L-003565,email,no_response,6.1,smb_sdr
L-003566,email,no_response,5.6,smb_sdr
L-003567,email,not_decision_maker,8.0,smb_sdr
L-003568,email,wrong_use_case,6.3,smb_sdr
L-003569,email,no_budget,1.6,smb_sdr
L-003570,email,,2.6,smb_sdr
L-003571,email,no_response,2.7,smb_sdr
L-003572,email,,2.6,smb_sdr
L-003573,email,wrong_use_case,1.5,smb_sdr
L-003574,email,too_small,2.8,smb_sdr
L-003575,email,not_decision_maker,6.8,smb_sdr
L-003576,email,duplicate,6.9,smb_sdr
L-003577,email,not_decision_maker,8.4,smb_sdr
L-003578,email,duplicate,1.8,smb_sdr
L-003579,email,,9.5,smb_sdr
L-003580,email,too_small,1.9,smb_sdr
L-003581,email,,2.6,smb_sdr
L-003582,email,too_small,2.3,smb_sdr
L-003583,email,wrong_use_case,4.2,smb_sdr
L-003584,email,no_response,9.0,smb_sdr
L-003585,email,no_budget,3.6,smb_sdr
L-003586,email,,5.8,smb_sdr
L-003587,email,,3.0,smb_sdr
L-003588,email,no_budget,3.2,smb_sdr
L-003589,email,wrong_use_case,8.2,smb_sdr
L-003590,email,no_budget,14.6,smb_sdr
L-003591,email,,6.5,smb_sdr
L-003592,email,,4.6,smb_sdr
L-003593,email,no_response,9.3,smb_sdr
L-003594,email,no_response,8.7,smb_sdr
L-003595,email,,5.9,smb_sdr
L-003596,email,no_budget,2.9,smb_sdr
L-003597,email,no_response,1.5,smb_sdr
L-003598,email,too_small,3.0,smb_sdr
L-003599,email,no_response,8.3,smb_sdr
L-003600,email,,6.5,smb_sdr
L-003601,email,no_response,4.2,smb_sdr
L-003602,email,no_budget,4.3,smb_sdr
L-003603,email,,2.3,smb_sdr
L-003604,email,,3.3,smb_sdr
L-003605,email,wrong_use_case,2.9,smb_sdr
L-003606,email,,1.8,smb_sdr
L-003607,email,not_decision_maker,2.9,smb_sdr
L-003608,email,wrong_use_case,3.0,smb_sdr
L-003609,email,,6.1,mid_market_ae
L-003610,email,too_small,1.5,mid_market_ae
L-003611,email,,5.7,mid_market_ae
L-003612,email,,3.5,mid_market_ae
L-003613,email,,5.0,mid_market_ae
L-003614,email,no_response,2.9,mid_market_ae
L-003615,email,,3.3,mid_market_ae
L-003616,email,no_budget,82.6,unassigned
L-003617,email,no_response,1.5,mid_market_ae
L-003618,email,,5.5,mid_market_ae
L-003619,email,,4.4,mid_market_ae
L-003620,email,,12.3,mid_market_ae
L-003621,email,wrong_use_case,6.7,mid_market_ae
L-003622,email,,3.1,mid_market_ae
L-003623,email,,5.8,mid_market_ae
L-003624,email,no_budget,2.4,mid_market_ae
L-003625,email,,2.8,mid_market_ae
L-003626,email,no_budget,5.0,mid_market_ae
L-003627,email,no_budget,6.9,mid_market_ae
L-003628,email,too_small,2.2,mid_market_ae
L-003629,email,not_decision_maker,3.9,mid_market_ae
L-003630,email,too_small,14.8,mid_market_ae
L-003631,email,no_response,12.7,mid_market_ae
L-003632,email,,5.7,mid_market_ae
L-003633,email,no_response,3.5,mid_market_ae
L-003634,email,not_decision_maker,3.7,mid_market_ae
L-003635,email,no_budget,2.7,mid_market_ae
L-003636,email,duplicate,7.5,mid_market_ae
L-003637,email,no_response,5.1,mid_market_ae
L-003638,email,,3.2,mid_market_ae
L-003639,email,not_decision_maker,5.5,mid_market_ae
L-003640,email,no_response,7.4,mid_market_ae
L-003641,email,no_response,12.8,mid_market_ae
L-003642,email,too_small,8.1,mid_market_ae
L-003643,email,no_response,6.1,mid_market_ae
L-003644,email,,6.5,mid_market_ae
L-003645,email,,11.7,mid_market_ae
L-003646,email,,7.6,mid_market_ae
L-003647,email,,1.8,mid_market_ae
L-003648,email,too_small,7.2,mid_market_ae
L-003649,email,,5.2,mid_market_ae
L-003650,email,no_response,7.2,mid_market_ae
L-003651,email,too_small,13.2,mid_market_ae
L-003652,email,,6.4,mid_market_ae
L-003653,email,not_decision_maker,3.0,mid_market_ae
L-003654,email,no_response,3.4,mid_market_ae
L-003655,email,no_budget,11.3,mid_market_ae
L-003656,email,too_small,55.2,unassigned
L-003657,email,,4.0,mid_market_ae
L-003658,email,not_decision_maker,10.5,mid_market_ae
L-003659,email,no_response,1.6,mid_market_ae
L-003660,email,,6.9,mid_market_ae
L-003661,email,not_decision_maker,7.4,mid_market_ae
L-003662,email,wrong_use_case,4.8,mid_market_ae
L-003663,email,not_decision_maker,3.4,mid_market_ae
L-003664,email,,15.3,mid_market_ae
L-003665,email,not_decision_maker,4.9,mid_market_ae
L-003666,email,,11.0,mid_market_ae
L-003667,email,,4.8,mid_market_ae
L-003668,email,,3.3,mid_market_ae
L-003669,email,no_response,3.1,mid_market_ae
L-003670,email,not_decision_maker,3.2,mid_market_ae
L-003671,email,not_decision_maker,8.7,mid_market_ae
L-003672,email,no_response,5.6,mid_market_ae
L-003673,email,no_response,6.9,mid_market_ae
L-003674,email,not_decision_maker,7.9,mid_market_ae
L-003675,email,duplicate,3.8,mid_market_ae
L-003676,email,duplicate,12.6,mid_market_ae
L-003677,email,,12.3,mid_market_ae
L-003678,email,too_small,23.9,mid_market_ae
L-003679,email,wrong_use_case,4.4,mid_market_ae
L-003680,email,,8.9,mid_market_ae
L-003681,email,,7.2,mid_market_ae
L-003682,email,no_response,33.9,unassigned
L-003683,email,not_decision_maker,6.4,mid_market_ae
L-003684,email,,7.4,mid_market_ae
L-003685,email,wrong_use_case,10.7,mid_market_ae
L-003686,email,no_response,3.2,mid_market_ae
L-003687,email,no_response,7.3,mid_market_ae
L-003688,email,not_decision_maker,8.5,mid_market_ae
L-003689,email,no_response,3.6,mid_market_ae
L-003690,email,no_response,1.4,mid_market_ae
L-003691,email,,4.0,mid_market_ae
L-003692,paid_search,too_small,4.6,smb_sdr
L-003693,paid_search,,3.7,smb_sdr
L-003694,paid_search,too_small,3.9,smb_sdr
L-003695,paid_search,,6.4,smb_sdr
L-003696,paid_search,,5.5,smb_sdr
L-003697,paid_search,,3.4,smb_sdr
L-003698,paid_search,duplicate,1.9,smb_sdr
L-003699,paid_search,,4.6,smb_sdr
L-003700,paid_search,,4.6,smb_sdr
L-003701,paid_search,,3.7,smb_sdr
L-003702,paid_search,no_response,12.2,smb_sdr
L-003703,paid_search,too_small,3.3,smb_sdr
L-003704,paid_search,no_budget,2.8,smb_sdr
L-003705,paid_search,wrong_use_case,4.9,smb_sdr
L-003706,paid_search,,4.4,smb_sdr
L-003707,paid_search,,3.8,smb_sdr
L-003708,paid_search,,3.7,smb_sdr
L-003709,paid_search,too_small,5.6,smb_sdr
L-003710,paid_search,,6.9,smb_sdr
L-003711,paid_search,,6.0,smb_sdr
L-003712,paid_search,no_response,10.9,smb_sdr
L-003713,paid_search,wrong_use_case,2.7,smb_sdr
L-003714,paid_search,no_response,9.1,smb_sdr
L-003715,paid_search,,3.7,smb_sdr
L-003716,paid_search,no_response,1.7,smb_sdr
L-003717,paid_search,not_decision_maker,10.4,smb_sdr
L-003718,paid_search,,3.7,smb_sdr
L-003719,paid_search,competitor_contract,6.0,smb_sdr
L-003720,paid_search,wrong_use_case,2.3,smb_sdr
L-003721,paid_search,,12.0,smb_sdr
L-003722,paid_search,duplicate,1.9,smb_sdr
L-003723,paid_search,no_response,5.9,smb_sdr
L-003724,paid_search,,11.1,smb_sdr
L-003725,paid_search,not_decision_maker,2.7,smb_sdr
L-003726,paid_search,too_small,5.3,smb_sdr
L-003727,paid_search,,3.0,smb_sdr
L-003728,paid_search,,3.7,smb_sdr
L-003729,paid_search,no_response,4.9,smb_sdr
L-003730,paid_search,,5.6,smb_sdr
L-003731,paid_search,,5.3,smb_sdr
L-003732,paid_search,,8.2,smb_sdr
L-003733,paid_search,,8.8,smb_sdr
L-003734,paid_search,no_response,8.6,smb_sdr
L-003735,paid_search,too_small,8.7,smb_sdr
L-003736,paid_search,,5.7,smb_sdr
L-003737,paid_search,,3.6,smb_sdr
L-003738,paid_search,no_response,10.1,smb_sdr
L-003739,paid_search,duplicate,2.6,smb_sdr
L-003740,paid_search,,4.0,smb_sdr
L-003741,paid_search,,5.0,smb_sdr
L-003742,paid_search,,6.3,smb_sdr
L-003743,paid_search,,11.7,smb_sdr
L-003744,paid_search,duplicate,3.3,smb_sdr
L-003745,paid_search,wrong_use_case,4.8,smb_sdr
L-003746,paid_search,,2.4,smb_sdr
L-003747,paid_search,,8.4,smb_sdr
L-003748,paid_search,wrong_use_case,4.9,smb_sdr
L-003749,paid_search,,2.1,smb_sdr
L-003750,paid_search,no_response,6.6,smb_sdr
L-003751,paid_search,,9.2,smb_sdr
L-003752,paid_search,,3.0,smb_sdr
L-003753,paid_search,,6.1,smb_sdr
L-003754,paid_search,no_response,71.3,unassigned
L-003755,paid_search,no_budget,4.1,smb_sdr
L-003756,paid_search,no_budget,3.4,smb_sdr
L-003757,paid_search,competitor_contract,13.8,smb_sdr
L-003758,paid_search,no_response,7.9,smb_sdr
L-003759,paid_search,,17.2,smb_sdr
L-003760,paid_search,no_budget,5.3,smb_sdr
L-003761,paid_search,no_budget,1.5,smb_sdr
L-003762,paid_search,,67.0,unassigned
L-003763,paid_search,too_small,5.9,smb_sdr
L-003764,paid_search,,4.9,smb_sdr
L-003765,paid_search,too_small,6.8,smb_sdr
L-003766,paid_search,not_decision_maker,3.7,smb_sdr
L-003767,paid_search,wrong_use_case,5.6,smb_sdr
L-003768,paid_search,competitor_contract,6.7,smb_sdr
L-003769,paid_search,no_response,7.1,smb_sdr
L-003770,paid_search,not_decision_maker,22.7,smb_sdr
L-003771,paid_search,too_small,6.7,smb_sdr
L-003772,paid_search,competitor_contract,4.9,smb_sdr
L-003773,paid_search,no_response,8.1,smb_sdr
L-003774,paid_search,,4.1,smb_sdr
L-003775,paid_search,no_response,2.2,smb_sdr
L-003776,paid_search,no_response,9.2,smb_sdr
L-003777,paid_search,wrong_use_case,4.1,smb_sdr
L-003778,paid_search,,7.1,smb_sdr
L-003779,paid_search,duplicate,8.3,smb_sdr
L-003780,paid_search,competitor_contract,7.6,smb_sdr
L-003781,paid_search,duplicate,11.5,smb_sdr
L-003782,paid_search,too_small,5.1,smb_sdr
L-003783,paid_search,wrong_use_case,2.9,smb_sdr
L-003784,paid_search,no_response,7.5,smb_sdr
L-003785,paid_search,,3.3,smb_sdr
L-003786,paid_search,no_response,4.5,smb_sdr
L-003787,paid_search,too_small,5.4,smb_sdr
L-003788,paid_search,no_budget,9.8,smb_sdr
L-003789,paid_search,duplicate,6.3,smb_sdr
L-003790,paid_search,too_small,4.6,smb_sdr
L-003791,paid_search,duplicate,2.5,smb_sdr
L-003792,paid_search,competitor_contract,1.2,smb_sdr
L-003793,paid_search,,2.9,smb_sdr
L-003794,paid_search,no_budget,3.9,smb_sdr
L-003795,paid_search,no_response,7.3,smb_sdr
L-003796,paid_search,not_decision_maker,2.7,smb_sdr
L-003797,paid_search,,3.7,smb_sdr
L-003798,paid_search,competitor_contract,1.9,smb_sdr
L-003799,paid_search,too_small,3.9,smb_sdr
L-003800,paid_search,no_budget,2.6,smb_sdr
L-003801,paid_search,,19.3,smb_sdr
L-003802,paid_search,wrong_use_case,7.9,smb_sdr
L-003803,paid_search,no_response,3.5,smb_sdr
L-003804,paid_search,not_decision_maker,2.5,smb_sdr
L-003805,paid_search,no_budget,5.1,smb_sdr
L-003806,paid_search,no_response,3.2,smb_sdr
L-003807,paid_search,wrong_use_case,6.3,smb_sdr
L-003808,paid_search,,3.5,smb_sdr
L-003809,paid_search,no_budget,7.1,smb_sdr
L-003810,paid_search,not_decision_maker,5.9,smb_sdr
L-003811,paid_search,,2.0,smb_sdr
L-003812,paid_search,,3.0,smb_sdr
L-003813,paid_search,no_budget,6.5,smb_sdr
L-003814,paid_search,wrong_use_case,7.2,smb_sdr
L-003815,paid_search,no_response,2.9,smb_sdr
L-003816,paid_search,,6.5,smb_sdr
L-003817,paid_search,too_small,11.0,smb_sdr
L-003818,paid_search,duplicate,7.3,smb_sdr
L-003819,paid_search,,2.4,smb_sdr
L-003820,paid_search,,4.2,smb_sdr
L-003821,paid_search,,3.9,smb_sdr
L-003822,paid_search,too_small,8.1,smb_sdr
L-003823,paid_search,,3.4,smb_sdr
L-003824,paid_search,,10.7,smb_sdr
L-003825,paid_search,,2.1,smb_sdr
L-003826,paid_search,,44.4,unassigned
L-003827,paid_search,,4.5,smb_sdr
L-003828,paid_search,wrong_use_case,6.5,smb_sdr
L-003829,paid_search,competitor_contract,2.4,smb_sdr
L-003830,paid_search,,8.7,smb_sdr
L-003831,paid_search,no_response,4.0,smb_sdr
L-003832,paid_search,,2.6,smb_sdr
L-003833,paid_search,no_response,7.1,smb_sdr
L-003834,paid_search,,4.0,smb_sdr
L-003835,paid_search,,3.0,smb_sdr
L-003836,paid_search,duplicate,3.3,smb_sdr
L-003837,paid_search,no_budget,6.0,smb_sdr
L-003838,paid_search,no_budget,4.8,smb_sdr
L-003839,paid_search,no_response,2.5,smb_sdr
L-003840,paid_search,,2.5,smb_sdr
L-003841,paid_search,,15.0,smb_sdr
L-003842,paid_search,,2.7,smb_sdr
L-003843,paid_search,,3.3,smb_sdr
L-003844,paid_search,no_budget,4.5,smb_sdr
L-003845,paid_search,,6.5,smb_sdr
L-003846,paid_search,no_response,10.6,smb_sdr
L-003847,paid_search,competitor_contract,11.3,smb_sdr
L-003848,paid_search,no_response,3.6,smb_sdr
L-003849,paid_search,,25.9,smb_sdr
L-003850,paid_search,no_budget,5.2,smb_sdr
L-003851,paid_search,,6.3,smb_sdr
L-003852,paid_search,,5.9,smb_sdr
L-003853,paid_search,no_response,8.8,smb_sdr
L-003854,paid_search,,2.9,smb_sdr
L-003855,paid_search,,7.0,smb_sdr
L-003856,paid_search,no_response,6.0,smb_sdr
L-003857,paid_search,too_small,8.8,smb_sdr
L-003858,paid_search,,6.3,smb_sdr
L-003859,paid_search,,2.7,smb_sdr
L-003860,paid_search,wrong_use_case,24.8,smb_sdr
L-003861,paid_search,,2.5,smb_sdr
L-003862,paid_search,no_budget,12.4,smb_sdr
L-003863,paid_search,,4.2,smb_sdr
L-003864,paid_search,duplicate,3.7,smb_sdr
L-003865,paid_search,too_small,5.6,smb_sdr
L-003866,paid_search,,5.2,smb_sdr
L-003867,paid_search,,4.2,smb_sdr
L-003868,paid_search,,2.7,smb_sdr
L-003869,paid_search,no_response,5.5,smb_sdr
L-003870,paid_search,,4.4,smb_sdr
L-003871,paid_search,,8.3,smb_sdr
L-003872,paid_search,no_budget,8.7,smb_sdr
L-003873,paid_search,wrong_use_case,1.8,smb_sdr
L-003874,paid_search,too_small,7.4,smb_sdr
L-003875,paid_search,too_small,7.5,smb_sdr
L-003876,paid_search,no_response,11.3,smb_sdr
L-003877,paid_search,no_budget,2.5,smb_sdr
L-003878,paid_search,too_small,5.9,smb_sdr
L-003879,paid_search,no_response,14.7,smb_sdr
L-003880,paid_search,,5.7,smb_sdr
L-003881,paid_search,duplicate,6.4,smb_sdr
L-003882,paid_search,duplicate,3.8,smb_sdr
L-003883,paid_search,duplicate,13.1,smb_sdr
L-003884,paid_search,wrong_use_case,3.4,smb_sdr
L-003885,paid_search,duplicate,5.9,smb_sdr
L-003886,paid_search,no_response,8.6,smb_sdr
L-003887,paid_search,too_small,5.8,smb_sdr
L-003888,paid_search,no_response,1.9,smb_sdr
L-003889,paid_search,,21.5,smb_sdr
L-003890,paid_search,,1.2,smb_sdr
L-003891,paid_search,,3.7,smb_sdr
L-003892,paid_search,,8.2,smb_sdr
L-003893,paid_search,no_response,13.2,smb_sdr
L-003894,paid_search,,6.4,smb_sdr
L-003895,paid_search,,2.1,smb_sdr
L-003896,paid_search,not_decision_maker,0.6,smb_sdr
L-003897,paid_search,not_decision_maker,5.9,smb_sdr
L-003898,paid_search,duplicate,1.0,smb_sdr
L-003899,paid_search,competitor_contract,7.5,smb_sdr
L-003900,paid_search,too_small,3.9,smb_sdr
L-003901,paid_search,,3.9,smb_sdr
L-003902,paid_search,not_decision_maker,12.9,smb_sdr
L-003903,paid_search,not_decision_maker,6.1,smb_sdr
L-003904,paid_search,competitor_contract,4.9,smb_sdr
L-003905,paid_search,,8.7,smb_sdr
L-003906,paid_search,no_response,8.1,smb_sdr
L-003907,paid_search,too_small,1.2,smb_sdr
L-003908,paid_search,no_response,6.3,smb_sdr
L-003909,paid_search,not_decision_maker,3.3,smb_sdr
L-003910,paid_search,no_response,8.8,smb_sdr
L-003911,paid_search,not_decision_maker,10.3,smb_sdr
L-003912,paid_search,,4.2,smb_sdr
L-003913,paid_search,duplicate,6.5,smb_sdr
L-003914,paid_search,duplicate,3.7,smb_sdr
L-003915,paid_search,,7.5,smb_sdr
L-003916,paid_search,,3.4,smb_sdr
L-003917,paid_search,competitor_contract,3.5,smb_sdr
L-003918,paid_search,,2.2,smb_sdr
L-003919,paid_search,not_decision_maker,6.8,smb_sdr
L-003920,paid_search,,1.8,smb_sdr
L-003921,paid_search,no_response,3.8,smb_sdr
L-003922,paid_search,,2.4,smb_sdr
L-003923,paid_search,,5.5,smb_sdr
L-003924,paid_search,no_budget,11.1,smb_sdr
L-003925,paid_search,too_small,3.2,smb_sdr
L-003926,paid_search,,7.5,smb_sdr
L-003927,paid_search,,5.4,smb_sdr
L-003928,paid_search,no_budget,4.8,smb_sdr
L-003929,paid_search,no_response,11.9,smb_sdr
L-003930,paid_search,no_budget,9.2,smb_sdr
L-003931,paid_search,no_budget,3.4,smb_sdr
L-003932,paid_search,,6.9,smb_sdr
L-003933,paid_search,,10.4,smb_sdr
L-003934,paid_search,,1.5,smb_sdr
L-003935,paid_search,no_response,3.9,smb_sdr
L-003936,paid_search,,1.1,smb_sdr
L-003937,paid_search,,5.6,smb_sdr
L-003938,paid_search,no_response,3.9,smb_sdr
L-003939,paid_search,no_budget,4.3,smb_sdr
L-003940,paid_search,not_decision_maker,3.4,smb_sdr
L-003941,paid_search,,4.1,smb_sdr
L-003942,paid_search,no_response,9.4,smb_sdr
L-003943,paid_search,,13.5,smb_sdr
L-003944,paid_search,duplicate,6.7,smb_sdr
L-003945,paid_search,too_small,5.6,smb_sdr
L-003946,paid_search,,8.8,smb_sdr
L-003947,paid_search,wrong_use_case,8.9,smb_sdr
L-003948,paid_search,,18.7,smb_sdr
L-003949,paid_search,,2.7,smb_sdr
L-003950,paid_search,no_response,14.5,smb_sdr
L-003951,paid_search,duplicate,3.5,smb_sdr
L-003952,paid_search,too_small,5.1,smb_sdr
L-003953,paid_search,no_response,2.2,smb_sdr
L-003954,paid_search,duplicate,2.1,smb_sdr
L-003955,paid_search,wrong_use_case,6.5,smb_sdr
L-003956,paid_search,no_response,10.6,smb_sdr
L-003957,paid_search,,3.3,smb_sdr
L-003958,paid_search,no_budget,2.8,smb_sdr
L-003959,paid_search,no_response,4.4,smb_sdr
L-003960,paid_search,duplicate,4.2,smb_sdr
L-003961,paid_search,no_response,10.6,smb_sdr
L-003962,paid_search,no_response,3.9,smb_sdr
L-003963,paid_search,duplicate,3.5,smb_sdr
L-003964,paid_search,,2.7,smb_sdr
L-003965,paid_search,too_small,6.5,smb_sdr
L-003966,paid_search,no_budget,2.5,smb_sdr
L-003967,paid_search,wrong_use_case,4.6,smb_sdr
L-003968,paid_search,too_small,12.2,smb_sdr
L-003969,paid_search,no_budget,3.7,smb_sdr
L-003970,paid_search,wrong_use_case,2.1,smb_sdr
L-003971,paid_search,,4.7,smb_sdr
L-003972,paid_search,not_decision_maker,11.0,smb_sdr
L-003973,paid_search,no_budget,2.7,smb_sdr
L-003974,paid_search,,3.4,smb_sdr
L-003975,paid_search,no_budget,8.4,smb_sdr
L-003976,paid_search,,6.1,smb_sdr
L-003977,paid_search,not_decision_maker,5.8,smb_sdr
L-003978,paid_search,too_small,16.9,smb_sdr
L-003979,paid_search,no_response,12.1,smb_sdr
L-003980,paid_search,,3.1,smb_sdr
L-003981,paid_search,,7.4,smb_sdr
L-003982,paid_search,duplicate,5.0,smb_sdr
L-003983,paid_search,competitor_contract,2.1,smb_sdr
L-003984,paid_search,too_small,4.7,smb_sdr
L-003985,paid_search,no_response,4.9,smb_sdr
L-003986,paid_search,not_decision_maker,5.7,smb_sdr
L-003987,paid_search,no_budget,7.7,smb_sdr
L-003988,paid_search,no_response,4.6,smb_sdr
L-003989,paid_search,,5.6,smb_sdr
L-003990,paid_search,,3.4,smb_sdr
L-003991,paid_search,no_budget,2.2,smb_sdr
L-003992,paid_search,no_budget,2.0,smb_sdr
L-003993,paid_search,,5.6,smb_sdr
L-003994,paid_search,too_small,4.3,smb_sdr
L-003995,paid_search,,65.8,unassigned
L-003996,paid_search,no_budget,2.3,smb_sdr
L-003997,paid_search,,4.6,smb_sdr
L-003998,paid_search,no_response,5.1,smb_sdr
L-003999,paid_search,no_response,4.3,smb_sdr
L-004000,paid_search,not_decision_maker,3.2,smb_sdr
L-004001,paid_search,,2.8,smb_sdr
L-004002,paid_search,,4.8,smb_sdr
L-004003,paid_search,,11.6,smb_sdr
L-004004,paid_search,,8.5,smb_sdr
L-004005,paid_search,no_response,2.8,smb_sdr
L-004006,paid_search,,5.8,smb_sdr
L-004007,paid_search,no_response,15.1,smb_sdr
L-004008,paid_search,no_budget,6.1,smb_sdr
L-004009,paid_search,,11.2,smb_sdr
L-004010,paid_search,wrong_use_case,6.5,smb_sdr
L-004011,paid_search,,5.7,smb_sdr
L-004012,paid_search,,10.3,smb_sdr
L-004013,paid_search,too_small,8.1,smb_sdr
L-004014,paid_search,,7.7,smb_sdr
L-004015,paid_search,no_response,10.8,smb_sdr
L-004016,paid_search,too_small,2.5,smb_sdr
L-004017,paid_search,,4.5,smb_sdr
L-004018,paid_search,,4.6,smb_sdr
L-004019,paid_search,,2.5,smb_sdr
L-004020,paid_search,,8.0,smb_sdr
L-004021,paid_search,no_budget,8.0,smb_sdr
L-004022,paid_search,not_decision_maker,6.9,smb_sdr
L-004023,paid_search,too_small,4.9,smb_sdr
L-004024,paid_search,too_small,9.8,smb_sdr
L-004025,paid_search,wrong_use_case,12.7,smb_sdr
L-004026,paid_search,competitor_contract,2.8,smb_sdr
L-004027,paid_search,no_response,7.2,smb_sdr
L-004028,paid_search,duplicate,2.6,smb_sdr
L-004029,paid_search,duplicate,3.7,smb_sdr
L-004030,paid_search,not_decision_maker,6.4,smb_sdr
L-004031,paid_search,,2.3,smb_sdr
L-004032,paid_search,,0.9,smb_sdr
L-004033,paid_search,no_response,14.6,smb_sdr
L-004034,paid_search,no_response,4.7,smb_sdr
L-004035,paid_search,,2.2,smb_sdr
L-004036,paid_search,,5.4,smb_sdr
L-004037,paid_search,,5.4,smb_sdr
L-004038,paid_search,no_response,58.9,unassigned
L-004039,paid_search,competitor_contract,6.5,smb_sdr
L-004040,paid_search,no_response,4.5,smb_sdr
L-004041,paid_search,,11.3,smb_sdr
L-004042,paid_search,too_small,5.6,smb_sdr
L-004043,paid_search,,5.8,smb_sdr
L-004044,paid_search,duplicate,2.2,smb_sdr
L-004045,paid_search,no_response,9.9,smb_sdr
L-004046,paid_search,no_response,6.5,smb_sdr
L-004047,paid_search,,4.5,smb_sdr
L-004048,paid_search,not_decision_maker,6.2,smb_sdr
L-004049,paid_search,,20.8,smb_sdr
L-004050,paid_search,no_response,56.8,unassigned
L-004051,paid_search,no_response,20.0,smb_sdr
L-004052,paid_search,too_small,11.0,smb_sdr
L-004053,paid_search,,4.8,smb_sdr
L-004054,paid_search,wrong_use_case,21.1,smb_sdr
L-004055,paid_search,no_response,12.4,smb_sdr
L-004056,paid_search,duplicate,6.2,smb_sdr
L-004057,paid_search,too_small,5.6,smb_sdr
L-004058,paid_search,,8.5,smb_sdr
L-004059,paid_search,no_budget,4.8,smb_sdr
L-004060,paid_search,wrong_use_case,9.6,smb_sdr
L-004061,paid_search,competitor_contract,2.5,smb_sdr
L-004062,paid_search,no_budget,3.6,smb_sdr
L-004063,paid_search,,3.5,smb_sdr
L-004064,paid_search,not_decision_maker,9.1,smb_sdr
L-004065,paid_search,no_response,3.5,smb_sdr
L-004066,paid_search,,3.0,smb_sdr
L-004067,paid_search,too_small,2.6,smb_sdr
L-004068,paid_search,no_response,4.9,smb_sdr
L-004069,paid_search,too_small,2.3,smb_sdr
L-004070,paid_search,,16.0,smb_sdr
L-004071,paid_search,no_response,7.7,smb_sdr
L-004072,paid_search,,5.1,smb_sdr
L-004073,paid_search,,3.1,smb_sdr
L-004074,paid_search,,2.6,smb_sdr
L-004075,paid_search,,3.0,smb_sdr
L-004076,paid_search,duplicate,2.8,smb_sdr
L-004077,paid_search,no_response,6.5,smb_sdr
L-004078,paid_search,not_decision_maker,8.1,smb_sdr
L-004079,paid_search,not_decision_maker,6.6,smb_sdr
L-004080,paid_search,,8.1,smb_sdr
L-004081,paid_search,too_small,1.9,smb_sdr
L-004082,paid_search,too_small,3.1,smb_sdr
L-004083,paid_search,wrong_use_case,3.6,smb_sdr
L-004084,paid_search,no_response,3.3,smb_sdr
L-004085,paid_search,too_small,3.6,smb_sdr
L-004086,paid_search,,3.2,smb_sdr
L-004087,paid_search,,17.1,smb_sdr
L-004088,paid_search,,5.6,smb_sdr
L-004089,paid_search,,9.4,smb_sdr
L-004090,paid_search,competitor_contract,5.3,smb_sdr
L-004091,paid_search,too_small,9.5,smb_sdr
L-004092,paid_search,wrong_use_case,8.4,smb_sdr
L-004093,paid_search,wrong_use_case,6.8,smb_sdr
L-004094,paid_search,wrong_use_case,8.8,smb_sdr
L-004095,paid_search,,4.8,smb_sdr
L-004096,paid_search,,12.2,smb_sdr
L-004097,paid_search,,2.3,smb_sdr
L-004098,paid_search,no_response,5.4,smb_sdr
L-004099,paid_search,no_response,3.7,smb_sdr
L-004100,paid_search,,9.0,smb_sdr
L-004101,paid_search,,11.8,smb_sdr
L-004102,paid_search,too_small,14.0,smb_sdr
L-004103,paid_search,,6.1,smb_sdr
L-004104,paid_search,no_response,7.9,smb_sdr
L-004105,paid_search,no_budget,8.3,smb_sdr
L-004106,paid_search,no_response,2.2,smb_sdr
L-004107,paid_search,,55.5,unassigned
L-004108,paid_search,,6.4,smb_sdr
L-004109,paid_search,,3.7,smb_sdr
L-004110,paid_search,no_budget,6.1,smb_sdr
L-004111,paid_search,no_response,7.5,smb_sdr
L-004112,paid_search,no_budget,11.1,smb_sdr
L-004113,paid_search,no_response,2.8,smb_sdr
L-004114,paid_search,no_response,4.9,smb_sdr
L-004115,paid_search,,5.8,smb_sdr
L-004116,paid_search,,3.5,smb_sdr
L-004117,paid_search,,1.6,smb_sdr
L-004118,paid_search,,1.2,smb_sdr
L-004119,paid_search,no_response,6.7,smb_sdr
L-004120,paid_search,no_response,6.6,smb_sdr
L-004121,paid_search,wrong_use_case,2.3,smb_sdr
L-004122,paid_search,,11.4,smb_sdr
L-004123,paid_search,no_response,2.6,smb_sdr
L-004124,paid_search,wrong_use_case,16.7,smb_sdr
L-004125,paid_search,,5.0,smb_sdr
L-004126,paid_search,not_decision_maker,9.1,smb_sdr
L-004127,paid_search,too_small,7.2,smb_sdr
L-004128,paid_search,not_decision_maker,6.9,smb_sdr
L-004129,paid_search,,41.0,smb_sdr
L-004130,paid_search,duplicate,3.9,smb_sdr
L-004131,paid_search,,8.4,smb_sdr
L-004132,paid_search,duplicate,7.7,smb_sdr
L-004133,paid_search,no_response,2.0,smb_sdr
L-004134,paid_search,,3.7,smb_sdr
L-004135,paid_search,duplicate,4.5,smb_sdr
L-004136,paid_search,no_response,3.8,smb_sdr
L-004137,paid_search,wrong_use_case,1.5,smb_sdr
L-004138,paid_search,,3.1,smb_sdr
L-004139,paid_search,not_decision_maker,15.3,smb_sdr
L-004140,paid_search,,4.6,smb_sdr
L-004141,paid_search,too_small,7.0,smb_sdr
L-004142,paid_search,too_small,32.8,smb_sdr
L-004143,paid_search,no_response,3.6,smb_sdr
L-004144,paid_search,no_budget,7.0,smb_sdr
L-004145,paid_search,no_budget,5.1,smb_sdr
L-004146,paid_search,not_decision_maker,4.5,smb_sdr
L-004147,paid_search,,15.9,smb_sdr
L-004148,paid_search,duplicate,5.6,smb_sdr
L-004149,paid_search,too_small,8.8,smb_sdr
L-004150,paid_search,no_response,2.5,smb_sdr
L-004151,paid_search,no_response,8.1,smb_sdr
L-004152,paid_search,duplicate,4.6,smb_sdr
L-004153,paid_search,,10.8,smb_sdr
L-004154,paid_search,no_budget,4.5,smb_sdr
L-004155,paid_search,wrong_use_case,11.4,smb_sdr
L-004156,paid_search,,9.4,smb_sdr
L-004157,paid_search,too_small,15.9,smb_sdr
L-004158,paid_search,,8.4,smb_sdr
L-004159,paid_search,no_response,7.1,smb_sdr
L-004160,paid_search,competitor_contract,38.3,unassigned
L-004161,paid_search,wrong_use_case,5.3,smb_sdr
L-004162,paid_search,not_decision_maker,3.7,smb_sdr
L-004163,paid_search,no_response,4.6,smb_sdr
L-004164,paid_search,wrong_use_case,16.7,smb_sdr
L-004165,paid_search,no_response,3.5,smb_sdr
L-004166,paid_search,,9.7,smb_sdr
L-004167,paid_search,,1.8,smb_sdr
L-004168,paid_search,,3.1,smb_sdr
L-004169,paid_search,,3.2,smb_sdr
L-004170,paid_search,no_budget,2.4,smb_sdr
L-004171,paid_search,no_response,5.9,smb_sdr
L-004172,paid_search,wrong_use_case,6.7,smb_sdr
L-004173,paid_search,,3.6,smb_sdr
L-004174,paid_search,,8.4,smb_sdr
L-004175,paid_search,,1.2,smb_sdr
L-004176,paid_search,,5.8,smb_sdr
L-004177,paid_search,no_response,4.3,smb_sdr
L-004178,paid_search,no_budget,3.2,smb_sdr
L-004179,paid_search,,2.7,smb_sdr
L-004180,paid_search,no_response,4.8,smb_sdr
L-004181,paid_search,not_decision_maker,8.0,smb_sdr
L-004182,paid_search,,55.1,unassigned
L-004183,paid_search,,10.6,smb_sdr
L-004184,paid_search,too_small,2.8,smb_sdr
L-004185,paid_search,duplicate,2.8,smb_sdr
L-004186,paid_search,,11.5,smb_sdr
L-004187,paid_search,,3.4,smb_sdr
L-004188,paid_search,no_response,2.7,smb_sdr
L-004189,paid_search,no_budget,13.7,smb_sdr
L-004190,paid_search,competitor_contract,5.1,smb_sdr
L-004191,paid_search,,4.7,smb_sdr
L-004192,paid_search,,2.0,smb_sdr
L-004193,paid_search,no_budget,7.7,smb_sdr
L-004194,paid_search,,12.4,smb_sdr
L-004195,paid_search,,2.9,smb_sdr
L-004196,paid_search,no_response,8.1,smb_sdr
L-004197,paid_search,,5.8,smb_sdr
L-004198,paid_search,not_decision_maker,3.6,smb_sdr
L-004199,paid_search,no_response,2.3,smb_sdr
L-004200,paid_search,,7.3,smb_sdr
L-004201,paid_search,,12.4,smb_sdr
L-004202,paid_search,,2.3,smb_sdr
L-004203,paid_search,,7.2,smb_sdr
L-004204,paid_search,duplicate,1.6,smb_sdr
L-004205,paid_search,no_response,22.8,smb_sdr
L-004206,paid_search,wrong_use_case,4.3,smb_sdr
L-004207,paid_search,not_decision_maker,8.9,smb_sdr
L-004208,paid_search,no_budget,6.3,smb_sdr
L-004209,paid_search,,5.8,smb_sdr
L-004210,paid_search,no_response,4.7,smb_sdr
L-004211,paid_search,,58.5,unassigned
L-004212,paid_search,no_budget,4.3,smb_sdr
L-004213,paid_search,,3.8,smb_sdr
L-004214,paid_search,wrong_use_case,6.0,smb_sdr
L-004215,paid_search,no_response,2.2,smb_sdr
L-004216,paid_search,wrong_use_case,2.9,smb_sdr
L-004217,paid_search,no_response,16.2,smb_sdr
L-004218,paid_search,,2.8,smb_sdr
L-004219,paid_search,,3.2,smb_sdr
L-004220,paid_search,duplicate,4.2,smb_sdr
L-004221,paid_search,,2.9,smb_sdr
L-004222,paid_search,,2.2,smb_sdr
L-004223,paid_search,no_budget,4.5,smb_sdr
L-004224,paid_search,no_response,5.3,smb_sdr
L-004225,paid_search,,5.4,smb_sdr
L-004226,paid_search,duplicate,11.8,smb_sdr
L-004227,paid_search,no_response,5.2,smb_sdr
L-004228,paid_search,,10.4,smb_sdr
L-004229,paid_search,,3.0,smb_sdr
L-004230,paid_search,,8.3,mid_market_ae
L-004231,paid_search,no_response,4.7,mid_market_ae
L-004232,paid_search,too_small,7.9,mid_market_ae
L-004233,paid_search,,5.1,mid_market_ae
L-004234,paid_search,,1.2,mid_market_ae
L-004235,paid_search,,2.1,mid_market_ae
L-004236,paid_search,no_response,2.5,mid_market_ae
L-004237,paid_search,too_small,7.9,mid_market_ae
L-004238,paid_search,,3.7,mid_market_ae
L-004239,paid_search,no_response,5.8,mid_market_ae
L-004240,paid_search,wrong_use_case,7.9,mid_market_ae
L-004241,paid_search,,4.3,mid_market_ae
L-004242,paid_search,,3.8,mid_market_ae
L-004243,paid_search,,4.4,mid_market_ae
L-004244,paid_search,wrong_use_case,5.4,mid_market_ae
L-004245,paid_search,,8.6,mid_market_ae
L-004246,paid_search,no_response,4.1,mid_market_ae
L-004247,paid_search,not_decision_maker,2.6,mid_market_ae
L-004248,paid_search,too_small,10.6,mid_market_ae
L-004249,paid_search,,5.1,mid_market_ae
L-004250,paid_search,,2.3,mid_market_ae
L-004251,paid_search,,6.6,mid_market_ae
L-004252,paid_search,no_response,2.1,mid_market_ae
L-004253,paid_search,too_small,5.8,mid_market_ae
L-004254,paid_search,,6.9,mid_market_ae
L-004255,paid_search,,1.5,mid_market_ae
L-004256,paid_search,,5.2,mid_market_ae
L-004257,paid_search,too_small,5.7,mid_market_ae
L-004258,paid_search,too_small,3.8,mid_market_ae
L-004259,paid_search,too_small,6.8,mid_market_ae
L-004260,paid_search,duplicate,3.8,mid_market_ae
L-004261,paid_search,,3.2,mid_market_ae
L-004262,paid_search,,5.1,mid_market_ae
L-004263,paid_search,no_response,9.2,mid_market_ae
L-004264,paid_search,no_response,9.0,mid_market_ae
L-004265,paid_search,competitor_contract,4.4,mid_market_ae
L-004266,paid_search,no_budget,13.3,mid_market_ae
L-004267,paid_search,not_decision_maker,5.1,mid_market_ae
L-004268,paid_search,too_small,13.7,mid_market_ae
L-004269,paid_search,,11.9,mid_market_ae
L-004270,paid_search,no_response,3.5,mid_market_ae
L-004271,paid_search,too_small,6.2,mid_market_ae
L-004272,paid_search,competitor_contract,11.2,mid_market_ae
L-004273,paid_search,,2.2,mid_market_ae
L-004274,paid_search,no_response,5.5,mid_market_ae
L-004275,paid_search,no_response,7.8,mid_market_ae
L-004276,paid_search,,6.6,mid_market_ae
L-004277,paid_search,not_decision_maker,12.5,mid_market_ae
L-004278,paid_search,competitor_contract,2.6,mid_market_ae
L-004279,paid_search,not_decision_maker,1.8,mid_market_ae
L-004280,paid_search,duplicate,12.6,mid_market_ae
L-004281,paid_search,too_small,4.5,mid_market_ae
L-004282,paid_search,,6.3,mid_market_ae
L-004283,paid_search,no_budget,3.0,mid_market_ae
L-004284,paid_search,,8.8,mid_market_ae
L-004285,paid_search,no_response,1.8,mid_market_ae
L-004286,paid_search,no_response,4.3,mid_market_ae
L-004287,paid_search,no_budget,3.6,mid_market_ae
L-004288,paid_search,,5.8,mid_market_ae
L-004289,paid_search,,5.2,mid_market_ae
L-004290,paid_search,,5.6,mid_market_ae
L-004291,paid_search,,7.8,mid_market_ae
L-004292,paid_search,,3.2,mid_market_ae
L-004293,paid_search,,6.3,mid_market_ae
L-004294,paid_search,duplicate,9.8,mid_market_ae
L-004295,paid_search,no_budget,8.3,mid_market_ae
L-004296,paid_search,,4.5,mid_market_ae
L-004297,paid_search,,4.5,mid_market_ae
L-004298,paid_search,,9.7,mid_market_ae
L-004299,paid_search,not_decision_maker,5.4,mid_market_ae
L-004300,paid_search,no_response,9.9,mid_market_ae
L-004301,paid_search,,5.6,mid_market_ae
L-004302,paid_search,duplicate,3.4,mid_market_ae
L-004303,paid_search,,2.3,mid_market_ae
L-004304,paid_search,no_response,8.9,mid_market_ae
L-004305,paid_search,no_response,22.4,unassigned
L-004306,paid_search,wrong_use_case,1.8,mid_market_ae
L-004307,paid_search,too_small,46.1,unassigned
L-004308,paid_search,no_response,12.2,mid_market_ae
L-004309,paid_search,no_response,2.6,mid_market_ae
L-004310,paid_search,,3.2,mid_market_ae
L-004311,paid_search,,7.2,mid_market_ae
L-004312,paid_search,,5.7,mid_market_ae
L-004313,paid_search,too_small,4.4,mid_market_ae
L-004314,paid_search,,7.0,mid_market_ae
L-004315,paid_search,wrong_use_case,5.1,mid_market_ae
L-004316,paid_search,,1.4,mid_market_ae
L-004317,paid_search,,3.5,mid_market_ae
L-004318,paid_search,,3.0,mid_market_ae
L-004319,paid_search,no_response,5.8,mid_market_ae
L-004320,paid_search,too_small,10.6,mid_market_ae
L-004321,paid_search,,4.5,mid_market_ae
L-004322,paid_search,,10.4,mid_market_ae
L-004323,paid_search,,1.9,mid_market_ae
L-004324,paid_search,,10.1,mid_market_ae
L-004325,paid_search,no_response,2.9,mid_market_ae
L-004326,paid_search,not_decision_maker,16.9,mid_market_ae
L-004327,paid_search,no_response,7.9,mid_market_ae
L-004328,paid_search,,61.3,unassigned
L-004329,paid_search,,4.2,mid_market_ae
L-004330,paid_search,,7.6,mid_market_ae
L-004331,paid_search,,8.3,mid_market_ae
L-004332,paid_search,duplicate,6.7,mid_market_ae
L-004333,paid_search,,1.9,mid_market_ae
L-004334,paid_search,no_response,9.1,mid_market_ae
L-004335,paid_search,wrong_use_case,17.3,mid_market_ae
L-004336,paid_search,,7.1,mid_market_ae
L-004337,paid_search,too_small,2.2,mid_market_ae
L-004338,paid_search,,9.3,mid_market_ae
L-004339,paid_search,no_response,5.9,mid_market_ae
L-004340,paid_search,wrong_use_case,10.3,mid_market_ae
L-004341,paid_search,,3.5,mid_market_ae
L-004342,paid_search,not_decision_maker,7.1,mid_market_ae
L-004343,paid_search,not_decision_maker,7.6,mid_market_ae
L-004344,paid_search,,5.7,mid_market_ae
L-004345,paid_search,no_response,6.2,mid_market_ae
L-004346,paid_search,,4.4,mid_market_ae
L-004347,paid_search,,4.4,mid_market_ae
L-004348,paid_search,,1.4,mid_market_ae
L-004349,paid_search,duplicate,3.2,mid_market_ae
L-004350,paid_search,,4.9,mid_market_ae
L-004351,paid_search,,6.4,mid_market_ae
L-004352,paid_search,,5.6,mid_market_ae
L-004353,paid_search,,8.0,mid_market_ae
L-004354,paid_search,competitor_contract,2.9,mid_market_ae
L-004355,paid_search,not_decision_maker,25.9,mid_market_ae
L-004356,paid_search,,4.1,mid_market_ae
L-004357,paid_search,not_decision_maker,4.8,mid_market_ae
L-004358,paid_search,,11.6,mid_market_ae
L-004359,paid_search,not_decision_maker,6.8,mid_market_ae
L-004360,paid_search,too_small,5.7,mid_market_ae
L-004361,paid_search,wrong_use_case,3.5,mid_market_ae
L-004362,paid_search,competitor_contract,9.4,mid_market_ae
L-004363,paid_search,not_decision_maker,7.8,mid_market_ae
L-004364,paid_search,no_response,8.8,mid_market_ae
L-004365,paid_search,not_decision_maker,3.6,mid_market_ae
L-004366,paid_search,no_response,96.9,unassigned
L-004367,paid_search,duplicate,3.7,mid_market_ae
L-004368,paid_search,,4.7,mid_market_ae
L-004369,paid_search,,4.2,mid_market_ae
L-004370,paid_search,duplicate,8.0,mid_market_ae
L-004371,paid_search,too_small,3.6,mid_market_ae
L-004372,paid_search,,6.7,mid_market_ae
L-004373,paid_search,too_small,5.7,mid_market_ae
L-004374,paid_search,not_decision_maker,9.4,mid_market_ae
L-004375,paid_search,,4.0,mid_market_ae
L-004376,paid_search,competitor_contract,1.7,mid_market_ae
L-004377,paid_search,,5.0,mid_market_ae
L-004378,paid_search,no_budget,8.8,mid_market_ae
L-004379,paid_search,,7.9,mid_market_ae
L-004380,paid_search,no_response,4.4,mid_market_ae
L-004381,paid_search,too_small,4.2,mid_market_ae
L-004382,paid_search,no_budget,2.3,mid_market_ae
L-004383,paid_search,no_budget,3.2,mid_market_ae
L-004384,paid_search,too_small,6.2,mid_market_ae
L-004385,paid_search,no_budget,2.8,mid_market_ae
L-004386,paid_search,no_response,3.7,mid_market_ae
L-004387,paid_search,not_decision_maker,5.7,mid_market_ae
L-004388,paid_search,no_response,7.6,mid_market_ae
L-004389,paid_search,duplicate,3.7,mid_market_ae
L-004390,paid_search,not_decision_maker,46.9,unassigned
L-004391,paid_search,no_response,6.7,mid_market_ae
L-004392,paid_search,,5.3,mid_market_ae
L-004393,paid_search,no_budget,2.0,mid_market_ae
L-004394,paid_search,no_response,2.5,mid_market_ae
L-004395,paid_search,no_response,2.1,mid_market_ae
L-004396,paid_search,,3.8,mid_market_ae
L-004397,paid_search,,2.9,mid_market_ae
L-004398,paid_search,no_response,12.7,mid_market_ae
L-004399,paid_search,,5.7,mid_market_ae
L-004400,paid_search,,8.6,mid_market_ae
L-004401,paid_search,,2.1,mid_market_ae
L-004402,paid_search,,4.0,mid_market_ae
L-004403,paid_search,,2.4,mid_market_ae
L-004404,paid_search,too_small,4.2,mid_market_ae
L-004405,paid_search,,9.5,mid_market_ae
L-004406,paid_search,,6.2,mid_market_ae
L-004407,paid_search,,5.0,mid_market_ae
L-004408,paid_search,no_response,4.2,mid_market_ae
L-004409,paid_search,no_response,4.6,mid_market_ae
L-004410,paid_search,no_budget,3.4,mid_market_ae
L-004411,paid_search,not_decision_maker,7.7,mid_market_ae
L-004412,paid_search,not_decision_maker,7.3,mid_market_ae
L-004413,paid_search,duplicate,8.5,mid_market_ae
L-004414,paid_search,wrong_use_case,3.4,mid_market_ae
L-004415,paid_search,competitor_contract,1.5,mid_market_ae
L-004416,paid_search,no_response,5.1,mid_market_ae
L-004417,paid_search,not_decision_maker,8.5,mid_market_ae
L-004418,paid_search,competitor_contract,5.5,mid_market_ae
L-004419,paid_search,,7.2,mid_market_ae
L-004420,paid_search,,4.3,mid_market_ae
L-004421,paid_search,no_response,5.9,mid_market_ae
L-004422,paid_search,duplicate,2.8,mid_market_ae
L-004423,paid_search,no_response,4.4,mid_market_ae
L-004424,paid_search,no_budget,3.5,mid_market_ae
L-004425,paid_search,too_small,7.4,mid_market_ae
L-004426,paid_search,,9.7,mid_market_ae
L-004427,paid_search,,5.7,mid_market_ae
L-004428,paid_search,wrong_use_case,3.7,mid_market_ae
L-004429,paid_search,wrong_use_case,3.8,mid_market_ae
L-004430,paid_search,,4.4,mid_market_ae
L-004431,paid_search,not_decision_maker,7.6,mid_market_ae
L-004432,paid_search,,1.6,mid_market_ae
L-004433,paid_search,,8.4,mid_market_ae
L-004434,paid_search,not_decision_maker,7.3,mid_market_ae
L-004435,paid_search,duplicate,8.2,mid_market_ae
L-004436,paid_search,competitor_contract,4.1,mid_market_ae
L-004437,paid_search,no_budget,6.7,mid_market_ae
L-004438,paid_search,wrong_use_case,1.7,mid_market_ae
L-004439,paid_search,duplicate,8.7,mid_market_ae
L-004440,paid_search,no_budget,4.6,mid_market_ae
L-004441,paid_search,no_budget,4.1,mid_market_ae
L-004442,paid_search,too_small,10.9,mid_market_ae
L-004443,paid_search,too_small,3.5,mid_market_ae
L-004444,paid_search,,6.4,mid_market_ae
L-004445,paid_search,not_decision_maker,3.3,mid_market_ae
L-004446,paid_search,,4.9,mid_market_ae
L-004447,paid_search,wrong_use_case,2.6,mid_market_ae
L-004448,paid_search,,11.9,mid_market_ae
L-004449,paid_search,duplicate,4.3,mid_market_ae
L-004450,paid_search,,3.8,mid_market_ae
L-004451,paid_search,duplicate,3.3,mid_market_ae
L-004452,paid_search,too_small,4.4,mid_market_ae
L-004453,paid_search,not_decision_maker,3.0,mid_market_ae
L-004454,paid_search,duplicate,7.0,mid_market_ae
L-004455,paid_search,,2.4,mid_market_ae
L-004456,paid_search,,6.3,mid_market_ae
L-004457,paid_search,no_budget,8.3,mid_market_ae
L-004458,paid_search,,5.3,mid_market_ae
L-004459,paid_search,no_response,6.5,mid_market_ae
L-004460,paid_search,wrong_use_case,3.6,mid_market_ae
L-004461,paid_search,,9.1,mid_market_ae
L-004462,paid_search,too_small,3.1,mid_market_ae
L-004463,paid_search,,7.6,mid_market_ae
L-004464,paid_search,,11.7,mid_market_ae
L-004465,paid_search,no_budget,8.9,mid_market_ae
L-004466,paid_search,,5.8,mid_market_ae
L-004467,paid_search,wrong_use_case,5.2,mid_market_ae
L-004468,paid_search,no_response,3.2,mid_market_ae
L-004469,paid_search,no_response,5.1,mid_market_ae
L-004470,paid_search,no_budget,9.9,mid_market_ae
L-004471,paid_search,,2.3,mid_market_ae
L-004472,paid_search,,12.5,mid_market_ae
L-004473,paid_search,,9.6,mid_market_ae
L-004474,paid_search,wrong_use_case,4.2,mid_market_ae
L-004475,paid_search,duplicate,5.8,mid_market_ae
L-004476,paid_search,,2.2,mid_market_ae
L-004477,paid_search,,5.5,mid_market_ae
L-004478,paid_search,no_budget,7.6,mid_market_ae
L-004479,paid_search,,94.7,unassigned
L-004480,paid_search,no_budget,11.7,mid_market_ae
L-004481,paid_search,,3.6,mid_market_ae
L-004482,paid_search,,14.9,mid_market_ae
L-004483,paid_search,no_response,7.7,mid_market_ae
L-004484,paid_social,no_response,2.2,smb_sdr
L-004485,paid_social,no_response,2.8,smb_sdr
L-004486,paid_social,wrong_use_case,17.3,smb_sdr
L-004487,paid_social,duplicate,6.7,smb_sdr
L-004488,paid_social,no_response,2.5,smb_sdr
L-004489,paid_social,wrong_use_case,6.2,smb_sdr
L-004490,paid_social,no_response,9.3,smb_sdr
L-004491,paid_social,,17.3,smb_sdr
L-004492,paid_social,,30.0,unassigned
L-004493,paid_social,,2.5,smb_sdr
L-004494,paid_social,no_response,3.8,smb_sdr
L-004495,paid_social,no_response,3.8,smb_sdr
L-004496,paid_social,duplicate,6.6,smb_sdr
L-004497,paid_social,,6.9,smb_sdr
L-004498,paid_social,duplicate,8.8,smb_sdr
L-004499,paid_social,no_budget,1.5,smb_sdr
L-004500,paid_social,,9.3,smb_sdr
L-004501,paid_social,,21.9,smb_sdr
L-004502,paid_social,too_small,2.9,smb_sdr
L-004503,paid_social,no_response,9.7,smb_sdr
L-004504,paid_social,too_small,6.5,smb_sdr
L-004505,paid_social,,13.2,smb_sdr
L-004506,paid_social,,11.1,smb_sdr
L-004507,paid_social,,3.6,smb_sdr
L-004508,paid_social,too_small,3.3,smb_sdr
L-004509,paid_social,,11.3,smb_sdr
L-004510,paid_social,no_budget,11.1,smb_sdr
L-004511,paid_social,,42.8,unassigned
L-004512,paid_social,,2.5,smb_sdr
L-004513,paid_social,wrong_use_case,6.6,smb_sdr
L-004514,paid_social,,2.0,smb_sdr
L-004515,paid_social,not_decision_maker,2.2,smb_sdr
L-004516,paid_social,no_response,5.7,smb_sdr
L-004517,paid_social,no_response,1.4,smb_sdr
L-004518,paid_social,duplicate,4.2,smb_sdr
L-004519,paid_social,too_small,4.1,smb_sdr
L-004520,paid_social,,0.8,smb_sdr
L-004521,paid_social,wrong_use_case,1.3,smb_sdr
L-004522,paid_social,no_response,9.1,smb_sdr
L-004523,paid_social,no_budget,6.3,smb_sdr
L-004524,paid_social,,5.2,smb_sdr
L-004525,paid_social,not_decision_maker,3.4,smb_sdr
L-004526,paid_social,competitor_contract,6.1,smb_sdr
L-004527,paid_social,,4.9,smb_sdr
L-004528,paid_social,no_budget,3.9,smb_sdr
L-004529,paid_social,no_response,5.4,smb_sdr
L-004530,paid_social,not_decision_maker,3.6,smb_sdr
L-004531,paid_social,,5.4,smb_sdr
L-004532,paid_social,no_budget,3.3,smb_sdr
L-004533,paid_social,no_response,3.9,smb_sdr
L-004534,paid_social,,2.5,smb_sdr
L-004535,paid_social,,3.4,smb_sdr
L-004536,paid_social,too_small,2.6,smb_sdr
L-004537,paid_social,not_decision_maker,7.9,smb_sdr
L-004538,paid_social,wrong_use_case,6.0,smb_sdr
L-004539,paid_social,no_budget,12.6,smb_sdr
L-004540,paid_social,,9.1,smb_sdr
L-004541,paid_social,no_response,2.2,smb_sdr
L-004542,paid_social,no_response,4.2,smb_sdr
L-004543,paid_social,,8.3,smb_sdr
L-004544,paid_social,wrong_use_case,3.1,smb_sdr
L-004545,paid_social,no_response,3.9,smb_sdr
L-004546,paid_social,no_response,5.0,smb_sdr
L-004547,paid_social,too_small,3.6,smb_sdr
L-004548,paid_social,,3.1,smb_sdr
L-004549,paid_social,duplicate,7.4,smb_sdr
L-004550,paid_social,wrong_use_case,15.1,smb_sdr
L-004551,paid_social,,3.8,smb_sdr
L-004552,paid_social,,5.9,smb_sdr
L-004553,paid_social,,4.7,smb_sdr
L-004554,paid_social,,2.4,smb_sdr
L-004555,paid_social,no_budget,2.4,smb_sdr
L-004556,paid_social,,4.6,smb_sdr
L-004557,paid_social,not_decision_maker,6.6,smb_sdr
L-004558,paid_social,no_response,4.1,smb_sdr
L-004559,paid_social,,2.8,smb_sdr
L-004560,paid_social,no_budget,6.4,smb_sdr
L-004561,paid_social,too_small,3.6,smb_sdr
L-004562,paid_social,too_small,6.0,smb_sdr
L-004563,paid_social,no_response,4.7,smb_sdr
L-004564,paid_social,,14.4,smb_sdr
L-004565,paid_social,no_budget,11.4,smb_sdr
L-004566,paid_social,no_budget,9.2,smb_sdr
L-004567,paid_social,not_decision_maker,11.7,smb_sdr
L-004568,paid_social,no_budget,4.9,smb_sdr
L-004569,paid_social,no_response,6.8,smb_sdr
L-004570,paid_social,not_decision_maker,2.4,smb_sdr
L-004571,paid_social,wrong_use_case,5.0,smb_sdr
L-004572,paid_social,,12.6,smb_sdr
L-004573,paid_social,not_decision_maker,8.4,smb_sdr
L-004574,paid_social,too_small,5.3,smb_sdr
L-004575,paid_social,too_small,9.4,smb_sdr
L-004576,paid_social,no_response,2.1,smb_sdr
L-004577,paid_social,competitor_contract,13.3,smb_sdr
L-004578,paid_social,,4.8,smb_sdr
L-004579,paid_social,no_response,1.7,smb_sdr
L-004580,paid_social,no_response,4.0,smb_sdr
L-004581,paid_social,no_response,5.9,smb_sdr
L-004582,paid_social,no_response,2.2,smb_sdr
L-004583,paid_social,no_budget,3.9,smb_sdr
L-004584,paid_social,too_small,9.8,smb_sdr
L-004585,paid_social,,4.7,smb_sdr
L-004586,paid_social,,6.7,smb_sdr
L-004587,paid_social,no_response,2.9,smb_sdr
L-004588,paid_social,,3.2,smb_sdr
L-004589,paid_social,wrong_use_case,2.7,smb_sdr
L-004590,paid_social,,11.8,smb_sdr
L-004591,paid_social,,6.8,smb_sdr
L-004592,paid_social,not_decision_maker,1.6,smb_sdr
L-004593,paid_social,no_response,2.7,smb_sdr
L-004594,paid_social,,10.3,smb_sdr
L-004595,paid_social,wrong_use_case,6.5,smb_sdr
L-004596,paid_social,too_small,6.4,smb_sdr
L-004597,paid_social,,3.7,smb_sdr
L-004598,paid_social,too_small,4.1,smb_sdr
L-004599,paid_social,no_response,4.4,smb_sdr
L-004600,paid_social,duplicate,3.8,smb_sdr
L-004601,paid_social,too_small,6.8,smb_sdr
L-004602,paid_social,,3.0,smb_sdr
L-004603,paid_social,no_response,14.9,smb_sdr
L-004604,paid_social,no_response,13.8,smb_sdr
L-004605,paid_social,no_response,8.0,smb_sdr
L-004606,paid_social,,9.7,smb_sdr
L-004607,paid_social,,14.3,smb_sdr
L-004608,paid_social,,6.3,smb_sdr
L-004609,paid_social,no_response,3.2,smb_sdr
L-004610,paid_social,,7.3,smb_sdr
L-004611,paid_social,too_small,5.9,smb_sdr
L-004612,paid_social,,5.3,smb_sdr
L-004613,paid_social,no_response,5.0,smb_sdr
L-004614,paid_social,no_response,1.7,smb_sdr
L-004615,paid_social,not_decision_maker,6.4,smb_sdr
L-004616,paid_social,,14.9,smb_sdr
L-004617,paid_social,no_response,3.7,smb_sdr
L-004618,paid_social,no_response,2.0,smb_sdr
L-004619,paid_social,,3.1,smb_sdr
L-004620,paid_social,,3.3,smb_sdr
L-004621,paid_social,,5.0,smb_sdr
L-004622,paid_social,duplicate,3.8,smb_sdr
L-004623,paid_social,no_response,5.8,smb_sdr
L-004624,paid_social,too_small,5.9,smb_sdr
L-004625,paid_social,too_small,7.6,smb_sdr
L-004626,paid_social,competitor_contract,8.0,smb_sdr
L-004627,paid_social,,4.4,smb_sdr
L-004628,paid_social,no_response,12.9,smb_sdr
L-004629,paid_social,not_decision_maker,1.2,smb_sdr
L-004630,paid_social,not_decision_maker,8.5,smb_sdr
L-004631,paid_social,not_decision_maker,9.7,smb_sdr
L-004632,paid_social,,3.3,smb_sdr
L-004633,paid_social,no_response,5.4,smb_sdr
L-004634,paid_social,too_small,6.2,smb_sdr
L-004635,paid_social,,3.2,smb_sdr
L-004636,paid_social,,8.2,smb_sdr
L-004637,paid_social,no_response,5.0,smb_sdr
L-004638,paid_social,competitor_contract,4.1,smb_sdr
L-004639,paid_social,,8.9,smb_sdr
L-004640,paid_social,not_decision_maker,4.1,smb_sdr
L-004641,paid_social,no_budget,5.3,smb_sdr
L-004642,paid_social,no_budget,7.0,smb_sdr
L-004643,paid_social,,4.0,mid_market_ae
L-004644,paid_social,not_decision_maker,3.2,mid_market_ae
L-004645,paid_social,,6.6,mid_market_ae
L-004646,paid_social,competitor_contract,3.8,mid_market_ae
L-004647,paid_social,too_small,4.8,mid_market_ae
L-004648,paid_social,duplicate,7.6,mid_market_ae
L-004649,paid_social,,2.3,mid_market_ae
L-004650,paid_social,no_response,8.3,mid_market_ae
L-004651,paid_social,no_budget,7.3,mid_market_ae
L-004652,paid_social,no_response,9.4,mid_market_ae
L-004653,paid_social,,4.9,mid_market_ae
L-004654,paid_social,not_decision_maker,8.7,mid_market_ae
L-004655,paid_social,not_decision_maker,13.7,mid_market_ae
L-004656,paid_social,,5.4,mid_market_ae
L-004657,paid_social,not_decision_maker,9.8,mid_market_ae
L-004658,paid_social,no_response,10.7,mid_market_ae
L-004659,paid_social,no_response,3.9,mid_market_ae
L-004660,paid_social,,9.0,mid_market_ae
L-004661,paid_social,,7.6,mid_market_ae
L-004662,paid_social,,7.4,mid_market_ae
L-004663,paid_social,no_budget,21.2,mid_market_ae
L-004664,paid_social,not_decision_maker,7.4,mid_market_ae
L-004665,paid_social,,7.9,mid_market_ae
L-004666,paid_social,no_response,4.5,mid_market_ae
L-004667,paid_social,too_small,5.5,mid_market_ae
L-004668,paid_social,too_small,12.8,mid_market_ae
L-004669,paid_social,duplicate,6.3,mid_market_ae
L-004670,paid_social,no_response,7.1,mid_market_ae
L-004671,paid_social,no_budget,11.9,mid_market_ae
L-004672,paid_social,no_response,13.3,mid_market_ae
L-004673,paid_social,,10.4,mid_market_ae
L-004674,paid_social,,6.0,mid_market_ae
L-004675,paid_social,no_response,5.2,mid_market_ae
L-004676,paid_social,too_small,3.2,mid_market_ae
L-004677,paid_social,,11.8,mid_market_ae
L-004678,paid_social,,8.4,mid_market_ae
L-004679,paid_social,no_budget,5.0,mid_market_ae
L-004680,paid_social,no_response,5.7,mid_market_ae
L-004681,paid_social,no_response,3.5,mid_market_ae
L-004682,paid_social,no_response,9.7,mid_market_ae
L-004683,paid_social,not_decision_maker,9.6,mid_market_ae
L-004684,paid_social,no_budget,9.3,mid_market_ae
L-004685,paid_social,wrong_use_case,2.9,mid_market_ae
L-004686,paid_social,,3.7,mid_market_ae
L-004687,paid_social,no_response,14.8,mid_market_ae
L-004688,paid_social,no_budget,2.9,mid_market_ae
L-004689,paid_social,,7.8,mid_market_ae
L-004690,organic,wrong_use_case,1.7,smb_sdr
L-004691,organic,too_small,4.7,smb_sdr
L-004692,organic,,4.7,smb_sdr
L-004693,organic,,6.1,smb_sdr
L-004694,organic,no_budget,13.1,smb_sdr
L-004695,organic,too_small,2.6,smb_sdr
L-004696,organic,,1.1,smb_sdr
L-004697,organic,too_small,10.0,smb_sdr
L-004698,organic,not_decision_maker,3.6,smb_sdr
L-004699,organic,no_response,5.6,smb_sdr
L-004700,organic,no_budget,2.9,smb_sdr
L-004701,organic,wrong_use_case,6.0,smb_sdr
L-004702,organic,,6.1,smb_sdr
L-004703,organic,,9.8,smb_sdr
L-004704,organic,,2.7,smb_sdr
L-004705,organic,wrong_use_case,16.9,smb_sdr
L-004706,organic,not_decision_maker,3.4,smb_sdr
L-004707,organic,,3.6,smb_sdr
L-004708,organic,no_response,4.0,smb_sdr
L-004709,organic,,4.3,smb_sdr
L-004710,organic,,103.0,unassigned
L-004711,organic,,5.6,smb_sdr
L-004712,organic,,3.1,smb_sdr
L-004713,organic,,7.7,smb_sdr
L-004714,organic,competitor_contract,12.3,smb_sdr
L-004715,organic,no_response,5.2,smb_sdr
L-004716,organic,,4.4,smb_sdr
L-004717,organic,no_response,4.8,smb_sdr
L-004718,organic,too_small,3.2,smb_sdr
L-004719,organic,no_response,7.0,smb_sdr
L-004720,organic,,3.9,smb_sdr
L-004721,organic,,7.3,smb_sdr
L-004722,organic,duplicate,12.1,smb_sdr
L-004723,organic,,8.0,smb_sdr
L-004724,organic,,4.8,smb_sdr
L-004725,organic,,2.3,smb_sdr
L-004726,organic,no_response,2.6,smb_sdr
L-004727,organic,,8.5,smb_sdr
L-004728,organic,,2.2,smb_sdr
L-004729,organic,wrong_use_case,3.0,smb_sdr
L-004730,organic,,14.6,smb_sdr
L-004731,organic,too_small,7.2,smb_sdr
L-004732,organic,wrong_use_case,13.0,smb_sdr
L-004733,organic,too_small,2.3,smb_sdr
L-004734,organic,,11.8,smb_sdr
L-004735,organic,too_small,44.0,unassigned
L-004736,organic,no_response,6.5,smb_sdr
L-004737,organic,too_small,18.2,smb_sdr
L-004738,organic,,5.2,smb_sdr
L-004739,organic,,3.0,smb_sdr
L-004740,organic,too_small,6.7,smb_sdr
L-004741,organic,,7.2,smb_sdr
L-004742,organic,no_response,4.9,smb_sdr
L-004743,organic,wrong_use_case,5.4,smb_sdr
L-004744,organic,duplicate,13.8,smb_sdr
L-004745,organic,,3.3,smb_sdr
L-004746,organic,no_budget,3.9,smb_sdr
L-004747,organic,,6.6,smb_sdr
L-004748,organic,,9.1,smb_sdr
L-004749,organic,too_small,11.8,smb_sdr
L-004750,organic,no_response,6.0,smb_sdr
L-004751,organic,,2.8,smb_sdr
L-004752,organic,,5.1,smb_sdr
L-004753,organic,no_response,1.2,smb_sdr
L-004754,organic,no_response,2.8,smb_sdr
L-004755,organic,,1.6,smb_sdr
L-004756,organic,no_response,5.3,smb_sdr
L-004757,organic,no_budget,8.2,smb_sdr
L-004758,organic,no_response,3.7,smb_sdr
L-004759,organic,no_response,12.9,smb_sdr
L-004760,organic,no_response,4.8,smb_sdr
L-004761,organic,not_decision_maker,4.8,smb_sdr
L-004762,organic,,4.0,smb_sdr
L-004763,organic,duplicate,8.9,smb_sdr
L-004764,organic,no_response,3.9,smb_sdr
L-004765,organic,no_response,6.1,smb_sdr
L-004766,organic,wrong_use_case,1.7,smb_sdr
L-004767,organic,too_small,5.1,smb_sdr
L-004768,organic,duplicate,4.5,smb_sdr
L-004769,organic,,8.3,smb_sdr
L-004770,organic,competitor_contract,8.3,smb_sdr
L-004771,organic,competitor_contract,5.4,smb_sdr
L-004772,organic,no_budget,2.2,smb_sdr
L-004773,organic,,2.2,smb_sdr
L-004774,organic,wrong_use_case,9.7,smb_sdr
L-004775,organic,,5.6,smb_sdr
L-004776,organic,no_response,5.8,smb_sdr
L-004777,organic,no_response,2.8,smb_sdr
L-004778,organic,no_budget,8.4,smb_sdr
L-004779,organic,duplicate,5.8,smb_sdr
L-004780,organic,no_response,6.2,smb_sdr
L-004781,organic,no_budget,6.6,smb_sdr
L-004782,organic,,4.9,smb_sdr
L-004783,organic,duplicate,6.7,smb_sdr
L-004784,organic,no_budget,1.1,smb_sdr
L-004785,organic,no_response,2.7,smb_sdr
L-004786,organic,not_decision_maker,3.1,smb_sdr
L-004787,organic,duplicate,4.5,smb_sdr
L-004788,organic,,2.4,smb_sdr
L-004789,organic,no_budget,8.4,smb_sdr
L-004790,organic,no_response,3.5,smb_sdr
L-004791,organic,wrong_use_case,3.9,smb_sdr
L-004792,organic,,12.1,smb_sdr
L-004793,organic,no_response,5.3,smb_sdr
L-004794,organic,wrong_use_case,3.6,smb_sdr
L-004795,organic,,6.7,smb_sdr
L-004796,organic,no_budget,6.5,smb_sdr
L-004797,organic,not_decision_maker,1.2,smb_sdr
L-004798,organic,no_budget,3.8,smb_sdr
L-004799,organic,too_small,5.1,smb_sdr
L-004800,organic,,4.6,smb_sdr
L-004801,organic,not_decision_maker,7.5,smb_sdr
L-004802,organic,too_small,9.5,smb_sdr
L-004803,organic,,11.5,smb_sdr
L-004804,organic,competitor_contract,4.3,smb_sdr
L-004805,organic,too_small,3.5,smb_sdr
L-004806,organic,,9.5,smb_sdr
L-004807,organic,wrong_use_case,8.1,smb_sdr
L-004808,organic,not_decision_maker,4.4,smb_sdr
L-004809,organic,,23.7,smb_sdr
L-004810,organic,no_budget,7.1,smb_sdr
L-004811,organic,too_small,11.1,smb_sdr
L-004812,organic,,1.2,smb_sdr
L-004813,organic,too_small,4.0,smb_sdr
L-004814,organic,,7.6,smb_sdr
L-004815,organic,duplicate,9.2,smb_sdr
L-004816,organic,,2.5,smb_sdr
L-004817,organic,no_budget,9.0,smb_sdr
L-004818,organic,no_response,4.4,smb_sdr
L-004819,organic,not_decision_maker,5.6,smb_sdr
L-004820,organic,not_decision_maker,15.3,smb_sdr
L-004821,organic,no_response,5.0,smb_sdr
L-004822,organic,duplicate,2.0,smb_sdr
L-004823,organic,,3.8,smb_sdr
L-004824,organic,not_decision_maker,4.4,smb_sdr
L-004825,organic,too_small,1.9,smb_sdr
L-004826,organic,no_response,9.7,smb_sdr
L-004827,organic,no_budget,8.6,smb_sdr
L-004828,organic,wrong_use_case,2.9,smb_sdr
L-004829,organic,no_budget,3.9,smb_sdr
L-004830,organic,,2.0,smb_sdr
L-004831,organic,,7.8,smb_sdr
L-004832,organic,too_small,4.8,smb_sdr
L-004833,organic,duplicate,7.9,smb_sdr
L-004834,organic,,1.4,smb_sdr
L-004835,organic,no_response,9.1,smb_sdr
L-004836,organic,no_response,6.1,smb_sdr
L-004837,organic,no_budget,15.1,smb_sdr
L-004838,organic,,2.5,smb_sdr
L-004839,organic,,5.5,smb_sdr
L-004840,organic,,7.3,smb_sdr
L-004841,organic,no_budget,15.3,smb_sdr
L-004842,organic,no_response,22.1,smb_sdr
L-004843,organic,no_budget,1.5,smb_sdr
L-004844,organic,no_response,2.9,smb_sdr
L-004845,organic,,5.6,smb_sdr
L-004846,organic,duplicate,1.2,smb_sdr
L-004847,organic,too_small,7.2,smb_sdr
L-004848,organic,competitor_contract,4.7,smb_sdr
L-004849,organic,no_response,1.7,smb_sdr
L-004850,organic,no_response,11.3,smb_sdr
L-004851,organic,too_small,5.5,smb_sdr
L-004852,organic,no_response,4.1,smb_sdr
L-004853,organic,,35.6,unassigned
L-004854,organic,,7.9,smb_sdr
L-004855,organic,too_small,4.6,smb_sdr
L-004856,organic,,3.8,smb_sdr
L-004857,organic,wrong_use_case,7.9,smb_sdr
L-004858,organic,,2.4,smb_sdr
L-004859,organic,competitor_contract,4.5,smb_sdr
L-004860,organic,no_budget,5.5,smb_sdr
L-004861,organic,too_small,4.7,smb_sdr
L-004862,organic,,8.1,smb_sdr
L-004863,organic,competitor_contract,3.5,smb_sdr
L-004864,organic,duplicate,4.4,smb_sdr
L-004865,organic,wrong_use_case,2.6,smb_sdr
L-004866,organic,not_decision_maker,5.6,smb_sdr
L-004867,organic,no_response,6.1,smb_sdr
L-004868,organic,no_response,3.8,smb_sdr
L-004869,organic,duplicate,3.8,smb_sdr
L-004870,organic,,11.1,smb_sdr
L-004871,organic,,13.7,smb_sdr
L-004872,organic,too_small,52.3,unassigned
L-004873,organic,,4.6,smb_sdr
L-004874,organic,no_budget,4.6,smb_sdr
L-004875,organic,no_response,3.0,smb_sdr
L-004876,organic,,2.3,smb_sdr
L-004877,organic,too_small,2.0,smb_sdr
L-004878,organic,too_small,6.1,smb_sdr
L-004879,organic,,2.2,smb_sdr
L-004880,organic,no_budget,5.8,smb_sdr
L-004881,organic,duplicate,1.0,smb_sdr
L-004882,organic,too_small,7.2,smb_sdr
L-004883,organic,,10.7,smb_sdr
L-004884,organic,,2.0,smb_sdr
L-004885,organic,wrong_use_case,3.1,smb_sdr
L-004886,organic,,6.1,smb_sdr
L-004887,organic,,9.1,smb_sdr
L-004888,organic,no_response,11.5,smb_sdr
L-004889,organic,no_response,9.2,smb_sdr
L-004890,organic,,10.0,smb_sdr
L-004891,organic,no_budget,4.3,smb_sdr
L-004892,organic,,2.8,smb_sdr
L-004893,organic,,7.2,smb_sdr
L-004894,organic,,2.6,smb_sdr
L-004895,organic,,3.7,smb_sdr
L-004896,organic,,3.6,smb_sdr
L-004897,organic,duplicate,11.4,smb_sdr
L-004898,organic,,4.8,smb_sdr
L-004899,organic,duplicate,3.7,smb_sdr
L-004900,organic,,3.6,smb_sdr
L-004901,organic,too_small,11.6,smb_sdr
L-004902,organic,,9.3,smb_sdr
L-004903,organic,no_response,3.5,smb_sdr
L-004904,organic,duplicate,5.2,smb_sdr
L-004905,organic,not_decision_maker,9.4,smb_sdr
L-004906,organic,no_budget,6.7,smb_sdr
L-004907,organic,duplicate,8.0,smb_sdr
L-004908,organic,duplicate,82.9,unassigned
L-004909,organic,,1.8,smb_sdr
L-004910,organic,duplicate,2.3,smb_sdr
L-004911,organic,,4.0,smb_sdr
L-004912,organic,,3.0,smb_sdr
L-004913,organic,,3.1,smb_sdr
L-004914,organic,not_decision_maker,5.6,smb_sdr
L-004915,organic,too_small,19.2,smb_sdr
L-004916,organic,no_response,3.9,smb_sdr
L-004917,organic,duplicate,5.3,smb_sdr
L-004918,organic,,3.8,smb_sdr
L-004919,organic,no_budget,7.3,smb_sdr
L-004920,organic,not_decision_maker,2.4,smb_sdr
L-004921,organic,,2.6,smb_sdr
L-004922,organic,competitor_contract,5.0,smb_sdr
L-004923,organic,no_response,8.4,smb_sdr
L-004924,organic,no_response,2.1,smb_sdr
L-004925,organic,no_budget,1.6,smb_sdr
L-004926,organic,no_response,5.9,smb_sdr
L-004927,organic,wrong_use_case,7.4,smb_sdr
L-004928,organic,no_response,2.6,smb_sdr
L-004929,organic,no_response,4.3,smb_sdr
L-004930,organic,,10.3,smb_sdr
L-004931,organic,not_decision_maker,12.5,smb_sdr
L-004932,organic,duplicate,4.6,smb_sdr
L-004933,organic,,9.5,smb_sdr
L-004934,organic,too_small,7.2,smb_sdr
L-004935,organic,not_decision_maker,11.1,smb_sdr
L-004936,organic,duplicate,10.6,smb_sdr
L-004937,organic,,2.0,smb_sdr
L-004938,organic,no_budget,3.7,smb_sdr
L-004939,organic,not_decision_maker,8.2,smb_sdr
L-004940,organic,no_budget,7.4,smb_sdr
L-004941,organic,,3.2,smb_sdr
L-004942,organic,no_response,18.7,smb_sdr
L-004943,organic,no_response,4.2,smb_sdr
L-004944,organic,no_response,5.0,smb_sdr
L-004945,organic,not_decision_maker,10.1,smb_sdr
L-004946,organic,wrong_use_case,6.6,smb_sdr
L-004947,organic,no_budget,3.3,smb_sdr
L-004948,organic,not_decision_maker,6.2,smb_sdr
L-004949,organic,no_response,2.8,smb_sdr
L-004950,organic,,6.2,smb_sdr
L-004951,organic,no_response,3.6,smb_sdr
L-004952,organic,no_response,3.5,smb_sdr
L-004953,organic,,4.0,smb_sdr
L-004954,organic,no_response,1.3,smb_sdr
L-004955,organic,too_small,6.5,smb_sdr
L-004956,organic,too_small,1.8,smb_sdr
L-004957,organic,wrong_use_case,3.2,smb_sdr
L-004958,organic,too_small,2.4,smb_sdr
L-004959,organic,wrong_use_case,2.4,smb_sdr
L-004960,organic,no_response,3.7,smb_sdr
L-004961,organic,,10.8,smb_sdr
L-004962,organic,,1.8,smb_sdr
L-004963,organic,,4.7,smb_sdr
L-004964,organic,duplicate,1.5,smb_sdr
L-004965,organic,too_small,2.2,smb_sdr
L-004966,organic,no_budget,13.2,smb_sdr
L-004967,organic,not_decision_maker,2.1,smb_sdr
L-004968,organic,duplicate,3.0,smb_sdr
L-004969,organic,,7.0,smb_sdr
L-004970,organic,wrong_use_case,8.8,smb_sdr
L-004971,organic,,3.2,smb_sdr
L-004972,organic,no_response,6.7,smb_sdr
L-004973,organic,wrong_use_case,2.8,smb_sdr
L-004974,organic,too_small,7.5,smb_sdr
L-004975,organic,,43.0,unassigned
L-004976,organic,no_response,7.4,smb_sdr
L-004977,organic,wrong_use_case,8.4,smb_sdr
L-004978,organic,too_small,21.4,smb_sdr
L-004979,organic,,5.6,smb_sdr
L-004980,organic,,7.5,smb_sdr
L-004981,organic,,4.9,smb_sdr
L-004982,organic,competitor_contract,2.8,smb_sdr
L-004983,organic,,2.1,smb_sdr
L-004984,organic,,6.5,smb_sdr
L-004985,organic,too_small,4.7,smb_sdr
L-004986,organic,not_decision_maker,22.6,smb_sdr
L-004987,organic,duplicate,5.2,smb_sdr
L-004988,organic,too_small,3.2,smb_sdr
L-004989,organic,,4.0,smb_sdr
L-004990,organic,,5.2,smb_sdr
L-004991,organic,,10.3,smb_sdr
L-004992,organic,no_response,30.0,smb_sdr
L-004993,organic,no_budget,7.0,smb_sdr
L-004994,organic,not_decision_maker,8.2,smb_sdr
L-004995,organic,no_budget,5.4,smb_sdr
L-004996,organic,,7.3,smb_sdr
L-004997,organic,,5.6,smb_sdr
L-004998,organic,,13.1,smb_sdr
L-004999,organic,no_response,8.7,smb_sdr
L-005000,organic,too_small,8.6,smb_sdr
L-005001,organic,no_budget,9.1,smb_sdr
L-005002,organic,no_budget,5.9,smb_sdr
L-005003,organic,not_decision_maker,8.7,smb_sdr
L-005004,organic,no_budget,5.2,smb_sdr
L-005005,organic,,3.0,smb_sdr
L-005006,organic,,65.7,unassigned
L-005007,organic,too_small,2.5,smb_sdr
L-005008,organic,no_budget,4.1,smb_sdr
L-005009,organic,no_response,3.2,smb_sdr
L-005010,organic,,3.3,smb_sdr
L-005011,organic,no_response,9.7,smb_sdr
L-005012,organic,,1.1,smb_sdr
L-005013,organic,,6.6,smb_sdr
L-005014,organic,no_response,4.8,smb_sdr
L-005015,organic,no_response,4.7,smb_sdr
L-005016,organic,wrong_use_case,4.4,smb_sdr
L-005017,organic,no_response,2.1,smb_sdr
L-005018,organic,competitor_contract,4.3,smb_sdr
L-005019,organic,not_decision_maker,5.3,smb_sdr
L-005020,organic,duplicate,4.2,smb_sdr
L-005021,organic,,3.2,smb_sdr
L-005022,organic,,5.8,smb_sdr
L-005023,organic,duplicate,5.9,smb_sdr
L-005024,organic,,13.9,smb_sdr
L-005025,organic,duplicate,4.2,smb_sdr
L-005026,organic,,3.9,smb_sdr
L-005027,organic,,4.4,smb_sdr
L-005028,organic,too_small,4.2,smb_sdr
L-005029,organic,duplicate,5.2,smb_sdr
L-005030,organic,,7.0,smb_sdr
L-005031,organic,too_small,4.7,smb_sdr
L-005032,organic,not_decision_maker,6.7,smb_sdr
L-005033,organic,,5.7,smb_sdr
L-005034,organic,no_budget,1.8,smb_sdr
L-005035,organic,competitor_contract,6.3,smb_sdr
L-005036,organic,no_response,5.5,smb_sdr
L-005037,organic,no_response,13.6,smb_sdr
L-005038,organic,not_decision_maker,3.7,smb_sdr
L-005039,organic,,4.8,smb_sdr
L-005040,organic,,2.6,smb_sdr
L-005041,organic,no_budget,1.9,smb_sdr
L-005042,organic,no_budget,4.0,smb_sdr
L-005043,organic,,5.5,smb_sdr
L-005044,organic,wrong_use_case,4.4,smb_sdr
L-005045,organic,not_decision_maker,4.7,smb_sdr
L-005046,organic,,5.1,smb_sdr
L-005047,organic,no_response,5.3,smb_sdr
L-005048,organic,,3.6,smb_sdr
L-005049,organic,,3.3,smb_sdr
L-005050,organic,no_response,7.8,smb_sdr
L-005051,organic,,9.2,smb_sdr
L-005052,organic,,3.0,smb_sdr
L-005053,organic,no_budget,3.0,smb_sdr
L-005054,organic,too_small,4.1,smb_sdr
L-005055,organic,,8.4,smb_sdr
L-005056,organic,no_budget,4.7,smb_sdr
L-005057,organic,too_small,6.7,smb_sdr
L-005058,organic,,1.7,smb_sdr
L-005059,organic,too_small,4.5,smb_sdr
L-005060,organic,,11.4,smb_sdr
L-005061,organic,,8.4,smb_sdr
L-005062,organic,no_budget,7.1,smb_sdr
L-005063,organic,,2.6,smb_sdr
L-005064,organic,not_decision_maker,1.9,smb_sdr
L-005065,organic,not_decision_maker,2.8,smb_sdr
L-005066,organic,,8.2,smb_sdr
L-005067,organic,no_budget,19.2,smb_sdr
L-005068,organic,,2.3,smb_sdr
L-005069,organic,no_response,6.5,smb_sdr
L-005070,organic,too_small,9.4,smb_sdr
L-005071,organic,too_small,5.0,smb_sdr
L-005072,organic,,7.8,smb_sdr
L-005073,organic,not_decision_maker,6.7,smb_sdr
L-005074,organic,no_response,4.1,smb_sdr
L-005075,organic,,6.6,smb_sdr
L-005076,organic,no_budget,1.9,smb_sdr
L-005077,organic,no_budget,5.1,smb_sdr
L-005078,organic,no_response,3.9,smb_sdr
L-005079,organic,duplicate,3.8,smb_sdr
L-005080,organic,,1.6,smb_sdr
L-005081,organic,too_small,3.4,smb_sdr
L-005082,organic,too_small,2.1,smb_sdr
L-005083,organic,no_response,2.5,smb_sdr
L-005084,organic,,8.7,smb_sdr
L-005085,organic,too_small,15.7,smb_sdr
L-005086,organic,too_small,3.1,smb_sdr
L-005087,organic,too_small,2.7,smb_sdr
L-005088,organic,duplicate,5.2,smb_sdr
L-005089,organic,competitor_contract,3.5,smb_sdr
L-005090,organic,no_response,8.0,smb_sdr
L-005091,organic,,1.3,smb_sdr
L-005092,organic,,1.1,smb_sdr
L-005093,organic,competitor_contract,9.6,smb_sdr
L-005094,organic,,4.9,smb_sdr
L-005095,organic,,12.1,smb_sdr
L-005096,organic,no_response,19.2,smb_sdr
L-005097,organic,wrong_use_case,4.8,smb_sdr
L-005098,organic,,6.2,smb_sdr
L-005099,organic,not_decision_maker,2.8,smb_sdr
L-005100,organic,no_response,3.0,smb_sdr
L-005101,organic,,5.9,smb_sdr
L-005102,organic,competitor_contract,0.9,smb_sdr
L-005103,organic,no_response,3.7,smb_sdr
L-005104,organic,no_response,4.0,smb_sdr
L-005105,organic,competitor_contract,4.1,smb_sdr
L-005106,organic,,4.9,smb_sdr
L-005107,organic,,8.9,smb_sdr
L-005108,organic,not_decision_maker,6.0,smb_sdr
L-005109,organic,,5.1,smb_sdr
L-005110,organic,no_response,7.4,smb_sdr
L-005111,organic,no_response,6.6,smb_sdr
L-005112,organic,duplicate,8.9,smb_sdr
L-005113,organic,not_decision_maker,7.0,smb_sdr
L-005114,organic,no_budget,3.0,smb_sdr
L-005115,organic,,2.8,smb_sdr
L-005116,organic,,1.3,smb_sdr
L-005117,organic,no_response,4.9,smb_sdr
L-005118,organic,no_budget,8.0,smb_sdr
L-005119,organic,not_decision_maker,3.8,smb_sdr
L-005120,organic,,6.8,mid_market_ae
L-005121,organic,duplicate,31.5,unassigned
L-005122,organic,duplicate,4.5,mid_market_ae
L-005123,organic,competitor_contract,2.2,mid_market_ae
L-005124,organic,too_small,6.2,mid_market_ae
L-005125,organic,not_decision_maker,5.0,mid_market_ae
L-005126,organic,competitor_contract,8.2,mid_market_ae
L-005127,organic,too_small,79.6,unassigned
L-005128,organic,,5.0,mid_market_ae
L-005129,organic,,9.8,mid_market_ae
L-005130,organic,duplicate,3.5,mid_market_ae
L-005131,organic,,4.0,mid_market_ae
L-005132,organic,no_response,13.7,mid_market_ae
L-005133,organic,,16.4,mid_market_ae
L-005134,organic,no_response,7.3,mid_market_ae
L-005135,organic,,14.4,mid_market_ae
L-005136,organic,competitor_contract,6.0,mid_market_ae
L-005137,organic,too_small,6.5,mid_market_ae
L-005138,organic,duplicate,7.6,mid_market_ae
L-005139,organic,no_response,7.7,mid_market_ae
L-005140,organic,too_small,5.0,mid_market_ae
L-005141,organic,no_response,1.5,mid_market_ae
L-005142,organic,no_response,5.9,mid_market_ae
L-005143,organic,competitor_contract,5.2,mid_market_ae
L-005144,organic,,6.5,mid_market_ae
L-005145,organic,no_response,2.2,mid_market_ae
L-005146,organic,no_response,4.8,mid_market_ae
L-005147,organic,too_small,12.8,mid_market_ae
L-005148,organic,no_budget,4.4,mid_market_ae
L-005149,organic,not_decision_maker,65.8,unassigned
L-005150,organic,no_budget,12.2,mid_market_ae
L-005151,organic,no_response,1.4,mid_market_ae
L-005152,organic,,5.7,mid_market_ae
L-005153,organic,no_response,6.3,mid_market_ae
L-005154,organic,too_small,1.5,mid_market_ae
L-005155,organic,,5.5,mid_market_ae
L-005156,organic,,9.7,mid_market_ae
L-005157,organic,,10.0,mid_market_ae
L-005158,organic,,6.3,mid_market_ae
L-005159,organic,not_decision_maker,4.8,mid_market_ae
L-005160,organic,,4.2,mid_market_ae
L-005161,organic,,3.2,mid_market_ae
L-005162,organic,,7.8,mid_market_ae
L-005163,organic,competitor_contract,5.4,mid_market_ae
L-005164,organic,no_budget,4.4,mid_market_ae
L-005165,organic,too_small,2.8,mid_market_ae
L-005166,organic,,5.6,mid_market_ae
L-005167,organic,no_budget,4.4,mid_market_ae
L-005168,organic,,3.1,mid_market_ae
L-005169,organic,,5.9,mid_market_ae
L-005170,organic,,7.3,mid_market_ae
L-005171,organic,no_response,8.6,mid_market_ae
L-005172,organic,not_decision_maker,9.6,mid_market_ae
L-005173,organic,no_budget,11.0,mid_market_ae
L-005174,organic,duplicate,4.7,mid_market_ae
L-005175,organic,,11.3,mid_market_ae
L-005176,organic,too_small,1.5,mid_market_ae
L-005177,organic,,3.9,mid_market_ae
L-005178,organic,not_decision_maker,12.0,mid_market_ae
L-005179,organic,,11.8,mid_market_ae
L-005180,organic,duplicate,7.7,mid_market_ae
L-005181,organic,too_small,2.2,mid_market_ae
L-005182,organic,wrong_use_case,2.9,mid_market_ae
L-005183,organic,no_response,10.0,mid_market_ae
L-005184,organic,,11.2,mid_market_ae
L-005185,organic,no_budget,7.0,mid_market_ae
L-005186,organic,,2.1,mid_market_ae
L-005187,organic,no_response,13.6,mid_market_ae
L-005188,organic,,4.1,mid_market_ae
L-005189,organic,,7.5,mid_market_ae
L-005190,organic,not_decision_maker,8.0,mid_market_ae
L-005191,organic,not_decision_maker,22.1,mid_market_ae
L-005192,organic,no_response,2.8,mid_market_ae
L-005193,organic,duplicate,3.8,mid_market_ae
L-005194,organic,too_small,9.4,mid_market_ae
L-005195,organic,too_small,4.0,mid_market_ae
L-005196,organic,not_decision_maker,3.7,mid_market_ae
L-005197,organic,not_decision_maker,3.1,mid_market_ae
L-005198,organic,duplicate,4.2,mid_market_ae
L-005199,organic,,15.7,mid_market_ae
L-005200,organic,no_budget,3.1,mid_market_ae
L-005201,organic,duplicate,4.6,mid_market_ae
L-005202,organic,no_response,1.8,mid_market_ae
L-005203,organic,,3.3,mid_market_ae
L-005204,organic,,4.2,mid_market_ae
L-005205,organic,no_budget,9.9,mid_market_ae
L-005206,organic,not_decision_maker,7.3,mid_market_ae
L-005207,organic,,2.4,mid_market_ae
L-005208,organic,,5.2,mid_market_ae
L-005209,organic,,4.6,mid_market_ae
L-005210,organic,,9.9,mid_market_ae
L-005211,organic,no_response,17.7,mid_market_ae
L-005212,organic,,8.0,mid_market_ae
L-005213,organic,no_budget,2.7,mid_market_ae
L-005214,organic,competitor_contract,2.5,mid_market_ae
L-005215,organic,too_small,1.9,mid_market_ae
L-005216,organic,too_small,3.5,mid_market_ae
L-005217,organic,,4.4,mid_market_ae
L-005218,organic,wrong_use_case,3.6,mid_market_ae
L-005219,organic,no_response,10.1,mid_market_ae
L-005220,organic,,2.7,mid_market_ae
L-005221,organic,no_budget,12.6,mid_market_ae
L-005222,organic,wrong_use_case,3.9,mid_market_ae
L-005223,organic,no_budget,16.3,mid_market_ae
L-005224,organic,too_small,7.9,mid_market_ae
L-005225,organic,,3.9,mid_market_ae
L-005226,organic,too_small,6.2,mid_market_ae
L-005227,organic,no_response,2.2,mid_market_ae
L-005228,organic,,3.2,mid_market_ae
L-005229,organic,not_decision_maker,6.7,mid_market_ae
L-005230,organic,,4.2,mid_market_ae
L-005231,organic,not_decision_maker,6.4,mid_market_ae
L-005232,organic,,70.4,unassigned
L-005233,organic,too_small,15.2,mid_market_ae
L-005234,organic,,5.3,mid_market_ae
L-005235,organic,wrong_use_case,13.9,mid_market_ae
L-005236,organic,no_response,11.4,mid_market_ae
L-005237,organic,,7.8,mid_market_ae
L-005238,organic,,7.5,mid_market_ae
L-005239,organic,,4.6,mid_market_ae
L-005240,organic,,5.8,mid_market_ae
L-005241,organic,no_response,8.9,mid_market_ae
L-005242,organic,not_decision_maker,4.9,mid_market_ae
L-005243,organic,no_response,3.9,mid_market_ae
L-005244,organic,,2.3,mid_market_ae
L-005245,organic,,14.1,mid_market_ae
L-005246,organic,competitor_contract,88.1,unassigned
L-005247,organic,no_response,4.2,mid_market_ae
L-005248,organic,duplicate,13.1,mid_market_ae
L-005249,organic,,10.8,mid_market_ae
L-005250,organic,,2.5,mid_market_ae
L-005251,organic,,4.8,mid_market_ae
L-005252,organic,,6.7,mid_market_ae
L-005253,organic,,7.8,mid_market_ae
L-005254,organic,no_response,4.0,mid_market_ae
L-005255,organic,,2.0,mid_market_ae
L-005256,organic,too_small,2.6,mid_market_ae
L-005257,organic,too_small,5.4,mid_market_ae
L-005258,organic,no_response,4.9,mid_market_ae
L-005259,organic,too_small,7.0,mid_market_ae
L-005260,organic,no_budget,10.6,mid_market_ae
L-005261,organic,not_decision_maker,4.2,mid_market_ae
L-005262,organic,,3.6,mid_market_ae
L-005263,organic,no_budget,3.9,mid_market_ae
L-005264,organic,too_small,2.3,mid_market_ae
L-005265,organic,,6.1,mid_market_ae
L-005266,organic,,50.4,unassigned
L-005267,organic,,14.6,mid_market_ae
L-005268,organic,,16.1,mid_market_ae
L-005269,organic,,9.3,mid_market_ae
L-005270,organic,,5.4,mid_market_ae
L-005271,organic,,5.4,mid_market_ae
L-005272,organic,,4.6,mid_market_ae
L-005273,organic,,3.6,mid_market_ae
L-005274,organic,,3.5,mid_market_ae
L-005275,organic,no_budget,14.3,mid_market_ae
L-005276,organic,too_small,41.0,unassigned
L-005277,organic,,4.8,mid_market_ae
L-005278,organic,,9.7,mid_market_ae
L-005279,organic,,6.5,mid_market_ae
L-005280,organic,duplicate,5.3,mid_market_ae
L-005281,organic,no_response,4.4,mid_market_ae
L-005282,organic,,1.9,mid_market_ae
L-005283,organic,,3.3,mid_market_ae
L-005284,organic,,6.6,mid_market_ae
L-005285,organic,wrong_use_case,5.7,mid_market_ae
L-005286,organic,no_budget,5.7,mid_market_ae
L-005287,organic,too_small,7.6,mid_market_ae
L-005288,organic,,6.1,mid_market_ae
L-005289,organic,,2.4,mid_market_ae
L-005290,organic,,5.0,mid_market_ae
L-005291,organic,,0.8,mid_market_ae
L-005292,organic,,2.7,mid_market_ae
L-005293,organic,,8.3,mid_market_ae
L-005294,organic,duplicate,6.3,mid_market_ae
L-005295,webinar,no_response,3.1,smb_sdr
L-005296,webinar,student_or_researcher,1.8,smb_sdr
L-005297,webinar,no_budget,2.0,smb_sdr
L-005298,webinar,student_or_researcher,2.6,smb_sdr
L-005299,webinar,no_budget,3.6,smb_sdr
L-005300,webinar,wrong_use_case,5.4,smb_sdr
L-005301,webinar,no_budget,5.4,smb_sdr
L-005302,webinar,not_decision_maker,10.3,smb_sdr
L-005303,webinar,,7.0,smb_sdr
L-005304,webinar,wrong_use_case,18.8,smb_sdr
L-005305,webinar,student_or_researcher,2.7,smb_sdr
L-005306,webinar,wrong_use_case,54.8,unassigned
L-005307,webinar,,5.0,smb_sdr
L-005308,webinar,no_budget,102.7,unassigned
L-005309,webinar,not_decision_maker,5.1,smb_sdr
L-005310,webinar,,5.4,smb_sdr
L-005311,webinar,not_decision_maker,1.8,smb_sdr
L-005312,webinar,wrong_use_case,8.6,smb_sdr
L-005313,webinar,not_decision_maker,3.2,smb_sdr
L-005314,webinar,wrong_use_case,6.9,smb_sdr
L-005315,webinar,no_budget,1.1,smb_sdr
L-005316,webinar,,1.8,smb_sdr
L-005317,webinar,no_budget,3.8,smb_sdr
L-005318,webinar,not_decision_maker,5.5,smb_sdr
L-005319,webinar,no_budget,3.6,smb_sdr
L-005320,webinar,wrong_use_case,5.6,smb_sdr
L-005321,webinar,no_budget,4.6,smb_sdr
L-005322,webinar,no_budget,10.0,smb_sdr
L-005323,webinar,student_or_researcher,2.0,smb_sdr
L-005324,webinar,wrong_use_case,7.3,smb_sdr
L-005325,webinar,student_or_researcher,5.5,smb_sdr
L-005326,webinar,,4.5,smb_sdr
L-005327,webinar,student_or_researcher,8.5,smb_sdr
L-005328,webinar,,7.5,smb_sdr
L-005329,webinar,no_budget,2.6,smb_sdr
L-005330,webinar,wrong_use_case,3.9,smb_sdr
L-005331,webinar,not_decision_maker,9.8,smb_sdr
L-005332,webinar,wrong_use_case,3.8,smb_sdr
L-005333,webinar,wrong_use_case,1.0,smb_sdr
L-005334,webinar,student_or_researcher,3.0,smb_sdr
L-005335,webinar,not_decision_maker,5.9,smb_sdr
L-005336,webinar,no_budget,3.8,smb_sdr
L-005337,webinar,wrong_use_case,79.1,unassigned
L-005338,webinar,no_budget,5.9,smb_sdr
L-005339,webinar,no_response,2.4,smb_sdr
L-005340,webinar,wrong_use_case,8.1,smb_sdr
L-005341,webinar,student_or_researcher,4.2,smb_sdr
L-005342,webinar,student_or_researcher,3.5,smb_sdr
L-005343,webinar,,12.7,smb_sdr
L-005344,webinar,student_or_researcher,6.1,smb_sdr
L-005345,webinar,wrong_use_case,3.0,smb_sdr
L-005346,webinar,not_decision_maker,6.4,smb_sdr
L-005347,webinar,duplicate,6.6,smb_sdr
L-005348,webinar,student_or_researcher,2.6,smb_sdr
L-005349,webinar,no_budget,4.8,smb_sdr
L-005350,webinar,,4.3,smb_sdr
L-005351,webinar,,1.9,smb_sdr
L-005352,webinar,,12.5,smb_sdr
L-005353,webinar,no_budget,4.2,smb_sdr
L-005354,webinar,no_budget,5.3,smb_sdr
L-005355,webinar,wrong_use_case,2.6,smb_sdr
L-005356,webinar,,9.4,smb_sdr
L-005357,webinar,student_or_researcher,5.9,smb_sdr
L-005358,webinar,student_or_researcher,12.5,smb_sdr
L-005359,webinar,not_decision_maker,9.3,smb_sdr
L-005360,webinar,,4.0,smb_sdr
L-005361,webinar,no_response,8.3,smb_sdr
L-005362,webinar,no_response,5.0,smb_sdr
L-005363,webinar,no_budget,6.9,smb_sdr
L-005364,webinar,no_budget,4.2,smb_sdr
L-005365,webinar,duplicate,4.2,smb_sdr
L-005366,webinar,not_decision_maker,5.3,smb_sdr
L-005367,webinar,not_decision_maker,5.1,smb_sdr
L-005368,webinar,student_or_researcher,2.3,smb_sdr
L-005369,webinar,no_budget,6.5,smb_sdr
L-005370,webinar,not_decision_maker,6.7,smb_sdr
L-005371,webinar,no_budget,7.2,smb_sdr
L-005372,webinar,not_decision_maker,4.4,smb_sdr
L-005373,webinar,,1.4,smb_sdr
L-005374,webinar,no_budget,4.1,smb_sdr
L-005375,webinar,student_or_researcher,4.9,smb_sdr
L-005376,webinar,no_budget,16.4,smb_sdr
L-005377,webinar,student_or_researcher,67.7,unassigned
L-005378,webinar,no_budget,3.5,smb_sdr
L-005379,webinar,,5.9,smb_sdr
L-005380,webinar,no_budget,2.5,smb_sdr
L-005381,webinar,student_or_researcher,0.9,smb_sdr
L-005382,webinar,not_decision_maker,5.6,smb_sdr
L-005383,webinar,wrong_use_case,7.4,smb_sdr
L-005384,webinar,not_decision_maker,3.9,smb_sdr
L-005385,webinar,,4.0,smb_sdr
L-005386,webinar,duplicate,10.9,smb_sdr
L-005387,webinar,wrong_use_case,2.8,smb_sdr
L-005388,webinar,no_budget,13.8,smb_sdr
L-005389,webinar,,10.6,smb_sdr
L-005390,webinar,wrong_use_case,6.7,smb_sdr
L-005391,webinar,duplicate,10.4,smb_sdr
L-005392,webinar,not_decision_maker,3.9,smb_sdr
L-005393,webinar,wrong_use_case,4.4,smb_sdr
L-005394,webinar,wrong_use_case,2.1,smb_sdr
L-005395,webinar,student_or_researcher,5.9,smb_sdr
L-005396,webinar,,5.9,smb_sdr
L-005397,webinar,no_response,9.6,smb_sdr
L-005398,webinar,no_response,3.8,smb_sdr
L-005399,webinar,duplicate,1.7,smb_sdr
L-005400,webinar,no_budget,4.3,smb_sdr
L-005401,webinar,no_budget,5.9,smb_sdr
L-005402,webinar,student_or_researcher,4.3,smb_sdr
L-005403,webinar,,1.3,smb_sdr
L-005404,webinar,no_budget,3.7,smb_sdr
L-005405,webinar,not_decision_maker,7.3,smb_sdr
L-005406,webinar,not_decision_maker,10.3,smb_sdr
L-005407,webinar,wrong_use_case,3.0,smb_sdr
L-005408,webinar,not_decision_maker,1.7,smb_sdr
L-005409,webinar,no_response,6.0,smb_sdr
L-005410,webinar,,4.4,smb_sdr
L-005411,webinar,not_decision_maker,6.1,smb_sdr
L-005412,webinar,not_decision_maker,6.3,smb_sdr
L-005413,webinar,not_decision_maker,1.4,smb_sdr
L-005414,webinar,no_budget,50.3,unassigned
L-005415,webinar,student_or_researcher,4.2,smb_sdr
L-005416,webinar,no_budget,8.4,smb_sdr
L-005417,webinar,no_response,3.2,smb_sdr
L-005418,webinar,no_response,15.9,smb_sdr
L-005419,webinar,,7.1,smb_sdr
L-005420,webinar,student_or_researcher,4.6,smb_sdr
L-005421,webinar,not_decision_maker,11.3,smb_sdr
L-005422,webinar,not_decision_maker,1.9,smb_sdr
L-005423,webinar,student_or_researcher,2.5,smb_sdr
L-005424,webinar,no_budget,1.9,smb_sdr
L-005425,webinar,wrong_use_case,19.9,smb_sdr
L-005426,webinar,no_response,1.4,smb_sdr
L-005427,webinar,no_budget,2.9,smb_sdr
L-005428,webinar,wrong_use_case,2.9,smb_sdr
L-005429,webinar,wrong_use_case,3.4,smb_sdr
L-005430,webinar,student_or_researcher,40.7,unassigned
L-005431,webinar,no_budget,2.5,smb_sdr
L-005432,webinar,not_decision_maker,6.2,smb_sdr
L-005433,webinar,no_response,3.4,smb_sdr
L-005434,webinar,not_decision_maker,3.0,smb_sdr
L-005435,webinar,not_decision_maker,5.0,smb_sdr
L-005436,webinar,student_or_researcher,2.0,smb_sdr
L-005437,webinar,student_or_researcher,3.2,smb_sdr
L-005438,webinar,,5.6,smb_sdr
L-005439,webinar,,2.5,smb_sdr
L-005440,webinar,no_budget,6.4,smb_sdr
L-005441,webinar,no_response,13.4,smb_sdr
L-005442,webinar,not_decision_maker,26.8,unassigned
L-005443,webinar,no_budget,6.7,smb_sdr
L-005444,webinar,not_decision_maker,7.2,smb_sdr
L-005445,webinar,no_budget,7.1,smb_sdr
L-005446,webinar,,6.5,smb_sdr
L-005447,webinar,,2.7,smb_sdr
L-005448,webinar,student_or_researcher,3.5,smb_sdr
L-005449,webinar,student_or_researcher,5.2,smb_sdr
L-005450,webinar,no_response,2.1,smb_sdr
L-005451,webinar,student_or_researcher,8.5,smb_sdr
L-005452,webinar,wrong_use_case,17.1,smb_sdr
L-005453,webinar,no_response,12.8,smb_sdr
L-005454,webinar,student_or_researcher,4.7,smb_sdr
L-005455,webinar,no_budget,3.1,smb_sdr
L-005456,webinar,not_decision_maker,1.7,smb_sdr
L-005457,webinar,no_response,6.7,smb_sdr
L-005458,webinar,wrong_use_case,4.1,smb_sdr
L-005459,webinar,wrong_use_case,5.6,smb_sdr
L-005460,webinar,student_or_researcher,1.5,smb_sdr
L-005461,webinar,student_or_researcher,3.9,smb_sdr
L-005462,webinar,no_budget,2.3,smb_sdr
L-005463,webinar,duplicate,5.1,smb_sdr
L-005464,webinar,,5.6,smb_sdr
L-005465,webinar,no_response,6.8,smb_sdr
L-005466,webinar,wrong_use_case,3.4,smb_sdr
L-005467,webinar,not_decision_maker,8.4,smb_sdr
L-005468,webinar,no_budget,4.8,smb_sdr
L-005469,webinar,no_budget,6.6,smb_sdr
L-005470,webinar,wrong_use_case,4.5,smb_sdr
L-005471,webinar,,3.4,smb_sdr
L-005472,webinar,no_response,6.7,smb_sdr
L-005473,webinar,no_response,4.4,smb_sdr
L-005474,webinar,not_decision_maker,9.7,smb_sdr
L-005475,webinar,not_decision_maker,2.5,smb_sdr
L-005476,webinar,no_response,3.2,smb_sdr
L-005477,webinar,not_decision_maker,3.8,smb_sdr
L-005478,webinar,no_budget,8.4,smb_sdr
L-005479,webinar,duplicate,6.2,smb_sdr
L-005480,webinar,wrong_use_case,5.8,smb_sdr
L-005481,webinar,no_budget,3.9,smb_sdr
L-005482,webinar,student_or_researcher,7.6,smb_sdr
L-005483,webinar,wrong_use_case,4.9,smb_sdr
L-005484,webinar,no_budget,3.0,smb_sdr
L-005485,webinar,student_or_researcher,5.7,smb_sdr
L-005486,webinar,no_response,3.9,smb_sdr
L-005487,webinar,student_or_researcher,3.0,smb_sdr
L-005488,webinar,no_budget,2.4,smb_sdr
L-005489,webinar,not_decision_maker,6.2,smb_sdr
L-005490,webinar,wrong_use_case,9.8,smb_sdr
L-005491,webinar,no_budget,49.0,unassigned
L-005492,webinar,duplicate,7.2,smb_sdr
L-005493,webinar,wrong_use_case,2.0,smb_sdr
L-005494,webinar,no_budget,10.0,smb_sdr
L-005495,webinar,no_budget,6.2,smb_sdr
L-005496,webinar,not_decision_maker,6.4,smb_sdr
L-005497,webinar,no_response,5.1,smb_sdr
L-005498,webinar,,2.5,smb_sdr
L-005499,webinar,no_response,10.9,smb_sdr
L-005500,webinar,no_budget,15.9,smb_sdr
L-005501,webinar,,5.2,smb_sdr
L-005502,webinar,,4.5,smb_sdr
L-005503,webinar,no_budget,4.2,smb_sdr
L-005504,webinar,wrong_use_case,4.6,smb_sdr
L-005505,webinar,no_budget,3.9,smb_sdr
L-005506,webinar,,3.2,smb_sdr
L-005507,webinar,no_response,4.4,smb_sdr
L-005508,webinar,duplicate,4.1,smb_sdr
L-005509,webinar,,7.1,smb_sdr
L-005510,webinar,student_or_researcher,4.1,smb_sdr
L-005511,webinar,student_or_researcher,7.9,smb_sdr
L-005512,webinar,no_budget,5.2,smb_sdr
L-005513,webinar,no_budget,7.2,smb_sdr
L-005514,webinar,student_or_researcher,3.6,smb_sdr
L-005515,webinar,no_budget,14.7,smb_sdr
L-005516,webinar,no_budget,2.5,smb_sdr
L-005517,webinar,no_response,3.5,smb_sdr
L-005518,webinar,,6.1,smb_sdr
L-005519,webinar,student_or_researcher,4.3,smb_sdr
L-005520,webinar,not_decision_maker,4.1,smb_sdr
L-005521,webinar,no_response,6.7,smb_sdr
L-005522,webinar,student_or_researcher,6.8,smb_sdr
L-005523,webinar,no_budget,2.4,smb_sdr
L-005524,webinar,no_budget,7.0,smb_sdr
L-005525,webinar,student_or_researcher,6.6,smb_sdr
L-005526,webinar,not_decision_maker,5.9,smb_sdr
L-005527,webinar,not_decision_maker,7.0,smb_sdr
L-005528,webinar,not_decision_maker,8.0,smb_sdr
L-005529,webinar,no_budget,3.0,smb_sdr
L-005530,webinar,student_or_researcher,56.7,unassigned
L-005531,webinar,not_decision_maker,8.7,smb_sdr
L-005532,webinar,wrong_use_case,3.9,smb_sdr
L-005533,webinar,not_decision_maker,6.4,smb_sdr
L-005534,webinar,not_decision_maker,2.6,smb_sdr
L-005535,webinar,wrong_use_case,3.4,smb_sdr
L-005536,webinar,no_budget,10.7,smb_sdr
L-005537,webinar,student_or_researcher,4.7,smb_sdr
L-005538,webinar,no_budget,5.6,smb_sdr
L-005539,webinar,no_budget,5.9,smb_sdr
L-005540,webinar,,4.4,smb_sdr
L-005541,webinar,not_decision_maker,4.8,smb_sdr
L-005542,webinar,student_or_researcher,5.9,smb_sdr
L-005543,webinar,,2.5,smb_sdr
L-005544,webinar,student_or_researcher,3.3,smb_sdr
L-005545,webinar,no_budget,7.0,smb_sdr
L-005546,webinar,no_budget,7.3,smb_sdr
L-005547,webinar,,2.6,smb_sdr
L-005548,webinar,no_budget,5.6,smb_sdr
L-005549,webinar,no_budget,4.3,smb_sdr
L-005550,webinar,not_decision_maker,5.5,smb_sdr
L-005551,webinar,no_budget,3.6,smb_sdr
L-005552,webinar,no_response,4.1,smb_sdr
L-005553,webinar,no_budget,5.2,smb_sdr
L-005554,webinar,not_decision_maker,8.5,smb_sdr
L-005555,webinar,wrong_use_case,5.8,smb_sdr
L-005556,webinar,not_decision_maker,4.0,smb_sdr
L-005557,webinar,no_response,3.7,smb_sdr
L-005558,webinar,no_budget,15.5,smb_sdr
L-005559,webinar,duplicate,9.5,smb_sdr
L-005560,webinar,,4.8,smb_sdr
L-005561,webinar,not_decision_maker,4.8,smb_sdr
L-005562,webinar,student_or_researcher,6.4,smb_sdr
L-005563,webinar,student_or_researcher,4.6,smb_sdr
L-005564,webinar,no_budget,2.9,smb_sdr
L-005565,webinar,student_or_researcher,1.7,smb_sdr
L-005566,webinar,not_decision_maker,2.1,smb_sdr
L-005567,webinar,no_budget,4.5,smb_sdr
L-005568,webinar,not_decision_maker,5.7,smb_sdr
L-005569,webinar,no_budget,3.9,smb_sdr
L-005570,webinar,not_decision_maker,2.7,smb_sdr
L-005571,webinar,no_budget,3.7,smb_sdr
L-005572,webinar,not_decision_maker,1.7,smb_sdr
L-005573,webinar,not_decision_maker,4.2,smb_sdr
L-005574,webinar,duplicate,5.0,smb_sdr
L-005575,webinar,student_or_researcher,5.1,smb_sdr
L-005576,webinar,student_or_researcher,3.8,smb_sdr
L-005577,webinar,no_response,18.5,smb_sdr
L-005578,webinar,,7.1,smb_sdr
L-005579,webinar,not_decision_maker,7.2,smb_sdr
L-005580,webinar,not_decision_maker,2.2,smb_sdr
L-005581,webinar,not_decision_maker,5.6,smb_sdr
L-005582,webinar,wrong_use_case,1.9,smb_sdr
L-005583,webinar,student_or_researcher,54.7,unassigned
L-005584,webinar,,7.2,smb_sdr
L-005585,webinar,wrong_use_case,5.5,smb_sdr
L-005586,webinar,not_decision_maker,2.5,smb_sdr
L-005587,webinar,duplicate,4.7,smb_sdr
L-005588,webinar,not_decision_maker,3.5,smb_sdr
L-005589,webinar,no_budget,6.1,smb_sdr
L-005590,webinar,no_budget,10.5,smb_sdr
L-005591,webinar,not_decision_maker,14.6,smb_sdr
L-005592,webinar,no_budget,5.1,smb_sdr
L-005593,webinar,no_budget,2.4,smb_sdr
L-005594,webinar,no_budget,4.3,smb_sdr
L-005595,webinar,not_decision_maker,6.8,smb_sdr
L-005596,webinar,,2.6,smb_sdr
L-005597,webinar,no_budget,4.3,smb_sdr
L-005598,webinar,,5.0,smb_sdr
L-005599,webinar,not_decision_maker,9.7,smb_sdr
L-005600,webinar,not_decision_maker,2.5,smb_sdr
L-005601,webinar,no_response,14.3,smb_sdr
L-005602,webinar,no_budget,2.2,smb_sdr
L-005603,webinar,student_or_researcher,3.3,smb_sdr
L-005604,webinar,,2.8,smb_sdr
L-005605,webinar,wrong_use_case,4.7,smb_sdr
L-005606,webinar,wrong_use_case,9.7,smb_sdr
L-005607,webinar,no_response,2.4,smb_sdr
L-005608,webinar,not_decision_maker,2.8,smb_sdr
L-005609,webinar,duplicate,2.4,smb_sdr
L-005610,webinar,student_or_researcher,6.2,smb_sdr
L-005611,webinar,no_budget,9.0,smb_sdr
L-005612,webinar,wrong_use_case,4.9,smb_sdr
L-005613,webinar,no_budget,3.9,smb_sdr
L-005614,webinar,not_decision_maker,2.9,smb_sdr
L-005615,webinar,not_decision_maker,11.1,smb_sdr
L-005616,webinar,not_decision_maker,10.8,smb_sdr
L-005617,webinar,duplicate,7.6,smb_sdr
L-005618,webinar,no_budget,4.4,smb_sdr
L-005619,webinar,wrong_use_case,6.9,smb_sdr
L-005620,webinar,,5.7,smb_sdr
L-005621,webinar,,2.7,smb_sdr
L-005622,webinar,no_budget,9.9,smb_sdr
L-005623,webinar,wrong_use_case,4.2,smb_sdr
L-005624,webinar,no_budget,5.4,smb_sdr
L-005625,webinar,not_decision_maker,8.3,smb_sdr
L-005626,webinar,,2.6,smb_sdr
L-005627,webinar,no_budget,2.7,smb_sdr
L-005628,webinar,no_budget,9.6,smb_sdr
L-005629,webinar,not_decision_maker,9.2,smb_sdr
L-005630,webinar,not_decision_maker,4.8,smb_sdr
L-005631,webinar,no_budget,4.2,smb_sdr
L-005632,webinar,no_response,2.2,smb_sdr
L-005633,webinar,no_budget,10.0,smb_sdr
L-005634,webinar,not_decision_maker,5.1,smb_sdr
L-005635,webinar,no_response,3.4,smb_sdr
L-005636,webinar,no_response,1.6,smb_sdr
L-005637,webinar,,7.4,smb_sdr
L-005638,webinar,not_decision_maker,13.8,smb_sdr
L-005639,webinar,duplicate,4.8,smb_sdr
L-005640,webinar,not_decision_maker,3.8,smb_sdr
L-005641,webinar,student_or_researcher,27.8,smb_sdr
L-005642,webinar,no_budget,13.2,smb_sdr
L-005643,webinar,no_response,42.4,unassigned
L-005644,webinar,not_decision_maker,19.8,smb_sdr
L-005645,webinar,student_or_researcher,10.4,smb_sdr
L-005646,webinar,student_or_researcher,6.5,smb_sdr
L-005647,webinar,no_budget,3.4,smb_sdr
L-005648,webinar,not_decision_maker,3.4,smb_sdr
L-005649,webinar,wrong_use_case,11.8,smb_sdr
L-005650,webinar,student_or_researcher,3.2,smb_sdr
L-005651,webinar,not_decision_maker,10.3,smb_sdr
L-005652,webinar,,2.0,smb_sdr
L-005653,webinar,student_or_researcher,3.2,smb_sdr
L-005654,webinar,no_response,8.1,smb_sdr
L-005655,webinar,,11.8,smb_sdr
L-005656,webinar,wrong_use_case,4.2,smb_sdr
L-005657,webinar,student_or_researcher,4.0,smb_sdr
L-005658,webinar,not_decision_maker,11.2,smb_sdr
L-005659,webinar,,2.0,smb_sdr
L-005660,webinar,wrong_use_case,4.0,smb_sdr
L-005661,webinar,not_decision_maker,1.6,smb_sdr
L-005662,webinar,student_or_researcher,2.4,smb_sdr
L-005663,webinar,no_response,4.0,smb_sdr
L-005664,webinar,not_decision_maker,5.5,smb_sdr
L-005665,webinar,student_or_researcher,3.4,smb_sdr
L-005666,webinar,no_budget,4.4,smb_sdr
L-005667,webinar,student_or_researcher,5.3,smb_sdr
L-005668,webinar,no_response,2.3,smb_sdr
L-005669,webinar,student_or_researcher,3.3,smb_sdr
L-005670,webinar,no_budget,9.4,smb_sdr
L-005671,webinar,not_decision_maker,2.3,smb_sdr
L-005672,webinar,duplicate,2.6,smb_sdr
L-005673,webinar,not_decision_maker,6.1,smb_sdr
L-005674,webinar,no_budget,3.6,smb_sdr
L-005675,webinar,no_response,3.9,smb_sdr
L-005676,webinar,no_budget,6.3,smb_sdr
L-005677,webinar,no_budget,1.7,smb_sdr
L-005678,webinar,no_budget,2.5,smb_sdr
L-005679,webinar,student_or_researcher,6.3,smb_sdr
L-005680,webinar,no_budget,2.6,smb_sdr
L-005681,webinar,not_decision_maker,21.8,smb_sdr
L-005682,webinar,wrong_use_case,7.0,smb_sdr
L-005683,webinar,no_budget,11.8,smb_sdr
L-005684,webinar,no_budget,5.1,smb_sdr
L-005685,webinar,,3.9,smb_sdr
L-005686,webinar,not_decision_maker,3.2,smb_sdr
L-005687,webinar,no_budget,5.4,smb_sdr
L-005688,webinar,no_response,4.4,smb_sdr
L-005689,webinar,no_response,9.8,smb_sdr
L-005690,webinar,no_budget,3.7,smb_sdr
L-005691,webinar,student_or_researcher,7.9,smb_sdr
L-005692,webinar,not_decision_maker,2.0,smb_sdr
L-005693,webinar,wrong_use_case,2.0,smb_sdr
L-005694,webinar,student_or_researcher,4.6,smb_sdr
L-005695,webinar,not_decision_maker,3.6,smb_sdr
L-005696,webinar,student_or_researcher,2.3,smb_sdr
L-005697,webinar,no_budget,2.7,smb_sdr
L-005698,webinar,not_decision_maker,16.1,smb_sdr
L-005699,webinar,no_response,7.3,smb_sdr
L-005700,webinar,no_response,2.9,smb_sdr
L-005701,webinar,not_decision_maker,1.8,smb_sdr
L-005702,webinar,no_budget,6.9,smb_sdr
L-005703,webinar,not_decision_maker,7.7,smb_sdr
L-005704,webinar,no_response,4.0,smb_sdr
L-005705,webinar,,5.4,smb_sdr
L-005706,webinar,wrong_use_case,2.2,smb_sdr
L-005707,webinar,student_or_researcher,7.1,smb_sdr
L-005708,webinar,student_or_researcher,6.2,smb_sdr
L-005709,webinar,,2.7,smb_sdr
L-005710,webinar,wrong_use_case,15.5,smb_sdr
L-005711,webinar,student_or_researcher,2.7,smb_sdr
L-005712,webinar,no_response,15.3,smb_sdr
L-005713,webinar,student_or_researcher,3.0,smb_sdr
L-005714,webinar,student_or_researcher,4.6,smb_sdr
L-005715,webinar,,4.5,smb_sdr
L-005716,webinar,no_response,4.7,smb_sdr
L-005717,webinar,duplicate,3.0,smb_sdr
L-005718,webinar,not_decision_maker,5.0,smb_sdr
L-005719,webinar,no_budget,4.4,smb_sdr
L-005720,webinar,no_budget,3.0,smb_sdr
L-005721,webinar,student_or_researcher,1.9,smb_sdr
L-005722,webinar,duplicate,6.9,smb_sdr
L-005723,webinar,no_budget,2.1,smb_sdr
L-005724,webinar,no_response,3.1,smb_sdr
L-005725,webinar,not_decision_maker,8.3,smb_sdr
L-005726,webinar,,6.0,smb_sdr
L-005727,webinar,,4.2,smb_sdr
L-005728,webinar,not_decision_maker,6.9,smb_sdr
L-005729,webinar,wrong_use_case,3.0,smb_sdr
L-005730,webinar,no_budget,7.0,smb_sdr
L-005731,webinar,student_or_researcher,7.6,smb_sdr
L-005732,webinar,wrong_use_case,3.3,smb_sdr
L-005733,webinar,not_decision_maker,3.0,smb_sdr
L-005734,webinar,not_decision_maker,1.1,smb_sdr
L-005735,webinar,duplicate,4.5,smb_sdr
L-005736,webinar,no_budget,1.4,smb_sdr
L-005737,webinar,duplicate,5.3,smb_sdr
L-005738,webinar,no_budget,11.4,smb_sdr
L-005739,webinar,no_budget,8.9,smb_sdr
L-005740,webinar,no_budget,9.3,smb_sdr
L-005741,webinar,not_decision_maker,4.5,smb_sdr
L-005742,webinar,duplicate,11.0,smb_sdr
L-005743,webinar,no_budget,44.6,unassigned
L-005744,webinar,not_decision_maker,3.6,smb_sdr
L-005745,webinar,wrong_use_case,4.0,smb_sdr
L-005746,webinar,student_or_researcher,10.8,smb_sdr
L-005747,webinar,no_budget,4.4,smb_sdr
L-005748,webinar,no_budget,5.4,smb_sdr
L-005749,webinar,not_decision_maker,1.8,smb_sdr
L-005750,webinar,no_budget,7.0,smb_sdr
L-005751,webinar,no_budget,4.4,smb_sdr
L-005752,webinar,duplicate,1.4,smb_sdr
L-005753,webinar,not_decision_maker,8.0,smb_sdr
L-005754,webinar,,4.3,smb_sdr
L-005755,webinar,wrong_use_case,4.9,smb_sdr
L-005756,webinar,no_budget,5.1,smb_sdr
L-005757,webinar,not_decision_maker,3.1,smb_sdr
L-005758,webinar,not_decision_maker,6.8,smb_sdr
L-005759,webinar,not_decision_maker,8.1,smb_sdr
L-005760,webinar,not_decision_maker,2.1,smb_sdr
L-005761,webinar,no_budget,16.1,smb_sdr
L-005762,webinar,,4.3,smb_sdr
L-005763,webinar,not_decision_maker,22.6,smb_sdr
L-005764,webinar,not_decision_maker,11.1,smb_sdr
L-005765,webinar,,13.8,smb_sdr
L-005766,webinar,not_decision_maker,3.2,smb_sdr
L-005767,webinar,not_decision_maker,4.7,smb_sdr
L-005768,webinar,student_or_researcher,5.8,smb_sdr
L-005769,webinar,student_or_researcher,12.0,smb_sdr
L-005770,webinar,no_budget,7.4,smb_sdr
L-005771,webinar,not_decision_maker,9.1,smb_sdr
L-005772,webinar,no_budget,3.2,smb_sdr
L-005773,webinar,duplicate,1.5,smb_sdr
L-005774,webinar,student_or_researcher,10.3,smb_sdr
L-005775,webinar,student_or_researcher,9.0,smb_sdr
L-005776,webinar,student_or_researcher,4.7,smb_sdr
L-005777,webinar,no_budget,5.0,smb_sdr
L-005778,webinar,not_decision_maker,5.7,smb_sdr
L-005779,webinar,no_response,3.6,smb_sdr
L-005780,webinar,not_decision_maker,6.3,smb_sdr
L-005781,webinar,no_budget,8.2,smb_sdr
L-005782,webinar,no_response,6.6,smb_sdr
L-005783,webinar,no_budget,10.8,smb_sdr
L-005784,webinar,not_decision_maker,28.5,smb_sdr
L-005785,webinar,not_decision_maker,4.1,smb_sdr
L-005786,webinar,not_decision_maker,8.8,smb_sdr
L-005787,webinar,no_budget,2.2,smb_sdr
L-005788,webinar,not_decision_maker,16.1,smb_sdr
L-005789,webinar,duplicate,3.7,smb_sdr
L-005790,webinar,student_or_researcher,7.5,smb_sdr
L-005791,webinar,student_or_researcher,18.5,smb_sdr
L-005792,webinar,no_budget,5.2,smb_sdr
L-005793,webinar,student_or_researcher,1.9,smb_sdr
L-005794,webinar,no_response,4.5,smb_sdr
L-005795,webinar,no_response,4.2,smb_sdr
L-005796,webinar,student_or_researcher,13.2,smb_sdr
L-005797,webinar,wrong_use_case,4.3,smb_sdr
L-005798,webinar,not_decision_maker,4.4,smb_sdr
L-005799,webinar,no_budget,10.2,smb_sdr
L-005800,webinar,no_budget,39.4,unassigned
L-005801,webinar,wrong_use_case,4.3,smb_sdr
L-005802,webinar,no_budget,2.8,smb_sdr
L-005803,webinar,,3.4,smb_sdr
L-005804,webinar,wrong_use_case,8.5,smb_sdr
L-005805,webinar,student_or_researcher,4.6,smb_sdr
L-005806,webinar,,3.6,smb_sdr
L-005807,webinar,not_decision_maker,5.1,smb_sdr
L-005808,webinar,no_budget,5.0,smb_sdr
L-005809,webinar,no_response,5.5,smb_sdr
L-005810,webinar,duplicate,3.1,smb_sdr
L-005811,webinar,no_budget,6.7,smb_sdr
L-005812,webinar,not_decision_maker,5.9,smb_sdr
L-005813,webinar,no_budget,7.7,smb_sdr
L-005814,webinar,duplicate,7.8,smb_sdr
L-005815,webinar,no_budget,2.2,smb_sdr
L-005816,webinar,,12.7,smb_sdr
L-005817,webinar,not_decision_maker,6.5,smb_sdr
L-005818,webinar,student_or_researcher,7.9,smb_sdr
L-005819,webinar,wrong_use_case,12.8,smb_sdr
L-005820,webinar,,1.9,smb_sdr
L-005821,webinar,no_budget,4.0,smb_sdr
L-005822,webinar,no_budget,34.8,unassigned
L-005823,webinar,student_or_researcher,5.2,smb_sdr
L-005824,webinar,not_decision_maker,1.7,smb_sdr
L-005825,webinar,not_decision_maker,5.0,smb_sdr
L-005826,webinar,student_or_researcher,5.6,smb_sdr
L-005827,webinar,not_decision_maker,2.6,smb_sdr
L-005828,webinar,no_budget,4.8,smb_sdr
L-005829,webinar,not_decision_maker,10.5,smb_sdr
L-005830,webinar,not_decision_maker,6.2,smb_sdr
L-005831,webinar,not_decision_maker,14.9,smb_sdr
L-005832,webinar,no_budget,2.0,smb_sdr
L-005833,webinar,no_budget,7.6,smb_sdr
L-005834,webinar,,6.3,smb_sdr
L-005835,webinar,no_budget,6.7,smb_sdr
L-005836,webinar,not_decision_maker,1.8,smb_sdr
L-005837,webinar,duplicate,4.2,smb_sdr
L-005838,webinar,no_budget,13.7,smb_sdr
L-005839,webinar,,1.1,smb_sdr
L-005840,webinar,not_decision_maker,3.3,smb_sdr
L-005841,webinar,,11.8,smb_sdr
L-005842,webinar,no_response,6.0,smb_sdr
L-005843,webinar,student_or_researcher,8.6,smb_sdr
L-005844,webinar,no_budget,11.0,smb_sdr
L-005845,webinar,not_decision_maker,9.7,smb_sdr
L-005846,webinar,,3.4,smb_sdr
L-005847,webinar,student_or_researcher,2.8,smb_sdr
L-005848,webinar,student_or_researcher,5.7,smb_sdr
L-005849,webinar,no_budget,9.4,smb_sdr
L-005850,webinar,no_budget,7.8,smb_sdr
L-005851,webinar,student_or_researcher,47.9,unassigned
L-005852,webinar,wrong_use_case,8.5,smb_sdr
L-005853,webinar,not_decision_maker,3.9,smb_sdr
L-005854,webinar,not_decision_maker,4.5,smb_sdr
L-005855,webinar,no_response,44.5,unassigned
L-005856,webinar,no_response,2.2,smb_sdr
L-005857,webinar,wrong_use_case,6.5,smb_sdr
L-005858,webinar,student_or_researcher,6.6,smb_sdr
L-005859,webinar,no_budget,2.1,smb_sdr
L-005860,webinar,no_budget,7.5,smb_sdr
L-005861,webinar,no_budget,1.3,smb_sdr
L-005862,webinar,not_decision_maker,2.9,smb_sdr
L-005863,webinar,,13.2,smb_sdr
L-005864,webinar,no_budget,3.3,smb_sdr
L-005865,webinar,no_response,10.5,smb_sdr
L-005866,webinar,not_decision_maker,4.4,smb_sdr
L-005867,webinar,,9.6,smb_sdr
L-005868,webinar,wrong_use_case,5.0,smb_sdr
L-005869,webinar,,2.6,smb_sdr
L-005870,webinar,duplicate,6.7,smb_sdr
L-005871,webinar,student_or_researcher,5.8,smb_sdr
L-005872,webinar,not_decision_maker,6.4,smb_sdr
L-005873,webinar,not_decision_maker,2.8,smb_sdr
L-005874,webinar,student_or_researcher,8.6,smb_sdr
L-005875,webinar,not_decision_maker,12.5,smb_sdr
L-005876,webinar,,11.0,smb_sdr
L-005877,webinar,student_or_researcher,4.0,smb_sdr
L-005878,webinar,not_decision_maker,2.5,smb_sdr
L-005879,webinar,student_or_researcher,2.2,smb_sdr
L-005880,webinar,no_budget,3.9,smb_sdr
L-005881,webinar,wrong_use_case,6.6,smb_sdr
L-005882,webinar,no_budget,6.8,smb_sdr
L-005883,webinar,no_budget,2.7,smb_sdr
L-005884,webinar,no_budget,10.0,smb_sdr
L-005885,webinar,no_budget,10.0,smb_sdr
L-005886,webinar,duplicate,12.2,smb_sdr
L-005887,webinar,not_decision_maker,3.6,smb_sdr
L-005888,webinar,not_decision_maker,8.0,smb_sdr
L-005889,webinar,no_budget,8.1,smb_sdr
L-005890,webinar,student_or_researcher,11.5,smb_sdr
L-005891,webinar,duplicate,2.7,smb_sdr
L-005892,webinar,no_budget,3.1,smb_sdr
L-005893,webinar,not_decision_maker,8.3,smb_sdr
L-005894,webinar,no_response,8.4,smb_sdr
L-005895,webinar,student_or_researcher,4.9,smb_sdr
L-005896,webinar,not_decision_maker,5.8,smb_sdr
L-005897,webinar,student_or_researcher,3.5,smb_sdr
L-005898,webinar,no_response,7.8,smb_sdr
L-005899,webinar,duplicate,12.0,smb_sdr
L-005900,webinar,no_budget,119.5,unassigned
L-005901,webinar,no_budget,6.1,smb_sdr
L-005902,webinar,student_or_researcher,9.5,smb_sdr
L-005903,webinar,not_decision_maker,8.2,smb_sdr
L-005904,webinar,no_response,17.7,smb_sdr
L-005905,webinar,wrong_use_case,2.4,smb_sdr
L-005906,webinar,not_decision_maker,3.9,smb_sdr
L-005907,webinar,duplicate,2.4,smb_sdr
L-005908,webinar,not_decision_maker,7.8,smb_sdr
L-005909,webinar,,7.0,smb_sdr
L-005910,webinar,no_budget,5.0,smb_sdr
L-005911,webinar,not_decision_maker,3.1,smb_sdr
L-005912,webinar,no_budget,8.2,smb_sdr
L-005913,webinar,duplicate,3.6,smb_sdr
L-005914,webinar,no_budget,4.4,smb_sdr
L-005915,webinar,no_budget,4.1,smb_sdr
L-005916,webinar,not_decision_maker,10.3,smb_sdr
L-005917,webinar,not_decision_maker,4.8,smb_sdr
L-005918,webinar,no_budget,13.8,smb_sdr
L-005919,webinar,,2.4,smb_sdr
L-005920,webinar,,4.7,smb_sdr
L-005921,webinar,no_response,4.9,smb_sdr
L-005922,webinar,not_decision_maker,2.0,smb_sdr
L-005923,webinar,student_or_researcher,19.9,smb_sdr
L-005924,webinar,student_or_researcher,3.9,smb_sdr
L-005925,webinar,no_budget,9.0,smb_sdr
L-005926,webinar,wrong_use_case,3.6,smb_sdr
L-005927,webinar,not_decision_maker,3.4,smb_sdr
L-005928,webinar,not_decision_maker,28.9,smb_sdr
L-005929,webinar,student_or_researcher,3.5,smb_sdr
L-005930,webinar,student_or_researcher,1.1,smb_sdr
L-005931,webinar,not_decision_maker,2.9,smb_sdr
L-005932,webinar,no_budget,3.0,smb_sdr
L-005933,webinar,not_decision_maker,4.6,smb_sdr
L-005934,webinar,student_or_researcher,7.9,smb_sdr
L-005935,webinar,not_decision_maker,2.6,smb_sdr
L-005936,webinar,student_or_researcher,9.4,smb_sdr
L-005937,webinar,student_or_researcher,3.9,smb_sdr
L-005938,webinar,wrong_use_case,2.5,smb_sdr
L-005939,webinar,not_decision_maker,7.0,smb_sdr
L-005940,webinar,no_budget,6.7,smb_sdr
L-005941,webinar,no_budget,3.6,smb_sdr
L-005942,webinar,no_budget,3.0,smb_sdr
L-005943,webinar,no_budget,6.0,smb_sdr
L-005944,webinar,student_or_researcher,11.2,smb_sdr
L-005945,webinar,,5.6,smb_sdr
L-005946,webinar,no_budget,7.9,smb_sdr
L-005947,webinar,,2.9,smb_sdr
L-005948,webinar,not_decision_maker,3.0,smb_sdr
L-005949,webinar,,4.9,smb_sdr
L-005950,webinar,student_or_researcher,5.7,smb_sdr
L-005951,webinar,,4.3,smb_sdr
L-005952,webinar,student_or_researcher,6.2,smb_sdr
L-005953,webinar,not_decision_maker,5.3,smb_sdr
L-005954,webinar,no_budget,9.0,smb_sdr
L-005955,webinar,no_budget,11.9,smb_sdr
L-005956,webinar,not_decision_maker,3.6,smb_sdr
L-005957,webinar,student_or_researcher,1.4,smb_sdr
L-005958,webinar,not_decision_maker,2.1,smb_sdr
L-005959,webinar,no_budget,2.2,smb_sdr
L-005960,webinar,not_decision_maker,3.9,smb_sdr
L-005961,webinar,no_response,1.7,smb_sdr
L-005962,webinar,no_budget,2.0,smb_sdr
L-005963,webinar,,5.0,smb_sdr
L-005964,webinar,not_decision_maker,8.5,smb_sdr
L-005965,webinar,no_budget,6.5,smb_sdr
L-005966,webinar,no_budget,5.1,smb_sdr
L-005967,webinar,no_response,6.6,smb_sdr
L-005968,webinar,no_budget,3.9,smb_sdr
L-005969,webinar,not_decision_maker,5.6,smb_sdr
L-005970,webinar,not_decision_maker,4.5,smb_sdr
L-005971,webinar,not_decision_maker,4.3,smb_sdr
L-005972,webinar,no_budget,10.3,smb_sdr
L-005973,webinar,,15.9,smb_sdr
L-005974,webinar,not_decision_maker,2.0,smb_sdr
L-005975,webinar,no_budget,7.3,smb_sdr
L-005976,webinar,not_decision_maker,4.5,smb_sdr
L-005977,webinar,student_or_researcher,2.7,smb_sdr
L-005978,webinar,duplicate,9.2,smb_sdr
L-005979,webinar,not_decision_maker,5.3,smb_sdr
L-005980,webinar,student_or_researcher,2.7,smb_sdr
L-005981,webinar,not_decision_maker,5.8,smb_sdr
L-005982,webinar,student_or_researcher,4.5,smb_sdr
L-005983,webinar,,6.5,smb_sdr
L-005984,webinar,no_budget,11.0,smb_sdr
L-005985,webinar,no_budget,5.3,smb_sdr
L-005986,webinar,no_budget,8.6,smb_sdr
L-005987,webinar,no_response,1.2,smb_sdr
L-005988,webinar,no_response,1.1,smb_sdr
L-005989,webinar,,4.8,smb_sdr
L-005990,webinar,no_budget,10.2,smb_sdr
L-005991,webinar,wrong_use_case,6.5,smb_sdr
L-005992,webinar,wrong_use_case,2.4,smb_sdr
L-005993,webinar,no_response,2.6,smb_sdr
L-005994,webinar,no_budget,10.7,smb_sdr
L-005995,webinar,not_decision_maker,3.0,smb_sdr
L-005996,webinar,student_or_researcher,3.4,smb_sdr
L-005997,webinar,no_budget,3.4,smb_sdr
L-005998,webinar,not_decision_maker,2.8,smb_sdr
L-005999,webinar,not_decision_maker,13.4,smb_sdr
L-006000,webinar,duplicate,6.0,smb_sdr
L-006001,webinar,not_decision_maker,2.9,smb_sdr
L-006002,webinar,student_or_researcher,4.5,smb_sdr
L-006003,webinar,no_budget,3.9,smb_sdr
L-006004,webinar,student_or_researcher,10.2,smb_sdr
L-006005,webinar,,6.4,smb_sdr
L-006006,webinar,student_or_researcher,2.3,smb_sdr
L-006007,webinar,not_decision_maker,5.6,smb_sdr
L-006008,webinar,duplicate,5.5,smb_sdr
L-006009,webinar,wrong_use_case,1.5,smb_sdr
L-006010,webinar,not_decision_maker,1.5,smb_sdr
L-006011,webinar,wrong_use_case,2.6,smb_sdr
L-006012,webinar,no_budget,21.1,smb_sdr
L-006013,webinar,student_or_researcher,3.3,smb_sdr
L-006014,webinar,not_decision_maker,2.6,smb_sdr
L-006015,webinar,no_budget,6.4,smb_sdr
L-006016,webinar,no_budget,4.9,smb_sdr
L-006017,webinar,student_or_researcher,3.7,smb_sdr
L-006018,webinar,not_decision_maker,6.3,smb_sdr
L-006019,webinar,student_or_researcher,1.9,smb_sdr
L-006020,webinar,wrong_use_case,3.4,smb_sdr
L-006021,webinar,,5.0,smb_sdr
L-006022,webinar,duplicate,12.2,smb_sdr
L-006023,webinar,not_decision_maker,5.5,smb_sdr
L-006024,webinar,not_decision_maker,16.7,smb_sdr
L-006025,webinar,no_budget,5.3,smb_sdr
L-006026,webinar,student_or_researcher,5.0,smb_sdr
L-006027,webinar,no_budget,7.6,smb_sdr
L-006028,webinar,no_budget,81.6,unassigned
L-006029,webinar,,34.9,unassigned
L-006030,webinar,no_response,28.2,smb_sdr
L-006031,webinar,,2.9,smb_sdr
L-006032,webinar,not_decision_maker,3.0,smb_sdr
L-006033,webinar,wrong_use_case,5.6,smb_sdr
L-006034,webinar,no_budget,3.2,smb_sdr
L-006035,webinar,duplicate,8.4,smb_sdr
L-006036,webinar,no_budget,84.8,unassigned
L-006037,webinar,no_response,4.4,smb_sdr
L-006038,webinar,not_decision_maker,5.3,smb_sdr
L-006039,webinar,not_decision_maker,5.0,smb_sdr
L-006040,webinar,no_budget,3.7,smb_sdr
L-006041,webinar,no_response,8.1,smb_sdr
L-006042,webinar,not_decision_maker,3.9,smb_sdr
L-006043,webinar,not_decision_maker,7.4,smb_sdr
L-006044,webinar,no_response,16.3,smb_sdr
L-006045,webinar,no_response,12.0,smb_sdr
L-006046,webinar,not_decision_maker,5.9,smb_sdr
L-006047,webinar,not_decision_maker,5.5,smb_sdr
L-006048,webinar,wrong_use_case,2.7,smb_sdr
L-006049,webinar,no_budget,7.0,smb_sdr
L-006050,webinar,no_response,3.2,smb_sdr
L-006051,webinar,,5.1,smb_sdr
L-006052,webinar,no_budget,9.8,smb_sdr
L-006053,webinar,not_decision_maker,14.1,smb_sdr
L-006054,webinar,student_or_researcher,8.1,smb_sdr
L-006055,webinar,not_decision_maker,7.6,smb_sdr
L-006056,webinar,no_response,13.1,smb_sdr
L-006057,webinar,not_decision_maker,5.7,smb_sdr
L-006058,webinar,no_response,2.0,smb_sdr
L-006059,webinar,not_decision_maker,4.9,smb_sdr
L-006060,webinar,no_budget,5.1,smb_sdr
L-006061,webinar,not_decision_maker,48.4,unassigned
L-006062,webinar,no_budget,4.9,smb_sdr
L-006063,webinar,no_response,7.6,smb_sdr
L-006064,webinar,no_budget,2.2,smb_sdr
L-006065,webinar,no_budget,8.3,smb_sdr
L-006066,webinar,student_or_researcher,5.2,smb_sdr
L-006067,webinar,no_budget,11.5,smb_sdr
L-006068,webinar,student_or_researcher,1.8,smb_sdr
L-006069,webinar,no_budget,4.9,smb_sdr
L-006070,webinar,,8.4,smb_sdr
L-006071,webinar,no_response,3.7,smb_sdr
L-006072,webinar,wrong_use_case,4.2,smb_sdr
L-006073,webinar,no_budget,6.7,smb_sdr
L-006074,webinar,no_response,7.5,smb_sdr
L-006075,webinar,no_response,7.6,smb_sdr
L-006076,webinar,no_budget,13.7,smb_sdr
L-006077,webinar,wrong_use_case,2.4,smb_sdr
L-006078,webinar,,3.2,smb_sdr
L-006079,webinar,not_decision_maker,2.6,smb_sdr
L-006080,webinar,no_budget,3.9,smb_sdr
L-006081,webinar,student_or_researcher,3.9,smb_sdr
L-006082,webinar,wrong_use_case,4.1,smb_sdr
L-006083,webinar,no_budget,1.3,smb_sdr
L-006084,webinar,no_response,4.8,smb_sdr
L-006085,webinar,no_budget,2.1,smb_sdr
L-006086,webinar,duplicate,3.2,smb_sdr
L-006087,webinar,no_budget,3.2,smb_sdr
L-006088,webinar,duplicate,4.8,smb_sdr
L-006089,webinar,wrong_use_case,7.3,smb_sdr
L-006090,webinar,student_or_researcher,5.6,smb_sdr
L-006091,webinar,student_or_researcher,25.5,smb_sdr
L-006092,webinar,no_response,2.5,smb_sdr
L-006093,webinar,,9.0,smb_sdr
L-006094,webinar,,11.8,smb_sdr
L-006095,webinar,not_decision_maker,8.5,smb_sdr
L-006096,webinar,no_budget,19.8,smb_sdr
L-006097,webinar,not_decision_maker,6.7,smb_sdr
L-006098,webinar,student_or_researcher,10.2,smb_sdr
L-006099,webinar,wrong_use_case,4.5,smb_sdr
L-006100,webinar,no_budget,12.4,smb_sdr
L-006101,webinar,no_budget,2.4,smb_sdr
L-006102,webinar,no_response,7.0,smb_sdr
L-006103,webinar,no_response,6.7,smb_sdr
L-006104,webinar,duplicate,7.1,smb_sdr
L-006105,webinar,no_budget,10.3,smb_sdr
L-006106,webinar,,14.1,smb_sdr
L-006107,webinar,not_decision_maker,8.2,smb_sdr
L-006108,webinar,no_budget,7.9,smb_sdr
L-006109,webinar,student_or_researcher,4.5,mid_market_ae
L-006110,webinar,no_budget,4.9,mid_market_ae
L-006111,webinar,no_budget,6.7,mid_market_ae
L-006112,webinar,wrong_use_case,7.1,mid_market_ae
L-006113,webinar,not_decision_maker,7.2,mid_market_ae
L-006114,webinar,not_decision_maker,3.1,mid_market_ae
L-006115,webinar,no_budget,2.4,mid_market_ae
L-006116,webinar,not_decision_maker,12.6,mid_market_ae
L-006117,webinar,student_or_researcher,8.5,mid_market_ae
L-006118,webinar,not_decision_maker,2.8,mid_market_ae
L-006119,webinar,no_budget,3.1,mid_market_ae
L-006120,webinar,no_budget,3.8,mid_market_ae
L-006121,webinar,wrong_use_case,7.3,mid_market_ae
L-006122,webinar,no_budget,0.9,mid_market_ae
L-006123,webinar,student_or_researcher,3.5,mid_market_ae
L-006124,webinar,duplicate,1.7,mid_market_ae
L-006125,webinar,duplicate,10.7,mid_market_ae
L-006126,webinar,not_decision_maker,3.5,mid_market_ae
L-006127,webinar,,11.8,mid_market_ae
L-006128,webinar,wrong_use_case,8.6,mid_market_ae
L-006129,webinar,not_decision_maker,15.8,mid_market_ae
L-006130,webinar,no_budget,6.8,mid_market_ae
L-006131,webinar,student_or_researcher,4.2,mid_market_ae
L-006132,webinar,student_or_researcher,6.7,mid_market_ae
L-006133,webinar,not_decision_maker,13.6,mid_market_ae
L-006134,webinar,student_or_researcher,3.8,mid_market_ae
L-006135,webinar,duplicate,5.3,mid_market_ae
L-006136,webinar,student_or_researcher,3.9,mid_market_ae
L-006137,webinar,no_response,7.0,mid_market_ae
L-006138,webinar,not_decision_maker,3.1,mid_market_ae
L-006139,webinar,student_or_researcher,3.9,mid_market_ae
L-006140,webinar,no_budget,2.7,mid_market_ae
L-006141,webinar,no_budget,11.7,mid_market_ae
L-006142,webinar,,17.5,mid_market_ae
L-006143,webinar,wrong_use_case,8.6,mid_market_ae
L-006144,webinar,,8.3,mid_market_ae
L-006145,webinar,no_budget,4.3,mid_market_ae
L-006146,webinar,no_budget,2.5,mid_market_ae
L-006147,webinar,not_decision_maker,2.1,mid_market_ae
L-006148,webinar,no_budget,15.0,mid_market_ae
L-006149,webinar,student_or_researcher,4.3,mid_market_ae
L-006150,webinar,duplicate,5.7,mid_market_ae
L-006151,webinar,student_or_researcher,7.0,mid_market_ae
L-006152,webinar,,7.0,mid_market_ae
L-006153,webinar,student_or_researcher,6.8,mid_market_ae
L-006154,webinar,no_budget,4.1,mid_market_ae
L-006155,webinar,not_decision_maker,8.1,mid_market_ae
L-006156,webinar,wrong_use_case,5.2,mid_market_ae
L-006157,webinar,wrong_use_case,6.1,mid_market_ae
L-006158,webinar,student_or_researcher,2.6,mid_market_ae
L-006159,webinar,student_or_researcher,4.3,mid_market_ae
L-006160,webinar,no_budget,3.1,mid_market_ae
L-006161,webinar,student_or_researcher,2.2,mid_market_ae
L-006162,webinar,,4.1,mid_market_ae
L-006163,webinar,student_or_researcher,4.9,mid_market_ae
L-006164,webinar,no_budget,37.9,unassigned
L-006165,webinar,,4.7,mid_market_ae
L-006166,webinar,student_or_researcher,6.3,mid_market_ae
L-006167,webinar,no_response,1.4,mid_market_ae
L-006168,webinar,student_or_researcher,5.9,mid_market_ae
L-006169,webinar,no_budget,4.7,mid_market_ae
L-006170,webinar,,2.3,mid_market_ae
L-006171,webinar,wrong_use_case,9.7,mid_market_ae
L-006172,webinar,student_or_researcher,7.8,mid_market_ae
L-006173,webinar,no_budget,1.9,mid_market_ae
L-006174,webinar,not_decision_maker,6.1,mid_market_ae
L-006175,webinar,no_response,11.3,mid_market_ae
L-006176,webinar,,5.0,mid_market_ae
L-006177,webinar,no_budget,3.7,mid_market_ae
L-006178,webinar,no_budget,5.6,mid_market_ae
L-006179,webinar,student_or_researcher,4.3,mid_market_ae
L-006180,webinar,not_decision_maker,4.9,mid_market_ae
L-006181,webinar,no_response,2.0,mid_market_ae
L-006182,webinar,no_budget,4.6,mid_market_ae
L-006183,webinar,,5.5,mid_market_ae
L-006184,webinar,wrong_use_case,5.5,mid_market_ae
L-006185,webinar,duplicate,24.1,mid_market_ae
L-006186,webinar,duplicate,2.7,mid_market_ae
L-006187,webinar,student_or_researcher,6.9,mid_market_ae
L-006188,webinar,no_budget,0.8,mid_market_ae
L-006189,webinar,no_budget,2.3,mid_market_ae
L-006190,webinar,no_budget,2.5,mid_market_ae
L-006191,webinar,no_response,4.7,mid_market_ae
L-006192,webinar,no_budget,9.6,mid_market_ae
L-006193,webinar,,3.5,mid_market_ae
L-006194,webinar,no_response,3.1,mid_market_ae
L-006195,webinar,student_or_researcher,4.7,mid_market_ae
L-006196,webinar,not_decision_maker,4.9,mid_market_ae
L-006197,webinar,no_budget,13.2,mid_market_ae
L-006198,webinar,no_budget,4.5,mid_market_ae
L-006199,webinar,no_budget,2.2,mid_market_ae
L-006200,webinar,no_response,5.8,mid_market_ae
L-006201,webinar,wrong_use_case,2.0,mid_market_ae
L-006202,webinar,student_or_researcher,9.7,mid_market_ae
L-006203,webinar,wrong_use_case,6.0,mid_market_ae
L-006204,webinar,no_budget,11.5,mid_market_ae
L-006205,webinar,not_decision_maker,5.5,mid_market_ae
L-006206,webinar,wrong_use_case,2.8,mid_market_ae
L-006207,webinar,not_decision_maker,11.3,mid_market_ae
L-006208,webinar,duplicate,2.4,mid_market_ae
L-006209,webinar,no_budget,8.1,mid_market_ae
L-006210,webinar,student_or_researcher,1.5,mid_market_ae
L-006211,webinar,,3.2,mid_market_ae
L-006212,webinar,,11.0,mid_market_ae
L-006213,webinar,student_or_researcher,15.1,mid_market_ae
L-006214,webinar,student_or_researcher,5.0,mid_market_ae
L-006215,webinar,not_decision_maker,2.3,mid_market_ae
L-006216,webinar,no_budget,8.8,mid_market_ae
L-006217,webinar,not_decision_maker,7.3,mid_market_ae
L-006218,webinar,student_or_researcher,3.8,mid_market_ae
L-006219,webinar,,7.8,mid_market_ae
L-006220,webinar,duplicate,47.7,unassigned
L-006221,webinar,student_or_researcher,2.4,mid_market_ae
L-006222,webinar,no_budget,5.9,mid_market_ae
L-006223,webinar,duplicate,6.0,mid_market_ae
L-006224,webinar,wrong_use_case,5.6,mid_market_ae
L-006225,webinar,no_budget,8.9,mid_market_ae
L-006226,webinar,no_budget,9.8,mid_market_ae
L-006227,webinar,,6.5,mid_market_ae
L-006228,webinar,no_budget,1.9,mid_market_ae
L-006229,webinar,not_decision_maker,2.3,mid_market_ae
L-006230,webinar,no_budget,3.4,mid_market_ae
L-006231,webinar,no_budget,5.2,mid_market_ae
L-006232,webinar,no_response,9.4,mid_market_ae
L-006233,webinar,student_or_researcher,9.6,mid_market_ae
L-006234,webinar,no_budget,2.8,mid_market_ae
L-006235,webinar,wrong_use_case,63.0,unassigned
L-006236,webinar,no_response,4.8,mid_market_ae
L-006237,webinar,no_budget,4.8,mid_market_ae
L-006238,webinar,no_budget,2.6,mid_market_ae
L-006239,webinar,wrong_use_case,5.4,mid_market_ae
L-006240,webinar,student_or_researcher,3.3,mid_market_ae
L-006241,webinar,student_or_researcher,7.5,mid_market_ae
L-006242,webinar,student_or_researcher,2.6,mid_market_ae
L-006243,webinar,not_decision_maker,5.0,mid_market_ae
L-006244,webinar,student_or_researcher,3.8,mid_market_ae
L-006245,webinar,student_or_researcher,8.0,mid_market_ae
L-006246,webinar,not_decision_maker,4.2,mid_market_ae
L-006247,webinar,no_budget,6.0,mid_market_ae
L-006248,webinar,no_budget,3.3,mid_market_ae
L-006249,webinar,no_budget,7.2,mid_market_ae
L-006250,webinar,not_decision_maker,4.6,mid_market_ae
L-006251,webinar,not_decision_maker,13.7,mid_market_ae
L-006252,webinar,student_or_researcher,6.0,mid_market_ae
L-006253,webinar,no_budget,4.9,mid_market_ae
L-006254,webinar,no_budget,5.8,mid_market_ae
L-006255,webinar,not_decision_maker,6.1,mid_market_ae
L-006256,webinar,no_budget,2.3,mid_market_ae
L-006257,webinar,no_budget,3.8,mid_market_ae
L-006258,webinar,student_or_researcher,3.4,mid_market_ae
L-006259,webinar,,15.0,mid_market_ae
L-006260,webinar,no_budget,1.1,mid_market_ae
L-006261,webinar,not_decision_maker,2.2,mid_market_ae
L-006262,webinar,no_budget,4.8,mid_market_ae
L-006263,webinar,no_budget,4.8,mid_market_ae
L-006264,webinar,not_decision_maker,5.9,mid_market_ae
L-006265,webinar,no_budget,6.6,mid_market_ae
L-006266,webinar,student_or_researcher,4.3,mid_market_ae
L-006267,webinar,no_budget,2.8,mid_market_ae
L-006268,webinar,no_budget,7.9,mid_market_ae
L-006269,webinar,not_decision_maker,2.3,mid_market_ae
L-006270,webinar,duplicate,4.5,mid_market_ae
L-006271,webinar,no_budget,4.7,mid_market_ae
L-006272,webinar,not_decision_maker,6.0,mid_market_ae
L-006273,webinar,no_budget,42.6,unassigned
L-006274,webinar,wrong_use_case,8.7,mid_market_ae
L-006275,webinar,not_decision_maker,6.9,mid_market_ae
L-006276,webinar,student_or_researcher,6.2,mid_market_ae
L-006277,webinar,,3.2,mid_market_ae
L-006278,webinar,wrong_use_case,2.1,mid_market_ae
L-006279,webinar,not_decision_maker,6.7,mid_market_ae
L-006280,webinar,no_budget,16.6,mid_market_ae
L-006281,webinar,no_budget,5.3,mid_market_ae
L-006282,webinar,student_or_researcher,21.9,mid_market_ae
L-006283,webinar,student_or_researcher,2.3,mid_market_ae
L-006284,webinar,no_budget,5.4,mid_market_ae
L-006285,webinar,not_decision_maker,1.3,mid_market_ae
L-006286,webinar,not_decision_maker,2.8,mid_market_ae
L-006287,webinar,,8.3,mid_market_ae
L-006288,webinar,no_budget,1.4,mid_market_ae
L-006289,webinar,student_or_researcher,6.7,mid_market_ae
L-006290,webinar,student_or_researcher,7.2,mid_market_ae
L-006291,webinar,no_budget,2.6,mid_market_ae
L-006292,webinar,no_budget,5.1,mid_market_ae
L-006293,webinar,no_budget,3.0,mid_market_ae
L-006294,webinar,duplicate,7.9,mid_market_ae
L-006295,webinar,no_budget,9.8,mid_market_ae
L-006296,webinar,not_decision_maker,3.6,mid_market_ae
L-006297,webinar,,3.9,mid_market_ae
L-006298,webinar,no_budget,3.5,mid_market_ae
L-006299,webinar,student_or_researcher,4.1,mid_market_ae
L-006300,webinar,duplicate,2.9,mid_market_ae
L-006301,webinar,duplicate,5.2,mid_market_ae
L-006302,webinar,not_decision_maker,3.6,mid_market_ae
L-006303,webinar,no_budget,8.2,mid_market_ae
L-006304,webinar,duplicate,4.2,mid_market_ae
L-006305,webinar,not_decision_maker,13.9,mid_market_ae
L-006306,webinar,duplicate,10.0,mid_market_ae
L-006307,webinar,wrong_use_case,9.2,mid_market_ae
L-006308,webinar,wrong_use_case,2.0,mid_market_ae
L-006309,webinar,wrong_use_case,7.1,mid_market_ae
L-006310,webinar,no_response,7.7,mid_market_ae
L-006311,webinar,no_budget,1.8,mid_market_ae
L-006312,webinar,,7.9,mid_market_ae
L-006313,webinar,no_budget,3.9,mid_market_ae
L-006314,webinar,no_budget,3.0,mid_market_ae
L-006315,webinar,not_decision_maker,3.7,mid_market_ae
L-006316,webinar,no_budget,5.7,mid_market_ae
L-006317,webinar,student_or_researcher,1.5,mid_market_ae
L-006318,webinar,student_or_researcher,3.8,mid_market_ae
L-006319,webinar,student_or_researcher,3.7,mid_market_ae
L-006320,webinar,not_decision_maker,12.7,mid_market_ae
L-006321,webinar,no_response,4.9,mid_market_ae
L-006322,webinar,student_or_researcher,23.0,mid_market_ae
L-006323,webinar,no_budget,6.8,mid_market_ae
L-006324,webinar,not_decision_maker,3.4,mid_market_ae
L-006325,webinar,wrong_use_case,7.4,mid_market_ae
L-006326,webinar,duplicate,6.3,mid_market_ae
L-006327,webinar,no_budget,10.4,mid_market_ae
L-006328,webinar,no_budget,4.0,mid_market_ae
L-006329,webinar,wrong_use_case,5.5,mid_market_ae
L-006330,webinar,duplicate,3.9,mid_market_ae
L-006331,webinar,no_budget,6.5,mid_market_ae
L-006332,webinar,no_budget,3.8,mid_market_ae
L-006333,webinar,duplicate,3.6,mid_market_ae
L-006334,webinar,student_or_researcher,2.1,mid_market_ae
L-006335,webinar,no_budget,7.2,mid_market_ae
L-006336,webinar,student_or_researcher,6.9,mid_market_ae
L-006337,webinar,,4.3,mid_market_ae
L-006338,webinar,no_response,10.6,mid_market_ae
L-006339,webinar,no_budget,13.7,mid_market_ae
L-006340,webinar,no_budget,3.5,mid_market_ae
L-006341,webinar,student_or_researcher,11.7,mid_market_ae
L-006342,webinar,student_or_researcher,7.3,mid_market_ae
L-006343,webinar,wrong_use_case,2.6,mid_market_ae
L-006344,webinar,,5.3,mid_market_ae
L-006345,webinar,student_or_researcher,4.4,mid_market_ae
L-006346,webinar,duplicate,14.7,mid_market_ae
L-006347,webinar,,7.9,mid_market_ae
L-006348,webinar,no_budget,4.7,mid_market_ae
L-006349,webinar,student_or_researcher,4.6,mid_market_ae
L-006350,webinar,,4.5,mid_market_ae
L-006351,webinar,student_or_researcher,6.0,mid_market_ae
L-006352,webinar,student_or_researcher,16.6,mid_market_ae
L-006353,webinar,no_budget,5.7,mid_market_ae
L-006354,webinar,not_decision_maker,2.6,mid_market_ae
L-006355,webinar,not_decision_maker,26.1,unassigned
L-006356,webinar,not_decision_maker,3.7,mid_market_ae
L-006357,webinar,no_budget,1.8,mid_market_ae
L-006358,webinar,student_or_researcher,7.5,mid_market_ae
L-006359,webinar,student_or_researcher,4.2,mid_market_ae
L-006360,webinar,no_budget,2.9,mid_market_ae
L-006361,webinar,student_or_researcher,8.4,mid_market_ae
L-006362,webinar,student_or_researcher,4.3,mid_market_ae
L-006363,webinar,wrong_use_case,2.4,mid_market_ae
L-006364,webinar,student_or_researcher,3.2,mid_market_ae
L-006365,webinar,not_decision_maker,2.5,mid_market_ae
L-006366,webinar,wrong_use_case,9.0,mid_market_ae
L-006367,webinar,no_budget,4.2,mid_market_ae
L-006368,webinar,not_decision_maker,5.4,mid_market_ae
L-006369,webinar,no_budget,1.6,mid_market_ae
L-006370,webinar,wrong_use_case,2.6,mid_market_ae
L-006371,webinar,no_budget,2.3,mid_market_ae
L-006372,webinar,student_or_researcher,3.8,mid_market_ae
L-006373,webinar,no_budget,1.5,mid_market_ae
L-006374,webinar,wrong_use_case,1.7,mid_market_ae
L-006375,webinar,no_budget,6.2,mid_market_ae
L-006376,webinar,not_decision_maker,3.4,mid_market_ae
L-006377,webinar,duplicate,7.5,mid_market_ae
L-006378,webinar,no_budget,4.0,mid_market_ae
L-006379,webinar,not_decision_maker,3.9,mid_market_ae
L-006380,webinar,student_or_researcher,3.4,mid_market_ae
L-006381,webinar,wrong_use_case,1.5,mid_market_ae
L-006382,webinar,,4.3,mid_market_ae
L-006383,webinar,,7.6,mid_market_ae
L-006384,webinar,wrong_use_case,15.8,mid_market_ae
L-006385,webinar,duplicate,4.3,mid_market_ae
L-006386,webinar,student_or_researcher,1.7,mid_market_ae
L-006387,webinar,no_budget,13.8,mid_market_ae
L-006388,webinar,no_budget,10.9,mid_market_ae
L-006389,webinar,not_decision_maker,3.8,mid_market_ae
L-006390,webinar,student_or_researcher,8.2,mid_market_ae
L-006391,webinar,duplicate,7.7,mid_market_ae
L-006392,webinar,,5.3,mid_market_ae
L-006393,webinar,not_decision_maker,5.4,mid_market_ae
L-006394,webinar,student_or_researcher,5.0,mid_market_ae
L-006395,webinar,no_budget,2.2,mid_market_ae
L-006396,webinar,,7.7,mid_market_ae
L-006397,webinar,wrong_use_case,9.1,mid_market_ae
L-006398,webinar,student_or_researcher,11.6,mid_market_ae
L-006399,webinar,not_decision_maker,2.6,mid_market_ae
L-006400,webinar,wrong_use_case,4.1,mid_market_ae
L-006401,webinar,,2.3,mid_market_ae
L-006402,webinar,not_decision_maker,4.6,mid_market_ae
L-006403,webinar,not_decision_maker,3.9,mid_market_ae
L-006404,webinar,student_or_researcher,7.0,mid_market_ae
L-006405,webinar,no_budget,9.1,mid_market_ae
L-006406,webinar,not_decision_maker,1.4,mid_market_ae
L-006407,webinar,not_decision_maker,9.1,mid_market_ae
L-006408,webinar,not_decision_maker,9.4,mid_market_ae
L-006409,webinar,not_decision_maker,4.0,mid_market_ae
L-006410,webinar,duplicate,3.2,mid_market_ae
L-006411,webinar,no_budget,8.4,mid_market_ae
L-006412,webinar,not_decision_maker,1.8,mid_market_ae
L-006413,webinar,not_decision_maker,2.8,mid_market_ae
L-006414,webinar,no_budget,3.2,mid_market_ae
L-006415,webinar,,6.3,mid_market_ae
L-006416,webinar,no_budget,6.7,mid_market_ae
L-006417,webinar,wrong_use_case,6.6,mid_market_ae
L-006418,webinar,,4.3,mid_market_ae
L-006419,webinar,,8.6,mid_market_ae
L-006420,webinar,,21.3,mid_market_ae
L-006421,webinar,no_budget,3.6,mid_market_ae
L-006422,webinar,duplicate,15.3,mid_market_ae
L-006423,webinar,student_or_researcher,7.7,mid_market_ae
L-006424,webinar,not_decision_maker,77.3,unassigned
L-006425,webinar,not_decision_maker,4.6,mid_market_ae
L-006426,webinar,not_decision_maker,5.4,mid_market_ae
L-006427,webinar,no_budget,5.3,mid_market_ae
L-006428,webinar,no_response,18.2,mid_market_ae
L-006429,webinar,wrong_use_case,3.7,mid_market_ae
L-006430,webinar,,3.0,mid_market_ae
L-006431,webinar,duplicate,3.3,mid_market_ae
L-006432,webinar,,5.0,mid_market_ae
L-006433,webinar,no_budget,5.5,mid_market_ae
L-006434,webinar,no_budget,2.9,mid_market_ae
L-006435,webinar,student_or_researcher,14.4,mid_market_ae
L-006436,webinar,wrong_use_case,3.0,mid_market_ae
L-006437,webinar,student_or_researcher,3.7,mid_market_ae
L-006438,webinar,student_or_researcher,5.7,mid_market_ae
L-006439,webinar,no_budget,7.0,mid_market_ae
L-006440,webinar,student_or_researcher,2.1,mid_market_ae
L-006441,webinar,no_response,16.2,mid_market_ae
L-006442,webinar,no_budget,4.5,mid_market_ae
L-006443,webinar,not_decision_maker,12.4,mid_market_ae
L-006444,webinar,,5.8,mid_market_ae
L-006445,webinar,not_decision_maker,3.5,mid_market_ae
L-006446,webinar,duplicate,7.1,mid_market_ae
L-006447,webinar,no_response,12.7,mid_market_ae
L-006448,webinar,student_or_researcher,8.3,mid_market_ae
L-006449,webinar,not_decision_maker,8.6,mid_market_ae
L-006450,webinar,no_response,3.4,mid_market_ae
L-006451,webinar,not_decision_maker,2.1,mid_market_ae
L-006452,webinar,not_decision_maker,5.9,mid_market_ae
L-006453,webinar,not_decision_maker,2.4,mid_market_ae
L-006454,webinar,student_or_researcher,6.5,mid_market_ae
L-006455,webinar,wrong_use_case,5.0,mid_market_ae
L-006456,webinar,no_budget,5.3,mid_market_ae
L-006457,webinar,not_decision_maker,4.5,mid_market_ae
L-006458,webinar,not_decision_maker,4.3,mid_market_ae
L-006459,webinar,,2.9,mid_market_ae
L-006460,webinar,no_response,51.0,unassigned
L-006461,webinar,no_response,10.2,mid_market_ae
L-006462,webinar,no_budget,4.2,mid_market_ae
L-006463,webinar,no_budget,5.2,mid_market_ae
L-006464,webinar,no_budget,3.4,mid_market_ae
L-006465,webinar,not_decision_maker,6.9,mid_market_ae
L-006466,webinar,not_decision_maker,3.5,mid_market_ae
L-006467,webinar,student_or_researcher,9.6,mid_market_ae
L-006468,webinar,not_decision_maker,3.4,mid_market_ae
L-006469,webinar,wrong_use_case,2.1,mid_market_ae
L-006470,webinar,student_or_researcher,4.1,mid_market_ae
L-006471,webinar,no_response,2.1,mid_market_ae
L-006472,webinar,wrong_use_case,7.4,mid_market_ae
L-006473,webinar,student_or_researcher,3.4,mid_market_ae
L-006474,webinar,no_budget,14.0,mid_market_ae
L-006475,webinar,no_budget,4.1,mid_market_ae
L-006476,webinar,,4.0,mid_market_ae
L-006477,webinar,not_decision_maker,4.2,mid_market_ae
L-006478,webinar,no_budget,8.9,mid_market_ae
L-006479,webinar,student_or_researcher,1.3,mid_market_ae
L-006480,webinar,no_budget,6.1,mid_market_ae
L-006481,webinar,,14.2,mid_market_ae
L-006482,webinar,not_decision_maker,5.1,mid_market_ae
L-006483,webinar,,2.3,mid_market_ae
L-006484,webinar,duplicate,10.9,mid_market_ae
L-006485,webinar,no_response,6.3,mid_market_ae
L-006486,webinar,,11.5,mid_market_ae
L-006487,webinar,not_decision_maker,5.7,mid_market_ae
L-006488,webinar,,3.8,mid_market_ae
L-006489,webinar,no_response,4.3,mid_market_ae
L-006490,webinar,,5.0,mid_market_ae
L-006491,webinar,not_decision_maker,7.2,mid_market_ae
L-006492,webinar,not_decision_maker,3.4,mid_market_ae
L-006493,webinar,not_decision_maker,4.8,mid_market_ae
L-006494,webinar,student_or_researcher,2.5,mid_market_ae
L-006495,webinar,no_budget,4.2,mid_market_ae
L-006496,webinar,student_or_researcher,5.7,mid_market_ae
L-006497,webinar,not_decision_maker,7.5,mid_market_ae
L-006498,webinar,not_decision_maker,7.2,mid_market_ae
L-006499,webinar,wrong_use_case,12.1,mid_market_ae
L-006500,webinar,student_or_researcher,3.4,mid_market_ae
L-006501,webinar,not_decision_maker,2.7,mid_market_ae
L-006502,webinar,not_decision_maker,4.5,mid_market_ae
L-006503,webinar,no_budget,6.1,mid_market_ae
L-006504,webinar,,4.1,mid_market_ae
L-006505,webinar,student_or_researcher,2.3,mid_market_ae
L-006506,webinar,no_budget,4.9,mid_market_ae
L-006507,webinar,no_response,2.8,mid_market_ae
L-006508,webinar,no_budget,5.0,mid_market_ae
L-006509,webinar,no_budget,1.8,mid_market_ae
L-006510,webinar,,8.6,mid_market_ae
L-006511,webinar,student_or_researcher,2.3,mid_market_ae
L-006512,webinar,student_or_researcher,3.2,mid_market_ae
L-006513,webinar,no_budget,10.0,mid_market_ae
L-006514,webinar,no_budget,5.3,mid_market_ae
L-006515,webinar,no_response,10.1,mid_market_ae
L-006516,webinar,no_budget,6.5,mid_market_ae
L-006517,webinar,not_decision_maker,7.2,mid_market_ae
L-006518,webinar,,4.6,mid_market_ae
L-006519,webinar,not_decision_maker,10.8,mid_market_ae
L-006520,webinar,,4.5,mid_market_ae
L-006521,webinar,student_or_researcher,2.4,mid_market_ae
L-006522,webinar,student_or_researcher,11.2,mid_market_ae
L-006523,webinar,wrong_use_case,10.3,mid_market_ae
L-006524,webinar,no_response,3.2,mid_market_ae
L-006525,webinar,,2.9,mid_market_ae
L-006526,webinar,student_or_researcher,14.8,mid_market_ae
L-006527,webinar,wrong_use_case,6.9,mid_market_ae
L-006528,webinar,,3.5,mid_market_ae
L-006529,webinar,no_response,5.0,mid_market_ae
L-006530,webinar,not_decision_maker,3.1,mid_market_ae
L-006531,webinar,not_decision_maker,6.1,mid_market_ae
L-006532,webinar,,19.2,mid_market_ae
L-006533,webinar,duplicate,13.6,mid_market_ae
L-006534,webinar,no_response,4.7,mid_market_ae
L-006535,webinar,wrong_use_case,6.1,mid_market_ae
L-006536,webinar,no_budget,5.8,mid_market_ae
L-006537,webinar,no_budget,6.9,mid_market_ae
L-006538,webinar,student_or_researcher,4.2,mid_market_ae
L-006539,webinar,wrong_use_case,3.1,mid_market_ae
L-006540,webinar,not_decision_maker,6.6,mid_market_ae
L-006541,webinar,student_or_researcher,3.4,mid_market_ae
L-006542,webinar,no_budget,12.4,mid_market_ae
L-006543,webinar,not_decision_maker,3.3,mid_market_ae
L-006544,webinar,no_budget,3.6,mid_market_ae
L-006545,webinar,not_decision_maker,8.5,mid_market_ae
L-006546,webinar,duplicate,7.6,mid_market_ae
L-006547,webinar,not_decision_maker,2.7,mid_market_ae
L-006548,webinar,no_budget,7.5,mid_market_ae
L-006549,webinar,no_budget,18.5,mid_market_ae
L-006550,webinar,duplicate,7.5,mid_market_ae
L-006551,webinar,duplicate,4.7,mid_market_ae
L-006552,webinar,no_budget,5.5,mid_market_ae
L-006553,webinar,not_decision_maker,2.7,mid_market_ae
L-006554,webinar,not_decision_maker,4.5,mid_market_ae
L-006555,webinar,not_decision_maker,6.5,mid_market_ae
L-006556,webinar,not_decision_maker,5.6,mid_market_ae
L-006557,webinar,not_decision_maker,3.6,mid_market_ae
L-006558,webinar,student_or_researcher,10.1,mid_market_ae
L-006559,webinar,no_budget,3.2,mid_market_ae
L-006560,webinar,no_budget,9.3,mid_market_ae
L-006561,webinar,no_budget,13.1,mid_market_ae
L-006562,webinar,no_budget,1.9,mid_market_ae
L-006563,webinar,no_budget,5.1,mid_market_ae
L-006564,webinar,no_budget,4.7,mid_market_ae
L-006565,webinar,student_or_researcher,4.2,mid_market_ae
L-006566,webinar,no_response,2.8,mid_market_ae
L-006567,webinar,student_or_researcher,5.0,mid_market_ae
L-006568,webinar,not_decision_maker,2.0,mid_market_ae
L-006569,webinar,student_or_researcher,3.4,mid_market_ae
L-006570,webinar,no_budget,4.9,mid_market_ae
L-006571,webinar,wrong_use_case,5.0,mid_market_ae
L-006572,webinar,not_decision_maker,4.2,mid_market_ae
L-006573,webinar,no_budget,6.1,mid_market_ae
L-006574,webinar,no_budget,1.5,mid_market_ae
L-006575,webinar,no_budget,6.8,mid_market_ae
L-006576,webinar,no_budget,38.6,unassigned
L-006577,webinar,not_decision_maker,10.6,mid_market_ae
L-006578,webinar,,7.0,mid_market_ae
L-006579,webinar,not_decision_maker,6.1,mid_market_ae
L-006580,webinar,no_budget,3.5,mid_market_ae
L-006581,webinar,no_budget,3.6,mid_market_ae
L-006582,partner,,43.1,partner_team
L-006583,partner,duplicate,28.6,partner_team
L-006584,partner,not_decision_maker,11.1,partner_team
L-006585,partner,no_response,19.0,partner_team
L-006586,partner,,22.4,partner_team
L-006587,partner,no_response,22.9,partner_team
L-006588,partner,duplicate,58.8,partner_team
L-006589,partner,no_response,13.5,partner_team
L-006590,partner,duplicate,19.6,partner_team
L-006591,partner,,17.3,partner_team
L-006592,partner,,17.9,partner_team
L-006593,partner,,51.9,partner_team
L-006594,partner,,22.0,partner_team
L-006595,partner,,30.7,partner_team
L-006596,partner,,29.0,partner_team
L-006597,partner,no_response,24.6,partner_team
L-006598,partner,,34.2,partner_team
L-006599,partner,duplicate,28.7,partner_team
L-006600,partner,no_response,22.8,partner_team
L-006601,partner,,17.5,partner_team
L-006602,partner,too_small,22.4,partner_team
L-006603,partner,wrong_use_case,27.1,partner_team
L-006604,partner,,15.3,partner_team
L-006605,partner,too_small,21.8,partner_team
L-006606,partner,no_response,16.9,partner_team
L-006607,partner,too_small,17.7,partner_team
L-006608,partner,wrong_use_case,22.0,partner_team
L-006609,partner,,39.4,partner_team
L-006610,partner,not_decision_maker,23.4,partner_team
L-006611,partner,,32.3,partner_team
L-006612,partner,,31.4,partner_team
L-006613,partner,,42.1,partner_team
L-006614,partner,no_response,15.6,partner_team
L-006615,partner,no_budget,18.0,partner_team
L-006616,partner,no_budget,28.9,partner_team
L-006617,partner,,30.0,partner_team
L-006618,partner,,30.5,partner_team
L-006619,partner,,20.8,partner_team
L-006620,partner,too_small,60.4,partner_team
L-006621,partner,,31.7,partner_team
L-006622,partner,wrong_use_case,31.0,partner_team
L-006623,partner,,11.0,partner_team
L-006624,partner,no_response,15.0,partner_team
L-006625,partner,,9.1,partner_team
L-006626,partner,,14.1,partner_team
L-006627,partner,,34.2,partner_team
L-006628,partner,no_response,13.1,partner_team
L-006629,partner,,23.9,partner_team
L-006630,partner,,14.8,partner_team
L-006631,partner,,24.3,partner_team
L-006632,partner,,14.9,partner_team
L-006633,partner,,24.8,partner_team
L-006634,partner,too_small,12.7,partner_team
L-006635,partner,,16.0,partner_team
L-006636,partner,too_small,10.6,partner_team
L-006637,partner,not_decision_maker,11.3,partner_team
L-006638,partner,,19.5,partner_team
L-006639,partner,no_response,16.0,partner_team
L-006640,partner,,11.7,partner_team
L-006641,partner,,15.8,partner_team
L-006642,partner,,7.8,partner_team
L-006643,partner,not_decision_maker,14.2,partner_team
L-006644,partner,,20.7,partner_team
L-006645,partner,,15.4,partner_team
L-006646,partner,,13.9,partner_team
L-006647,partner,,13.8,partner_team
L-006648,partner,not_decision_maker,29.7,partner_team
L-006649,partner,,10.2,partner_team
L-006650,partner,,12.7,partner_team
L-006651,partner,not_decision_maker,13.3,partner_team
L-006652,partner,,34.1,partner_team
L-006653,partner,too_small,45.3,partner_team
L-006654,partner,not_decision_maker,32.5,partner_team
L-006655,partner,,16.2,partner_team
L-006656,partner,no_response,26.9,partner_team
L-006657,partner,duplicate,21.3,partner_team
L-006658,partner,,17.2,partner_team
L-006659,partner,competitor_contract,31.9,partner_team
L-006660,partner,not_decision_maker,8.9,partner_team
L-006661,partner,,29.6,partner_team
L-006662,partner,no_budget,27.8,partner_team
L-006663,partner,no_response,13.4,partner_team
L-006664,partner,too_small,14.3,partner_team
L-006665,partner,,14.6,partner_team
L-006666,partner,no_response,32.6,partner_team
L-006667,partner,no_budget,22.7,partner_team
L-006668,partner,,12.3,partner_team
L-006669,partner,no_budget,27.0,partner_team
L-006670,partner,,15.4,partner_team
L-006671,partner,,11.7,partner_team
L-006672,partner,,30.7,partner_team
L-006673,partner,not_decision_maker,12.4,partner_team
L-006674,partner,,18.8,partner_team
L-006675,partner,no_budget,14.7,partner_team
L-006676,partner,,16.9,partner_team
L-006677,partner,wrong_use_case,16.2,partner_team
L-006678,partner,,40.9,partner_team
L-006679,partner,,69.2,partner_team
L-006680,partner,,15.9,partner_team
L-006681,partner,too_small,41.8,partner_team
L-006682,partner,,11.2,partner_team
L-006683,partner,no_budget,34.1,partner_team
L-006684,partner,,24.4,partner_team
L-006685,partner,,9.0,partner_team
L-006686,partner,not_decision_maker,13.8,partner_team
L-006687,partner,no_budget,16.0,partner_team
L-006688,partner,no_response,23.2,partner_team
L-006689,partner,no_budget,22.6,partner_team
L-006690,partner,no_response,15.7,partner_team
L-006691,partner,,11.3,partner_team
L-006692,partner,not_decision_maker,7.5,partner_team
L-006693,partner,duplicate,15.6,partner_team
L-006694,partner,no_response,18.5,partner_team
L-006695,partner,duplicate,45.3,partner_team
L-006696,partner,,21.1,partner_team
L-006697,partner,no_response,14.5,partner_team
L-006698,partner,no_response,40.8,partner_team
L-006699,partner,duplicate,25.8,partner_team
L-006700,partner,,18.5,partner_team
L-006701,partner,no_response,8.2,partner_team
L-006702,partner,,13.4,partner_team
L-006703,partner,,20.3,partner_team
L-006704,partner,,16.5,partner_team
L-006705,partner,,26.1,partner_team
L-006706,partner,wrong_use_case,22.9,partner_team
L-006707,partner,not_decision_maker,6.2,partner_team
L-006708,partner,no_response,17.9,partner_team
L-006709,partner,not_decision_maker,23.7,partner_team
L-006710,partner,no_budget,41.2,partner_team
L-006711,partner,too_small,9.2,partner_team
L-006712,partner,,13.0,partner_team
L-006713,partner,,23.5,partner_team
L-006714,partner,,12.0,partner_team
L-006715,partner,no_response,26.1,partner_team
L-006716,partner,,21.6,partner_team
L-006717,partner,too_small,28.4,partner_team
L-006718,partner,too_small,66.4,partner_team
L-006719,partner,no_response,17.0,partner_team
L-006720,partner,,16.1,partner_team
L-006721,partner,duplicate,33.4,partner_team
L-006722,partner,,51.8,partner_team
L-006723,partner,no_response,29.7,partner_team
L-006724,partner,,35.9,partner_team
L-006725,partner,no_response,18.6,partner_team
L-006726,partner,no_response,25.3,partner_team
L-006727,partner,not_decision_maker,17.4,partner_team
L-006728,partner,no_budget,9.9,partner_team
L-006729,partner,,19.6,partner_team
L-006730,partner,,21.6,partner_team
L-006731,partner,,18.0,partner_team
L-006732,partner,no_response,34.9,partner_team
L-006733,partner,,28.2,partner_team
L-006734,partner,,25.6,partner_team
L-006735,partner,no_budget,14.6,partner_team
L-006736,partner,no_response,20.3,partner_team
L-006737,partner,no_response,15.7,partner_team
L-006738,partner,no_budget,17.3,partner_team
L-006739,partner,no_response,17.7,partner_team
L-006740,partner,too_small,23.1,partner_team
L-006741,partner,,20.9,partner_team
L-006742,partner,,12.8,partner_team
L-006743,partner,duplicate,20.5,partner_team
L-006744,partner,,27.0,partner_team
L-006745,partner,duplicate,27.9,partner_team
L-006746,partner,,11.6,partner_team
L-006747,partner,,19.8,partner_team
L-006748,partner,,9.2,partner_team
L-006749,partner,,14.9,partner_team
L-006750,partner,,19.7,partner_team
L-006751,partner,too_small,28.0,partner_team
L-006752,partner,,30.9,partner_team
L-006753,partner,no_response,13.5,partner_team
L-006754,partner,no_response,24.2,partner_team
L-006755,partner,competitor_contract,16.5,partner_team
L-006756,partner,,22.4,partner_team
L-006757,partner,duplicate,15.9,partner_team
L-006758,partner,no_budget,12.9,partner_team
L-006759,partner,,35.2,partner_team
L-006760,partner,,26.5,partner_team
L-006761,partner,,29.6,partner_team
L-006762,partner,duplicate,30.8,partner_team
L-006763,partner,duplicate,16.5,partner_team
L-006764,partner,,20.6,partner_team
L-006765,partner,,14.6,partner_team
L-006766,partner,,29.2,partner_team
L-006767,partner,,45.1,partner_team
L-006768,partner,too_small,32.9,partner_team
L-006769,partner,no_budget,23.5,partner_team
L-006770,partner,not_decision_maker,12.1,partner_team
L-006771,partner,,16.0,partner_team
L-006772,email,too_small,6.8,smb_sdr
L-006773,email,,5.9,smb_sdr
L-006774,email,,56.8,unassigned
L-006775,email,,14.1,smb_sdr
L-006776,email,too_small,9.0,smb_sdr
L-006777,email,,5.7,smb_sdr
L-006778,email,no_response,2.6,smb_sdr
L-006779,email,no_response,2.0,smb_sdr
L-006780,email,no_response,3.0,smb_sdr
L-006781,email,,5.8,smb_sdr
L-006782,email,,3.7,smb_sdr
L-006783,email,not_decision_maker,2.6,smb_sdr
L-006784,email,too_small,4.3,smb_sdr
L-006785,email,,2.9,smb_sdr
L-006786,email,not_decision_maker,4.2,smb_sdr
L-006787,email,no_response,14.3,smb_sdr
L-006788,email,,3.9,smb_sdr
L-006789,email,no_budget,9.1,smb_sdr
L-006790,email,,7.4,smb_sdr
L-006791,email,no_response,8.3,smb_sdr
L-006792,email,no_budget,2.1,smb_sdr
L-006793,email,,12.4,smb_sdr
L-006794,email,too_small,7.2,smb_sdr
L-006795,email,no_response,4.7,smb_sdr
L-006796,email,not_decision_maker,6.9,smb_sdr
L-006797,email,no_response,3.6,smb_sdr
L-006798,email,no_budget,1.9,smb_sdr
L-006799,email,not_decision_maker,9.9,smb_sdr
L-006800,email,too_small,2.3,smb_sdr
L-006801,email,not_decision_maker,5.2,smb_sdr
L-006802,email,,5.1,smb_sdr
L-006803,email,no_budget,3.2,smb_sdr
L-006804,email,not_decision_maker,8.6,smb_sdr
L-006805,email,no_response,3.1,smb_sdr
L-006806,email,too_small,6.9,smb_sdr
L-006807,email,no_budget,7.7,smb_sdr
L-006808,email,not_decision_maker,3.5,smb_sdr
L-006809,email,no_response,4.7,smb_sdr
L-006810,email,wrong_use_case,5.2,smb_sdr
L-006811,email,,2.9,smb_sdr
L-006812,email,no_response,6.1,smb_sdr
L-006813,email,too_small,15.4,smb_sdr
L-006814,email,,7.6,smb_sdr
L-006815,email,no_budget,1.6,smb_sdr
L-006816,email,competitor_contract,4.1,smb_sdr
L-006817,email,not_decision_maker,7.6,smb_sdr
L-006818,email,no_budget,2.3,smb_sdr
L-006819,email,not_decision_maker,3.4,smb_sdr
L-006820,email,,4.0,smb_sdr
L-006821,email,,13.7,smb_sdr
L-006822,email,,4.4,smb_sdr
L-006823,email,,5.5,smb_sdr
L-006824,email,no_response,2.2,smb_sdr
L-006825,email,not_decision_maker,11.5,smb_sdr
L-006826,email,no_response,4.5,smb_sdr
L-006827,email,competitor_contract,3.1,smb_sdr
L-006828,email,,3.2,smb_sdr
L-006829,email,no_response,6.3,smb_sdr
L-006830,email,no_response,1.6,smb_sdr
L-006831,email,,7.6,smb_sdr
L-006832,email,too_small,2.3,smb_sdr
L-006833,email,,4.5,smb_sdr
L-006834,email,wrong_use_case,4.2,smb_sdr
L-006835,email,competitor_contract,3.1,smb_sdr
L-006836,email,too_small,14.6,smb_sdr
L-006837,email,,10.8,smb_sdr
L-006838,email,,22.9,smb_sdr
L-006839,email,,5.5,smb_sdr
L-006840,email,,3.9,smb_sdr
L-006841,email,no_budget,3.1,smb_sdr
L-006842,email,not_decision_maker,3.8,smb_sdr
L-006843,email,no_budget,4.8,smb_sdr
L-006844,email,,8.3,smb_sdr
L-006845,email,,48.0,unassigned
L-006846,email,,3.9,smb_sdr
L-006847,email,duplicate,3.6,smb_sdr
L-006848,email,no_response,2.1,smb_sdr
L-006849,email,not_decision_maker,4.6,smb_sdr
L-006850,email,no_budget,1.4,smb_sdr
L-006851,email,,2.7,smb_sdr
L-006852,email,,6.7,smb_sdr
L-006853,email,no_response,4.3,smb_sdr
L-006854,email,no_response,4.0,smb_sdr
L-006855,email,duplicate,8.0,smb_sdr
L-006856,email,,4.8,smb_sdr
L-006857,email,duplicate,3.8,smb_sdr
L-006858,email,too_small,6.9,smb_sdr
L-006859,email,,3.6,smb_sdr
L-006860,email,competitor_contract,2.1,smb_sdr
L-006861,email,,3.7,smb_sdr
L-006862,email,,4.3,smb_sdr
L-006863,email,,7.5,smb_sdr
L-006864,email,,5.3,smb_sdr
L-006865,email,,9.5,smb_sdr
L-006866,email,no_response,2.2,smb_sdr
L-006867,email,not_decision_maker,25.3,smb_sdr
L-006868,email,,10.2,smb_sdr
L-006869,email,no_response,5.0,smb_sdr
L-006870,email,,3.2,smb_sdr
L-006871,email,duplicate,3.5,smb_sdr
L-006872,email,no_response,9.5,smb_sdr
L-006873,email,competitor_contract,4.2,smb_sdr
L-006874,email,no_response,3.6,smb_sdr
L-006875,email,,6.5,smb_sdr
L-006876,email,no_response,10.1,smb_sdr
L-006877,email,,5.3,smb_sdr
L-006878,email,,1.9,smb_sdr
L-006879,email,too_small,4.0,smb_sdr
L-006880,email,no_budget,4.2,smb_sdr
L-006881,email,no_response,7.7,smb_sdr
L-006882,email,,8.2,smb_sdr
L-006883,email,not_decision_maker,2.8,smb_sdr
L-006884,email,not_decision_maker,5.4,smb_sdr
L-006885,email,no_budget,5.4,smb_sdr
L-006886,email,no_budget,3.7,smb_sdr
L-006887,email,too_small,1.5,smb_sdr
L-006888,email,no_budget,1.6,smb_sdr
L-006889,email,,2.4,smb_sdr
L-006890,email,no_response,9.5,smb_sdr
L-006891,email,too_small,3.2,smb_sdr
L-006892,email,too_small,4.0,smb_sdr
L-006893,email,,38.2,unassigned
L-006894,email,,7.4,smb_sdr
L-006895,email,no_response,4.5,smb_sdr
L-006896,email,too_small,2.5,smb_sdr
L-006897,email,no_budget,2.8,smb_sdr
L-006898,email,,3.5,smb_sdr
L-006899,email,wrong_use_case,5.5,smb_sdr
L-006900,email,,3.2,smb_sdr
L-006901,email,,5.0,smb_sdr
L-006902,email,too_small,5.9,smb_sdr
L-006903,email,too_small,1.6,smb_sdr
L-006904,email,,7.6,smb_sdr
L-006905,email,no_response,8.4,smb_sdr
L-006906,email,too_small,4.9,smb_sdr
L-006907,email,,4.3,smb_sdr
L-006908,email,no_budget,4.3,smb_sdr
L-006909,email,duplicate,1.8,smb_sdr
L-006910,email,duplicate,6.9,smb_sdr
L-006911,email,no_budget,3.4,smb_sdr
L-006912,email,no_response,10.9,smb_sdr
L-006913,email,too_small,5.5,smb_sdr
L-006914,email,no_response,7.7,smb_sdr
L-006915,email,,12.3,smb_sdr
L-006916,email,no_response,7.0,smb_sdr
L-006917,email,,3.7,smb_sdr
L-006918,email,no_budget,3.6,smb_sdr
L-006919,email,no_budget,46.5,unassigned
L-006920,email,too_small,5.8,smb_sdr
L-006921,email,,2.7,smb_sdr
L-006922,email,no_response,6.3,smb_sdr
L-006923,email,,2.8,smb_sdr
L-006924,email,,6.0,smb_sdr
L-006925,email,no_response,9.8,smb_sdr
L-006926,email,,9.4,smb_sdr
L-006927,email,,8.8,smb_sdr
L-006928,email,duplicate,1.5,smb_sdr
L-006929,email,no_response,12.4,smb_sdr
L-006930,email,,3.1,smb_sdr
L-006931,email,no_budget,2.5,smb_sdr
L-006932,email,too_small,6.9,smb_sdr
L-006933,email,,10.0,smb_sdr
L-006934,email,no_response,6.7,smb_sdr
L-006935,email,too_small,4.6,smb_sdr
L-006936,email,,18.8,smb_sdr
L-006937,email,no_budget,3.0,smb_sdr
L-006938,email,no_response,9.6,smb_sdr
L-006939,email,no_response,3.9,smb_sdr
L-006940,email,,6.8,smb_sdr
L-006941,email,no_response,8.5,smb_sdr
L-006942,email,no_response,9.5,smb_sdr
L-006943,email,,4.9,smb_sdr
L-006944,email,no_response,10.9,smb_sdr
L-006945,email,,3.3,smb_sdr
L-006946,email,,54.3,unassigned
L-006947,email,duplicate,4.7,smb_sdr
L-006948,email,wrong_use_case,3.6,smb_sdr
L-006949,email,,4.3,smb_sdr
L-006950,email,,3.1,smb_sdr
L-006951,email,duplicate,2.1,smb_sdr
L-006952,email,,3.1,smb_sdr
L-006953,email,duplicate,3.5,smb_sdr
L-006954,email,no_response,5.9,smb_sdr
L-006955,email,,19.4,smb_sdr
L-006956,email,not_decision_maker,5.9,smb_sdr
L-006957,email,no_budget,1.5,mid_market_ae
L-006958,email,no_response,5.1,mid_market_ae
L-006959,email,competitor_contract,4.6,mid_market_ae
L-006960,email,competitor_contract,8.7,mid_market_ae
L-006961,email,too_small,2.1,mid_market_ae
L-006962,email,not_decision_maker,2.2,mid_market_ae
L-006963,email,no_budget,2.4,mid_market_ae
L-006964,email,no_response,6.5,mid_market_ae
L-006965,email,,5.3,mid_market_ae
L-006966,email,,31.6,unassigned
L-006967,email,no_budget,2.5,mid_market_ae
L-006968,email,no_response,2.7,mid_market_ae
L-006969,email,,6.6,mid_market_ae
L-006970,email,no_response,5.3,mid_market_ae
L-006971,email,no_budget,3.9,mid_market_ae
L-006972,email,no_response,4.3,mid_market_ae
L-006973,email,,2.6,mid_market_ae
L-006974,email,too_small,8.1,mid_market_ae
L-006975,email,too_small,4.5,mid_market_ae
L-006976,email,no_response,4.7,mid_market_ae
L-006977,email,not_decision_maker,9.0,mid_market_ae
L-006978,email,,8.4,mid_market_ae
L-006979,email,,4.1,mid_market_ae
L-006980,email,no_budget,3.7,mid_market_ae
L-006981,email,no_response,2.2,mid_market_ae
L-006982,email,wrong_use_case,6.8,mid_market_ae
L-006983,email,no_response,5.7,mid_market_ae
L-006984,email,wrong_use_case,4.4,mid_market_ae
L-006985,email,not_decision_maker,5.4,mid_market_ae
L-006986,email,,4.9,mid_market_ae
L-006987,email,,6.7,mid_market_ae
L-006988,email,,8.4,mid_market_ae
L-006989,email,no_response,3.6,mid_market_ae
L-006990,email,wrong_use_case,2.5,mid_market_ae
L-006991,email,,3.9,mid_market_ae
L-006992,email,,14.5,mid_market_ae
L-006993,email,,4.5,mid_market_ae
L-006994,email,,3.7,mid_market_ae
L-006995,email,,5.1,mid_market_ae
L-006996,email,,8.0,mid_market_ae
L-006997,email,,3.1,mid_market_ae
L-006998,email,not_decision_maker,6.6,mid_market_ae
L-006999,email,no_budget,5.8,mid_market_ae
L-007000,email,not_decision_maker,5.4,mid_market_ae
L-007001,email,too_small,5.5,mid_market_ae
L-007002,email,,4.0,mid_market_ae
L-007003,email,too_small,7.3,mid_market_ae
L-007004,email,,1.7,mid_market_ae
L-007005,email,,3.5,mid_market_ae
L-007006,email,,4.0,mid_market_ae
L-007007,email,not_decision_maker,6.1,mid_market_ae
L-007008,email,,4.9,mid_market_ae
L-007009,email,no_response,3.3,mid_market_ae
L-007010,email,,12.4,mid_market_ae
L-007011,email,,4.1,mid_market_ae
L-007012,email,too_small,13.0,mid_market_ae
L-007013,email,,2.3,mid_market_ae
L-007014,email,,3.6,mid_market_ae
L-007015,email,,4.8,mid_market_ae
L-007016,email,no_response,5.4,mid_market_ae
L-007017,email,too_small,2.6,mid_market_ae
L-007018,email,competitor_contract,6.2,mid_market_ae
L-007019,email,,8.4,mid_market_ae
L-007020,email,no_response,2.1,mid_market_ae
L-007021,email,wrong_use_case,4.4,mid_market_ae
L-007022,email,,12.6,mid_market_ae
L-007023,email,no_budget,5.7,mid_market_ae
L-007024,email,wrong_use_case,48.3,mid_market_ae
L-007025,email,too_small,4.9,mid_market_ae
L-007026,email,,4.3,mid_market_ae
L-007027,email,no_response,2.4,mid_market_ae
L-007028,email,no_budget,9.1,mid_market_ae
L-007029,email,,20.3,unassigned
L-007030,email,,2.1,mid_market_ae
L-007031,paid_search,,4.3,smb_sdr
L-007032,paid_search,competitor_contract,1.1,smb_sdr
L-007033,paid_search,not_decision_maker,4.4,smb_sdr
L-007034,paid_search,,3.4,smb_sdr
L-007035,paid_search,,3.5,smb_sdr
L-007036,paid_search,too_small,3.6,smb_sdr
L-007037,paid_search,,12.3,smb_sdr
L-007038,paid_search,no_response,6.6,smb_sdr
L-007039,paid_search,no_response,3.0,smb_sdr
L-007040,paid_search,no_budget,8.9,smb_sdr
L-007041,paid_search,,7.0,smb_sdr
L-007042,paid_search,,7.2,smb_sdr
L-007043,paid_search,no_budget,5.1,smb_sdr
L-007044,paid_search,,5.0,smb_sdr
L-007045,paid_search,competitor_contract,3.5,smb_sdr
L-007046,paid_search,,66.8,unassigned
L-007047,paid_search,,16.2,smb_sdr
L-007048,paid_search,,4.8,smb_sdr
L-007049,paid_search,,11.1,smb_sdr
L-007050,paid_search,no_response,2.3,smb_sdr
L-007051,paid_search,,6.6,smb_sdr
L-007052,paid_search,,6.9,smb_sdr
L-007053,paid_search,,4.7,smb_sdr
L-007054,paid_search,no_response,4.9,smb_sdr
L-007055,paid_search,,4.9,smb_sdr
L-007056,paid_search,,3.2,smb_sdr
L-007057,paid_search,,4.3,smb_sdr
L-007058,paid_search,not_decision_maker,3.9,smb_sdr
L-007059,paid_search,wrong_use_case,5.4,smb_sdr
L-007060,paid_search,,3.4,smb_sdr
L-007061,paid_search,,1.7,smb_sdr
L-007062,paid_search,,4.2,smb_sdr
L-007063,paid_search,not_decision_maker,10.7,smb_sdr
L-007064,paid_search,,4.6,smb_sdr
L-007065,paid_search,,5.1,smb_sdr
L-007066,paid_search,,3.2,smb_sdr
L-007067,paid_search,wrong_use_case,2.7,smb_sdr
L-007068,paid_search,wrong_use_case,3.7,smb_sdr
L-007069,paid_search,,5.5,smb_sdr
L-007070,paid_search,too_small,6.7,smb_sdr
L-007071,paid_search,wrong_use_case,12.6,smb_sdr
L-007072,paid_search,no_budget,9.7,smb_sdr
L-007073,paid_search,,1.7,smb_sdr
L-007074,paid_search,too_small,3.3,smb_sdr
L-007075,paid_search,no_response,5.2,smb_sdr
L-007076,paid_search,no_response,3.7,smb_sdr
L-007077,paid_search,no_response,6.5,smb_sdr
L-007078,paid_search,,2.5,smb_sdr
L-007079,paid_search,too_small,1.6,smb_sdr
L-007080,paid_search,,3.0,smb_sdr
L-007081,paid_search,,2.3,smb_sdr
L-007082,paid_search,,7.3,smb_sdr
L-007083,paid_search,no_response,6.0,smb_sdr
L-007084,paid_search,,5.2,smb_sdr
L-007085,paid_search,,13.8,smb_sdr
L-007086,paid_search,,5.6,smb_sdr
L-007087,paid_search,wrong_use_case,4.8,smb_sdr
L-007088,paid_search,not_decision_maker,10.9,smb_sdr
L-007089,paid_search,duplicate,7.4,smb_sdr
L-007090,paid_search,no_response,1.7,smb_sdr
L-007091,paid_search,,2.4,smb_sdr
L-007092,paid_search,,2.0,smb_sdr
L-007093,paid_search,,2.9,smb_sdr
L-007094,paid_search,competitor_contract,11.4,smb_sdr
L-007095,paid_search,no_response,8.5,smb_sdr
L-007096,paid_search,wrong_use_case,4.9,smb_sdr
L-007097,paid_search,no_response,72.9,unassigned
L-007098,paid_search,too_small,2.9,smb_sdr
L-007099,paid_search,,2.7,smb_sdr
L-007100,paid_search,no_response,5.4,smb_sdr
L-007101,paid_search,,3.1,smb_sdr
L-007102,paid_search,wrong_use_case,4.2,smb_sdr
L-007103,paid_search,no_budget,16.0,smb_sdr
L-007104,paid_search,no_response,6.3,smb_sdr
L-007105,paid_search,no_budget,15.4,smb_sdr
L-007106,paid_search,,6.4,smb_sdr
L-007107,paid_search,wrong_use_case,2.3,smb_sdr
L-007108,paid_search,no_response,8.8,smb_sdr
L-007109,paid_search,not_decision_maker,2.7,smb_sdr
L-007110,paid_search,no_response,6.5,smb_sdr
L-007111,paid_search,duplicate,18.3,smb_sdr
L-007112,paid_search,,2.0,smb_sdr
L-007113,paid_search,,2.1,smb_sdr
L-007114,paid_search,no_response,9.4,smb_sdr
L-007115,paid_search,,6.9,smb_sdr
L-007116,paid_search,not_decision_maker,5.5,smb_sdr
L-007117,paid_search,,7.1,smb_sdr
L-007118,paid_search,no_budget,6.7,smb_sdr
L-007119,paid_search,,8.7,smb_sdr
L-007120,paid_search,too_small,3.4,smb_sdr
L-007121,paid_search,,3.8,smb_sdr
L-007122,paid_search,no_response,5.5,smb_sdr
L-007123,paid_search,wrong_use_case,4.0,smb_sdr
L-007124,paid_search,,3.9,smb_sdr
L-007125,paid_search,,6.3,smb_sdr
L-007126,paid_search,duplicate,2.9,smb_sdr
L-007127,paid_search,too_small,5.9,smb_sdr
L-007128,paid_search,no_response,6.4,smb_sdr
L-007129,paid_search,,8.6,smb_sdr
L-007130,paid_search,,2.8,smb_sdr
L-007131,paid_search,not_decision_maker,3.2,smb_sdr
L-007132,paid_search,,2.9,smb_sdr
L-007133,paid_search,,7.1,smb_sdr
L-007134,paid_search,not_decision_maker,3.4,smb_sdr
L-007135,paid_search,no_budget,6.1,smb_sdr
L-007136,paid_search,no_response,1.8,smb_sdr
L-007137,paid_search,no_budget,9.3,smb_sdr
L-007138,paid_search,too_small,10.9,smb_sdr
L-007139,paid_search,,17.3,smb_sdr
L-007140,paid_search,no_budget,8.5,smb_sdr
L-007141,paid_search,duplicate,3.5,smb_sdr
L-007142,paid_search,no_response,3.4,smb_sdr
L-007143,paid_search,wrong_use_case,8.1,smb_sdr
L-007144,paid_search,no_response,7.2,smb_sdr
L-007145,paid_search,no_response,3.6,smb_sdr
L-007146,paid_search,no_budget,3.1,smb_sdr
L-007147,paid_search,no_budget,4.0,smb_sdr
L-007148,paid_search,,3.7,smb_sdr
L-007149,paid_search,,5.5,smb_sdr
L-007150,paid_search,too_small,2.5,smb_sdr
L-007151,paid_search,competitor_contract,1.4,smb_sdr
L-007152,paid_search,no_response,9.6,smb_sdr
L-007153,paid_search,no_response,3.1,smb_sdr
L-007154,paid_search,too_small,3.1,smb_sdr
L-007155,paid_search,,14.5,smb_sdr
L-007156,paid_search,no_response,7.0,smb_sdr
L-007157,paid_search,,1.2,smb_sdr
L-007158,paid_search,,3.0,smb_sdr
L-007159,paid_search,duplicate,4.3,smb_sdr
L-007160,paid_search,,4.4,smb_sdr
L-007161,paid_search,too_small,10.0,smb_sdr
L-007162,paid_search,wrong_use_case,5.5,smb_sdr
L-007163,paid_search,too_small,3.4,smb_sdr
L-007164,paid_search,,7.2,smb_sdr
L-007165,paid_search,too_small,16.6,smb_sdr
L-007166,paid_search,not_decision_maker,8.3,smb_sdr
L-007167,paid_search,,17.7,smb_sdr
L-007168,paid_search,,14.8,smb_sdr
L-007169,paid_search,,4.4,smb_sdr
L-007170,paid_search,,2.6,smb_sdr
L-007171,paid_search,,2.3,smb_sdr
L-007172,paid_search,,5.0,smb_sdr
L-007173,paid_search,,8.6,smb_sdr
L-007174,paid_search,competitor_contract,8.9,smb_sdr
L-007175,paid_search,not_decision_maker,9.0,smb_sdr
L-007176,paid_search,duplicate,7.6,smb_sdr
L-007177,paid_search,,2.6,smb_sdr
L-007178,paid_search,no_budget,6.8,smb_sdr
L-007179,paid_search,too_small,10.0,smb_sdr
L-007180,paid_search,too_small,8.5,smb_sdr
L-007181,paid_search,,3.4,smb_sdr
L-007182,paid_search,,2.9,smb_sdr
L-007183,paid_search,,46.6,unassigned
L-007184,paid_search,not_decision_maker,6.5,smb_sdr
L-007185,paid_search,,34.7,unassigned
L-007186,paid_search,,3.2,smb_sdr
L-007187,paid_search,,3.7,smb_sdr
L-007188,paid_search,no_response,5.3,smb_sdr
L-007189,paid_search,competitor_contract,9.8,smb_sdr
L-007190,paid_search,wrong_use_case,20.0,smb_sdr
L-007191,paid_search,,1.9,smb_sdr
L-007192,paid_search,no_response,6.1,smb_sdr
L-007193,paid_search,no_budget,23.4,smb_sdr
L-007194,paid_search,,6.1,smb_sdr
L-007195,paid_search,,10.1,smb_sdr
L-007196,paid_search,no_budget,4.3,smb_sdr
L-007197,paid_search,,8.1,smb_sdr
L-007198,paid_search,not_decision_maker,7.5,smb_sdr
L-007199,paid_search,duplicate,59.8,unassigned
L-007200,paid_search,too_small,2.4,smb_sdr
L-007201,paid_search,too_small,6.9,smb_sdr
L-007202,paid_search,,12.5,smb_sdr
L-007203,paid_search,no_response,2.2,smb_sdr
L-007204,paid_search,no_budget,7.7,smb_sdr
L-007205,paid_search,,5.5,smb_sdr
L-007206,paid_search,,9.2,smb_sdr
L-007207,paid_search,wrong_use_case,5.7,smb_sdr
L-007208,paid_search,,23.1,smb_sdr
L-007209,paid_search,,3.6,smb_sdr
L-007210,paid_search,,5.2,smb_sdr
L-007211,paid_search,too_small,19.0,smb_sdr
L-007212,paid_search,no_budget,4.2,smb_sdr
L-007213,paid_search,,2.3,smb_sdr
L-007214,paid_search,no_budget,4.9,smb_sdr
L-007215,paid_search,too_small,2.8,smb_sdr
L-007216,paid_search,no_budget,7.2,smb_sdr
L-007217,paid_search,,8.9,smb_sdr
L-007218,paid_search,,125.1,unassigned
L-007219,paid_search,no_response,13.3,smb_sdr
L-007220,paid_search,no_response,6.0,smb_sdr
L-007221,paid_search,no_response,1.5,smb_sdr
L-007222,paid_search,,1.8,smb_sdr
L-007223,paid_search,not_decision_maker,3.4,smb_sdr
L-007224,paid_search,,6.8,smb_sdr
L-007225,paid_search,,5.5,smb_sdr
L-007226,paid_search,no_response,2.2,smb_sdr
L-007227,paid_search,competitor_contract,5.0,smb_sdr
L-007228,paid_search,,4.1,smb_sdr
L-007229,paid_search,,6.9,smb_sdr
L-007230,paid_search,,2.6,smb_sdr
L-007231,paid_search,,1.5,smb_sdr
L-007232,paid_search,no_budget,3.2,smb_sdr
L-007233,paid_search,too_small,42.1,unassigned
L-007234,paid_search,too_small,13.9,smb_sdr
L-007235,paid_search,,5.6,smb_sdr
L-007236,paid_search,no_response,8.5,smb_sdr
L-007237,paid_search,,10.8,smb_sdr
L-007238,paid_search,no_response,6.3,smb_sdr
L-007239,paid_search,no_response,8.2,smb_sdr
L-007240,paid_search,competitor_contract,10.8,smb_sdr
L-007241,paid_search,no_budget,6.9,smb_sdr
L-007242,paid_search,no_budget,1.4,smb_sdr
L-007243,paid_search,,8.8,smb_sdr
L-007244,paid_search,no_response,3.3,smb_sdr
L-007245,paid_search,,3.9,smb_sdr
L-007246,paid_search,competitor_contract,6.4,smb_sdr
L-007247,paid_search,too_small,2.4,smb_sdr
L-007248,paid_search,,5.4,smb_sdr
L-007249,paid_search,,6.2,smb_sdr
L-007250,paid_search,,2.9,smb_sdr
L-007251,paid_search,no_response,5.9,smb_sdr
L-007252,paid_search,duplicate,2.7,smb_sdr
L-007253,paid_search,not_decision_maker,3.8,smb_sdr
L-007254,paid_search,,9.4,smb_sdr
L-007255,paid_search,not_decision_maker,2.9,smb_sdr
L-007256,paid_search,no_response,4.5,smb_sdr
L-007257,paid_search,no_response,2.1,smb_sdr
L-007258,paid_search,,2.8,smb_sdr
L-007259,paid_search,no_response,65.2,unassigned
L-007260,paid_search,,15.7,smb_sdr
L-007261,paid_search,,4.2,smb_sdr
L-007262,paid_search,no_budget,4.5,smb_sdr
L-007263,paid_search,no_response,6.2,smb_sdr
L-007264,paid_search,duplicate,12.7,smb_sdr
L-007265,paid_search,,6.7,smb_sdr
L-007266,paid_search,no_response,5.5,smb_sdr
L-007267,paid_search,,5.1,smb_sdr
L-007268,paid_search,no_budget,3.2,smb_sdr
L-007269,paid_search,,21.9,smb_sdr
L-007270,paid_search,,3.2,smb_sdr
L-007271,paid_search,,16.4,smb_sdr
L-007272,paid_search,duplicate,4.6,smb_sdr
L-007273,paid_search,duplicate,73.9,unassigned
L-007274,paid_search,not_decision_maker,5.8,smb_sdr
L-007275,paid_search,wrong_use_case,1.7,smb_sdr
L-007276,paid_search,not_decision_maker,2.2,smb_sdr
L-007277,paid_search,,3.3,smb_sdr
L-007278,paid_search,no_budget,3.3,smb_sdr
L-007279,paid_search,no_response,5.6,smb_sdr
L-007280,paid_search,not_decision_maker,5.3,smb_sdr
L-007281,paid_search,competitor_contract,8.5,smb_sdr
L-007282,paid_search,wrong_use_case,8.8,smb_sdr
L-007283,paid_search,no_budget,3.9,smb_sdr
L-007284,paid_search,no_budget,3.8,smb_sdr
L-007285,paid_search,,3.7,smb_sdr
L-007286,paid_search,no_response,12.3,smb_sdr
L-007287,paid_search,wrong_use_case,3.9,smb_sdr
L-007288,paid_search,,3.4,smb_sdr
L-007289,paid_search,no_response,4.7,smb_sdr
L-007290,paid_search,no_budget,8.9,smb_sdr
L-007291,paid_search,,8.0,smb_sdr
L-007292,paid_search,,2.2,smb_sdr
L-007293,paid_search,too_small,5.1,smb_sdr
L-007294,paid_search,,3.3,smb_sdr
L-007295,paid_search,wrong_use_case,4.9,smb_sdr
L-007296,paid_search,,15.6,smb_sdr
L-007297,paid_search,not_decision_maker,1.9,smb_sdr
L-007298,paid_search,no_budget,9.3,smb_sdr
L-007299,paid_search,,8.4,smb_sdr
L-007300,paid_search,too_small,9.7,smb_sdr
L-007301,paid_search,,16.9,smb_sdr
L-007302,paid_search,competitor_contract,10.5,smb_sdr
L-007303,paid_search,,14.1,smb_sdr
L-007304,paid_search,not_decision_maker,1.7,smb_sdr
L-007305,paid_search,,2.9,smb_sdr
L-007306,paid_search,no_response,6.9,smb_sdr
L-007307,paid_search,,4.8,smb_sdr
L-007308,paid_search,,3.8,smb_sdr
L-007309,paid_search,,9.3,smb_sdr
L-007310,paid_search,,8.1,smb_sdr
L-007311,paid_search,,15.1,smb_sdr
L-007312,paid_search,,1.0,smb_sdr
L-007313,paid_search,,14.6,smb_sdr
L-007314,paid_search,too_small,82.2,unassigned
L-007315,paid_search,,3.6,smb_sdr
L-007316,paid_search,,7.1,smb_sdr
L-007317,paid_search,wrong_use_case,18.6,smb_sdr
L-007318,paid_search,,5.7,smb_sdr
L-007319,paid_search,,5.6,smb_sdr
L-007320,paid_search,no_response,3.7,smb_sdr
L-007321,paid_search,too_small,9.7,smb_sdr
L-007322,paid_search,,4.0,smb_sdr
L-007323,paid_search,duplicate,5.1,smb_sdr
L-007324,paid_search,,7.3,smb_sdr
L-007325,paid_search,duplicate,3.4,smb_sdr
L-007326,paid_search,no_response,1.5,smb_sdr
L-007327,paid_search,,7.0,smb_sdr
L-007328,paid_search,,22.6,smb_sdr
L-007329,paid_search,,2.4,smb_sdr
L-007330,paid_search,no_response,5.5,smb_sdr
L-007331,paid_search,,9.6,smb_sdr
L-007332,paid_search,wrong_use_case,5.8,smb_sdr
L-007333,paid_search,,11.5,smb_sdr
L-007334,paid_search,no_response,3.8,smb_sdr
L-007335,paid_search,,7.1,smb_sdr
L-007336,paid_search,no_budget,8.1,smb_sdr
L-007337,paid_search,duplicate,2.3,smb_sdr
L-007338,paid_search,,5.1,smb_sdr
L-007339,paid_search,,7.3,smb_sdr
L-007340,paid_search,,2.8,smb_sdr
L-007341,paid_search,duplicate,50.2,unassigned
L-007342,paid_search,no_budget,5.0,smb_sdr
L-007343,paid_search,,5.3,smb_sdr
L-007344,paid_search,no_response,13.0,smb_sdr
L-007345,paid_search,no_response,6.9,smb_sdr
L-007346,paid_search,,2.5,smb_sdr
L-007347,paid_search,no_response,12.1,smb_sdr
L-007348,paid_search,,4.7,smb_sdr
L-007349,paid_search,wrong_use_case,5.5,smb_sdr
L-007350,paid_search,no_budget,15.3,smb_sdr
L-007351,paid_search,no_response,4.2,smb_sdr
L-007352,paid_search,,8.2,smb_sdr
L-007353,paid_search,no_response,3.7,smb_sdr
L-007354,paid_search,,11.6,smb_sdr
L-007355,paid_search,no_response,5.3,smb_sdr
L-007356,paid_search,wrong_use_case,5.0,smb_sdr
L-007357,paid_search,not_decision_maker,1.5,smb_sdr
L-007358,paid_search,no_response,8.7,smb_sdr
L-007359,paid_search,not_decision_maker,3.6,smb_sdr
L-007360,paid_search,duplicate,9.3,smb_sdr
L-007361,paid_search,no_response,6.6,smb_sdr
L-007362,paid_search,,7.1,smb_sdr
L-007363,paid_search,wrong_use_case,4.9,smb_sdr
L-007364,paid_search,,5.1,smb_sdr
L-007365,paid_search,,3.1,smb_sdr
L-007366,paid_search,no_budget,2.5,smb_sdr
L-007367,paid_search,no_response,15.1,smb_sdr
L-007368,paid_search,no_response,13.2,smb_sdr
L-007369,paid_search,,2.5,smb_sdr
L-007370,paid_search,,2.9,smb_sdr
L-007371,paid_search,no_budget,5.3,smb_sdr
L-007372,paid_search,no_response,4.2,smb_sdr
L-007373,paid_search,duplicate,6.0,smb_sdr
L-007374,paid_search,,3.6,smb_sdr
L-007375,paid_search,,5.4,smb_sdr
L-007376,paid_search,duplicate,4.7,smb_sdr
L-007377,paid_search,,8.0,smb_sdr
L-007378,paid_search,too_small,6.9,smb_sdr
L-007379,paid_search,,7.3,smb_sdr
L-007380,paid_search,duplicate,4.3,smb_sdr
L-007381,paid_search,duplicate,2.4,smb_sdr
L-007382,paid_search,,16.5,smb_sdr
L-007383,paid_search,,11.4,smb_sdr
L-007384,paid_search,too_small,5.3,smb_sdr
L-007385,paid_search,not_decision_maker,3.2,smb_sdr
L-007386,paid_search,,9.4,smb_sdr
L-007387,paid_search,no_budget,1.7,smb_sdr
L-007388,paid_search,,19.8,smb_sdr
L-007389,paid_search,not_decision_maker,7.0,smb_sdr
L-007390,paid_search,no_response,2.8,smb_sdr
L-007391,paid_search,,3.3,smb_sdr
L-007392,paid_search,duplicate,4.2,smb_sdr
L-007393,paid_search,not_decision_maker,167.8,unassigned
L-007394,paid_search,,4.8,smb_sdr
L-007395,paid_search,wrong_use_case,8.0,smb_sdr
L-007396,paid_search,wrong_use_case,1.7,smb_sdr
L-007397,paid_search,,7.8,smb_sdr
L-007398,paid_search,duplicate,10.9,smb_sdr
L-007399,paid_search,no_response,4.5,smb_sdr
L-007400,paid_search,,3.5,smb_sdr
L-007401,paid_search,no_budget,4.2,smb_sdr
L-007402,paid_search,,6.1,smb_sdr
L-007403,paid_search,,5.6,smb_sdr
L-007404,paid_search,no_response,5.9,smb_sdr
L-007405,paid_search,too_small,3.5,smb_sdr
L-007406,paid_search,not_decision_maker,4.5,smb_sdr
L-007407,paid_search,no_budget,8.1,smb_sdr
L-007408,paid_search,no_response,3.3,smb_sdr
L-007409,paid_search,too_small,3.4,smb_sdr
L-007410,paid_search,no_response,1.5,smb_sdr
L-007411,paid_search,,5.3,smb_sdr
L-007412,paid_search,,19.8,smb_sdr
L-007413,paid_search,wrong_use_case,10.8,smb_sdr
L-007414,paid_search,no_budget,3.5,smb_sdr
L-007415,paid_search,too_small,5.1,smb_sdr
L-007416,paid_search,no_response,3.1,smb_sdr
L-007417,paid_search,wrong_use_case,2.4,smb_sdr
L-007418,paid_search,,15.8,smb_sdr
L-007419,paid_search,no_response,6.2,smb_sdr
L-007420,paid_search,,1.8,smb_sdr
L-007421,paid_search,wrong_use_case,4.9,smb_sdr
L-007422,paid_search,,7.9,smb_sdr
L-007423,paid_search,,6.8,smb_sdr
L-007424,paid_search,,29.7,smb_sdr
L-007425,paid_search,no_response,12.3,smb_sdr
L-007426,paid_search,competitor_contract,5.1,smb_sdr
L-007427,paid_search,,14.0,smb_sdr
L-007428,paid_search,,3.4,smb_sdr
L-007429,paid_search,not_decision_maker,3.8,smb_sdr
L-007430,paid_search,wrong_use_case,12.5,smb_sdr
L-007431,paid_search,competitor_contract,2.2,smb_sdr
L-007432,paid_search,,15.1,smb_sdr
L-007433,paid_search,,7.1,smb_sdr
L-007434,paid_search,wrong_use_case,2.5,smb_sdr
L-007435,paid_search,,5.3,smb_sdr
L-007436,paid_search,not_decision_maker,8.4,smb_sdr
L-007437,paid_search,,4.1,smb_sdr
L-007438,paid_search,,173.8,unassigned
L-007439,paid_search,not_decision_maker,4.6,smb_sdr
L-007440,paid_search,too_small,2.9,smb_sdr
L-007441,paid_search,,2.9,smb_sdr
L-007442,paid_search,not_decision_maker,2.5,smb_sdr
L-007443,paid_search,,3.9,smb_sdr
L-007444,paid_search,,5.3,smb_sdr
L-007445,paid_search,,13.0,smb_sdr
L-007446,paid_search,,1.4,smb_sdr
L-007447,paid_search,,3.7,smb_sdr
L-007448,paid_search,,6.2,smb_sdr
L-007449,paid_search,too_small,2.4,smb_sdr
L-007450,paid_search,no_response,3.2,smb_sdr
L-007451,paid_search,duplicate,4.8,smb_sdr
L-007452,paid_search,,4.6,smb_sdr
L-007453,paid_search,not_decision_maker,4.6,smb_sdr
L-007454,paid_search,too_small,6.6,smb_sdr
L-007455,paid_search,,1.3,smb_sdr
L-007456,paid_search,,2.5,smb_sdr
L-007457,paid_search,,6.6,smb_sdr
L-007458,paid_search,wrong_use_case,4.6,smb_sdr
L-007459,paid_search,too_small,3.2,smb_sdr
L-007460,paid_search,no_response,4.8,smb_sdr
L-007461,paid_search,too_small,6.0,smb_sdr
L-007462,paid_search,,4.6,smb_sdr
L-007463,paid_search,no_response,4.8,smb_sdr
L-007464,paid_search,no_response,3.1,smb_sdr
L-007465,paid_search,,4.8,smb_sdr
L-007466,paid_search,,20.1,smb_sdr
L-007467,paid_search,no_budget,74.3,unassigned
L-007468,paid_search,not_decision_maker,5.7,smb_sdr
L-007469,paid_search,competitor_contract,2.5,smb_sdr
L-007470,paid_search,,2.8,smb_sdr
L-007471,paid_search,,2.3,smb_sdr
L-007472,paid_search,too_small,1.5,smb_sdr
L-007473,paid_search,wrong_use_case,10.8,smb_sdr
L-007474,paid_search,no_budget,2.8,smb_sdr
L-007475,paid_search,,6.5,smb_sdr
L-007476,paid_search,too_small,9.8,smb_sdr
L-007477,paid_search,,9.1,smb_sdr
L-007478,paid_search,duplicate,8.7,smb_sdr
L-007479,paid_search,too_small,21.3,smb_sdr
L-007480,paid_search,no_response,1.1,smb_sdr
L-007481,paid_search,,2.8,smb_sdr
L-007482,paid_search,,2.5,smb_sdr
L-007483,paid_search,too_small,3.9,smb_sdr
L-007484,paid_search,no_response,6.2,smb_sdr
L-007485,paid_search,,8.0,smb_sdr
L-007486,paid_search,not_decision_maker,2.5,smb_sdr
L-007487,paid_search,,5.0,smb_sdr
L-007488,paid_search,competitor_contract,4.1,smb_sdr
L-007489,paid_search,too_small,5.8,smb_sdr
L-007490,paid_search,no_response,3.0,smb_sdr
L-007491,paid_search,no_response,4.2,mid_market_ae
L-007492,paid_search,,7.0,mid_market_ae
L-007493,paid_search,,6.0,mid_market_ae
L-007494,paid_search,no_response,1.6,mid_market_ae
L-007495,paid_search,no_response,11.1,mid_market_ae
L-007496,paid_search,,2.9,mid_market_ae
L-007497,paid_search,duplicate,1.5,mid_market_ae
L-007498,paid_search,,8.9,mid_market_ae
L-007499,paid_search,no_budget,4.0,mid_market_ae
L-007500,paid_search,,5.9,mid_market_ae
L-007501,paid_search,no_response,64.2,unassigned
L-007502,paid_search,,3.6,mid_market_ae
L-007503,paid_search,,16.3,mid_market_ae
L-007504,paid_search,wrong_use_case,3.2,mid_market_ae
L-007505,paid_search,,1.8,mid_market_ae
L-007506,paid_search,,3.5,mid_market_ae
L-007507,paid_search,no_response,3.1,mid_market_ae
L-007508,paid_search,,14.5,mid_market_ae
L-007509,paid_search,,6.1,mid_market_ae
L-007510,paid_search,competitor_contract,4.0,mid_market_ae
L-007511,paid_search,no_response,8.2,mid_market_ae
L-007512,paid_search,too_small,5.5,mid_market_ae
L-007513,paid_search,,4.8,mid_market_ae
L-007514,paid_search,no_response,2.8,mid_market_ae
L-007515,paid_search,,3.4,mid_market_ae
L-007516,paid_search,duplicate,3.7,mid_market_ae
L-007517,paid_search,no_response,2.4,mid_market_ae
L-007518,paid_search,too_small,6.7,mid_market_ae
L-007519,paid_search,,5.6,mid_market_ae
L-007520,paid_search,no_response,3.4,mid_market_ae
L-007521,paid_search,,5.3,mid_market_ae
L-007522,paid_search,,11.7,mid_market_ae
L-007523,paid_search,,8.3,mid_market_ae
L-007524,paid_search,not_decision_maker,6.4,mid_market_ae
L-007525,paid_search,competitor_contract,2.7,mid_market_ae
L-007526,paid_search,not_decision_maker,15.2,mid_market_ae
L-007527,paid_search,no_response,4.2,mid_market_ae
L-007528,paid_search,,9.7,mid_market_ae
L-007529,paid_search,,7.0,mid_market_ae
L-007530,paid_search,,4.2,mid_market_ae
L-007531,paid_search,,2.6,mid_market_ae
L-007532,paid_search,,8.5,mid_market_ae
L-007533,paid_search,not_decision_maker,6.0,mid_market_ae
L-007534,paid_search,,1.9,mid_market_ae
L-007535,paid_search,not_decision_maker,5.1,mid_market_ae
L-007536,paid_search,competitor_contract,3.5,mid_market_ae
L-007537,paid_search,,4.8,mid_market_ae
L-007538,paid_search,not_decision_maker,6.5,mid_market_ae
L-007539,paid_search,no_response,2.7,mid_market_ae
L-007540,paid_search,no_budget,7.6,mid_market_ae
L-007541,paid_search,,2.3,mid_market_ae
L-007542,paid_search,,8.5,mid_market_ae
L-007543,paid_search,not_decision_maker,8.3,mid_market_ae
L-007544,paid_search,duplicate,80.4,unassigned
L-007545,paid_search,no_response,1.8,mid_market_ae
L-007546,paid_search,no_response,1.8,mid_market_ae
L-007547,paid_search,competitor_contract,1.7,mid_market_ae
L-007548,paid_search,,2.0,mid_market_ae
L-007549,paid_search,,5.3,mid_market_ae
L-007550,paid_search,not_decision_maker,6.9,mid_market_ae
L-007551,paid_search,,4.1,mid_market_ae
L-007552,paid_search,no_response,5.7,mid_market_ae
L-007553,paid_search,no_budget,5.4,mid_market_ae
L-007554,paid_search,,4.9,mid_market_ae
L-007555,paid_search,,5.3,mid_market_ae
L-007556,paid_search,,6.2,mid_market_ae
L-007557,paid_search,no_response,7.8,mid_market_ae
L-007558,paid_search,no_response,12.3,mid_market_ae
L-007559,paid_search,,1.8,mid_market_ae
L-007560,paid_search,,81.5,unassigned
L-007561,paid_search,no_response,4.6,mid_market_ae
L-007562,paid_search,,11.9,mid_market_ae
L-007563,paid_search,,10.0,mid_market_ae
L-007564,paid_search,no_response,1.5,mid_market_ae
L-007565,paid_search,no_response,2.8,mid_market_ae
L-007566,paid_search,,5.4,mid_market_ae
L-007567,paid_search,duplicate,5.4,mid_market_ae
L-007568,paid_search,wrong_use_case,2.8,mid_market_ae
L-007569,paid_search,no_response,12.0,mid_market_ae
L-007570,paid_search,wrong_use_case,3.7,mid_market_ae
L-007571,paid_search,,3.7,mid_market_ae
L-007572,paid_search,wrong_use_case,2.0,mid_market_ae
L-007573,paid_search,wrong_use_case,4.8,mid_market_ae
L-007574,paid_search,,3.7,mid_market_ae
L-007575,paid_search,,8.7,mid_market_ae
L-007576,paid_search,no_response,3.5,mid_market_ae
L-007577,paid_search,,2.4,mid_market_ae
L-007578,paid_search,no_budget,4.6,mid_market_ae
L-007579,paid_search,not_decision_maker,47.2,unassigned
L-007580,paid_search,no_response,4.2,mid_market_ae
L-007581,paid_search,no_budget,5.0,mid_market_ae
L-007582,paid_search,,5.0,mid_market_ae
L-007583,paid_search,,3.1,mid_market_ae
L-007584,paid_search,duplicate,5.6,mid_market_ae
L-007585,paid_search,,8.1,mid_market_ae
L-007586,paid_search,competitor_contract,4.4,mid_market_ae
L-007587,paid_search,,6.7,mid_market_ae
L-007588,paid_search,,5.1,mid_market_ae
L-007589,paid_search,not_decision_maker,4.8,mid_market_ae
L-007590,paid_search,,3.3,mid_market_ae
L-007591,paid_search,,3.8,mid_market_ae
L-007592,paid_search,competitor_contract,17.7,mid_market_ae
L-007593,paid_search,too_small,16.0,mid_market_ae
L-007594,paid_search,no_response,13.1,mid_market_ae
L-007595,paid_search,too_small,5.1,mid_market_ae
L-007596,paid_search,no_response,5.3,mid_market_ae
L-007597,paid_search,,14.7,mid_market_ae
L-007598,paid_search,duplicate,3.2,mid_market_ae
L-007599,paid_search,no_response,4.0,mid_market_ae
L-007600,paid_search,,7.0,mid_market_ae
L-007601,paid_search,,7.4,mid_market_ae
L-007602,paid_search,duplicate,4.8,mid_market_ae
L-007603,paid_search,not_decision_maker,1.4,mid_market_ae
L-007604,paid_search,,4.5,mid_market_ae
L-007605,paid_search,too_small,2.9,mid_market_ae
L-007606,paid_search,no_response,5.3,mid_market_ae
L-007607,paid_search,,3.9,mid_market_ae
L-007608,paid_search,,2.0,mid_market_ae
L-007609,paid_search,,1.9,mid_market_ae
L-007610,paid_search,wrong_use_case,1.1,mid_market_ae
L-007611,paid_search,too_small,3.1,mid_market_ae
L-007612,paid_search,not_decision_maker,9.7,mid_market_ae
L-007613,paid_search,,16.8,mid_market_ae
L-007614,paid_search,duplicate,8.4,mid_market_ae
L-007615,paid_search,no_response,10.5,mid_market_ae
L-007616,paid_search,competitor_contract,4.7,mid_market_ae
L-007617,paid_search,no_budget,3.6,mid_market_ae
L-007618,paid_search,,1.4,mid_market_ae
L-007619,paid_search,,7.1,mid_market_ae
L-007620,paid_search,competitor_contract,6.3,mid_market_ae
L-007621,paid_search,not_decision_maker,9.7,mid_market_ae
L-007622,paid_search,duplicate,4.6,mid_market_ae
L-007623,paid_search,no_response,2.9,mid_market_ae
L-007624,paid_search,,4.1,mid_market_ae
L-007625,paid_search,,3.8,mid_market_ae
L-007626,paid_search,too_small,6.2,mid_market_ae
L-007627,paid_search,no_budget,4.9,mid_market_ae
L-007628,paid_search,not_decision_maker,7.0,mid_market_ae
L-007629,paid_search,no_response,6.5,mid_market_ae
L-007630,paid_search,,20.7,mid_market_ae
L-007631,paid_search,wrong_use_case,3.0,mid_market_ae
L-007632,paid_search,,67.7,unassigned
L-007633,paid_search,,3.6,mid_market_ae
L-007634,paid_search,,3.7,mid_market_ae
L-007635,paid_search,too_small,8.2,mid_market_ae
L-007636,paid_search,,6.6,mid_market_ae
L-007637,paid_search,wrong_use_case,8.6,mid_market_ae
L-007638,paid_search,,7.9,mid_market_ae
L-007639,paid_search,not_decision_maker,9.2,mid_market_ae
L-007640,paid_search,,5.0,mid_market_ae
L-007641,paid_search,,5.0,mid_market_ae
L-007642,paid_search,,7.6,mid_market_ae
L-007643,paid_search,no_budget,3.7,mid_market_ae
L-007644,paid_search,no_response,2.0,mid_market_ae
L-007645,paid_search,not_decision_maker,3.6,mid_market_ae
L-007646,paid_search,too_small,5.2,mid_market_ae
L-007647,paid_search,not_decision_maker,6.3,mid_market_ae
L-007648,paid_search,wrong_use_case,3.2,mid_market_ae
L-007649,paid_search,,3.3,mid_market_ae
L-007650,paid_search,too_small,2.1,mid_market_ae
L-007651,paid_search,,2.8,mid_market_ae
L-007652,paid_search,,7.2,mid_market_ae
L-007653,paid_search,duplicate,10.9,mid_market_ae
L-007654,paid_search,not_decision_maker,2.9,mid_market_ae
L-007655,paid_search,,7.5,mid_market_ae
L-007656,paid_search,too_small,10.6,mid_market_ae
L-007657,paid_search,no_budget,2.3,mid_market_ae
L-007658,paid_search,,14.1,mid_market_ae
L-007659,paid_search,not_decision_maker,6.9,mid_market_ae
L-007660,paid_search,,4.3,mid_market_ae
L-007661,paid_search,too_small,5.3,mid_market_ae
L-007662,paid_search,,4.3,mid_market_ae
L-007663,paid_search,,4.3,mid_market_ae
L-007664,paid_search,not_decision_maker,4.0,mid_market_ae
L-007665,paid_search,,3.0,mid_market_ae
L-007666,paid_search,,8.4,mid_market_ae
L-007667,paid_search,,2.7,mid_market_ae
L-007668,paid_search,,4.7,mid_market_ae
L-007669,paid_search,competitor_contract,3.3,mid_market_ae
L-007670,paid_search,duplicate,2.2,mid_market_ae
L-007671,paid_search,,2.4,mid_market_ae
L-007672,paid_search,no_response,8.6,mid_market_ae
L-007673,paid_search,no_budget,5.6,mid_market_ae
L-007674,paid_search,,8.8,mid_market_ae
L-007675,paid_search,no_budget,1.2,mid_market_ae
L-007676,paid_search,no_response,3.7,mid_market_ae
L-007677,paid_search,duplicate,4.4,mid_market_ae
L-007678,paid_search,wrong_use_case,4.6,mid_market_ae
L-007679,paid_search,,4.5,mid_market_ae
L-007680,paid_search,,13.1,mid_market_ae
L-007681,paid_search,,5.2,mid_market_ae
L-007682,paid_search,,4.0,mid_market_ae
L-007683,paid_search,,5.6,mid_market_ae
L-007684,paid_search,wrong_use_case,5.2,mid_market_ae
L-007685,paid_search,not_decision_maker,4.6,mid_market_ae
L-007686,paid_search,too_small,8.8,mid_market_ae
L-007687,paid_search,no_budget,7.0,mid_market_ae
L-007688,paid_search,,3.6,mid_market_ae
L-007689,paid_search,,9.1,mid_market_ae
L-007690,paid_search,,1.5,mid_market_ae
L-007691,paid_search,not_decision_maker,7.6,mid_market_ae
L-007692,paid_search,,7.6,mid_market_ae
L-007693,paid_search,,7.9,mid_market_ae
L-007694,paid_search,,5.5,mid_market_ae
L-007695,paid_search,,17.9,mid_market_ae
L-007696,paid_search,no_response,1.8,mid_market_ae
L-007697,paid_search,,3.5,mid_market_ae
L-007698,paid_search,no_response,2.9,mid_market_ae
L-007699,paid_search,,5.4,mid_market_ae
L-007700,paid_search,,10.3,mid_market_ae
L-007701,paid_search,too_small,2.4,mid_market_ae
L-007702,paid_search,no_budget,3.8,mid_market_ae
L-007703,paid_search,,10.5,mid_market_ae
L-007704,paid_search,too_small,1.4,mid_market_ae
L-007705,paid_search,,4.4,mid_market_ae
L-007706,paid_search,,10.9,mid_market_ae
L-007707,paid_search,no_response,0.9,mid_market_ae
L-007708,paid_search,no_response,4.1,mid_market_ae
L-007709,paid_search,,5.0,mid_market_ae
L-007710,paid_search,competitor_contract,4.1,mid_market_ae
L-007711,paid_search,competitor_contract,6.2,mid_market_ae
L-007712,paid_search,no_response,9.8,mid_market_ae
L-007713,paid_search,competitor_contract,4.4,mid_market_ae
L-007714,paid_search,,22.9,mid_market_ae
L-007715,paid_search,wrong_use_case,4.9,mid_market_ae
L-007716,paid_search,,5.0,mid_market_ae
L-007717,paid_search,,7.1,mid_market_ae
L-007718,paid_search,no_response,76.0,unassigned
L-007719,paid_search,,3.3,mid_market_ae
L-007720,paid_search,not_decision_maker,5.0,mid_market_ae
L-007721,paid_search,,2.5,mid_market_ae
L-007722,paid_search,,5.0,mid_market_ae
L-007723,paid_search,no_response,1.6,mid_market_ae
L-007724,paid_search,not_decision_maker,4.3,mid_market_ae
L-007725,paid_social,,11.5,smb_sdr
L-007726,paid_social,,2.6,smb_sdr
L-007727,paid_social,too_small,6.9,smb_sdr
L-007728,paid_social,no_response,10.5,smb_sdr
L-007729,paid_social,,4.0,smb_sdr
L-007730,paid_social,no_budget,5.7,smb_sdr
L-007731,paid_social,,5.6,smb_sdr
L-007732,paid_social,duplicate,4.0,smb_sdr
L-007733,paid_social,,10.4,smb_sdr
L-007734,paid_social,too_small,3.9,smb_sdr
L-007735,paid_social,competitor_contract,5.3,smb_sdr
L-007736,paid_social,wrong_use_case,6.2,smb_sdr
L-007737,paid_social,duplicate,3.1,smb_sdr
L-007738,paid_social,too_small,1.8,smb_sdr
L-007739,paid_social,too_small,6.1,smb_sdr
L-007740,paid_social,,27.1,smb_sdr
L-007741,paid_social,not_decision_maker,4.0,smb_sdr
L-007742,paid_social,,9.2,smb_sdr
L-007743,paid_social,,3.2,smb_sdr
L-007744,paid_social,no_response,5.0,smb_sdr
L-007745,paid_social,too_small,3.3,smb_sdr
L-007746,paid_social,no_response,3.1,smb_sdr
L-007747,paid_social,,7.5,smb_sdr
L-007748,paid_social,wrong_use_case,3.8,smb_sdr
L-007749,paid_social,,5.4,smb_sdr
L-007750,paid_social,wrong_use_case,2.8,smb_sdr
L-007751,paid_social,duplicate,2.8,smb_sdr
L-007752,paid_social,no_budget,4.6,smb_sdr
L-007753,paid_social,,4.1,smb_sdr
L-007754,paid_social,,1.9,smb_sdr
L-007755,paid_social,no_budget,5.0,smb_sdr
L-007756,paid_social,,4.4,smb_sdr
L-007757,paid_social,,2.6,smb_sdr
L-007758,paid_social,no_budget,4.4,smb_sdr
L-007759,paid_social,not_decision_maker,4.9,smb_sdr
L-007760,paid_social,,2.9,smb_sdr
L-007761,paid_social,not_decision_maker,3.4,smb_sdr
L-007762,paid_social,not_decision_maker,3.8,smb_sdr
L-007763,paid_social,duplicate,3.9,smb_sdr
L-007764,paid_social,competitor_contract,4.3,smb_sdr
L-007765,paid_social,,5.5,smb_sdr
L-007766,paid_social,,3.7,smb_sdr
L-007767,paid_social,wrong_use_case,1.6,smb_sdr
L-007768,paid_social,duplicate,2.1,smb_sdr
L-007769,paid_social,no_response,1.8,smb_sdr
L-007770,paid_social,,4.6,smb_sdr
L-007771,paid_social,wrong_use_case,6.6,smb_sdr
L-007772,paid_social,not_decision_maker,1.5,smb_sdr
L-007773,paid_social,,4.1,smb_sdr
L-007774,paid_social,,1.9,smb_sdr
L-007775,paid_social,no_response,4.0,smb_sdr
L-007776,paid_social,duplicate,5.9,smb_sdr
L-007777,paid_social,wrong_use_case,3.9,smb_sdr
L-007778,paid_social,no_budget,4.8,smb_sdr
L-007779,paid_social,no_response,5.3,smb_sdr
L-007780,paid_social,not_decision_maker,10.1,smb_sdr
L-007781,paid_social,no_budget,1.9,smb_sdr
L-007782,paid_social,not_decision_maker,10.4,smb_sdr
L-007783,paid_social,no_response,3.3,smb_sdr
L-007784,paid_social,wrong_use_case,3.0,smb_sdr
L-007785,paid_social,competitor_contract,11.2,smb_sdr
L-007786,paid_social,,3.0,smb_sdr
L-007787,paid_social,no_response,3.4,smb_sdr
L-007788,paid_social,,3.7,smb_sdr
L-007789,paid_social,no_budget,2.6,smb_sdr
L-007790,paid_social,,8.1,smb_sdr
L-007791,paid_social,no_response,4.9,smb_sdr
L-007792,paid_social,no_budget,1.2,smb_sdr
L-007793,paid_social,not_decision_maker,3.0,smb_sdr
L-007794,paid_social,duplicate,1.7,smb_sdr
L-007795,paid_social,no_response,1.8,smb_sdr
L-007796,paid_social,wrong_use_case,2.9,smb_sdr
L-007797,paid_social,too_small,6.8,smb_sdr
L-007798,paid_social,no_response,4.8,smb_sdr
L-007799,paid_social,,4.8,smb_sdr
L-007800,paid_social,competitor_contract,7.3,smb_sdr
L-007801,paid_social,,2.5,smb_sdr
L-007802,paid_social,no_response,2.7,smb_sdr
L-007803,paid_social,not_decision_maker,3.9,smb_sdr
L-007804,paid_social,,3.6,smb_sdr
L-007805,paid_social,no_budget,1.9,smb_sdr
L-007806,paid_social,not_decision_maker,11.6,smb_sdr
L-007807,paid_social,not_decision_maker,5.7,smb_sdr
L-007808,paid_social,too_small,7.2,smb_sdr
L-007809,paid_social,no_response,3.6,smb_sdr
L-007810,paid_social,no_response,2.7,smb_sdr
L-007811,paid_social,,2.3,smb_sdr
L-007812,paid_social,duplicate,6.3,smb_sdr
L-007813,paid_social,,8.8,smb_sdr
L-007814,paid_social,not_decision_maker,22.5,smb_sdr
L-007815,paid_social,no_budget,6.2,smb_sdr
L-007816,paid_social,no_response,28.1,smb_sdr
L-007817,paid_social,,6.6,smb_sdr
L-007818,paid_social,,2.9,smb_sdr
L-007819,paid_social,no_response,4.4,smb_sdr
L-007820,paid_social,,5.8,smb_sdr
L-007821,paid_social,wrong_use_case,9.5,smb_sdr
L-007822,paid_social,no_response,1.8,smb_sdr
L-007823,paid_social,,10.1,smb_sdr
L-007824,paid_social,,3.7,smb_sdr
L-007825,paid_social,too_small,14.1,smb_sdr
L-007826,paid_social,,4.6,smb_sdr
L-007827,paid_social,no_budget,2.4,smb_sdr
L-007828,paid_social,no_response,1.6,smb_sdr
L-007829,paid_social,duplicate,2.8,smb_sdr
L-007830,paid_social,no_budget,2.8,smb_sdr
L-007831,paid_social,not_decision_maker,4.8,smb_sdr
L-007832,paid_social,no_response,5.7,smb_sdr
L-007833,paid_social,wrong_use_case,5.9,smb_sdr
L-007834,paid_social,no_response,7.4,smb_sdr
L-007835,paid_social,,7.9,smb_sdr
L-007836,paid_social,too_small,5.2,smb_sdr
L-007837,paid_social,,5.3,smb_sdr
L-007838,paid_social,no_response,4.0,smb_sdr
L-007839,paid_social,too_small,6.8,smb_sdr
L-007840,paid_social,no_response,6.6,smb_sdr
L-007841,paid_social,,2.6,smb_sdr
L-007842,paid_social,,8.5,smb_sdr
L-007843,paid_social,too_small,13.6,smb_sdr
L-007844,paid_social,no_budget,3.3,smb_sdr
L-007845,paid_social,wrong_use_case,9.5,smb_sdr
L-007846,paid_social,no_response,2.0,smb_sdr
L-007847,paid_social,no_response,5.9,smb_sdr
L-007848,paid_social,wrong_use_case,8.1,smb_sdr
L-007849,paid_social,,3.9,smb_sdr
L-007850,paid_social,too_small,7.1,smb_sdr
L-007851,paid_social,,4.1,smb_sdr
L-007852,paid_social,wrong_use_case,5.0,smb_sdr
L-007853,paid_social,no_budget,4.1,smb_sdr
L-007854,paid_social,,6.9,smb_sdr
L-007855,paid_social,,3.7,smb_sdr
L-007856,paid_social,,4.5,smb_sdr
L-007857,paid_social,not_decision_maker,3.5,smb_sdr
L-007858,paid_social,no_response,2.3,smb_sdr
L-007859,paid_social,duplicate,2.4,smb_sdr
L-007860,paid_social,no_budget,1.9,smb_sdr
L-007861,paid_social,no_response,0.9,smb_sdr
L-007862,paid_social,too_small,20.3,mid_market_ae
L-007863,paid_social,,2.6,mid_market_ae
L-007864,paid_social,too_small,3.6,mid_market_ae
L-007865,paid_social,,11.1,mid_market_ae
L-007866,paid_social,wrong_use_case,15.8,mid_market_ae
L-007867,paid_social,not_decision_maker,7.2,mid_market_ae
L-007868,paid_social,,7.0,mid_market_ae
L-007869,paid_social,no_response,1.7,mid_market_ae
L-007870,paid_social,no_response,10.5,mid_market_ae
L-007871,paid_social,,4.4,mid_market_ae
L-007872,paid_social,,3.9,mid_market_ae
L-007873,paid_social,,5.2,mid_market_ae
L-007874,paid_social,no_response,4.5,mid_market_ae
L-007875,paid_social,,5.6,mid_market_ae
L-007876,paid_social,no_budget,3.0,mid_market_ae
L-007877,paid_social,no_response,10.3,mid_market_ae
L-007878,paid_social,,4.9,mid_market_ae
L-007879,paid_social,,2.6,mid_market_ae
L-007880,paid_social,too_small,2.7,mid_market_ae
L-007881,paid_social,no_budget,7.6,mid_market_ae
L-007882,paid_social,no_budget,2.9,mid_market_ae
L-007883,paid_social,no_response,4.6,mid_market_ae
L-007884,paid_social,,9.9,mid_market_ae
L-007885,paid_social,duplicate,5.7,mid_market_ae
L-007886,paid_social,too_small,4.4,mid_market_ae
L-007887,paid_social,wrong_use_case,15.5,mid_market_ae
L-007888,paid_social,no_response,2.8,mid_market_ae
L-007889,paid_social,too_small,3.0,mid_market_ae
L-007890,paid_social,no_budget,5.4,mid_market_ae
L-007891,paid_social,not_decision_maker,7.0,mid_market_ae
L-007892,paid_social,no_response,4.8,mid_market_ae
L-007893,paid_social,too_small,14.0,mid_market_ae
L-007894,paid_social,wrong_use_case,11.1,mid_market_ae
L-007895,paid_social,no_budget,10.8,mid_market_ae
L-007896,paid_social,,1.9,mid_market_ae
L-007897,paid_social,,14.8,mid_market_ae
L-007898,paid_social,no_response,1.6,mid_market_ae
L-007899,paid_social,too_small,55.7,unassigned
L-007900,paid_social,no_budget,55.7,unassigned
L-007901,paid_social,wrong_use_case,61.9,unassigned
L-007902,paid_social,too_small,1.9,mid_market_ae
L-007903,organic,too_small,8.8,smb_sdr
L-007904,organic,,2.5,smb_sdr
L-007905,organic,,7.4,smb_sdr
L-007906,organic,,5.4,smb_sdr
L-007907,organic,,3.2,smb_sdr
L-007908,organic,,10.9,smb_sdr
L-007909,organic,wrong_use_case,8.5,smb_sdr
L-007910,organic,,5.5,smb_sdr
L-007911,organic,no_budget,3.7,smb_sdr
L-007912,organic,wrong_use_case,6.5,smb_sdr
L-007913,organic,,6.4,smb_sdr
L-007914,organic,no_budget,2.2,smb_sdr
L-007915,organic,duplicate,5.0,smb_sdr
L-007916,organic,no_response,13.6,smb_sdr
L-007917,organic,,4.5,smb_sdr
L-007918,organic,,8.1,smb_sdr
L-007919,organic,,17.6,smb_sdr
L-007920,organic,duplicate,6.4,smb_sdr
L-007921,organic,no_response,9.8,smb_sdr
L-007922,organic,wrong_use_case,4.7,smb_sdr
L-007923,organic,no_budget,2.7,smb_sdr
L-007924,organic,no_budget,6.2,smb_sdr
L-007925,organic,no_response,3.4,smb_sdr
L-007926,organic,,50.1,unassigned
L-007927,organic,,3.1,smb_sdr
L-007928,organic,too_small,1.9,smb_sdr
L-007929,organic,,3.5,smb_sdr
L-007930,organic,,9.4,smb_sdr
L-007931,organic,no_response,12.5,smb_sdr
L-007932,organic,no_budget,6.4,smb_sdr
L-007933,organic,,4.2,smb_sdr
L-007934,organic,competitor_contract,3.3,smb_sdr
L-007935,organic,,5.2,smb_sdr
L-007936,organic,not_decision_maker,4.3,smb_sdr
L-007937,organic,wrong_use_case,11.6,smb_sdr
L-007938,organic,competitor_contract,4.4,smb_sdr
L-007939,organic,,2.7,smb_sdr
L-007940,organic,no_response,7.4,smb_sdr
L-007941,organic,no_response,3.3,smb_sdr
L-007942,organic,,54.7,unassigned
L-007943,organic,too_small,3.1,smb_sdr
L-007944,organic,not_decision_maker,9.6,smb_sdr
L-007945,organic,no_response,7.6,smb_sdr
L-007946,organic,too_small,1.3,smb_sdr
L-007947,organic,,17.4,smb_sdr
L-007948,organic,,4.7,smb_sdr
L-007949,organic,,1.9,smb_sdr
L-007950,organic,,3.9,smb_sdr
L-007951,organic,wrong_use_case,10.3,smb_sdr
L-007952,organic,,3.5,smb_sdr
L-007953,organic,not_decision_maker,14.2,smb_sdr
L-007954,organic,not_decision_maker,2.7,smb_sdr
L-007955,organic,,8.9,smb_sdr
L-007956,organic,wrong_use_case,2.8,smb_sdr
L-007957,organic,duplicate,4.3,smb_sdr
L-007958,organic,,2.3,smb_sdr
L-007959,organic,too_small,3.2,smb_sdr
L-007960,organic,no_budget,4.2,smb_sdr
L-007961,organic,,6.7,smb_sdr
L-007962,organic,not_decision_maker,5.8,smb_sdr
L-007963,organic,,7.0,smb_sdr
L-007964,organic,,3.1,smb_sdr
L-007965,organic,,9.1,smb_sdr
L-007966,organic,not_decision_maker,9.7,smb_sdr
L-007967,organic,too_small,3.3,smb_sdr
L-007968,organic,,3.2,smb_sdr
L-007969,organic,duplicate,6.7,smb_sdr
L-007970,organic,,3.7,smb_sdr
L-007971,organic,no_response,2.5,smb_sdr
L-007972,organic,,2.4,smb_sdr
L-007973,organic,too_small,1.7,smb_sdr
L-007974,organic,,4.2,smb_sdr
L-007975,organic,,4.4,smb_sdr
L-007976,organic,,19.9,smb_sdr
L-007977,organic,,4.6,smb_sdr
L-007978,organic,not_decision_maker,3.8,smb_sdr
L-007979,organic,,4.4,smb_sdr
L-007980,organic,too_small,3.6,smb_sdr
L-007981,organic,,3.7,smb_sdr
L-007982,organic,,5.9,smb_sdr
L-007983,organic,,6.5,smb_sdr
L-007984,organic,no_response,2.3,smb_sdr
L-007985,organic,not_decision_maker,5.9,smb_sdr
L-007986,organic,duplicate,11.5,smb_sdr
L-007987,organic,,2.4,smb_sdr
L-007988,organic,,3.7,smb_sdr
L-007989,organic,wrong_use_case,3.2,smb_sdr
L-007990,organic,no_response,9.5,smb_sdr
L-007991,organic,,3.0,smb_sdr
L-007992,organic,,4.2,smb_sdr
L-007993,organic,too_small,3.4,smb_sdr
L-007994,organic,,6.3,smb_sdr
L-007995,organic,not_decision_maker,4.8,smb_sdr
L-007996,organic,too_small,7.7,smb_sdr
L-007997,organic,,5.7,smb_sdr
L-007998,organic,no_response,9.4,smb_sdr
L-007999,organic,,8.2,smb_sdr
L-008000,organic,no_budget,5.5,smb_sdr
L-008001,organic,,6.8,smb_sdr
L-008002,organic,,4.2,smb_sdr
L-008003,organic,,5.3,smb_sdr
L-008004,organic,no_budget,7.4,smb_sdr
L-008005,organic,no_response,7.5,smb_sdr
L-008006,organic,,8.3,smb_sdr
L-008007,organic,,3.4,smb_sdr
L-008008,organic,wrong_use_case,1.7,smb_sdr
L-008009,organic,competitor_contract,4.9,smb_sdr
L-008010,organic,competitor_contract,3.0,smb_sdr
L-008011,organic,,4.4,smb_sdr
L-008012,organic,not_decision_maker,12.1,smb_sdr
L-008013,organic,competitor_contract,14.1,smb_sdr
L-008014,organic,no_response,41.3,unassigned
L-008015,organic,,13.1,smb_sdr
L-008016,organic,no_response,2.2,smb_sdr
L-008017,organic,not_decision_maker,6.0,smb_sdr
L-008018,organic,,4.5,smb_sdr
L-008019,organic,,3.0,smb_sdr
L-008020,organic,,5.0,smb_sdr
L-008021,organic,,2.8,smb_sdr
L-008022,organic,no_budget,2.8,smb_sdr
L-008023,organic,,3.8,smb_sdr
L-008024,organic,duplicate,12.9,smb_sdr
L-008025,organic,,8.6,smb_sdr
L-008026,organic,,9.5,smb_sdr
L-008027,organic,,2.4,smb_sdr
L-008028,organic,,3.4,smb_sdr
L-008029,organic,,5.9,smb_sdr
L-008030,organic,no_response,4.3,smb_sdr
L-008031,organic,no_response,11.0,smb_sdr
L-008032,organic,no_response,2.7,smb_sdr
L-008033,organic,not_decision_maker,7.2,smb_sdr
L-008034,organic,duplicate,1.9,smb_sdr
L-008035,organic,no_response,2.0,smb_sdr
L-008036,organic,,6.3,smb_sdr
L-008037,organic,,15.0,smb_sdr
L-008038,organic,wrong_use_case,10.2,smb_sdr
L-008039,organic,no_budget,3.7,smb_sdr
L-008040,organic,too_small,3.4,smb_sdr
L-008041,organic,too_small,6.1,smb_sdr
L-008042,organic,,6.6,smb_sdr
L-008043,organic,,3.0,smb_sdr
L-008044,organic,,2.6,smb_sdr
L-008045,organic,not_decision_maker,4.8,smb_sdr
L-008046,organic,no_response,2.5,smb_sdr
L-008047,organic,not_decision_maker,9.6,smb_sdr
L-008048,organic,wrong_use_case,7.3,smb_sdr
L-008049,organic,,8.2,smb_sdr
L-008050,organic,,8.1,smb_sdr
L-008051,organic,no_budget,16.7,smb_sdr
L-008052,organic,not_decision_maker,2.3,smb_sdr
L-008053,organic,,6.7,smb_sdr
L-008054,organic,,2.7,smb_sdr
L-008055,organic,too_small,5.6,smb_sdr
L-008056,organic,,3.3,smb_sdr
L-008057,organic,,7.8,smb_sdr
L-008058,organic,,2.9,smb_sdr
L-008059,organic,no_budget,1.2,smb_sdr
L-008060,organic,duplicate,1.6,smb_sdr
L-008061,organic,,7.2,smb_sdr
L-008062,organic,duplicate,4.8,smb_sdr
L-008063,organic,too_small,7.2,smb_sdr
L-008064,organic,,4.3,smb_sdr
L-008065,organic,,2.0,smb_sdr
L-008066,organic,no_budget,3.3,smb_sdr
L-008067,organic,,8.9,smb_sdr
L-008068,organic,,1.7,smb_sdr
L-008069,organic,too_small,3.2,smb_sdr
L-008070,organic,,18.1,smb_sdr
L-008071,organic,not_decision_maker,4.3,smb_sdr
L-008072,organic,,10.5,smb_sdr
L-008073,organic,duplicate,11.1,smb_sdr
L-008074,organic,,3.2,smb_sdr
L-008075,organic,no_budget,3.5,smb_sdr
L-008076,organic,,3.0,smb_sdr
L-008077,organic,,2.8,smb_sdr
L-008078,organic,,1.7,smb_sdr
L-008079,organic,wrong_use_case,5.6,smb_sdr
L-008080,organic,,4.4,smb_sdr
L-008081,organic,,8.6,smb_sdr
L-008082,organic,duplicate,3.3,smb_sdr
L-008083,organic,,7.3,smb_sdr
L-008084,organic,no_budget,4.6,smb_sdr
L-008085,organic,,3.1,smb_sdr
L-008086,organic,too_small,7.8,smb_sdr
L-008087,organic,,4.7,smb_sdr
L-008088,organic,competitor_contract,8.6,smb_sdr
L-008089,organic,,6.7,smb_sdr
L-008090,organic,wrong_use_case,7.6,smb_sdr
L-008091,organic,no_budget,6.0,smb_sdr
L-008092,organic,too_small,12.7,smb_sdr
L-008093,organic,too_small,2.4,smb_sdr
L-008094,organic,no_budget,7.4,smb_sdr
L-008095,organic,wrong_use_case,1.3,smb_sdr
L-008096,organic,duplicate,5.2,smb_sdr
L-008097,organic,duplicate,2.4,smb_sdr
L-008098,organic,,3.3,smb_sdr
L-008099,organic,,11.8,smb_sdr
L-008100,organic,no_response,8.3,smb_sdr
L-008101,organic,not_decision_maker,9.3,smb_sdr
L-008102,organic,too_small,6.5,smb_sdr
L-008103,organic,,6.3,smb_sdr
L-008104,organic,,3.7,smb_sdr
L-008105,organic,,9.5,smb_sdr
L-008106,organic,too_small,10.0,smb_sdr
L-008107,organic,no_response,10.8,smb_sdr
L-008108,organic,too_small,2.9,smb_sdr
L-008109,organic,,4.4,smb_sdr
L-008110,organic,duplicate,2.0,smb_sdr
L-008111,organic,,3.3,smb_sdr
L-008112,organic,,2.9,smb_sdr
L-008113,organic,no_response,3.4,smb_sdr
L-008114,organic,,5.7,smb_sdr
L-008115,organic,,2.2,smb_sdr
L-008116,organic,,6.6,smb_sdr
L-008117,organic,no_response,1.4,smb_sdr
L-008118,organic,not_decision_maker,2.8,smb_sdr
L-008119,organic,no_response,5.0,smb_sdr
L-008120,organic,,8.4,smb_sdr
L-008121,organic,,1.9,smb_sdr
L-008122,organic,,4.6,smb_sdr
L-008123,organic,no_response,3.9,smb_sdr
L-008124,organic,wrong_use_case,2.9,smb_sdr
L-008125,organic,no_budget,2.4,smb_sdr
L-008126,organic,,4.0,smb_sdr
L-008127,organic,no_response,4.2,smb_sdr
L-008128,organic,,3.2,smb_sdr
L-008129,organic,,5.6,smb_sdr
L-008130,organic,wrong_use_case,6.0,smb_sdr
L-008131,organic,,3.5,smb_sdr
L-008132,organic,not_decision_maker,11.3,smb_sdr
L-008133,organic,,4.8,smb_sdr
L-008134,organic,too_small,3.1,smb_sdr
L-008135,organic,wrong_use_case,2.2,smb_sdr
L-008136,organic,,3.3,smb_sdr
L-008137,organic,competitor_contract,3.7,smb_sdr
L-008138,organic,duplicate,5.2,smb_sdr
L-008139,organic,not_decision_maker,5.4,smb_sdr
L-008140,organic,,9.1,smb_sdr
L-008141,organic,,4.0,smb_sdr
L-008142,organic,competitor_contract,4.2,smb_sdr
L-008143,organic,wrong_use_case,93.0,unassigned
L-008144,organic,no_budget,6.2,smb_sdr
L-008145,organic,no_response,47.9,unassigned
L-008146,organic,no_budget,4.9,smb_sdr
L-008147,organic,no_response,4.0,smb_sdr
L-008148,organic,not_decision_maker,7.2,smb_sdr
L-008149,organic,,3.8,smb_sdr
L-008150,organic,wrong_use_case,2.4,smb_sdr
L-008151,organic,,2.9,smb_sdr
L-008152,organic,,32.6,smb_sdr
L-008153,organic,not_decision_maker,9.0,smb_sdr
L-008154,organic,not_decision_maker,4.1,smb_sdr
L-008155,organic,,1.7,smb_sdr
L-008156,organic,no_budget,3.2,smb_sdr
L-008157,organic,no_response,8.4,smb_sdr
L-008158,organic,,2.0,smb_sdr
L-008159,organic,,7.8,smb_sdr
L-008160,organic,not_decision_maker,3.2,smb_sdr
L-008161,organic,duplicate,2.8,smb_sdr
L-008162,organic,,4.4,smb_sdr
L-008163,organic,,3.2,smb_sdr
L-008164,organic,no_response,13.7,smb_sdr
L-008165,organic,not_decision_maker,4.6,smb_sdr
L-008166,organic,,4.6,smb_sdr
L-008167,organic,,7.3,smb_sdr
L-008168,organic,no_budget,4.8,smb_sdr
L-008169,organic,too_small,8.8,smb_sdr
L-008170,organic,wrong_use_case,4.5,smb_sdr
L-008171,organic,,8.3,smb_sdr
L-008172,organic,,6.9,smb_sdr
L-008173,organic,duplicate,3.7,smb_sdr
L-008174,organic,no_response,2.9,smb_sdr
L-008175,organic,too_small,2.8,smb_sdr
L-008176,organic,competitor_contract,3.5,smb_sdr
L-008177,organic,no_budget,4.1,smb_sdr
L-008178,organic,,2.6,smb_sdr
L-008179,organic,,5.4,smb_sdr
L-008180,organic,no_budget,4.5,smb_sdr
L-008181,organic,no_response,2.7,smb_sdr
L-008182,organic,,4.6,smb_sdr
L-008183,organic,too_small,2.8,smb_sdr
L-008184,organic,duplicate,4.4,smb_sdr
L-008185,organic,too_small,8.4,smb_sdr
L-008186,organic,wrong_use_case,5.6,smb_sdr
L-008187,organic,wrong_use_case,7.3,smb_sdr
L-008188,organic,not_decision_maker,2.4,smb_sdr
L-008189,organic,,1.9,smb_sdr
L-008190,organic,no_budget,4.8,smb_sdr
L-008191,organic,no_response,5.7,smb_sdr
L-008192,organic,too_small,146.5,unassigned
L-008193,organic,,2.8,smb_sdr
L-008194,organic,not_decision_maker,14.7,smb_sdr
L-008195,organic,,8.8,smb_sdr
L-008196,organic,,4.5,smb_sdr
L-008197,organic,,5.9,smb_sdr
L-008198,organic,wrong_use_case,7.7,smb_sdr
L-008199,organic,,7.5,smb_sdr
L-008200,organic,,6.6,smb_sdr
L-008201,organic,wrong_use_case,6.2,smb_sdr
L-008202,organic,,3.3,smb_sdr
L-008203,organic,too_small,6.7,smb_sdr
L-008204,organic,,8.8,smb_sdr
L-008205,organic,,2.0,smb_sdr
L-008206,organic,,8.5,smb_sdr
L-008207,organic,duplicate,6.0,smb_sdr
L-008208,organic,no_response,7.4,smb_sdr
L-008209,organic,no_budget,10.0,smb_sdr
L-008210,organic,,5.3,smb_sdr
L-008211,organic,,1.7,smb_sdr
L-008212,organic,no_budget,4.5,smb_sdr
L-008213,organic,,4.1,smb_sdr
L-008214,organic,wrong_use_case,5.1,smb_sdr
L-008215,organic,,3.4,smb_sdr
L-008216,organic,no_response,9.7,smb_sdr
L-008217,organic,not_decision_maker,6.3,smb_sdr
L-008218,organic,,3.8,smb_sdr
L-008219,organic,no_response,5.7,smb_sdr
L-008220,organic,competitor_contract,2.4,smb_sdr
L-008221,organic,too_small,5.9,smb_sdr
L-008222,organic,no_response,8.6,smb_sdr
L-008223,organic,no_response,3.6,smb_sdr
L-008224,organic,not_decision_maker,2.8,smb_sdr
L-008225,organic,not_decision_maker,7.5,smb_sdr
L-008226,organic,wrong_use_case,8.2,smb_sdr
L-008227,organic,too_small,10.3,smb_sdr
L-008228,organic,,3.9,smb_sdr
L-008229,organic,no_response,2.4,smb_sdr
L-008230,organic,wrong_use_case,2.4,smb_sdr
L-008231,organic,wrong_use_case,19.9,smb_sdr
L-008232,organic,no_budget,5.2,smb_sdr
L-008233,organic,,2.4,smb_sdr
L-008234,organic,,8.1,smb_sdr
L-008235,organic,no_response,9.1,smb_sdr
L-008236,organic,no_budget,4.0,smb_sdr
L-008237,organic,,2.0,smb_sdr
L-008238,organic,,3.5,smb_sdr
L-008239,organic,too_small,10.5,smb_sdr
L-008240,organic,,4.7,smb_sdr
L-008241,organic,,5.7,smb_sdr
L-008242,organic,no_budget,6.4,smb_sdr
L-008243,organic,,5.2,smb_sdr
L-008244,organic,no_response,5.2,smb_sdr
L-008245,organic,,4.6,smb_sdr
L-008246,organic,,3.8,smb_sdr
L-008247,organic,,4.6,smb_sdr
L-008248,organic,,3.2,smb_sdr
L-008249,organic,,3.2,smb_sdr
L-008250,organic,no_response,7.1,smb_sdr
L-008251,organic,competitor_contract,3.2,smb_sdr
L-008252,organic,no_response,6.6,smb_sdr
L-008253,organic,,6.9,smb_sdr
L-008254,organic,no_budget,3.8,smb_sdr
L-008255,organic,no_budget,7.4,smb_sdr
L-008256,organic,no_budget,3.5,smb_sdr
L-008257,organic,too_small,8.4,smb_sdr
L-008258,organic,no_response,6.4,smb_sdr
L-008259,organic,no_budget,3.0,smb_sdr
L-008260,organic,duplicate,5.8,smb_sdr
L-008261,organic,not_decision_maker,7.8,smb_sdr
L-008262,organic,no_response,4.1,smb_sdr
L-008263,organic,not_decision_maker,6.7,smb_sdr
L-008264,organic,,6.5,smb_sdr
L-008265,organic,too_small,5.9,smb_sdr
L-008266,organic,no_response,4.6,smb_sdr
L-008267,organic,not_decision_maker,2.2,smb_sdr
L-008268,organic,,2.9,smb_sdr
L-008269,organic,,4.9,smb_sdr
L-008270,organic,duplicate,2.2,smb_sdr
L-008271,organic,,5.9,smb_sdr
L-008272,organic,no_response,13.4,smb_sdr
L-008273,organic,,67.1,unassigned
L-008274,organic,duplicate,13.1,smb_sdr
L-008275,organic,not_decision_maker,14.9,smb_sdr
L-008276,organic,not_decision_maker,3.8,smb_sdr
L-008277,organic,no_budget,9.8,smb_sdr
L-008278,organic,,5.9,smb_sdr
L-008279,organic,,7.4,smb_sdr
L-008280,organic,duplicate,2.9,smb_sdr
L-008281,organic,,2.4,smb_sdr
L-008282,organic,duplicate,9.8,smb_sdr
L-008283,organic,,10.9,smb_sdr
L-008284,organic,,12.2,smb_sdr
L-008285,organic,too_small,3.7,smb_sdr
L-008286,organic,no_response,9.1,smb_sdr
L-008287,organic,no_budget,5.0,smb_sdr
L-008288,organic,,10.7,smb_sdr
L-008289,organic,no_response,8.6,smb_sdr
L-008290,organic,competitor_contract,5.1,smb_sdr
L-008291,organic,,4.2,smb_sdr
L-008292,organic,no_response,23.3,smb_sdr
L-008293,organic,,6.9,smb_sdr
L-008294,organic,duplicate,9.8,smb_sdr
L-008295,organic,,1.9,smb_sdr
L-008296,organic,,6.9,smb_sdr
L-008297,organic,no_response,4.1,smb_sdr
L-008298,organic,no_response,5.6,smb_sdr
L-008299,organic,too_small,6.4,smb_sdr
L-008300,organic,not_decision_maker,8.4,smb_sdr
L-008301,organic,no_budget,9.1,smb_sdr
L-008302,organic,no_response,3.8,smb_sdr
L-008303,organic,not_decision_maker,2.0,smb_sdr
L-008304,organic,no_budget,4.5,smb_sdr
L-008305,organic,no_budget,6.1,smb_sdr
L-008306,organic,,3.5,smb_sdr
L-008307,organic,,12.4,smb_sdr
L-008308,organic,,11.7,smb_sdr
L-008309,organic,no_budget,5.4,smb_sdr
L-008310,organic,,6.5,smb_sdr
L-008311,organic,no_response,2.6,smb_sdr
L-008312,organic,wrong_use_case,81.5,unassigned
L-008313,organic,,10.7,smb_sdr
L-008314,organic,no_budget,8.5,smb_sdr
L-008315,organic,not_decision_maker,9.1,smb_sdr
L-008316,organic,duplicate,6.0,smb_sdr
L-008317,organic,no_budget,8.6,smb_sdr
L-008318,organic,too_small,4.6,smb_sdr
L-008319,organic,no_response,7.6,smb_sdr
L-008320,organic,,7.0,smb_sdr
L-008321,organic,not_decision_maker,10.8,smb_sdr
L-008322,organic,no_budget,5.2,smb_sdr
L-008323,organic,no_response,1.5,smb_sdr
L-008324,organic,,7.9,smb_sdr
L-008325,organic,too_small,7.1,smb_sdr
L-008326,organic,,2.3,smb_sdr
L-008327,organic,,4.6,smb_sdr
L-008328,organic,competitor_contract,7.2,smb_sdr
L-008329,organic,,3.5,smb_sdr
L-008330,organic,not_decision_maker,3.7,smb_sdr
L-008331,organic,no_response,5.6,smb_sdr
L-008332,organic,competitor_contract,15.9,smb_sdr
L-008333,organic,competitor_contract,5.3,smb_sdr
L-008334,organic,,4.0,smb_sdr
L-008335,organic,,6.2,smb_sdr
L-008336,organic,,3.6,mid_market_ae
L-008337,organic,,13.6,mid_market_ae
L-008338,organic,,4.0,mid_market_ae
L-008339,organic,no_response,1.3,mid_market_ae
L-008340,organic,,2.3,mid_market_ae
L-008341,organic,not_decision_maker,2.1,mid_market_ae
L-008342,organic,,3.1,mid_market_ae
L-008343,organic,duplicate,5.0,mid_market_ae
L-008344,organic,no_budget,6.5,mid_market_ae
L-008345,organic,no_response,4.1,mid_market_ae
L-008346,organic,too_small,3.4,mid_market_ae
L-008347,organic,no_budget,5.4,mid_market_ae
L-008348,organic,,4.1,mid_market_ae
L-008349,organic,no_response,9.6,mid_market_ae
L-008350,organic,,7.2,mid_market_ae
L-008351,organic,not_decision_maker,1.4,mid_market_ae
L-008352,organic,not_decision_maker,8.2,mid_market_ae
L-008353,organic,,4.3,mid_market_ae
L-008354,organic,,6.5,mid_market_ae
L-008355,organic,,5.5,mid_market_ae
L-008356,organic,no_budget,5.8,mid_market_ae
L-008357,organic,too_small,3.5,mid_market_ae
L-008358,organic,wrong_use_case,7.2,mid_market_ae
L-008359,organic,,3.9,mid_market_ae
L-008360,organic,no_response,2.7,mid_market_ae
L-008361,organic,no_response,5.9,mid_market_ae
L-008362,organic,,9.2,mid_market_ae
L-008363,organic,,4.3,mid_market_ae
L-008364,organic,no_response,2.6,mid_market_ae
L-008365,organic,,3.5,mid_market_ae
L-008366,organic,wrong_use_case,5.6,mid_market_ae
L-008367,organic,competitor_contract,3.4,mid_market_ae
L-008368,organic,not_decision_maker,10.4,mid_market_ae
L-008369,organic,,2.9,mid_market_ae
L-008370,organic,competitor_contract,8.6,mid_market_ae
L-008371,organic,wrong_use_case,4.5,mid_market_ae
L-008372,organic,wrong_use_case,13.7,mid_market_ae
L-008373,organic,,2.4,mid_market_ae
L-008374,organic,,3.1,mid_market_ae
L-008375,organic,no_budget,3.9,mid_market_ae
L-008376,organic,no_budget,5.9,mid_market_ae
L-008377,organic,wrong_use_case,2.6,mid_market_ae
L-008378,organic,,5.3,mid_market_ae
L-008379,organic,no_budget,2.4,mid_market_ae
L-008380,organic,,7.7,mid_market_ae
L-008381,organic,too_small,3.9,mid_market_ae
L-008382,organic,,1.4,mid_market_ae
L-008383,organic,,11.2,mid_market_ae
L-008384,organic,no_budget,2.9,mid_market_ae
L-008385,organic,duplicate,3.3,mid_market_ae
L-008386,organic,wrong_use_case,6.6,mid_market_ae
L-008387,organic,,7.2,mid_market_ae
L-008388,organic,no_budget,6.9,mid_market_ae
L-008389,organic,,6.9,mid_market_ae
L-008390,organic,no_response,5.0,mid_market_ae
L-008391,organic,duplicate,4.9,mid_market_ae
L-008392,organic,,28.5,mid_market_ae
L-008393,organic,,4.4,mid_market_ae
L-008394,organic,no_response,18.5,mid_market_ae
L-008395,organic,no_budget,10.7,mid_market_ae
L-008396,organic,,6.8,mid_market_ae
L-008397,organic,no_response,11.9,mid_market_ae
L-008398,organic,not_decision_maker,4.1,mid_market_ae
L-008399,organic,,1.8,mid_market_ae
L-008400,organic,,4.2,mid_market_ae
L-008401,organic,no_budget,4.4,mid_market_ae
L-008402,organic,,5.8,mid_market_ae
L-008403,organic,,3.9,mid_market_ae
L-008404,organic,not_decision_maker,2.3,mid_market_ae
L-008405,organic,not_decision_maker,3.0,mid_market_ae
L-008406,organic,,5.8,mid_market_ae
L-008407,organic,no_budget,7.6,mid_market_ae
L-008408,organic,not_decision_maker,5.9,mid_market_ae
L-008409,organic,too_small,6.4,mid_market_ae
L-008410,organic,,3.7,mid_market_ae
L-008411,organic,,1.4,mid_market_ae
L-008412,organic,,4.0,mid_market_ae
L-008413,organic,,5.0,mid_market_ae
L-008414,organic,no_budget,3.1,mid_market_ae
L-008415,organic,too_small,8.9,mid_market_ae
L-008416,organic,,2.6,mid_market_ae
L-008417,organic,,11.1,mid_market_ae
L-008418,organic,,4.0,mid_market_ae
L-008419,organic,no_response,4.8,mid_market_ae
L-008420,organic,too_small,3.2,mid_market_ae
L-008421,organic,,3.4,mid_market_ae
L-008422,organic,no_response,15.9,mid_market_ae
L-008423,organic,not_decision_maker,6.2,mid_market_ae
L-008424,organic,no_response,58.5,unassigned
L-008425,organic,no_response,6.4,mid_market_ae
L-008426,organic,,3.8,mid_market_ae
L-008427,organic,no_budget,3.1,mid_market_ae
L-008428,organic,,6.2,mid_market_ae
L-008429,organic,no_response,5.4,mid_market_ae
L-008430,organic,no_response,6.1,mid_market_ae
L-008431,organic,not_decision_maker,8.2,mid_market_ae
L-008432,organic,,3.4,mid_market_ae
L-008433,organic,,5.4,mid_market_ae
L-008434,organic,,6.0,mid_market_ae
L-008435,organic,duplicate,2.5,mid_market_ae
L-008436,organic,duplicate,6.0,mid_market_ae
L-008437,organic,,7.0,mid_market_ae
L-008438,organic,no_budget,6.3,mid_market_ae
L-008439,organic,,4.5,mid_market_ae
L-008440,organic,,3.2,mid_market_ae
L-008441,organic,,4.8,mid_market_ae
L-008442,organic,,6.3,mid_market_ae
L-008443,organic,,16.9,mid_market_ae
L-008444,organic,no_response,9.9,mid_market_ae
L-008445,organic,,12.2,mid_market_ae
L-008446,organic,not_decision_maker,8.0,mid_market_ae
L-008447,organic,no_response,2.8,mid_market_ae
L-008448,organic,,6.8,mid_market_ae
L-008449,organic,no_response,4.5,mid_market_ae
L-008450,organic,not_decision_maker,5.3,mid_market_ae
L-008451,organic,no_budget,1.0,mid_market_ae
L-008452,organic,not_decision_maker,3.6,mid_market_ae
L-008453,organic,,13.7,mid_market_ae
L-008454,organic,not_decision_maker,9.5,mid_market_ae
L-008455,organic,duplicate,8.1,mid_market_ae
L-008456,organic,no_response,8.3,mid_market_ae
L-008457,organic,duplicate,2.4,mid_market_ae
L-008458,organic,,3.4,mid_market_ae
L-008459,organic,,4.3,mid_market_ae
L-008460,organic,competitor_contract,2.9,mid_market_ae
L-008461,organic,competitor_contract,4.9,mid_market_ae
L-008462,organic,competitor_contract,5.0,mid_market_ae
L-008463,organic,too_small,2.6,mid_market_ae
L-008464,organic,no_response,2.9,mid_market_ae
L-008465,organic,,3.7,mid_market_ae
L-008466,organic,competitor_contract,5.1,mid_market_ae
L-008467,organic,competitor_contract,10.5,mid_market_ae
L-008468,organic,,13.2,mid_market_ae
L-008469,organic,,4.7,mid_market_ae
L-008470,organic,competitor_contract,1.9,mid_market_ae
L-008471,organic,not_decision_maker,4.8,mid_market_ae
L-008472,organic,,2.7,mid_market_ae
L-008473,organic,,8.0,mid_market_ae
L-008474,organic,,5.3,mid_market_ae
L-008475,organic,,5.2,mid_market_ae
L-008476,organic,no_budget,3.5,mid_market_ae
L-008477,organic,no_budget,4.9,mid_market_ae
L-008478,organic,,3.7,mid_market_ae
L-008479,organic,wrong_use_case,4.3,mid_market_ae
L-008480,organic,wrong_use_case,4.1,mid_market_ae
L-008481,organic,,1.9,mid_market_ae
L-008482,organic,,9.8,mid_market_ae
L-008483,organic,wrong_use_case,3.2,mid_market_ae
L-008484,organic,,3.2,mid_market_ae
L-008485,organic,,3.3,mid_market_ae
L-008486,organic,no_budget,5.5,mid_market_ae
L-008487,organic,too_small,6.1,mid_market_ae
L-008488,organic,,4.1,mid_market_ae
L-008489,organic,wrong_use_case,1.8,mid_market_ae
L-008490,organic,not_decision_maker,3.2,mid_market_ae
L-008491,organic,no_response,2.6,mid_market_ae
L-008492,organic,,5.9,mid_market_ae
L-008493,organic,,3.3,mid_market_ae
L-008494,organic,no_response,1.5,mid_market_ae
L-008495,organic,no_budget,8.4,mid_market_ae
L-008496,organic,no_response,7.5,mid_market_ae
L-008497,organic,,1.9,mid_market_ae
L-008498,organic,,6.3,mid_market_ae
L-008499,organic,wrong_use_case,3.0,mid_market_ae
L-008500,organic,no_response,10.4,mid_market_ae
L-008501,organic,wrong_use_case,4.6,mid_market_ae
L-008502,organic,,3.1,mid_market_ae
L-008503,organic,wrong_use_case,4.5,mid_market_ae
L-008504,organic,not_decision_maker,8.2,mid_market_ae
L-008505,organic,competitor_contract,2.5,mid_market_ae
L-008506,organic,,5.5,mid_market_ae
L-008507,organic,,3.1,mid_market_ae
L-008508,organic,no_response,5.3,mid_market_ae
L-008509,organic,,4.5,mid_market_ae
L-008510,organic,no_budget,6.2,mid_market_ae
L-008511,organic,duplicate,7.4,mid_market_ae
L-008512,organic,wrong_use_case,9.6,mid_market_ae
L-008513,organic,,3.3,mid_market_ae
L-008514,organic,wrong_use_case,10.5,mid_market_ae
L-008515,organic,,8.6,mid_market_ae
L-008516,organic,,1.7,mid_market_ae
L-008517,organic,,4.0,mid_market_ae
L-008518,organic,no_budget,3.4,mid_market_ae
L-008519,organic,no_budget,3.8,mid_market_ae
L-008520,webinar,wrong_use_case,3.4,smb_sdr
L-008521,webinar,student_or_researcher,4.6,smb_sdr
L-008522,webinar,no_budget,14.7,smb_sdr
L-008523,webinar,student_or_researcher,1.8,smb_sdr
L-008524,webinar,not_decision_maker,10.5,smb_sdr
L-008525,webinar,duplicate,4.1,smb_sdr
L-008526,webinar,not_decision_maker,6.1,smb_sdr
L-008527,webinar,not_decision_maker,8.6,smb_sdr
L-008528,webinar,,6.5,smb_sdr
L-008529,webinar,student_or_researcher,2.2,smb_sdr
L-008530,webinar,not_decision_maker,24.4,smb_sdr
L-008531,webinar,no_budget,1.4,smb_sdr
L-008532,webinar,not_decision_maker,8.6,smb_sdr
L-008533,webinar,not_decision_maker,4.7,smb_sdr
L-008534,webinar,no_budget,10.0,smb_sdr
L-008535,webinar,no_budget,4.8,smb_sdr
L-008536,webinar,not_decision_maker,63.0,unassigned
L-008537,webinar,no_response,4.3,smb_sdr
L-008538,webinar,no_response,3.6,smb_sdr
L-008539,webinar,not_decision_maker,3.9,smb_sdr
L-008540,webinar,,9.3,smb_sdr
L-008541,webinar,no_budget,13.7,smb_sdr
L-008542,webinar,not_decision_maker,12.6,smb_sdr
L-008543,webinar,wrong_use_case,3.5,smb_sdr
L-008544,webinar,not_decision_maker,10.6,smb_sdr
L-008545,webinar,student_or_researcher,1.4,smb_sdr
L-008546,webinar,,11.6,smb_sdr
L-008547,webinar,no_budget,2.5,smb_sdr
L-008548,webinar,duplicate,3.4,smb_sdr
L-008549,webinar,no_budget,2.7,smb_sdr
L-008550,webinar,,5.0,smb_sdr
L-008551,webinar,not_decision_maker,7.1,smb_sdr
L-008552,webinar,wrong_use_case,2.4,smb_sdr
L-008553,webinar,student_or_researcher,3.4,smb_sdr
L-008554,webinar,no_budget,2.8,smb_sdr
L-008555,webinar,not_decision_maker,9.3,smb_sdr
L-008556,webinar,no_budget,10.4,smb_sdr
L-008557,webinar,,8.4,smb_sdr
L-008558,webinar,wrong_use_case,8.3,smb_sdr
L-008559,webinar,,9.3,smb_sdr
L-008560,webinar,no_budget,5.1,smb_sdr
L-008561,webinar,student_or_researcher,5.8,smb_sdr
L-008562,webinar,duplicate,2.4,smb_sdr
L-008563,webinar,no_budget,2.8,smb_sdr
L-008564,webinar,no_budget,3.4,smb_sdr
L-008565,webinar,student_or_researcher,7.4,smb_sdr
L-008566,webinar,student_or_researcher,5.6,smb_sdr
L-008567,webinar,not_decision_maker,7.1,smb_sdr
L-008568,webinar,no_budget,4.7,smb_sdr
L-008569,webinar,no_budget,8.3,smb_sdr
L-008570,webinar,student_or_researcher,1.8,smb_sdr
L-008571,webinar,student_or_researcher,6.6,smb_sdr
L-008572,webinar,student_or_researcher,2.9,smb_sdr
L-008573,webinar,student_or_researcher,4.3,smb_sdr
L-008574,webinar,no_response,4.8,smb_sdr
L-008575,webinar,not_decision_maker,4.7,smb_sdr
L-008576,webinar,,3.6,smb_sdr
L-008577,webinar,no_response,1.8,smb_sdr
L-008578,webinar,student_or_researcher,4.8,smb_sdr
L-008579,webinar,no_budget,3.2,smb_sdr
L-008580,webinar,not_decision_maker,5.4,smb_sdr
L-008581,webinar,not_decision_maker,3.1,smb_sdr
L-008582,webinar,no_budget,2.8,smb_sdr
L-008583,webinar,,7.2,smb_sdr
L-008584,webinar,no_budget,8.5,smb_sdr
L-008585,webinar,not_decision_maker,15.5,smb_sdr
L-008586,webinar,student_or_researcher,4.4,smb_sdr
L-008587,webinar,no_budget,8.1,smb_sdr
L-008588,webinar,duplicate,5.7,smb_sdr
L-008589,webinar,,8.8,smb_sdr
L-008590,webinar,no_budget,16.8,smb_sdr
L-008591,webinar,no_budget,9.3,smb_sdr
L-008592,webinar,no_response,1.8,smb_sdr
L-008593,webinar,no_response,7.2,smb_sdr
L-008594,webinar,not_decision_maker,1.5,smb_sdr
L-008595,webinar,no_budget,5.2,smb_sdr
L-008596,webinar,not_decision_maker,5.1,smb_sdr
L-008597,webinar,no_budget,16.2,smb_sdr
L-008598,webinar,no_budget,4.1,smb_sdr
L-008599,webinar,no_budget,5.9,smb_sdr
L-008600,webinar,no_budget,5.6,smb_sdr
L-008601,webinar,not_decision_maker,8.0,smb_sdr
L-008602,webinar,no_budget,7.3,smb_sdr
L-008603,webinar,no_budget,3.7,smb_sdr
L-008604,webinar,no_response,2.0,smb_sdr
L-008605,webinar,student_or_researcher,2.4,smb_sdr
L-008606,webinar,not_decision_maker,9.4,smb_sdr
L-008607,webinar,student_or_researcher,4.1,smb_sdr
L-008608,webinar,student_or_researcher,6.7,smb_sdr
L-008609,webinar,no_budget,3.8,smb_sdr
L-008610,webinar,,3.1,smb_sdr
L-008611,webinar,student_or_researcher,20.1,smb_sdr
L-008612,webinar,not_decision_maker,6.8,smb_sdr
L-008613,webinar,student_or_researcher,12.0,smb_sdr
L-008614,webinar,not_decision_maker,3.9,smb_sdr
L-008615,webinar,,14.9,smb_sdr
L-008616,webinar,,2.6,smb_sdr
L-008617,webinar,duplicate,5.0,smb_sdr
L-008618,webinar,not_decision_maker,2.6,smb_sdr
L-008619,webinar,student_or_researcher,4.5,smb_sdr
L-008620,webinar,student_or_researcher,2.1,smb_sdr
L-008621,webinar,duplicate,29.0,unassigned
L-008622,webinar,not_decision_maker,3.8,smb_sdr
L-008623,webinar,,7.6,smb_sdr
L-008624,webinar,no_budget,6.4,smb_sdr
L-008625,webinar,student_or_researcher,4.9,smb_sdr
L-008626,webinar,no_budget,7.9,smb_sdr
L-008627,webinar,no_response,4.4,smb_sdr
L-008628,webinar,no_budget,1.9,smb_sdr
L-008629,webinar,no_budget,4.1,smb_sdr
L-008630,webinar,duplicate,2.2,smb_sdr
L-008631,webinar,not_decision_maker,4.8,smb_sdr
L-008632,webinar,no_budget,9.5,smb_sdr
L-008633,webinar,no_budget,4.3,smb_sdr
L-008634,webinar,no_budget,3.1,smb_sdr
L-008635,webinar,not_decision_maker,4.2,smb_sdr
L-008636,webinar,student_or_researcher,4.0,smb_sdr
L-008637,webinar,no_budget,3.5,smb_sdr
L-008638,webinar,not_decision_maker,2.4,smb_sdr
L-008639,webinar,not_decision_maker,4.6,smb_sdr
L-008640,webinar,no_budget,5.5,smb_sdr
L-008641,webinar,no_budget,12.8,smb_sdr
L-008642,webinar,,1.8,smb_sdr
L-008643,webinar,not_decision_maker,9.3,smb_sdr
L-008644,webinar,no_response,2.0,smb_sdr
L-008645,webinar,no_budget,3.4,smb_sdr
L-008646,webinar,no_response,5.6,smb_sdr
L-008647,webinar,duplicate,11.0,smb_sdr
L-008648,webinar,no_response,16.5,smb_sdr
L-008649,webinar,student_or_researcher,11.5,smb_sdr
L-008650,webinar,no_response,12.3,smb_sdr
L-008651,webinar,no_budget,7.9,smb_sdr
L-008652,webinar,wrong_use_case,0.9,smb_sdr
L-008653,webinar,no_response,4.9,smb_sdr
L-008654,webinar,student_or_researcher,2.4,smb_sdr
L-008655,webinar,wrong_use_case,19.1,smb_sdr
L-008656,webinar,not_decision_maker,3.7,smb_sdr
L-008657,webinar,wrong_use_case,7.1,smb_sdr
L-008658,webinar,no_budget,11.4,smb_sdr
L-008659,webinar,no_budget,3.5,smb_sdr
L-008660,webinar,not_decision_maker,8.7,smb_sdr
L-008661,webinar,not_decision_maker,4.9,smb_sdr
L-008662,webinar,student_or_researcher,5.2,smb_sdr
L-008663,webinar,no_budget,2.0,smb_sdr
L-008664,webinar,student_or_researcher,2.8,smb_sdr
L-008665,webinar,duplicate,6.0,smb_sdr
L-008666,webinar,student_or_researcher,16.3,smb_sdr
L-008667,webinar,not_decision_maker,6.2,smb_sdr
L-008668,webinar,not_decision_maker,10.8,smb_sdr
L-008669,webinar,,2.6,smb_sdr
L-008670,webinar,no_budget,5.4,smb_sdr
L-008671,webinar,not_decision_maker,7.0,smb_sdr
L-008672,webinar,no_budget,6.5,smb_sdr
L-008673,webinar,no_budget,11.0,smb_sdr
L-008674,webinar,not_decision_maker,2.5,smb_sdr
L-008675,webinar,student_or_researcher,4.2,smb_sdr
L-008676,webinar,no_budget,3.6,smb_sdr
L-008677,webinar,no_response,56.6,unassigned
L-008678,webinar,student_or_researcher,3.4,smb_sdr
L-008679,webinar,,11.3,smb_sdr
L-008680,webinar,no_budget,1.9,smb_sdr
L-008681,webinar,,5.4,smb_sdr
L-008682,webinar,,4.4,smb_sdr
L-008683,webinar,no_budget,5.1,smb_sdr
L-008684,webinar,,13.3,smb_sdr
L-008685,webinar,no_response,7.4,smb_sdr
L-008686,webinar,student_or_researcher,7.1,smb_sdr
L-008687,webinar,no_budget,2.6,smb_sdr
L-008688,webinar,,7.7,smb_sdr
L-008689,webinar,no_budget,8.2,smb_sdr
L-008690,webinar,no_response,5.7,smb_sdr
L-008691,webinar,not_decision_maker,7.3,smb_sdr
L-008692,webinar,no_response,5.9,smb_sdr
L-008693,webinar,,3.0,smb_sdr
L-008694,webinar,,15.4,smb_sdr
L-008695,webinar,,9.3,smb_sdr
L-008696,webinar,student_or_researcher,6.0,smb_sdr
L-008697,webinar,not_decision_maker,2.1,smb_sdr
L-008698,webinar,no_budget,3.2,smb_sdr
L-008699,webinar,duplicate,14.1,smb_sdr
L-008700,webinar,no_budget,4.5,smb_sdr
L-008701,webinar,no_budget,3.4,smb_sdr
L-008702,webinar,no_budget,2.9,smb_sdr
L-008703,webinar,,4.4,smb_sdr
L-008704,webinar,no_response,1.6,smb_sdr
L-008705,webinar,not_decision_maker,6.8,smb_sdr
L-008706,webinar,wrong_use_case,6.5,smb_sdr
L-008707,webinar,student_or_researcher,3.4,smb_sdr
L-008708,webinar,no_budget,6.0,smb_sdr
L-008709,webinar,no_budget,3.0,smb_sdr
L-008710,webinar,no_budget,9.0,smb_sdr
L-008711,webinar,not_decision_maker,14.3,smb_sdr
L-008712,webinar,no_budget,6.4,smb_sdr
L-008713,webinar,no_budget,1.6,smb_sdr
L-008714,webinar,student_or_researcher,8.1,smb_sdr
L-008715,webinar,not_decision_maker,1.1,smb_sdr
L-008716,webinar,student_or_researcher,4.5,smb_sdr
L-008717,webinar,not_decision_maker,10.2,smb_sdr
L-008718,webinar,no_budget,10.2,smb_sdr
L-008719,webinar,no_response,6.9,smb_sdr
L-008720,webinar,student_or_researcher,4.1,smb_sdr
L-008721,webinar,not_decision_maker,6.0,smb_sdr
L-008722,webinar,not_decision_maker,65.4,unassigned
L-008723,webinar,,12.2,smb_sdr
L-008724,webinar,duplicate,108.4,unassigned
L-008725,webinar,student_or_researcher,3.8,smb_sdr
L-008726,webinar,no_budget,6.2,smb_sdr
L-008727,webinar,no_budget,2.6,smb_sdr
L-008728,webinar,no_response,3.3,smb_sdr
L-008729,webinar,student_or_researcher,10.1,smb_sdr
L-008730,webinar,student_or_researcher,3.1,smb_sdr
L-008731,webinar,not_decision_maker,10.2,smb_sdr
L-008732,webinar,not_decision_maker,2.5,smb_sdr
L-008733,webinar,student_or_researcher,25.9,smb_sdr
L-008734,webinar,,2.4,smb_sdr
L-008735,webinar,not_decision_maker,9.2,smb_sdr
L-008736,webinar,not_decision_maker,4.1,smb_sdr
L-008737,webinar,no_budget,2.4,smb_sdr
L-008738,webinar,,1.9,smb_sdr
L-008739,webinar,no_response,5.7,smb_sdr
L-008740,webinar,student_or_researcher,7.6,smb_sdr
L-008741,webinar,no_budget,2.9,smb_sdr
L-008742,webinar,not_decision_maker,7.6,smb_sdr
L-008743,webinar,wrong_use_case,7.3,smb_sdr
L-008744,webinar,no_response,1.8,smb_sdr
L-008745,webinar,not_decision_maker,5.1,smb_sdr
L-008746,webinar,no_budget,6.8,smb_sdr
L-008747,webinar,wrong_use_case,5.0,smb_sdr
L-008748,webinar,no_budget,7.2,smb_sdr
L-008749,webinar,,14.4,smb_sdr
L-008750,webinar,no_budget,10.4,smb_sdr
L-008751,webinar,not_decision_maker,5.9,smb_sdr
L-008752,webinar,not_decision_maker,75.7,unassigned
L-008753,webinar,no_budget,3.1,smb_sdr
L-008754,webinar,no_budget,2.5,smb_sdr
L-008755,webinar,no_budget,5.7,smb_sdr
L-008756,webinar,not_decision_maker,2.3,smb_sdr
L-008757,webinar,student_or_researcher,3.7,smb_sdr
L-008758,webinar,no_budget,4.2,smb_sdr
L-008759,webinar,not_decision_maker,4.2,smb_sdr
L-008760,webinar,student_or_researcher,6.9,smb_sdr
L-008761,webinar,wrong_use_case,6.6,smb_sdr
L-008762,webinar,wrong_use_case,4.4,smb_sdr
L-008763,webinar,student_or_researcher,3.4,smb_sdr
L-008764,webinar,no_budget,4.6,smb_sdr
L-008765,webinar,no_budget,6.6,smb_sdr
L-008766,webinar,student_or_researcher,17.4,smb_sdr
L-008767,webinar,duplicate,6.8,smb_sdr
L-008768,webinar,no_response,5.9,smb_sdr
L-008769,webinar,,7.7,smb_sdr
L-008770,webinar,no_response,12.0,smb_sdr
L-008771,webinar,no_budget,6.2,smb_sdr
L-008772,webinar,duplicate,2.9,smb_sdr
L-008773,webinar,wrong_use_case,8.5,smb_sdr
L-008774,webinar,not_decision_maker,4.8,smb_sdr
L-008775,webinar,no_response,5.1,smb_sdr
L-008776,webinar,student_or_researcher,7.8,smb_sdr
L-008777,webinar,,3.2,smb_sdr
L-008778,webinar,student_or_researcher,1.6,smb_sdr
L-008779,webinar,not_decision_maker,8.0,smb_sdr
L-008780,webinar,student_or_researcher,1.9,smb_sdr
L-008781,webinar,student_or_researcher,5.5,smb_sdr
L-008782,webinar,wrong_use_case,10.1,smb_sdr
L-008783,webinar,no_response,5.0,smb_sdr
L-008784,webinar,student_or_researcher,8.1,smb_sdr
L-008785,webinar,,3.2,smb_sdr
L-008786,webinar,not_decision_maker,6.2,smb_sdr
L-008787,webinar,student_or_researcher,3.4,smb_sdr
L-008788,webinar,no_budget,5.5,smb_sdr
L-008789,webinar,no_budget,4.7,smb_sdr
L-008790,webinar,,2.5,smb_sdr
L-008791,webinar,student_or_researcher,7.2,smb_sdr
L-008792,webinar,no_budget,1.6,smb_sdr
L-008793,webinar,,2.4,smb_sdr
L-008794,webinar,wrong_use_case,9.3,smb_sdr
L-008795,webinar,not_decision_maker,1.0,smb_sdr
L-008796,webinar,wrong_use_case,2.7,smb_sdr
L-008797,webinar,student_or_researcher,6.1,smb_sdr
L-008798,webinar,student_or_researcher,8.6,smb_sdr
L-008799,webinar,student_or_researcher,10.1,smb_sdr
L-008800,webinar,no_budget,2.4,smb_sdr
L-008801,webinar,no_budget,70.6,unassigned
L-008802,webinar,no_budget,3.1,smb_sdr
L-008803,webinar,student_or_researcher,2.5,smb_sdr
L-008804,webinar,student_or_researcher,3.9,smb_sdr
L-008805,webinar,no_response,6.8,smb_sdr
L-008806,webinar,no_budget,6.7,smb_sdr
L-008807,webinar,student_or_researcher,2.1,smb_sdr
L-008808,webinar,wrong_use_case,7.7,smb_sdr
L-008809,webinar,,2.6,smb_sdr
L-008810,webinar,no_budget,12.4,smb_sdr
L-008811,webinar,not_decision_maker,3.5,smb_sdr
L-008812,webinar,no_budget,16.7,smb_sdr
L-008813,webinar,not_decision_maker,10.8,smb_sdr
L-008814,webinar,student_or_researcher,5.1,smb_sdr
L-008815,webinar,not_decision_maker,4.0,smb_sdr
L-008816,webinar,student_or_researcher,10.7,smb_sdr
L-008817,webinar,no_response,3.1,smb_sdr
L-008818,webinar,duplicate,5.3,smb_sdr
L-008819,webinar,no_budget,8.2,smb_sdr
L-008820,webinar,not_decision_maker,4.6,smb_sdr
L-008821,webinar,,66.2,unassigned
L-008822,webinar,no_response,104.5,unassigned
L-008823,webinar,,5.0,smb_sdr
L-008824,webinar,not_decision_maker,4.1,smb_sdr
L-008825,webinar,no_budget,2.1,smb_sdr
L-008826,webinar,student_or_researcher,2.4,smb_sdr
L-008827,webinar,no_budget,7.0,smb_sdr
L-008828,webinar,no_budget,3.6,smb_sdr
L-008829,webinar,,3.3,smb_sdr
L-008830,webinar,,10.3,smb_sdr
L-008831,webinar,no_response,3.5,smb_sdr
L-008832,webinar,no_budget,3.9,smb_sdr
L-008833,webinar,wrong_use_case,6.7,smb_sdr
L-008834,webinar,wrong_use_case,1.6,smb_sdr
L-008835,webinar,not_decision_maker,9.8,smb_sdr
L-008836,webinar,,2.9,smb_sdr
L-008837,webinar,no_budget,14.0,smb_sdr
L-008838,webinar,wrong_use_case,11.2,smb_sdr
L-008839,webinar,not_decision_maker,3.5,smb_sdr
L-008840,webinar,no_budget,4.4,smb_sdr
L-008841,webinar,not_decision_maker,8.0,smb_sdr
L-008842,webinar,student_or_researcher,4.7,smb_sdr
L-008843,webinar,not_decision_maker,3.1,smb_sdr
L-008844,webinar,no_budget,10.4,smb_sdr
L-008845,webinar,no_budget,12.7,smb_sdr
L-008846,webinar,no_budget,11.6,smb_sdr
L-008847,webinar,not_decision_maker,8.2,smb_sdr
L-008848,webinar,no_budget,6.4,smb_sdr
L-008849,webinar,not_decision_maker,6.0,smb_sdr
L-008850,webinar,student_or_researcher,9.4,smb_sdr
L-008851,webinar,not_decision_maker,4.3,smb_sdr
L-008852,webinar,no_budget,2.6,smb_sdr
L-008853,webinar,no_response,6.1,smb_sdr
L-008854,webinar,not_decision_maker,3.7,smb_sdr
L-008855,webinar,no_response,1.3,smb_sdr
L-008856,webinar,no_budget,2.8,smb_sdr
L-008857,webinar,no_budget,3.9,smb_sdr
L-008858,webinar,wrong_use_case,4.4,smb_sdr
L-008859,webinar,duplicate,1.5,smb_sdr
L-008860,webinar,student_or_researcher,7.6,smb_sdr
L-008861,webinar,student_or_researcher,1.7,smb_sdr
L-008862,webinar,wrong_use_case,6.0,smb_sdr
L-008863,webinar,no_response,5.2,smb_sdr
L-008864,webinar,duplicate,7.8,smb_sdr
L-008865,webinar,no_budget,9.8,smb_sdr
L-008866,webinar,wrong_use_case,2.6,smb_sdr
L-008867,webinar,,17.9,smb_sdr
L-008868,webinar,not_decision_maker,5.6,smb_sdr
L-008869,webinar,no_budget,3.1,smb_sdr
L-008870,webinar,,4.9,smb_sdr
L-008871,webinar,no_response,5.4,smb_sdr
L-008872,webinar,no_budget,4.1,smb_sdr
L-008873,webinar,not_decision_maker,3.9,smb_sdr
L-008874,webinar,no_budget,2.3,smb_sdr
L-008875,webinar,no_response,4.3,smb_sdr
L-008876,webinar,wrong_use_case,2.3,smb_sdr
L-008877,webinar,no_response,3.3,smb_sdr
L-008878,webinar,not_decision_maker,3.8,smb_sdr
L-008879,webinar,no_budget,7.9,smb_sdr
L-008880,webinar,student_or_researcher,9.9,smb_sdr
L-008881,webinar,,25.4,smb_sdr
L-008882,webinar,duplicate,8.8,smb_sdr
L-008883,webinar,no_response,2.6,smb_sdr
L-008884,webinar,wrong_use_case,4.9,smb_sdr
L-008885,webinar,,14.8,smb_sdr
L-008886,webinar,not_decision_maker,5.7,smb_sdr
L-008887,webinar,student_or_researcher,2.6,smb_sdr
L-008888,webinar,not_decision_maker,5.6,smb_sdr
L-008889,webinar,no_budget,1.4,smb_sdr
L-008890,webinar,not_decision_maker,8.4,smb_sdr
L-008891,webinar,not_decision_maker,4.4,smb_sdr
L-008892,webinar,wrong_use_case,3.8,smb_sdr
L-008893,webinar,wrong_use_case,3.0,smb_sdr
L-008894,webinar,not_decision_maker,2.9,smb_sdr
L-008895,webinar,not_decision_maker,7.5,smb_sdr
L-008896,webinar,no_budget,3.4,smb_sdr
L-008897,webinar,not_decision_maker,6.8,smb_sdr
L-008898,webinar,wrong_use_case,2.2,smb_sdr
L-008899,webinar,no_response,15.7,smb_sdr
L-008900,webinar,,4.4,smb_sdr
L-008901,webinar,,5.0,smb_sdr
L-008902,webinar,no_budget,7.5,smb_sdr
L-008903,webinar,no_response,2.6,smb_sdr
L-008904,webinar,wrong_use_case,8.6,smb_sdr
L-008905,webinar,no_budget,5.0,smb_sdr
L-008906,webinar,not_decision_maker,20.0,smb_sdr
L-008907,webinar,not_decision_maker,4.1,smb_sdr
L-008908,webinar,no_response,3.3,smb_sdr
L-008909,webinar,not_decision_maker,6.1,smb_sdr
L-008910,webinar,not_decision_maker,5.0,smb_sdr
L-008911,webinar,no_budget,8.3,smb_sdr
L-008912,webinar,not_decision_maker,14.6,smb_sdr
L-008913,webinar,no_budget,3.9,smb_sdr
L-008914,webinar,not_decision_maker,5.1,smb_sdr
L-008915,webinar,no_budget,1.5,smb_sdr
L-008916,webinar,,2.6,smb_sdr
L-008917,webinar,not_decision_maker,2.9,smb_sdr
L-008918,webinar,not_decision_maker,5.0,smb_sdr
L-008919,webinar,no_budget,6.3,smb_sdr
L-008920,webinar,student_or_researcher,4.7,smb_sdr
L-008921,webinar,no_response,8.6,smb_sdr
L-008922,webinar,no_response,2.2,smb_sdr
L-008923,webinar,not_decision_maker,11.4,smb_sdr
L-008924,webinar,duplicate,16.8,smb_sdr
L-008925,webinar,no_budget,3.4,smb_sdr
L-008926,webinar,no_budget,3.4,smb_sdr
L-008927,webinar,not_decision_maker,18.5,smb_sdr
L-008928,webinar,student_or_researcher,5.7,smb_sdr
L-008929,webinar,no_response,8.6,smb_sdr
L-008930,webinar,no_budget,3.2,smb_sdr
L-008931,webinar,no_budget,7.9,smb_sdr
L-008932,webinar,not_decision_maker,5.0,smb_sdr
L-008933,webinar,no_budget,9.0,smb_sdr
L-008934,webinar,,4.6,smb_sdr
L-008935,webinar,student_or_researcher,5.5,smb_sdr
L-008936,webinar,not_decision_maker,12.6,smb_sdr
L-008937,webinar,no_budget,5.9,smb_sdr
L-008938,webinar,student_or_researcher,1.3,smb_sdr
L-008939,webinar,duplicate,5.8,smb_sdr
L-008940,webinar,student_or_researcher,8.1,smb_sdr
L-008941,webinar,no_budget,2.3,smb_sdr
L-008942,webinar,no_budget,4.5,smb_sdr
L-008943,webinar,student_or_researcher,2.7,smb_sdr
L-008944,webinar,not_decision_maker,8.6,smb_sdr
L-008945,webinar,not_decision_maker,5.1,smb_sdr
L-008946,webinar,no_budget,9.4,smb_sdr
L-008947,webinar,duplicate,48.2,unassigned
L-008948,webinar,not_decision_maker,4.3,smb_sdr
L-008949,webinar,no_response,5.5,smb_sdr
L-008950,webinar,student_or_researcher,7.0,smb_sdr
L-008951,webinar,student_or_researcher,3.2,smb_sdr
L-008952,webinar,wrong_use_case,3.5,smb_sdr
L-008953,webinar,student_or_researcher,31.2,unassigned
L-008954,webinar,student_or_researcher,6.2,smb_sdr
L-008955,webinar,not_decision_maker,6.1,smb_sdr
L-008956,webinar,not_decision_maker,61.8,unassigned
L-008957,webinar,not_decision_maker,2.6,smb_sdr
L-008958,webinar,,2.7,smb_sdr
L-008959,webinar,not_decision_maker,4.7,smb_sdr
L-008960,webinar,not_decision_maker,9.1,smb_sdr
L-008961,webinar,student_or_researcher,8.0,smb_sdr
L-008962,webinar,duplicate,5.0,smb_sdr
L-008963,webinar,no_budget,9.8,smb_sdr
L-008964,webinar,not_decision_maker,10.3,smb_sdr
L-008965,webinar,no_budget,6.1,smb_sdr
L-008966,webinar,no_budget,2.5,smb_sdr
L-008967,webinar,student_or_researcher,10.9,smb_sdr
L-008968,webinar,not_decision_maker,4.3,smb_sdr
L-008969,webinar,not_decision_maker,2.7,smb_sdr
L-008970,webinar,not_decision_maker,3.2,smb_sdr
L-008971,webinar,,1.7,smb_sdr
L-008972,webinar,no_response,5.9,smb_sdr
L-008973,webinar,no_budget,4.8,smb_sdr
L-008974,webinar,no_budget,8.1,smb_sdr
L-008975,webinar,no_response,9.9,smb_sdr
L-008976,webinar,student_or_researcher,12.0,smb_sdr
L-008977,webinar,wrong_use_case,13.8,smb_sdr
L-008978,webinar,no_budget,2.8,smb_sdr
L-008979,webinar,no_response,13.6,smb_sdr
L-008980,webinar,student_or_researcher,5.3,smb_sdr
L-008981,webinar,,3.5,smb_sdr
L-008982,webinar,student_or_researcher,6.9,smb_sdr
L-008983,webinar,no_response,1.7,smb_sdr
L-008984,webinar,not_decision_maker,109.3,unassigned
L-008985,webinar,no_response,7.1,smb_sdr
L-008986,webinar,student_or_researcher,6.4,smb_sdr
L-008987,webinar,no_budget,3.9,smb_sdr
L-008988,webinar,no_budget,7.0,smb_sdr
L-008989,webinar,not_decision_maker,7.9,smb_sdr
L-008990,webinar,no_budget,4.3,smb_sdr
L-008991,webinar,no_budget,4.6,smb_sdr
L-008992,webinar,no_budget,6.2,smb_sdr
L-008993,webinar,student_or_researcher,5.9,smb_sdr
L-008994,webinar,student_or_researcher,9.5,smb_sdr
L-008995,webinar,not_decision_maker,5.4,smb_sdr
L-008996,webinar,not_decision_maker,8.3,smb_sdr
L-008997,webinar,no_budget,4.8,smb_sdr
L-008998,webinar,not_decision_maker,3.5,smb_sdr
L-008999,webinar,no_budget,2.1,smb_sdr
L-009000,webinar,no_response,2.8,smb_sdr
L-009001,webinar,not_decision_maker,6.1,smb_sdr
L-009002,webinar,wrong_use_case,8.4,smb_sdr
L-009003,webinar,wrong_use_case,5.5,smb_sdr
L-009004,webinar,student_or_researcher,5.2,smb_sdr
L-009005,webinar,not_decision_maker,5.5,smb_sdr
L-009006,webinar,wrong_use_case,3.8,smb_sdr
L-009007,webinar,duplicate,2.9,smb_sdr
L-009008,webinar,no_response,5.4,smb_sdr
L-009009,webinar,no_budget,1.2,smb_sdr
L-009010,webinar,not_decision_maker,3.3,smb_sdr
L-009011,webinar,not_decision_maker,2.0,smb_sdr
L-009012,webinar,wrong_use_case,2.9,smb_sdr
L-009013,webinar,no_budget,1.2,smb_sdr
L-009014,webinar,not_decision_maker,8.6,smb_sdr
L-009015,webinar,,5.6,smb_sdr
L-009016,webinar,not_decision_maker,81.6,unassigned
L-009017,webinar,not_decision_maker,15.2,smb_sdr
L-009018,webinar,not_decision_maker,8.6,smb_sdr
L-009019,webinar,no_budget,2.4,smb_sdr
L-009020,webinar,no_budget,3.0,smb_sdr
L-009021,webinar,no_budget,4.0,smb_sdr
L-009022,webinar,no_response,3.5,smb_sdr
L-009023,webinar,no_response,6.9,smb_sdr
L-009024,webinar,wrong_use_case,12.9,smb_sdr
L-009025,webinar,not_decision_maker,10.8,smb_sdr
L-009026,webinar,wrong_use_case,3.0,smb_sdr
L-009027,webinar,student_or_researcher,35.1,unassigned
L-009028,webinar,wrong_use_case,12.9,smb_sdr
L-009029,webinar,no_budget,10.9,smb_sdr
L-009030,webinar,no_budget,3.9,smb_sdr
L-009031,webinar,no_budget,7.7,smb_sdr
L-009032,webinar,no_budget,6.4,smb_sdr
L-009033,webinar,,2.7,smb_sdr
L-009034,webinar,not_decision_maker,2.5,smb_sdr
L-009035,webinar,,8.5,smb_sdr
L-009036,webinar,student_or_researcher,6.3,smb_sdr
L-009037,webinar,,2.0,smb_sdr
L-009038,webinar,not_decision_maker,2.2,smb_sdr
L-009039,webinar,duplicate,10.1,smb_sdr
L-009040,webinar,no_budget,3.5,smb_sdr
L-009041,webinar,no_budget,4.4,smb_sdr
L-009042,webinar,not_decision_maker,2.3,smb_sdr
L-009043,webinar,,7.9,smb_sdr
L-009044,webinar,no_budget,24.2,unassigned
L-009045,webinar,no_budget,5.1,smb_sdr
L-009046,webinar,no_budget,3.9,smb_sdr
L-009047,webinar,no_budget,12.6,smb_sdr
L-009048,webinar,student_or_researcher,2.4,smb_sdr
L-009049,webinar,,4.6,smb_sdr
L-009050,webinar,not_decision_maker,14.1,smb_sdr
L-009051,webinar,,15.3,smb_sdr
L-009052,webinar,no_response,5.3,smb_sdr
L-009053,webinar,no_response,10.5,smb_sdr
L-009054,webinar,not_decision_maker,7.6,smb_sdr
L-009055,webinar,no_budget,5.8,smb_sdr
L-009056,webinar,no_budget,21.9,smb_sdr
L-009057,webinar,,3.0,smb_sdr
L-009058,webinar,no_budget,7.2,smb_sdr
L-009059,webinar,,3.7,smb_sdr
L-009060,webinar,wrong_use_case,2.7,smb_sdr
L-009061,webinar,wrong_use_case,5.5,smb_sdr
L-009062,webinar,no_response,6.2,smb_sdr
L-009063,webinar,student_or_researcher,4.0,smb_sdr
L-009064,webinar,,4.5,smb_sdr
L-009065,webinar,not_decision_maker,7.0,smb_sdr
L-009066,webinar,no_budget,2.0,smb_sdr
L-009067,webinar,not_decision_maker,1.9,smb_sdr
L-009068,webinar,not_decision_maker,5.1,smb_sdr
L-009069,webinar,no_budget,5.8,smb_sdr
L-009070,webinar,no_budget,3.1,smb_sdr
L-009071,webinar,no_budget,6.2,smb_sdr
L-009072,webinar,,3.8,smb_sdr
L-009073,webinar,no_budget,10.3,smb_sdr
L-009074,webinar,no_budget,2.5,smb_sdr
L-009075,webinar,not_decision_maker,7.1,smb_sdr
L-009076,webinar,duplicate,2.1,smb_sdr
L-009077,webinar,wrong_use_case,12.1,smb_sdr
L-009078,webinar,student_or_researcher,26.9,smb_sdr
L-009079,webinar,not_decision_maker,1.5,smb_sdr
L-009080,webinar,no_response,15.1,smb_sdr
L-009081,webinar,no_budget,9.7,smb_sdr
L-009082,webinar,no_budget,2.7,smb_sdr
L-009083,webinar,not_decision_maker,1.2,smb_sdr
L-009084,webinar,wrong_use_case,9.9,smb_sdr
L-009085,webinar,no_response,3.2,smb_sdr
L-009086,webinar,wrong_use_case,11.3,smb_sdr
L-009087,webinar,no_response,8.0,smb_sdr
L-009088,webinar,no_budget,10.8,smb_sdr
L-009089,webinar,no_budget,2.2,smb_sdr
L-009090,webinar,no_response,2.6,smb_sdr
L-009091,webinar,student_or_researcher,5.3,smb_sdr
L-009092,webinar,not_decision_maker,6.7,smb_sdr
L-009093,webinar,duplicate,3.0,smb_sdr
L-009094,webinar,wrong_use_case,3.4,smb_sdr
L-009095,webinar,student_or_researcher,10.0,smb_sdr
L-009096,webinar,not_decision_maker,5.9,smb_sdr
L-009097,webinar,no_budget,3.6,smb_sdr
L-009098,webinar,not_decision_maker,4.0,smb_sdr
L-009099,webinar,wrong_use_case,4.3,smb_sdr
L-009100,webinar,duplicate,6.4,smb_sdr
L-009101,webinar,no_budget,7.9,smb_sdr
L-009102,webinar,not_decision_maker,30.9,unassigned
L-009103,webinar,wrong_use_case,2.9,smb_sdr
L-009104,webinar,no_response,1.4,smb_sdr
L-009105,webinar,not_decision_maker,3.3,smb_sdr
L-009106,webinar,wrong_use_case,2.7,smb_sdr
L-009107,webinar,not_decision_maker,3.1,smb_sdr
L-009108,webinar,no_budget,8.6,smb_sdr
L-009109,webinar,wrong_use_case,7.5,smb_sdr
L-009110,webinar,no_budget,4.2,smb_sdr
L-009111,webinar,duplicate,3.3,smb_sdr
L-009112,webinar,no_budget,7.0,smb_sdr
L-009113,webinar,wrong_use_case,2.5,smb_sdr
L-009114,webinar,not_decision_maker,9.1,smb_sdr
L-009115,webinar,not_decision_maker,3.6,smb_sdr
L-009116,webinar,no_budget,3.8,smb_sdr
L-009117,webinar,no_response,3.9,smb_sdr
L-009118,webinar,not_decision_maker,16.6,smb_sdr
L-009119,webinar,no_response,2.3,smb_sdr
L-009120,webinar,student_or_researcher,2.9,smb_sdr
L-009121,webinar,no_budget,2.0,smb_sdr
L-009122,webinar,no_budget,3.7,smb_sdr
L-009123,webinar,no_response,5.4,smb_sdr
L-009124,webinar,no_response,2.1,smb_sdr
L-009125,webinar,student_or_researcher,4.8,smb_sdr
L-009126,webinar,student_or_researcher,6.4,smb_sdr
L-009127,webinar,not_decision_maker,4.4,smb_sdr
L-009128,webinar,student_or_researcher,1.8,smb_sdr
L-009129,webinar,student_or_researcher,7.5,smb_sdr
L-009130,webinar,no_response,10.7,smb_sdr
L-009131,webinar,duplicate,5.2,smb_sdr
L-009132,webinar,wrong_use_case,3.6,smb_sdr
L-009133,webinar,no_budget,2.0,smb_sdr
L-009134,webinar,no_budget,2.2,smb_sdr
L-009135,webinar,student_or_researcher,3.7,smb_sdr
L-009136,webinar,not_decision_maker,4.5,smb_sdr
L-009137,webinar,duplicate,1.3,smb_sdr
L-009138,webinar,duplicate,2.5,smb_sdr
L-009139,webinar,no_response,7.7,smb_sdr
L-009140,webinar,not_decision_maker,3.9,smb_sdr
L-009141,webinar,no_budget,7.0,smb_sdr
L-009142,webinar,student_or_researcher,2.0,smb_sdr
L-009143,webinar,not_decision_maker,6.2,smb_sdr
L-009144,webinar,not_decision_maker,4.9,smb_sdr
L-009145,webinar,no_budget,5.7,smb_sdr
L-009146,webinar,student_or_researcher,5.9,smb_sdr
L-009147,webinar,,3.2,smb_sdr
L-009148,webinar,,3.5,smb_sdr
L-009149,webinar,no_budget,10.9,smb_sdr
L-009150,webinar,duplicate,8.6,smb_sdr
L-009151,webinar,,2.6,smb_sdr
L-009152,webinar,no_budget,2.8,smb_sdr
L-009153,webinar,no_budget,8.2,smb_sdr
L-009154,webinar,no_budget,1.1,smb_sdr
L-009155,webinar,not_decision_maker,7.8,smb_sdr
L-009156,webinar,no_budget,10.7,smb_sdr
L-009157,webinar,no_budget,4.7,smb_sdr
L-009158,webinar,not_decision_maker,6.4,smb_sdr
L-009159,webinar,,4.5,smb_sdr
L-009160,webinar,student_or_researcher,3.7,smb_sdr
L-009161,webinar,wrong_use_case,12.7,smb_sdr
L-009162,webinar,not_decision_maker,4.2,smb_sdr
L-009163,webinar,,2.5,smb_sdr
L-009164,webinar,wrong_use_case,5.1,smb_sdr
L-009165,webinar,student_or_researcher,30.8,smb_sdr
L-009166,webinar,student_or_researcher,3.1,smb_sdr
L-009167,webinar,,5.1,smb_sdr
L-009168,webinar,,2.8,smb_sdr
L-009169,webinar,student_or_researcher,14.0,smb_sdr
L-009170,webinar,no_budget,6.5,smb_sdr
L-009171,webinar,not_decision_maker,5.0,smb_sdr
L-009172,webinar,student_or_researcher,2.2,smb_sdr
L-009173,webinar,not_decision_maker,5.3,smb_sdr
L-009174,webinar,not_decision_maker,2.6,smb_sdr
L-009175,webinar,no_budget,4.9,smb_sdr
L-009176,webinar,,1.5,smb_sdr
L-009177,webinar,not_decision_maker,5.1,smb_sdr
L-009178,webinar,not_decision_maker,3.4,smb_sdr
L-009179,webinar,no_response,6.4,smb_sdr
L-009180,webinar,not_decision_maker,9.7,smb_sdr
L-009181,webinar,no_budget,4.1,smb_sdr
L-009182,webinar,not_decision_maker,7.3,smb_sdr
L-009183,webinar,wrong_use_case,2.1,smb_sdr
L-009184,webinar,not_decision_maker,7.9,smb_sdr
L-009185,webinar,duplicate,6.7,smb_sdr
L-009186,webinar,no_budget,8.0,smb_sdr
L-009187,webinar,no_budget,9.9,smb_sdr
L-009188,webinar,no_budget,5.2,smb_sdr
L-009189,webinar,,2.6,smb_sdr
L-009190,webinar,student_or_researcher,8.4,smb_sdr
L-009191,webinar,no_response,15.8,smb_sdr
L-009192,webinar,not_decision_maker,1.9,smb_sdr
L-009193,webinar,wrong_use_case,43.5,unassigned
L-009194,webinar,no_response,3.2,smb_sdr
L-009195,webinar,not_decision_maker,7.2,smb_sdr
L-009196,webinar,student_or_researcher,74.8,unassigned
L-009197,webinar,wrong_use_case,5.4,smb_sdr
L-009198,webinar,not_decision_maker,9.9,smb_sdr
L-009199,webinar,student_or_researcher,5.3,smb_sdr
L-009200,webinar,no_budget,4.8,smb_sdr
L-009201,webinar,not_decision_maker,4.3,smb_sdr
L-009202,webinar,no_budget,5.0,smb_sdr
L-009203,webinar,student_or_researcher,7.7,smb_sdr
L-009204,webinar,wrong_use_case,12.3,smb_sdr
L-009205,webinar,,5.6,smb_sdr
L-009206,webinar,duplicate,5.5,smb_sdr
L-009207,webinar,not_decision_maker,11.2,smb_sdr
L-009208,webinar,no_budget,3.4,smb_sdr
L-009209,webinar,no_response,12.1,smb_sdr
L-009210,webinar,,6.8,smb_sdr
L-009211,webinar,,2.5,smb_sdr
L-009212,webinar,wrong_use_case,8.0,smb_sdr
L-009213,webinar,,3.7,smb_sdr
L-009214,webinar,,4.2,smb_sdr
L-009215,webinar,no_budget,4.3,smb_sdr
L-009216,webinar,no_budget,3.2,smb_sdr
L-009217,webinar,no_budget,18.6,smb_sdr
L-009218,webinar,not_decision_maker,9.9,smb_sdr
L-009219,webinar,not_decision_maker,4.1,smb_sdr
L-009220,webinar,,7.5,smb_sdr
L-009221,webinar,,2.6,smb_sdr
L-009222,webinar,no_budget,3.5,smb_sdr
L-009223,webinar,no_budget,15.9,smb_sdr
L-009224,webinar,student_or_researcher,4.5,smb_sdr
L-009225,webinar,wrong_use_case,10.1,smb_sdr
L-009226,webinar,no_response,4.6,smb_sdr
L-009227,webinar,,3.9,smb_sdr
L-009228,webinar,no_response,6.2,smb_sdr
L-009229,webinar,no_response,4.0,smb_sdr
L-009230,webinar,wrong_use_case,4.2,smb_sdr
L-009231,webinar,not_decision_maker,3.9,smb_sdr
L-009232,webinar,student_or_researcher,6.9,smb_sdr
L-009233,webinar,no_budget,3.2,smb_sdr
L-009234,webinar,no_response,3.5,smb_sdr
L-009235,webinar,student_or_researcher,2.9,smb_sdr
L-009236,webinar,not_decision_maker,3.1,smb_sdr
L-009237,webinar,wrong_use_case,4.2,smb_sdr
L-009238,webinar,student_or_researcher,1.9,smb_sdr
L-009239,webinar,student_or_researcher,2.9,smb_sdr
L-009240,webinar,not_decision_maker,1.3,smb_sdr
L-009241,webinar,student_or_researcher,2.2,smb_sdr
L-009242,webinar,no_response,3.4,smb_sdr
L-009243,webinar,no_budget,2.9,smb_sdr
L-009244,webinar,,1.7,smb_sdr
L-009245,webinar,duplicate,2.3,smb_sdr
L-009246,webinar,duplicate,11.0,smb_sdr
L-009247,webinar,not_decision_maker,9.1,smb_sdr
L-009248,webinar,not_decision_maker,2.8,smb_sdr
L-009249,webinar,not_decision_maker,9.8,smb_sdr
L-009250,webinar,no_budget,4.2,smb_sdr
L-009251,webinar,no_response,5.2,smb_sdr
L-009252,webinar,no_budget,6.6,smb_sdr
L-009253,webinar,student_or_researcher,3.2,smb_sdr
L-009254,webinar,no_response,3.5,smb_sdr
L-009255,webinar,wrong_use_case,8.3,smb_sdr
L-009256,webinar,no_budget,3.8,smb_sdr
L-009257,webinar,no_budget,25.6,smb_sdr
L-009258,webinar,wrong_use_case,5.0,smb_sdr
L-009259,webinar,no_budget,6.1,smb_sdr
L-009260,webinar,wrong_use_case,6.2,smb_sdr
L-009261,webinar,duplicate,5.4,smb_sdr
L-009262,webinar,no_budget,6.1,smb_sdr
L-009263,webinar,student_or_researcher,29.0,smb_sdr
L-009264,webinar,,11.2,smb_sdr
L-009265,webinar,not_decision_maker,7.1,smb_sdr
L-009266,webinar,no_budget,9.5,smb_sdr
L-009267,webinar,not_decision_maker,6.5,smb_sdr
L-009268,webinar,wrong_use_case,6.2,smb_sdr
L-009269,webinar,,3.0,smb_sdr
L-009270,webinar,student_or_researcher,7.4,smb_sdr
L-009271,webinar,duplicate,5.4,smb_sdr
L-009272,webinar,no_budget,12.0,smb_sdr
L-009273,webinar,not_decision_maker,8.2,smb_sdr
L-009274,webinar,not_decision_maker,9.8,smb_sdr
L-009275,webinar,no_budget,5.5,smb_sdr
L-009276,webinar,duplicate,3.8,smb_sdr
L-009277,webinar,not_decision_maker,2.5,smb_sdr
L-009278,webinar,student_or_researcher,2.2,smb_sdr
L-009279,webinar,wrong_use_case,105.5,unassigned
L-009280,webinar,student_or_researcher,3.6,smb_sdr
L-009281,webinar,student_or_researcher,7.1,smb_sdr
L-009282,webinar,student_or_researcher,6.9,smb_sdr
L-009283,webinar,,7.1,smb_sdr
L-009284,webinar,not_decision_maker,4.4,smb_sdr
L-009285,webinar,not_decision_maker,2.1,smb_sdr
L-009286,webinar,not_decision_maker,6.2,smb_sdr
L-009287,webinar,student_or_researcher,3.5,smb_sdr
L-009288,webinar,student_or_researcher,12.0,smb_sdr
L-009289,webinar,duplicate,2.9,smb_sdr
L-009290,webinar,duplicate,15.5,smb_sdr
L-009291,webinar,student_or_researcher,5.3,smb_sdr
L-009292,webinar,,2.2,smb_sdr
L-009293,webinar,,4.2,smb_sdr
L-009294,webinar,student_or_researcher,3.3,smb_sdr
L-009295,webinar,duplicate,8.2,smb_sdr
L-009296,webinar,not_decision_maker,5.0,smb_sdr
L-009297,webinar,no_response,3.8,smb_sdr
L-009298,webinar,duplicate,3.5,smb_sdr
L-009299,webinar,not_decision_maker,4.9,smb_sdr
L-009300,webinar,no_budget,6.1,smb_sdr
L-009301,webinar,,35.2,smb_sdr
L-009302,webinar,not_decision_maker,4.8,smb_sdr
L-009303,webinar,no_budget,6.7,smb_sdr
L-009304,webinar,no_budget,3.3,smb_sdr
L-009305,webinar,no_budget,14.1,smb_sdr
L-009306,webinar,no_budget,5.3,smb_sdr
L-009307,webinar,not_decision_maker,4.0,smb_sdr
L-009308,webinar,no_budget,4.1,smb_sdr
L-009309,webinar,no_response,5.0,smb_sdr
L-009310,webinar,no_response,5.6,smb_sdr
L-009311,webinar,no_response,6.3,smb_sdr
L-009312,webinar,student_or_researcher,3.8,smb_sdr
L-009313,webinar,student_or_researcher,6.6,smb_sdr
L-009314,webinar,no_budget,2.5,smb_sdr
L-009315,webinar,no_budget,2.0,smb_sdr
L-009316,webinar,not_decision_maker,2.8,smb_sdr
L-009317,webinar,wrong_use_case,5.6,smb_sdr
L-009318,webinar,student_or_researcher,9.7,smb_sdr
L-009319,webinar,not_decision_maker,2.5,smb_sdr
L-009320,webinar,student_or_researcher,16.2,smb_sdr
L-009321,webinar,no_response,8.8,smb_sdr
L-009322,webinar,duplicate,3.0,smb_sdr
L-009323,webinar,,7.8,smb_sdr
L-009324,webinar,no_budget,18.7,smb_sdr
L-009325,webinar,wrong_use_case,6.1,smb_sdr
L-009326,webinar,wrong_use_case,3.9,smb_sdr
L-009327,webinar,not_decision_maker,7.5,smb_sdr
L-009328,webinar,no_budget,2.7,smb_sdr
L-009329,webinar,no_budget,9.3,smb_sdr
L-009330,webinar,no_response,5.3,smb_sdr
L-009331,webinar,no_budget,5.6,smb_sdr
L-009332,webinar,wrong_use_case,4.7,smb_sdr
L-009333,webinar,no_budget,17.8,smb_sdr
L-009334,webinar,no_budget,6.5,smb_sdr
L-009335,webinar,not_decision_maker,4.4,smb_sdr
L-009336,webinar,no_budget,14.0,smb_sdr
L-009337,webinar,not_decision_maker,5.5,smb_sdr
L-009338,webinar,wrong_use_case,2.5,smb_sdr
L-009339,webinar,not_decision_maker,4.2,smb_sdr
L-009340,webinar,no_budget,5.4,smb_sdr
L-009341,webinar,not_decision_maker,2.6,smb_sdr
L-009342,webinar,no_response,12.1,smb_sdr
L-009343,webinar,no_budget,93.7,unassigned
L-009344,webinar,no_budget,3.3,smb_sdr
L-009345,webinar,wrong_use_case,6.1,smb_sdr
L-009346,webinar,student_or_researcher,2.6,smb_sdr
L-009347,webinar,no_budget,10.4,smb_sdr
L-009348,webinar,no_budget,7.9,smb_sdr
L-009349,webinar,,5.0,smb_sdr
L-009350,webinar,not_decision_maker,5.3,smb_sdr
L-009351,webinar,student_or_researcher,16.1,smb_sdr
L-009352,webinar,wrong_use_case,7.6,smb_sdr
L-009353,webinar,no_budget,7.5,smb_sdr
L-009354,webinar,student_or_researcher,6.6,smb_sdr
L-009355,webinar,student_or_researcher,2.3,smb_sdr
L-009356,webinar,no_budget,2.0,smb_sdr
L-009357,webinar,no_budget,6.6,smb_sdr
L-009358,webinar,no_budget,4.0,smb_sdr
L-009359,webinar,no_budget,19.5,smb_sdr
L-009360,webinar,no_budget,2.4,smb_sdr
L-009361,webinar,not_decision_maker,5.2,smb_sdr
L-009362,webinar,student_or_researcher,6.9,smb_sdr
L-009363,webinar,no_budget,4.2,smb_sdr
L-009364,webinar,student_or_researcher,3.4,smb_sdr
L-009365,webinar,no_budget,2.6,smb_sdr
L-009366,webinar,no_budget,1.2,smb_sdr
L-009367,webinar,student_or_researcher,6.0,smb_sdr
L-009368,webinar,no_response,9.6,smb_sdr
L-009369,webinar,wrong_use_case,6.0,smb_sdr
L-009370,webinar,no_budget,4.7,smb_sdr
L-009371,webinar,not_decision_maker,13.2,smb_sdr
L-009372,webinar,not_decision_maker,6.5,smb_sdr
L-009373,webinar,no_budget,15.7,smb_sdr
L-009374,webinar,no_budget,3.1,smb_sdr
L-009375,webinar,student_or_researcher,6.0,smb_sdr
L-009376,webinar,,2.7,smb_sdr
L-009377,webinar,wrong_use_case,7.5,smb_sdr
L-009378,webinar,not_decision_maker,7.7,smb_sdr
L-009379,webinar,no_budget,114.2,unassigned
L-009380,webinar,not_decision_maker,3.8,smb_sdr
L-009381,webinar,no_budget,8.0,smb_sdr
L-009382,webinar,,2.6,smb_sdr
L-009383,webinar,no_budget,3.8,smb_sdr
L-009384,webinar,,4.9,smb_sdr
L-009385,webinar,no_budget,6.4,smb_sdr
L-009386,webinar,not_decision_maker,5.4,smb_sdr
L-009387,webinar,no_response,9.6,smb_sdr
L-009388,webinar,no_budget,2.5,smb_sdr
L-009389,webinar,not_decision_maker,2.9,smb_sdr
L-009390,webinar,no_budget,12.0,smb_sdr
L-009391,webinar,no_budget,1.9,smb_sdr
L-009392,webinar,no_budget,5.3,smb_sdr
L-009393,webinar,not_decision_maker,23.9,smb_sdr
L-009394,webinar,no_budget,10.6,smb_sdr
L-009395,webinar,wrong_use_case,4.9,smb_sdr
L-009396,webinar,student_or_researcher,8.8,smb_sdr
L-009397,webinar,not_decision_maker,6.6,smb_sdr
L-009398,webinar,not_decision_maker,7.6,smb_sdr
L-009399,webinar,wrong_use_case,8.3,smb_sdr
L-009400,webinar,not_decision_maker,5.3,smb_sdr
L-009401,webinar,no_budget,2.4,smb_sdr
L-009402,webinar,wrong_use_case,3.3,smb_sdr
L-009403,webinar,student_or_researcher,2.9,smb_sdr
L-009404,webinar,,3.9,smb_sdr
L-009405,webinar,student_or_researcher,5.3,smb_sdr
L-009406,webinar,no_response,11.2,smb_sdr
L-009407,webinar,not_decision_maker,2.3,smb_sdr
L-009408,webinar,not_decision_maker,8.2,mid_market_ae
L-009409,webinar,no_budget,6.7,mid_market_ae
L-009410,webinar,,11.6,mid_market_ae
L-009411,webinar,no_budget,3.8,mid_market_ae
L-009412,webinar,not_decision_maker,2.7,mid_market_ae
L-009413,webinar,,3.1,mid_market_ae
L-009414,webinar,not_decision_maker,7.0,mid_market_ae
L-009415,webinar,wrong_use_case,2.6,mid_market_ae
L-009416,webinar,no_response,2.4,mid_market_ae
L-009417,webinar,no_response,3.2,mid_market_ae
L-009418,webinar,no_response,3.9,mid_market_ae
L-009419,webinar,no_response,7.2,mid_market_ae
L-009420,webinar,no_response,1.0,mid_market_ae
L-009421,webinar,student_or_researcher,7.5,mid_market_ae
L-009422,webinar,student_or_researcher,11.4,mid_market_ae
L-009423,webinar,no_budget,5.9,mid_market_ae
L-009424,webinar,,5.0,mid_market_ae
L-009425,webinar,wrong_use_case,5.0,mid_market_ae
L-009426,webinar,wrong_use_case,5.2,mid_market_ae
L-009427,webinar,not_decision_maker,2.5,mid_market_ae
L-009428,webinar,no_budget,6.4,mid_market_ae
L-009429,webinar,no_budget,2.5,mid_market_ae
L-009430,webinar,no_budget,3.8,mid_market_ae
L-009431,webinar,wrong_use_case,4.1,mid_market_ae
L-009432,webinar,student_or_researcher,3.7,mid_market_ae
L-009433,webinar,no_response,13.7,mid_market_ae
L-009434,webinar,no_budget,5.2,mid_market_ae
L-009435,webinar,wrong_use_case,11.6,mid_market_ae
L-009436,webinar,wrong_use_case,3.6,mid_market_ae
L-009437,webinar,student_or_researcher,1.8,mid_market_ae
L-009438,webinar,,8.1,mid_market_ae
L-009439,webinar,wrong_use_case,3.0,mid_market_ae
L-009440,webinar,duplicate,1.7,mid_market_ae
L-009441,webinar,wrong_use_case,2.6,mid_market_ae
L-009442,webinar,no_response,12.2,mid_market_ae
L-009443,webinar,wrong_use_case,55.7,unassigned
L-009444,webinar,student_or_researcher,7.1,mid_market_ae
L-009445,webinar,not_decision_maker,2.7,mid_market_ae
L-009446,webinar,not_decision_maker,86.9,unassigned
L-009447,webinar,no_budget,8.8,mid_market_ae
L-009448,webinar,no_budget,4.1,mid_market_ae
L-009449,webinar,no_response,5.0,mid_market_ae
L-009450,webinar,not_decision_maker,3.0,mid_market_ae
L-009451,webinar,not_decision_maker,3.1,mid_market_ae
L-009452,webinar,no_response,8.7,mid_market_ae
L-009453,webinar,no_response,1.9,mid_market_ae
L-009454,webinar,not_decision_maker,4.6,mid_market_ae
L-009455,webinar,not_decision_maker,2.0,mid_market_ae
L-009456,webinar,,4.0,mid_market_ae
L-009457,webinar,no_response,1.3,mid_market_ae
L-009458,webinar,student_or_researcher,6.1,mid_market_ae
L-009459,webinar,,7.7,mid_market_ae
L-009460,webinar,not_decision_maker,3.7,mid_market_ae
L-009461,webinar,no_budget,4.2,mid_market_ae
L-009462,webinar,no_budget,18.3,mid_market_ae
L-009463,webinar,not_decision_maker,8.3,mid_market_ae
L-009464,webinar,no_budget,9.4,mid_market_ae
L-009465,webinar,duplicate,3.9,mid_market_ae
L-009466,webinar,no_budget,17.5,mid_market_ae
L-009467,webinar,wrong_use_case,1.7,mid_market_ae
L-009468,webinar,,4.0,mid_market_ae
L-009469,webinar,student_or_researcher,1.8,mid_market_ae
L-009470,webinar,not_decision_maker,5.3,mid_market_ae
L-009471,webinar,no_budget,2.4,mid_market_ae
L-009472,webinar,not_decision_maker,4.9,mid_market_ae
L-009473,webinar,no_budget,6.0,mid_market_ae
L-009474,webinar,no_budget,5.8,mid_market_ae
L-009475,webinar,no_budget,3.6,mid_market_ae
L-009476,webinar,no_response,5.9,mid_market_ae
L-009477,webinar,no_budget,2.8,mid_market_ae
L-009478,webinar,not_decision_maker,3.1,mid_market_ae
L-009479,webinar,student_or_researcher,7.8,mid_market_ae
L-009480,webinar,student_or_researcher,4.0,mid_market_ae
L-009481,webinar,student_or_researcher,1.7,mid_market_ae
L-009482,webinar,not_decision_maker,7.5,mid_market_ae
L-009483,webinar,not_decision_maker,3.2,mid_market_ae
L-009484,webinar,no_budget,3.0,mid_market_ae
L-009485,webinar,no_budget,5.1,mid_market_ae
L-009486,webinar,no_response,2.5,mid_market_ae
L-009487,webinar,wrong_use_case,9.9,mid_market_ae
L-009488,webinar,,4.7,mid_market_ae
L-009489,webinar,student_or_researcher,9.1,mid_market_ae
L-009490,webinar,,1.4,mid_market_ae
L-009491,webinar,no_budget,5.5,mid_market_ae
L-009492,webinar,no_budget,10.7,mid_market_ae
L-009493,webinar,student_or_researcher,11.1,mid_market_ae
L-009494,webinar,wrong_use_case,7.8,mid_market_ae
L-009495,webinar,no_response,7.8,mid_market_ae
L-009496,webinar,student_or_researcher,5.6,mid_market_ae
L-009497,webinar,not_decision_maker,2.0,mid_market_ae
L-009498,webinar,student_or_researcher,10.4,mid_market_ae
L-009499,webinar,wrong_use_case,5.4,mid_market_ae
L-009500,webinar,duplicate,5.4,mid_market_ae
L-009501,webinar,not_decision_maker,3.2,mid_market_ae
L-009502,webinar,,4.5,mid_market_ae
L-009503,webinar,student_or_researcher,6.4,mid_market_ae
L-009504,webinar,duplicate,3.8,mid_market_ae
L-009505,webinar,duplicate,3.5,mid_market_ae
L-009506,webinar,wrong_use_case,5.3,mid_market_ae
L-009507,webinar,student_or_researcher,11.9,mid_market_ae
L-009508,webinar,not_decision_maker,3.0,mid_market_ae
L-009509,webinar,,5.3,mid_market_ae
L-009510,webinar,,4.6,mid_market_ae
L-009511,webinar,no_budget,5.2,mid_market_ae
L-009512,webinar,no_budget,12.6,mid_market_ae
L-009513,webinar,,7.8,mid_market_ae
L-009514,webinar,no_budget,4.6,mid_market_ae
L-009515,webinar,not_decision_maker,13.0,mid_market_ae
L-009516,webinar,no_budget,4.7,mid_market_ae
L-009517,webinar,no_budget,9.6,mid_market_ae
L-009518,webinar,not_decision_maker,14.6,mid_market_ae
L-009519,webinar,student_or_researcher,4.1,mid_market_ae
L-009520,webinar,no_budget,6.6,mid_market_ae
L-009521,webinar,not_decision_maker,3.2,mid_market_ae
L-009522,webinar,no_budget,1.8,mid_market_ae
L-009523,webinar,not_decision_maker,11.5,mid_market_ae
L-009524,webinar,wrong_use_case,3.5,mid_market_ae
L-009525,webinar,not_decision_maker,3.5,mid_market_ae
L-009526,webinar,not_decision_maker,2.6,mid_market_ae
L-009527,webinar,no_response,3.0,mid_market_ae
L-009528,webinar,not_decision_maker,7.8,mid_market_ae
L-009529,webinar,no_budget,6.2,mid_market_ae
L-009530,webinar,no_budget,4.1,mid_market_ae
L-009531,webinar,student_or_researcher,67.2,unassigned
L-009532,webinar,student_or_researcher,12.7,mid_market_ae
L-009533,webinar,wrong_use_case,8.1,mid_market_ae
L-009534,webinar,wrong_use_case,7.1,mid_market_ae
L-009535,webinar,no_budget,10.7,mid_market_ae
L-009536,webinar,not_decision_maker,4.8,mid_market_ae
L-009537,webinar,no_budget,10.9,mid_market_ae
L-009538,webinar,no_budget,3.5,mid_market_ae
L-009539,webinar,no_response,5.2,mid_market_ae
L-009540,webinar,no_budget,12.4,mid_market_ae
L-009541,webinar,no_budget,11.9,mid_market_ae
L-009542,webinar,no_budget,10.9,mid_market_ae
L-009543,webinar,wrong_use_case,3.8,mid_market_ae
L-009544,webinar,not_decision_maker,2.9,mid_market_ae
L-009545,webinar,student_or_researcher,3.8,mid_market_ae
L-009546,webinar,wrong_use_case,3.3,mid_market_ae
L-009547,webinar,not_decision_maker,2.8,mid_market_ae
L-009548,webinar,student_or_researcher,3.9,mid_market_ae
L-009549,webinar,student_or_researcher,6.7,mid_market_ae
L-009550,webinar,student_or_researcher,6.9,mid_market_ae
L-009551,webinar,no_budget,8.5,mid_market_ae
L-009552,webinar,not_decision_maker,11.6,mid_market_ae
L-009553,webinar,no_budget,2.5,mid_market_ae
L-009554,webinar,wrong_use_case,4.2,mid_market_ae
L-009555,webinar,not_decision_maker,2.9,mid_market_ae
L-009556,webinar,,12.5,mid_market_ae
L-009557,webinar,wrong_use_case,2.7,mid_market_ae
L-009558,webinar,duplicate,8.1,mid_market_ae
L-009559,webinar,student_or_researcher,8.8,mid_market_ae
L-009560,webinar,no_response,7.8,mid_market_ae
L-009561,webinar,not_decision_maker,4.1,mid_market_ae
L-009562,webinar,student_or_researcher,9.3,mid_market_ae
L-009563,webinar,not_decision_maker,43.2,unassigned
L-009564,webinar,student_or_researcher,3.7,mid_market_ae
L-009565,webinar,student_or_researcher,1.3,mid_market_ae
L-009566,webinar,no_budget,6.8,mid_market_ae
L-009567,webinar,not_decision_maker,12.4,mid_market_ae
L-009568,webinar,no_budget,4.8,mid_market_ae
L-009569,webinar,duplicate,6.4,mid_market_ae
L-009570,webinar,not_decision_maker,9.5,mid_market_ae
L-009571,webinar,wrong_use_case,10.0,mid_market_ae
L-009572,webinar,student_or_researcher,5.3,mid_market_ae
L-009573,webinar,,11.1,mid_market_ae
L-009574,webinar,no_budget,8.9,mid_market_ae
L-009575,webinar,wrong_use_case,3.1,mid_market_ae
L-009576,webinar,no_budget,7.8,mid_market_ae
L-009577,webinar,no_response,9.4,mid_market_ae
L-009578,webinar,no_response,6.8,mid_market_ae
L-009579,webinar,wrong_use_case,54.6,unassigned
L-009580,webinar,no_response,4.2,mid_market_ae
L-009581,webinar,wrong_use_case,2.2,mid_market_ae
L-009582,webinar,student_or_researcher,5.1,mid_market_ae
L-009583,webinar,student_or_researcher,1.0,mid_market_ae
L-009584,webinar,duplicate,1.9,mid_market_ae
L-009585,webinar,,3.9,mid_market_ae
L-009586,webinar,no_budget,8.5,mid_market_ae
L-009587,webinar,not_decision_maker,4.2,mid_market_ae
L-009588,webinar,no_budget,10.0,mid_market_ae
L-009589,webinar,wrong_use_case,2.3,mid_market_ae
L-009590,webinar,student_or_researcher,4.7,mid_market_ae
L-009591,webinar,student_or_researcher,5.7,mid_market_ae
L-009592,webinar,not_decision_maker,9.0,mid_market_ae
L-009593,webinar,student_or_researcher,1.9,mid_market_ae
L-009594,webinar,no_budget,6.6,mid_market_ae
L-009595,webinar,no_budget,10.5,mid_market_ae
L-009596,webinar,not_decision_maker,3.8,mid_market_ae
L-009597,webinar,no_budget,9.6,mid_market_ae
L-009598,webinar,no_budget,1.7,mid_market_ae
L-009599,webinar,not_decision_maker,2.9,mid_market_ae
L-009600,webinar,no_budget,6.3,mid_market_ae
L-009601,webinar,student_or_researcher,26.0,mid_market_ae
L-009602,webinar,student_or_researcher,8.1,mid_market_ae
L-009603,webinar,no_budget,2.7,mid_market_ae
L-009604,webinar,no_budget,2.0,mid_market_ae
L-009605,webinar,not_decision_maker,2.0,mid_market_ae
L-009606,webinar,no_budget,9.0,mid_market_ae
L-009607,webinar,student_or_researcher,4.3,mid_market_ae
L-009608,webinar,no_response,5.7,mid_market_ae
L-009609,webinar,,4.4,mid_market_ae
L-009610,webinar,not_decision_maker,7.2,mid_market_ae
L-009611,webinar,no_budget,7.5,mid_market_ae
L-009612,webinar,no_budget,2.2,mid_market_ae
L-009613,webinar,,5.9,mid_market_ae
L-009614,webinar,no_budget,2.5,mid_market_ae
L-009615,webinar,not_decision_maker,2.4,mid_market_ae
L-009616,webinar,no_budget,2.4,mid_market_ae
L-009617,webinar,no_budget,6.4,mid_market_ae
L-009618,webinar,wrong_use_case,1.7,mid_market_ae
L-009619,webinar,no_budget,7.2,mid_market_ae
L-009620,webinar,not_decision_maker,11.2,mid_market_ae
L-009621,webinar,no_budget,2.8,mid_market_ae
L-009622,webinar,,4.9,mid_market_ae
L-009623,webinar,no_budget,4.2,mid_market_ae
L-009624,webinar,wrong_use_case,7.5,mid_market_ae
L-009625,webinar,no_budget,4.3,mid_market_ae
L-009626,webinar,not_decision_maker,5.1,mid_market_ae
L-009627,webinar,not_decision_maker,4.9,mid_market_ae
L-009628,webinar,no_budget,3.5,mid_market_ae
L-009629,webinar,,4.4,mid_market_ae
L-009630,webinar,no_budget,16.0,mid_market_ae
L-009631,webinar,wrong_use_case,5.4,mid_market_ae
L-009632,webinar,student_or_researcher,5.6,mid_market_ae
L-009633,webinar,student_or_researcher,9.4,mid_market_ae
L-009634,webinar,no_response,4.2,mid_market_ae
L-009635,webinar,student_or_researcher,5.6,mid_market_ae
L-009636,webinar,no_response,7.0,mid_market_ae
L-009637,webinar,not_decision_maker,3.5,mid_market_ae
L-009638,webinar,wrong_use_case,4.7,mid_market_ae
L-009639,webinar,student_or_researcher,1.1,mid_market_ae
L-009640,webinar,,3.1,mid_market_ae
L-009641,webinar,wrong_use_case,8.9,mid_market_ae
L-009642,webinar,not_decision_maker,3.8,mid_market_ae
L-009643,webinar,student_or_researcher,6.7,mid_market_ae
L-009644,webinar,,3.1,mid_market_ae
L-009645,webinar,,5.4,mid_market_ae
L-009646,webinar,not_decision_maker,8.4,mid_market_ae
L-009647,webinar,not_decision_maker,6.8,mid_market_ae
L-009648,webinar,no_budget,6.6,mid_market_ae
L-009649,webinar,wrong_use_case,4.4,mid_market_ae
L-009650,webinar,wrong_use_case,10.2,mid_market_ae
L-009651,webinar,duplicate,2.8,mid_market_ae
L-009652,webinar,not_decision_maker,15.1,mid_market_ae
L-009653,webinar,not_decision_maker,3.6,mid_market_ae
L-009654,webinar,no_budget,2.3,mid_market_ae
L-009655,webinar,student_or_researcher,5.1,mid_market_ae
L-009656,webinar,student_or_researcher,2.5,mid_market_ae
L-009657,webinar,not_decision_maker,13.9,mid_market_ae
L-009658,webinar,no_budget,2.4,mid_market_ae
L-009659,webinar,wrong_use_case,39.0,unassigned
L-009660,webinar,student_or_researcher,10.0,mid_market_ae
L-009661,webinar,student_or_researcher,3.0,mid_market_ae
L-009662,webinar,not_decision_maker,8.2,mid_market_ae
L-009663,webinar,not_decision_maker,3.9,mid_market_ae
L-009664,webinar,student_or_researcher,3.9,mid_market_ae
L-009665,webinar,student_or_researcher,3.7,mid_market_ae
L-009666,webinar,,10.4,mid_market_ae
L-009667,webinar,not_decision_maker,4.7,mid_market_ae
L-009668,webinar,no_budget,2.4,mid_market_ae
L-009669,webinar,no_response,6.4,mid_market_ae
L-009670,webinar,not_decision_maker,3.1,mid_market_ae
L-009671,webinar,no_budget,11.0,mid_market_ae
L-009672,webinar,,5.9,mid_market_ae
L-009673,webinar,wrong_use_case,3.2,mid_market_ae
L-009674,webinar,duplicate,2.3,mid_market_ae
L-009675,webinar,no_budget,11.8,mid_market_ae
L-009676,webinar,no_budget,3.2,mid_market_ae
L-009677,webinar,not_decision_maker,12.6,mid_market_ae
L-009678,webinar,not_decision_maker,4.2,mid_market_ae
L-009679,webinar,student_or_researcher,14.6,mid_market_ae
L-009680,webinar,wrong_use_case,11.3,mid_market_ae
L-009681,webinar,,11.6,mid_market_ae
L-009682,webinar,no_budget,3.3,mid_market_ae
L-009683,webinar,not_decision_maker,8.3,mid_market_ae
L-009684,webinar,no_budget,1.3,mid_market_ae
L-009685,webinar,student_or_researcher,6.0,mid_market_ae
L-009686,webinar,student_or_researcher,8.0,mid_market_ae
L-009687,webinar,student_or_researcher,4.9,mid_market_ae
L-009688,webinar,no_budget,6.9,mid_market_ae
L-009689,webinar,no_budget,2.8,mid_market_ae
L-009690,webinar,student_or_researcher,5.5,mid_market_ae
L-009691,webinar,wrong_use_case,4.2,mid_market_ae
L-009692,webinar,student_or_researcher,4.2,mid_market_ae
L-009693,webinar,not_decision_maker,3.3,mid_market_ae
L-009694,webinar,student_or_researcher,3.2,mid_market_ae
L-009695,webinar,no_budget,4.2,mid_market_ae
L-009696,webinar,no_response,9.2,mid_market_ae
L-009697,webinar,,5.7,mid_market_ae
L-009698,webinar,no_budget,6.6,mid_market_ae
L-009699,webinar,not_decision_maker,13.3,mid_market_ae
L-009700,webinar,not_decision_maker,12.4,mid_market_ae
L-009701,webinar,duplicate,4.1,mid_market_ae
L-009702,webinar,no_response,9.0,mid_market_ae
L-009703,webinar,,1.4,mid_market_ae
L-009704,webinar,student_or_researcher,8.3,mid_market_ae
L-009705,webinar,no_response,2.4,mid_market_ae
L-009706,webinar,duplicate,4.2,mid_market_ae
L-009707,webinar,no_budget,2.0,mid_market_ae
L-009708,webinar,wrong_use_case,7.1,mid_market_ae
L-009709,webinar,no_budget,5.8,mid_market_ae
L-009710,webinar,not_decision_maker,2.0,mid_market_ae
L-009711,webinar,no_response,4.3,mid_market_ae
L-009712,webinar,no_response,8.7,mid_market_ae
L-009713,webinar,,4.4,mid_market_ae
L-009714,webinar,not_decision_maker,3.2,mid_market_ae
L-009715,webinar,no_budget,4.8,mid_market_ae
L-009716,webinar,wrong_use_case,6.7,mid_market_ae
L-009717,webinar,no_budget,11.9,mid_market_ae
L-009718,webinar,student_or_researcher,5.8,mid_market_ae
L-009719,webinar,,4.9,mid_market_ae
L-009720,webinar,not_decision_maker,6.5,mid_market_ae
L-009721,webinar,wrong_use_case,4.1,mid_market_ae
L-009722,webinar,student_or_researcher,8.0,mid_market_ae
L-009723,webinar,no_budget,3.4,mid_market_ae
L-009724,webinar,wrong_use_case,8.8,mid_market_ae
L-009725,webinar,no_response,3.0,mid_market_ae
L-009726,webinar,no_response,8.9,mid_market_ae
L-009727,webinar,not_decision_maker,3.4,mid_market_ae
L-009728,webinar,not_decision_maker,4.2,mid_market_ae
L-009729,webinar,student_or_researcher,3.4,mid_market_ae
L-009730,webinar,not_decision_maker,4.7,mid_market_ae
L-009731,webinar,no_response,8.1,mid_market_ae
L-009732,webinar,student_or_researcher,8.6,mid_market_ae
L-009733,webinar,no_budget,11.3,mid_market_ae
L-009734,webinar,no_budget,4.5,mid_market_ae
L-009735,webinar,student_or_researcher,5.4,mid_market_ae
L-009736,webinar,no_budget,3.9,mid_market_ae
L-009737,webinar,student_or_researcher,11.2,mid_market_ae
L-009738,webinar,no_budget,6.3,mid_market_ae
L-009739,webinar,no_response,9.1,mid_market_ae
L-009740,webinar,no_response,3.4,mid_market_ae
L-009741,webinar,not_decision_maker,9.9,mid_market_ae
L-009742,webinar,not_decision_maker,3.5,mid_market_ae
L-009743,webinar,not_decision_maker,4.4,mid_market_ae
L-009744,webinar,no_budget,12.3,mid_market_ae
L-009745,webinar,not_decision_maker,13.1,mid_market_ae
L-009746,webinar,,10.2,mid_market_ae
L-009747,webinar,no_response,8.9,mid_market_ae
L-009748,webinar,not_decision_maker,11.3,mid_market_ae
L-009749,webinar,student_or_researcher,4.3,mid_market_ae
L-009750,webinar,not_decision_maker,8.1,mid_market_ae
L-009751,webinar,no_budget,3.8,mid_market_ae
L-009752,webinar,not_decision_maker,5.5,mid_market_ae
L-009753,webinar,student_or_researcher,1.6,mid_market_ae
L-009754,webinar,not_decision_maker,3.0,mid_market_ae
L-009755,webinar,student_or_researcher,6.4,mid_market_ae
L-009756,webinar,no_budget,6.1,mid_market_ae
L-009757,webinar,no_budget,4.1,mid_market_ae
L-009758,webinar,,10.9,mid_market_ae
L-009759,webinar,,6.0,mid_market_ae
L-009760,webinar,duplicate,6.0,mid_market_ae
L-009761,webinar,no_budget,4.9,mid_market_ae
L-009762,webinar,student_or_researcher,9.8,mid_market_ae
L-009763,webinar,not_decision_maker,22.3,mid_market_ae
L-009764,webinar,not_decision_maker,5.1,mid_market_ae
L-009765,webinar,no_budget,1.5,mid_market_ae
L-009766,webinar,not_decision_maker,5.2,mid_market_ae
L-009767,webinar,student_or_researcher,4.6,mid_market_ae
L-009768,webinar,no_response,3.4,mid_market_ae
L-009769,webinar,,5.5,mid_market_ae
L-009770,webinar,no_response,6.8,mid_market_ae
L-009771,webinar,no_budget,1.5,mid_market_ae
L-009772,webinar,no_budget,4.3,mid_market_ae
L-009773,webinar,,2.7,mid_market_ae
L-009774,webinar,not_decision_maker,6.2,mid_market_ae
L-009775,webinar,not_decision_maker,5.7,mid_market_ae
L-009776,webinar,no_budget,5.6,mid_market_ae
L-009777,webinar,no_budget,7.0,mid_market_ae
L-009778,webinar,,19.0,mid_market_ae
L-009779,webinar,no_budget,1.8,mid_market_ae
L-009780,webinar,student_or_researcher,7.6,mid_market_ae
L-009781,webinar,no_budget,4.8,mid_market_ae
L-009782,webinar,no_budget,9.7,mid_market_ae
L-009783,webinar,student_or_researcher,5.0,mid_market_ae
L-009784,webinar,no_budget,42.3,mid_market_ae
L-009785,webinar,no_response,4.2,mid_market_ae
L-009786,webinar,no_response,1.5,mid_market_ae
L-009787,webinar,student_or_researcher,13.9,mid_market_ae
L-009788,webinar,,11.4,mid_market_ae
L-009789,webinar,no_budget,5.4,mid_market_ae
L-009790,webinar,wrong_use_case,12.0,mid_market_ae
L-009791,webinar,no_budget,13.9,mid_market_ae
L-009792,webinar,student_or_researcher,6.0,mid_market_ae
L-009793,webinar,no_budget,3.3,mid_market_ae
L-009794,webinar,no_response,4.8,mid_market_ae
L-009795,webinar,no_budget,40.7,unassigned
L-009796,webinar,not_decision_maker,2.5,mid_market_ae
L-009797,webinar,student_or_researcher,3.9,mid_market_ae
L-009798,webinar,no_budget,3.3,mid_market_ae
L-009799,webinar,no_budget,10.7,mid_market_ae
L-009800,webinar,student_or_researcher,2.4,mid_market_ae
L-009801,webinar,,11.5,mid_market_ae
L-009802,webinar,not_decision_maker,6.7,mid_market_ae
L-009803,webinar,,1.2,mid_market_ae
L-009804,webinar,duplicate,2.7,mid_market_ae
L-009805,webinar,not_decision_maker,3.4,mid_market_ae
L-009806,webinar,,10.4,mid_market_ae
L-009807,webinar,,4.3,mid_market_ae
L-009808,webinar,no_budget,1.9,mid_market_ae
L-009809,webinar,not_decision_maker,8.0,mid_market_ae
L-009810,webinar,student_or_researcher,7.6,mid_market_ae
L-009811,webinar,student_or_researcher,4.1,mid_market_ae
L-009812,webinar,student_or_researcher,6.2,mid_market_ae
L-009813,webinar,no_response,2.6,mid_market_ae
L-009814,webinar,not_decision_maker,8.6,mid_market_ae
L-009815,webinar,no_response,3.5,mid_market_ae
L-009816,webinar,no_budget,15.9,mid_market_ae
L-009817,webinar,no_budget,5.7,mid_market_ae
L-009818,webinar,no_budget,4.5,mid_market_ae
L-009819,webinar,no_budget,7.6,mid_market_ae
L-009820,webinar,not_decision_maker,5.1,mid_market_ae
L-009821,webinar,duplicate,2.3,mid_market_ae
L-009822,webinar,duplicate,10.7,mid_market_ae
L-009823,webinar,no_budget,5.8,mid_market_ae
L-009824,webinar,,5.3,mid_market_ae
L-009825,webinar,not_decision_maker,2.5,mid_market_ae
L-009826,webinar,not_decision_maker,8.0,mid_market_ae
L-009827,webinar,,7.9,mid_market_ae
L-009828,webinar,no_budget,12.6,mid_market_ae
L-009829,webinar,no_budget,6.9,mid_market_ae
L-009830,webinar,,6.9,mid_market_ae
L-009831,webinar,not_decision_maker,11.0,mid_market_ae
L-009832,webinar,wrong_use_case,4.2,mid_market_ae
L-009833,webinar,student_or_researcher,18.9,mid_market_ae
L-009834,webinar,no_budget,2.4,mid_market_ae
L-009835,webinar,no_budget,13.1,mid_market_ae
L-009836,webinar,no_response,2.8,mid_market_ae
L-009837,webinar,not_decision_maker,3.8,mid_market_ae
L-009838,webinar,not_decision_maker,6.7,mid_market_ae
L-009839,webinar,not_decision_maker,3.1,mid_market_ae
L-009840,webinar,not_decision_maker,5.3,mid_market_ae
L-009841,webinar,not_decision_maker,6.3,mid_market_ae
L-009842,webinar,not_decision_maker,5.1,mid_market_ae
L-009843,webinar,student_or_researcher,3.1,mid_market_ae
L-009844,webinar,duplicate,8.5,mid_market_ae
L-009845,webinar,student_or_researcher,5.4,mid_market_ae
L-009846,webinar,no_budget,1.8,mid_market_ae
L-009847,webinar,no_budget,14.5,mid_market_ae
L-009848,webinar,no_budget,2.4,mid_market_ae
L-009849,webinar,no_budget,3.7,mid_market_ae
L-009850,webinar,not_decision_maker,3.0,mid_market_ae
L-009851,webinar,wrong_use_case,8.1,mid_market_ae
L-009852,webinar,,3.9,mid_market_ae
L-009853,webinar,,5.3,mid_market_ae
L-009854,webinar,student_or_researcher,3.4,mid_market_ae
L-009855,webinar,not_decision_maker,4.2,mid_market_ae
L-009856,webinar,not_decision_maker,2.5,mid_market_ae
L-009857,webinar,no_budget,15.1,mid_market_ae
L-009858,webinar,student_or_researcher,1.5,mid_market_ae
L-009859,webinar,no_budget,3.2,mid_market_ae
L-009860,webinar,not_decision_maker,3.1,mid_market_ae
L-009861,webinar,student_or_researcher,1.9,mid_market_ae
L-009862,webinar,,2.9,mid_market_ae
L-009863,webinar,no_budget,3.1,mid_market_ae
L-009864,webinar,no_budget,7.1,mid_market_ae
L-009865,webinar,no_budget,27.6,unassigned
L-009866,webinar,,2.8,mid_market_ae
L-009867,webinar,,7.9,mid_market_ae
L-009868,webinar,,5.9,mid_market_ae
L-009869,webinar,student_or_researcher,9.2,mid_market_ae
L-009870,webinar,student_or_researcher,3.2,mid_market_ae
L-009871,webinar,not_decision_maker,2.1,mid_market_ae
L-009872,webinar,duplicate,1.7,mid_market_ae
L-009873,webinar,student_or_researcher,1.5,mid_market_ae
L-009874,webinar,wrong_use_case,6.0,mid_market_ae
L-009875,webinar,student_or_researcher,3.5,mid_market_ae
L-009876,webinar,not_decision_maker,8.7,mid_market_ae
L-009877,webinar,not_decision_maker,10.9,mid_market_ae
L-009878,webinar,not_decision_maker,4.7,mid_market_ae
L-009879,webinar,,4.2,mid_market_ae
L-009880,webinar,student_or_researcher,7.4,mid_market_ae
L-009881,webinar,student_or_researcher,9.4,mid_market_ae
L-009882,webinar,no_budget,15.7,mid_market_ae
L-009883,webinar,no_budget,4.6,mid_market_ae
L-009884,webinar,student_or_researcher,6.2,mid_market_ae
L-009885,webinar,not_decision_maker,5.7,mid_market_ae
L-009886,webinar,,7.4,mid_market_ae
L-009887,webinar,no_budget,7.1,mid_market_ae
L-009888,webinar,not_decision_maker,12.0,mid_market_ae
L-009889,webinar,not_decision_maker,5.3,mid_market_ae
L-009890,webinar,not_decision_maker,5.6,mid_market_ae
L-009891,webinar,not_decision_maker,7.0,mid_market_ae
L-009892,webinar,no_response,2.4,mid_market_ae
L-009893,webinar,not_decision_maker,4.6,mid_market_ae
L-009894,webinar,no_response,5.3,mid_market_ae
L-009895,webinar,no_budget,8.2,mid_market_ae
L-009896,webinar,no_budget,5.9,mid_market_ae
L-009897,webinar,not_decision_maker,1.5,mid_market_ae
L-009898,webinar,not_decision_maker,1.3,mid_market_ae
L-009899,webinar,duplicate,3.3,mid_market_ae
L-009900,webinar,duplicate,3.8,mid_market_ae
L-009901,webinar,,8.9,mid_market_ae
L-009902,webinar,no_budget,8.1,mid_market_ae
L-009903,webinar,no_budget,1.8,mid_market_ae
L-009904,webinar,,4.6,mid_market_ae
L-009905,webinar,no_budget,4.7,mid_market_ae
L-009906,webinar,wrong_use_case,7.3,mid_market_ae
L-009907,webinar,no_budget,5.7,mid_market_ae
L-009908,webinar,not_decision_maker,8.1,mid_market_ae
L-009909,webinar,no_budget,2.9,mid_market_ae
L-009910,webinar,not_decision_maker,7.0,mid_market_ae
L-009911,webinar,no_budget,6.4,mid_market_ae
L-009912,webinar,not_decision_maker,9.8,mid_market_ae
L-009913,webinar,not_decision_maker,2.1,mid_market_ae
L-009914,webinar,no_budget,5.4,mid_market_ae
L-009915,webinar,not_decision_maker,11.2,mid_market_ae
L-009916,webinar,no_budget,8.7,mid_market_ae
L-009917,webinar,not_decision_maker,9.5,mid_market_ae
L-009918,webinar,,5.3,mid_market_ae
L-009919,webinar,student_or_researcher,133.4,unassigned
L-009920,webinar,no_budget,6.2,mid_market_ae
L-009921,webinar,student_or_researcher,6.4,mid_market_ae
L-009922,webinar,not_decision_maker,2.1,mid_market_ae
L-009923,webinar,no_response,16.6,mid_market_ae
L-009924,webinar,no_budget,6.4,mid_market_ae
L-009925,webinar,not_decision_maker,3.6,mid_market_ae
L-009926,webinar,,10.2,mid_market_ae
L-009927,webinar,,3.7,mid_market_ae
L-009928,webinar,not_decision_maker,7.2,mid_market_ae
L-009929,webinar,,9.1,mid_market_ae
L-009930,webinar,not_decision_maker,3.0,mid_market_ae
L-009931,webinar,no_budget,3.8,mid_market_ae
L-009932,webinar,duplicate,2.1,mid_market_ae
L-009933,webinar,,1.8,mid_market_ae
L-009934,webinar,not_decision_maker,7.5,mid_market_ae
L-009935,webinar,duplicate,3.8,mid_market_ae
L-009936,webinar,not_decision_maker,3.3,mid_market_ae
L-009937,webinar,student_or_researcher,7.1,mid_market_ae
L-009938,webinar,no_budget,3.5,mid_market_ae
L-009939,webinar,no_budget,4.7,mid_market_ae
L-009940,webinar,no_budget,7.3,mid_market_ae
L-009941,webinar,no_budget,3.1,mid_market_ae
L-009942,partner,,29.5,partner_team
L-009943,partner,,14.8,partner_team
L-009944,partner,no_budget,19.1,partner_team
L-009945,partner,not_decision_maker,29.9,partner_team
L-009946,partner,no_response,34.9,partner_team
L-009947,partner,no_budget,28.3,partner_team
L-009948,partner,,28.0,partner_team
L-009949,partner,,20.6,partner_team
L-009950,partner,,13.9,partner_team
L-009951,partner,,24.0,partner_team
L-009952,partner,not_decision_maker,9.1,partner_team
L-009953,partner,not_decision_maker,7.2,partner_team
L-009954,partner,not_decision_maker,25.1,partner_team
L-009955,partner,,21.1,partner_team
L-009956,partner,,33.3,partner_team
L-009957,partner,,31.9,partner_team
L-009958,partner,duplicate,7.2,partner_team
L-009959,partner,duplicate,32.7,partner_team
L-009960,partner,no_response,38.4,partner_team
L-009961,partner,,21.2,partner_team
L-009962,partner,,21.1,partner_team
L-009963,partner,no_budget,14.0,partner_team
L-009964,partner,no_budget,45.3,partner_team
L-009965,partner,not_decision_maker,20.0,partner_team
L-009966,partner,no_budget,14.0,partner_team
L-009967,partner,,12.0,partner_team
L-009968,partner,no_response,16.4,partner_team
L-009969,partner,,43.6,partner_team
L-009970,partner,no_budget,19.0,partner_team
L-009971,partner,,20.1,partner_team
L-009972,partner,,12.5,partner_team
L-009973,partner,,35.9,partner_team
L-009974,partner,duplicate,10.9,partner_team
L-009975,partner,no_response,13.4,partner_team
L-009976,partner,,11.3,partner_team
L-009977,partner,,8.5,partner_team
L-009978,partner,,30.4,partner_team
L-009979,partner,no_budget,22.7,partner_team
L-009980,partner,no_budget,37.7,partner_team
L-009981,partner,,15.9,partner_team
L-009982,partner,wrong_use_case,39.3,partner_team
L-009983,partner,no_budget,10.8,partner_team
L-009984,partner,not_decision_maker,15.8,partner_team
L-009985,partner,duplicate,40.0,partner_team
L-009986,partner,,31.3,partner_team
L-009987,partner,no_response,44.8,partner_team
L-009988,partner,no_budget,15.8,partner_team
L-009989,partner,,31.7,partner_team
L-009990,partner,no_response,10.4,partner_team
L-009991,partner,no_response,36.5,partner_team
L-009992,partner,,22.4,partner_team
L-009993,partner,too_small,19.5,partner_team
L-009994,partner,duplicate,27.1,partner_team
L-009995,partner,,21.1,partner_team
L-009996,partner,no_response,25.8,partner_team
L-009997,partner,,15.6,partner_team
L-009998,partner,too_small,123.3,partner_team
L-009999,partner,duplicate,11.6,partner_team
L-010000,partner,not_decision_maker,22.1,partner_team
L-010001,partner,too_small,12.1,partner_team
L-010002,partner,,27.6,partner_team
L-010003,partner,,12.0,partner_team
L-010004,partner,wrong_use_case,21.0,partner_team
L-010005,partner,no_response,31.2,partner_team
L-010006,partner,not_decision_maker,19.7,partner_team
L-010007,partner,competitor_contract,18.2,partner_team
L-010008,partner,wrong_use_case,20.1,partner_team
L-010009,partner,,22.5,partner_team
L-010010,partner,too_small,24.7,partner_team
L-010011,partner,too_small,11.9,partner_team
L-010012,partner,,42.1,partner_team
L-010013,partner,not_decision_maker,16.5,partner_team
L-010014,partner,,52.2,partner_team
L-010015,partner,competitor_contract,35.4,partner_team
L-010016,partner,no_response,17.8,partner_team
L-010017,partner,,11.2,partner_team
L-010018,partner,,25.4,partner_team
L-010019,partner,no_response,26.4,partner_team
L-010020,partner,,5.0,partner_team
L-010021,partner,,13.2,partner_team
L-010022,partner,too_small,12.6,partner_team
L-010023,partner,,3.7,partner_team
L-010024,partner,,17.7,partner_team
L-010025,partner,,18.1,partner_team
L-010026,partner,,10.8,partner_team
L-010027,partner,too_small,22.0,partner_team
L-010028,partner,duplicate,6.7,partner_team
L-010029,partner,no_response,27.2,partner_team
L-010030,partner,wrong_use_case,28.3,partner_team
L-010031,partner,wrong_use_case,6.6,partner_team
L-010032,partner,,20.8,partner_team
L-010033,partner,,11.9,partner_team
L-010034,partner,,22.6,partner_team
L-010035,partner,,20.3,partner_team
L-010036,partner,not_decision_maker,34.5,partner_team
L-010037,partner,,12.5,partner_team
L-010038,partner,,7.6,partner_team
L-010039,partner,,16.2,partner_team
L-010040,partner,no_response,41.3,partner_team
L-010041,partner,,28.7,partner_team
L-010042,partner,,11.3,partner_team
L-010043,partner,,9.9,partner_team
L-010044,partner,too_small,32.2,partner_team
L-010045,partner,wrong_use_case,28.7,partner_team
L-010046,partner,no_response,26.7,partner_team
L-010047,partner,,16.6,partner_team
L-010048,partner,,15.0,partner_team
L-010049,partner,no_response,16.3,partner_team
L-010050,partner,,12.1,partner_team
L-010051,partner,no_budget,24.5,partner_team
L-010052,partner,no_budget,36.4,partner_team
L-010053,partner,wrong_use_case,20.1,partner_team
L-010054,partner,too_small,24.2,partner_team
L-010055,partner,,25.4,partner_team
L-010056,partner,,28.8,partner_team
L-010057,partner,,8.2,partner_team
L-010058,partner,,62.0,partner_team
L-010059,partner,,21.3,partner_team
L-010060,partner,,10.0,partner_team
L-010061,partner,no_response,26.3,partner_team
L-010062,partner,,23.6,partner_team
L-010063,partner,,15.7,partner_team
L-010064,partner,,12.0,partner_team
L-010065,partner,no_budget,12.2,partner_team
L-010066,partner,,27.2,partner_team
L-010067,partner,not_decision_maker,20.4,partner_team
L-010068,partner,no_response,25.5,partner_team
L-010069,partner,,40.7,partner_team
L-010070,partner,,16.0,partner_team
L-010071,partner,wrong_use_case,48.3,partner_team
L-010072,partner,,18.0,partner_team
L-010073,partner,,28.2,partner_team
L-010074,partner,wrong_use_case,17.4,partner_team
L-010075,partner,no_budget,29.5,partner_team
L-010076,partner,,61.5,partner_team
L-010077,partner,,52.5,partner_team
L-010078,partner,,35.0,partner_team
L-010079,partner,no_response,28.0,partner_team
L-010080,partner,,11.5,partner_team
L-010081,partner,,14.5,partner_team
L-010082,partner,,11.1,partner_team
L-010083,partner,,10.5,partner_team
L-010084,partner,no_budget,21.4,partner_team
L-010085,partner,,15.1,partner_team
L-010086,partner,competitor_contract,34.6,partner_team
L-010087,partner,,21.6,partner_team
L-010088,partner,,20.1,partner_team
L-010089,partner,no_response,31.9,partner_team
L-010090,partner,,16.1,partner_team
L-010091,partner,not_decision_maker,12.5,partner_team
L-010092,partner,,29.8,partner_team
L-010093,partner,,50.6,partner_team
L-010094,partner,too_small,9.1,partner_team
L-010095,partner,,14.9,partner_team
L-010096,partner,wrong_use_case,29.6,partner_team
L-010097,partner,too_small,23.8,partner_team
L-010098,partner,no_budget,9.6,partner_team
L-010099,partner,,14.8,partner_team
L-010100,partner,wrong_use_case,29.5,partner_team
L-010101,partner,no_response,27.9,partner_team
L-010102,partner,no_response,17.3,partner_team
L-010103,partner,too_small,25.2,partner_team
L-010104,partner,,4.9,partner_team
L-010105,partner,wrong_use_case,20.4,partner_team
L-010106,partner,not_decision_maker,23.7,partner_team
L-010107,partner,,10.6,partner_team
L-010108,partner,no_response,29.7,partner_team
L-010109,partner,,19.1,partner_team
L-010110,partner,no_budget,15.2,partner_team
L-010111,partner,no_budget,18.7,partner_team
L-010112,partner,no_response,4.7,partner_team
L-010113,partner,,28.8,partner_team
L-010114,partner,,36.9,partner_team
L-010115,partner,no_response,33.1,partner_team
L-010116,partner,,14.2,partner_team
L-010117,partner,,23.1,partner_team
L-010118,partner,,39.1,partner_team
L-010119,partner,,14.0,partner_team
L-010120,partner,no_budget,23.5,partner_team
L-010121,partner,,18.2,partner_team
L-010122,partner,wrong_use_case,18.1,partner_team
L-010123,partner,no_response,55.8,partner_team
L-010124,partner,no_budget,18.0,partner_team
L-010125,partner,,22.4,partner_team
L-010126,partner,,26.3,partner_team
L-010127,partner,,102.0,partner_team
L-010128,partner,no_budget,13.5,partner_team
L-010129,partner,wrong_use_case,12.9,partner_team
L-010130,partner,no_response,18.3,partner_team
L-010131,partner,,14.3,partner_team
L-010132,partner,,29.2,partner_team
L-010133,partner,no_response,23.7,partner_team
L-010134,partner,no_response,11.0,partner_team
L-010135,partner,no_budget,18.7,partner_team
L-010136,partner,,23.9,partner_team
L-010137,partner,not_decision_maker,52.5,partner_team
L-010138,partner,not_decision_maker,20.9,partner_team
L-010139,partner,no_response,16.5,partner_team
L-010140,partner,no_budget,23.8,partner_team
L-010141,partner,,16.7,partner_team
L-010142,partner,,29.7,partner_team
L-010143,partner,no_response,23.6,partner_team
L-010144,partner,no_response,11.1,partner_team
L-010145,partner,not_decision_maker,52.0,partner_team
L-010146,partner,no_response,23.9,partner_team
L-010147,partner,not_decision_maker,14.5,partner_team
L-010148,partner,too_small,15.1,partner_team
L-010149,partner,,36.2,partner_team
L-010150,partner,too_small,10.8,partner_team
L-010151,email,competitor_contract,5.1,smb_sdr
L-010152,email,,3.3,smb_sdr
L-010153,email,wrong_use_case,3.9,smb_sdr
L-010154,email,competitor_contract,6.6,smb_sdr
L-010155,email,wrong_use_case,3.2,smb_sdr
L-010156,email,no_budget,5.3,smb_sdr
L-010157,email,,3.3,smb_sdr
L-010158,email,duplicate,5.1,smb_sdr
L-010159,email,duplicate,4.7,smb_sdr
L-010160,email,,7.2,smb_sdr
L-010161,email,,18.7,smb_sdr
L-010162,email,wrong_use_case,2.0,smb_sdr
L-010163,email,too_small,9.8,smb_sdr
L-010164,email,,5.2,smb_sdr
L-010165,email,no_budget,2.5,smb_sdr
L-010166,email,no_response,4.2,smb_sdr
L-010167,email,competitor_contract,6.3,smb_sdr
L-010168,email,,3.8,smb_sdr
L-010169,email,no_response,3.6,smb_sdr
L-010170,email,not_decision_maker,5.6,smb_sdr
L-010171,email,not_decision_maker,3.1,smb_sdr
L-010172,email,,11.0,smb_sdr
L-010173,email,no_response,58.7,unassigned
L-010174,email,,4.2,smb_sdr
L-010175,email,wrong_use_case,2.4,smb_sdr
L-010176,email,,5.7,smb_sdr
L-010177,email,no_budget,16.2,smb_sdr
L-010178,email,,4.3,smb_sdr
L-010179,email,not_decision_maker,1.8,smb_sdr
L-010180,email,no_response,7.5,smb_sdr
L-010181,email,,6.0,smb_sdr
L-010182,email,,26.3,smb_sdr
L-010183,email,no_response,2.5,smb_sdr
L-010184,email,wrong_use_case,3.8,smb_sdr
L-010185,email,too_small,13.7,smb_sdr
L-010186,email,no_response,4.3,smb_sdr
L-010187,email,,3.4,smb_sdr
L-010188,email,not_decision_maker,3.6,smb_sdr
L-010189,email,competitor_contract,4.5,smb_sdr
L-010190,email,,6.1,smb_sdr
L-010191,email,too_small,4.9,smb_sdr
L-010192,email,no_response,3.1,smb_sdr
L-010193,email,no_response,6.0,smb_sdr
L-010194,email,no_response,5.9,smb_sdr
L-010195,email,wrong_use_case,5.0,smb_sdr
L-010196,email,wrong_use_case,6.2,smb_sdr
L-010197,email,,1.4,smb_sdr
L-010198,email,,3.3,smb_sdr
L-010199,email,no_budget,2.2,smb_sdr
L-010200,email,too_small,7.8,smb_sdr
L-010201,email,no_response,6.1,smb_sdr
L-010202,email,competitor_contract,7.2,smb_sdr
L-010203,email,too_small,11.5,smb_sdr
L-010204,email,no_response,5.1,smb_sdr
L-010205,email,no_response,8.3,smb_sdr
L-010206,email,,8.9,smb_sdr
L-010207,email,no_response,4.2,smb_sdr
L-010208,email,,3.2,smb_sdr
L-010209,email,,5.2,smb_sdr
L-010210,email,,2.2,smb_sdr
L-010211,email,,5.6,smb_sdr
L-010212,email,no_response,2.9,smb_sdr
L-010213,email,too_small,4.8,smb_sdr
L-010214,email,,5.9,smb_sdr
L-010215,email,too_small,3.7,smb_sdr
L-010216,email,no_response,3.1,smb_sdr
L-010217,email,,2.4,smb_sdr
L-010218,email,duplicate,2.1,smb_sdr
L-010219,email,,5.6,smb_sdr
L-010220,email,not_decision_maker,3.8,smb_sdr
L-010221,email,,12.5,smb_sdr
L-010222,email,no_response,9.6,smb_sdr
L-010223,email,,12.2,smb_sdr
L-010224,email,no_response,3.9,smb_sdr
L-010225,email,,8.9,smb_sdr
L-010226,email,too_small,7.4,smb_sdr
L-010227,email,duplicate,2.6,smb_sdr
L-010228,email,wrong_use_case,13.3,smb_sdr
L-010229,email,no_response,6.7,smb_sdr
L-010230,email,no_budget,4.1,smb_sdr
L-010231,email,,2.5,smb_sdr
L-010232,email,no_budget,6.5,smb_sdr
L-010233,email,duplicate,5.7,smb_sdr
L-010234,email,,2.1,smb_sdr
L-010235,email,no_budget,10.1,smb_sdr
L-010236,email,competitor_contract,8.3,smb_sdr
L-010237,email,not_decision_maker,17.0,smb_sdr
L-010238,email,no_response,10.4,smb_sdr
L-010239,email,no_response,4.6,smb_sdr
L-010240,email,not_decision_maker,9.0,smb_sdr
L-010241,email,,17.4,smb_sdr
L-010242,email,not_decision_maker,8.9,smb_sdr
L-010243,email,too_small,5.2,smb_sdr
L-010244,email,,7.1,smb_sdr
L-010245,email,no_budget,4.5,smb_sdr
L-010246,email,too_small,4.2,smb_sdr
L-010247,email,,4.8,smb_sdr
L-010248,email,too_small,2.5,smb_sdr
L-010249,email,,6.3,smb_sdr
L-010250,email,,9.9,smb_sdr
L-010251,email,,8.9,smb_sdr
L-010252,email,not_decision_maker,4.8,smb_sdr
L-010253,email,not_decision_maker,5.0,smb_sdr
L-010254,email,,4.1,smb_sdr
L-010255,email,duplicate,5.4,smb_sdr
L-010256,email,wrong_use_case,4.1,smb_sdr
L-010257,email,,8.4,smb_sdr
L-010258,email,no_response,1.6,smb_sdr
L-010259,email,,1.7,smb_sdr
L-010260,email,not_decision_maker,5.3,smb_sdr
L-010261,email,no_response,3.2,smb_sdr
L-010262,email,,1.0,smb_sdr
L-010263,email,duplicate,5.4,smb_sdr
L-010264,email,no_response,2.0,smb_sdr
L-010265,email,no_response,11.9,smb_sdr
L-010266,email,wrong_use_case,4.9,smb_sdr
L-010267,email,,2.3,smb_sdr
L-010268,email,no_response,3.9,smb_sdr
L-010269,email,,7.9,smb_sdr
L-010270,email,,4.8,smb_sdr
L-010271,email,duplicate,7.4,smb_sdr
L-010272,email,,1.8,smb_sdr
L-010273,email,not_decision_maker,7.7,smb_sdr
L-010274,email,not_decision_maker,8.3,smb_sdr
L-010275,email,duplicate,4.9,smb_sdr
L-010276,email,no_response,13.7,smb_sdr
L-010277,email,no_response,15.1,smb_sdr
L-010278,email,duplicate,2.9,smb_sdr
L-010279,email,,7.3,smb_sdr
L-010280,email,,9.3,smb_sdr
L-010281,email,wrong_use_case,8.8,smb_sdr
L-010282,email,no_response,2.9,smb_sdr
L-010283,email,,3.7,smb_sdr
L-010284,email,,12.5,smb_sdr
L-010285,email,no_budget,9.6,smb_sdr
L-010286,email,too_small,3.0,smb_sdr
L-010287,email,no_response,2.9,smb_sdr
L-010288,email,no_budget,5.4,smb_sdr
L-010289,email,not_decision_maker,3.6,smb_sdr
L-010290,email,duplicate,3.7,smb_sdr
L-010291,email,no_response,4.1,smb_sdr
L-010292,email,,2.0,smb_sdr
L-010293,email,no_budget,3.1,smb_sdr
L-010294,email,too_small,17.9,smb_sdr
L-010295,email,no_budget,61.5,unassigned
L-010296,email,,6.3,smb_sdr
L-010297,email,wrong_use_case,3.8,smb_sdr
L-010298,email,duplicate,8.0,smb_sdr
L-010299,email,duplicate,5.6,smb_sdr
L-010300,email,,3.3,smb_sdr
L-010301,email,,2.6,smb_sdr
L-010302,email,,9.3,smb_sdr
L-010303,email,too_small,4.8,smb_sdr
L-010304,email,wrong_use_case,3.8,smb_sdr
L-010305,email,no_response,3.1,smb_sdr
L-010306,email,,4.7,smb_sdr
L-010307,email,,3.2,smb_sdr
L-010308,email,no_budget,4.6,smb_sdr
L-010309,email,no_budget,7.2,smb_sdr
L-010310,email,wrong_use_case,3.8,smb_sdr
L-010311,email,not_decision_maker,9.8,smb_sdr
L-010312,email,not_decision_maker,13.7,smb_sdr
L-010313,email,,4.6,smb_sdr
L-010314,email,duplicate,13.1,smb_sdr
L-010315,email,,4.4,smb_sdr
L-010316,email,,11.9,smb_sdr
L-010317,email,,2.7,smb_sdr
L-010318,email,no_response,5.0,smb_sdr
L-010319,email,wrong_use_case,5.5,smb_sdr
L-010320,email,competitor_contract,2.9,smb_sdr
L-010321,email,no_budget,6.6,smb_sdr
L-010322,email,too_small,7.5,smb_sdr
L-010323,email,,5.8,smb_sdr
L-010324,email,not_decision_maker,4.4,smb_sdr
L-010325,email,,4.0,smb_sdr
L-010326,email,,4.8,smb_sdr
L-010327,email,,4.7,smb_sdr
L-010328,email,not_decision_maker,3.6,smb_sdr
L-010329,email,,2.4,smb_sdr
L-010330,email,,1.4,smb_sdr
L-010331,email,wrong_use_case,3.8,smb_sdr
L-010332,email,no_budget,3.0,smb_sdr
L-010333,email,,3.5,smb_sdr
L-010334,email,wrong_use_case,34.5,smb_sdr
L-010335,email,not_decision_maker,12.8,smb_sdr
L-010336,email,,7.2,smb_sdr
L-010337,email,no_budget,5.0,smb_sdr
L-010338,email,no_response,2.2,smb_sdr
L-010339,email,not_decision_maker,6.7,smb_sdr
L-010340,email,,12.3,smb_sdr
L-010341,email,no_response,7.3,smb_sdr
L-010342,email,too_small,6.5,smb_sdr
L-010343,email,duplicate,1.9,smb_sdr
L-010344,email,no_response,16.0,smb_sdr
L-010345,email,no_response,11.1,smb_sdr
L-010346,email,duplicate,3.7,smb_sdr
L-010347,email,wrong_use_case,6.6,smb_sdr
L-010348,email,,7.2,smb_sdr
L-010349,email,duplicate,5.5,smb_sdr
L-010350,email,duplicate,6.7,smb_sdr
L-010351,email,no_budget,2.8,smb_sdr
L-010352,email,no_response,3.0,smb_sdr
L-010353,email,,6.0,mid_market_ae
L-010354,email,,4.5,mid_market_ae
L-010355,email,competitor_contract,2.7,mid_market_ae
L-010356,email,not_decision_maker,9.4,mid_market_ae
L-010357,email,,2.9,mid_market_ae
L-010358,email,,3.7,mid_market_ae
L-010359,email,too_small,5.2,mid_market_ae
L-010360,email,,23.6,mid_market_ae
L-010361,email,competitor_contract,12.1,mid_market_ae
L-010362,email,,4.3,mid_market_ae
L-010363,email,too_small,102.3,unassigned
L-010364,email,wrong_use_case,6.7,mid_market_ae
L-010365,email,too_small,6.6,mid_market_ae
L-010366,email,no_response,4.4,mid_market_ae
L-010367,email,too_small,3.8,mid_market_ae
L-010368,email,not_decision_maker,2.0,mid_market_ae
L-010369,email,,4.0,mid_market_ae
L-010370,email,not_decision_maker,8.4,mid_market_ae
L-010371,email,no_response,5.7,mid_market_ae
L-010372,email,wrong_use_case,3.9,mid_market_ae
L-010373,email,not_decision_maker,3.9,mid_market_ae
L-010374,email,not_decision_maker,3.6,mid_market_ae
L-010375,email,no_response,6.0,mid_market_ae
L-010376,email,,5.9,mid_market_ae
L-010377,email,,11.1,mid_market_ae
L-010378,email,,57.2,mid_market_ae
L-010379,email,,5.6,mid_market_ae
L-010380,email,competitor_contract,9.9,mid_market_ae
L-010381,email,,7.8,mid_market_ae
L-010382,email,,6.7,mid_market_ae
L-010383,email,no_response,2.3,mid_market_ae
L-010384,email,,6.8,mid_market_ae
L-010385,email,no_response,8.3,mid_market_ae
L-010386,email,not_decision_maker,6.6,mid_market_ae
L-010387,email,too_small,2.0,mid_market_ae
L-010388,email,not_decision_maker,9.3,mid_market_ae
L-010389,email,not_decision_maker,2.8,mid_market_ae
L-010390,email,too_small,6.3,mid_market_ae
L-010391,email,no_response,4.7,mid_market_ae
L-010392,email,,2.4,mid_market_ae
L-010393,email,not_decision_maker,5.2,mid_market_ae
L-010394,email,no_response,6.3,mid_market_ae
L-010395,email,duplicate,3.6,mid_market_ae
L-010396,email,,3.9,mid_market_ae
L-010397,email,duplicate,1.5,mid_market_ae
L-010398,email,not_decision_maker,9.7,mid_market_ae
L-010399,email,,6.5,mid_market_ae
L-010400,email,not_decision_maker,3.5,mid_market_ae
L-010401,email,,4.1,mid_market_ae
L-010402,email,not_decision_maker,6.5,mid_market_ae
L-010403,email,no_response,6.7,mid_market_ae
L-010404,email,wrong_use_case,4.8,mid_market_ae
L-010405,email,,2.3,mid_market_ae
L-010406,email,not_decision_maker,11.3,mid_market_ae
L-010407,email,no_response,2.8,mid_market_ae
L-010408,email,duplicate,13.6,mid_market_ae
L-010409,email,wrong_use_case,3.8,mid_market_ae
L-010410,email,,8.7,mid_market_ae
L-010411,email,too_small,4.2,mid_market_ae
L-010412,email,no_response,10.1,mid_market_ae
L-010413,email,,7.2,mid_market_ae
L-010414,email,no_response,5.2,mid_market_ae
L-010415,email,not_decision_maker,3.0,mid_market_ae
L-010416,email,no_budget,8.9,mid_market_ae
L-010417,email,wrong_use_case,19.5,mid_market_ae
L-010418,email,,4.7,mid_market_ae
L-010419,email,no_response,2.5,mid_market_ae
L-010420,email,too_small,5.6,mid_market_ae
L-010421,email,no_response,3.7,mid_market_ae
L-010422,email,no_budget,3.1,mid_market_ae
L-010423,email,,17.2,mid_market_ae
L-010424,email,,3.5,mid_market_ae
L-010425,email,not_decision_maker,8.9,mid_market_ae
L-010426,email,,12.8,mid_market_ae
L-010427,email,no_response,7.9,mid_market_ae
L-010428,email,wrong_use_case,6.0,mid_market_ae
L-010429,email,too_small,1.5,mid_market_ae
L-010430,email,no_response,9.7,mid_market_ae
L-010431,email,duplicate,8.4,mid_market_ae
L-010432,email,not_decision_maker,4.9,mid_market_ae
L-010433,email,,3.9,mid_market_ae
L-010434,email,,10.2,mid_market_ae
L-010435,email,,5.5,mid_market_ae
L-010436,email,,9.4,mid_market_ae
L-010437,email,not_decision_maker,12.5,mid_market_ae
L-010438,email,no_budget,11.1,mid_market_ae
L-010439,email,no_response,3.3,mid_market_ae
L-010440,email,not_decision_maker,2.6,mid_market_ae
L-010441,email,competitor_contract,9.9,mid_market_ae
L-010442,email,,10.7,mid_market_ae
L-010443,email,no_response,4.7,mid_market_ae
L-010444,email,competitor_contract,9.4,mid_market_ae
L-010445,paid_search,duplicate,7.7,smb_sdr
L-010446,paid_search,not_decision_maker,3.4,smb_sdr
L-010447,paid_search,no_response,3.9,smb_sdr
L-010448,paid_search,,3.0,smb_sdr
L-010449,paid_search,,5.0,smb_sdr
L-010450,paid_search,not_decision_maker,2.0,smb_sdr
L-010451,paid_search,too_small,1.6,smb_sdr
L-010452,paid_search,,8.7,smb_sdr
L-010453,paid_search,not_decision_maker,5.5,smb_sdr
L-010454,paid_search,not_decision_maker,5.9,smb_sdr
L-010455,paid_search,no_response,3.4,smb_sdr
L-010456,paid_search,no_budget,3.6,smb_sdr
L-010457,paid_search,,3.3,smb_sdr
L-010458,paid_search,,8.7,smb_sdr
L-010459,paid_search,,9.1,smb_sdr
L-010460,paid_search,,4.8,smb_sdr
L-010461,paid_search,no_response,2.8,smb_sdr
L-010462,paid_search,not_decision_maker,15.7,smb_sdr
L-010463,paid_search,,7.2,smb_sdr
L-010464,paid_search,too_small,10.2,smb_sdr
L-010465,paid_search,,5.0,smb_sdr
L-010466,paid_search,no_response,5.8,smb_sdr
L-010467,paid_search,competitor_contract,6.3,smb_sdr
L-010468,paid_search,too_small,4.1,smb_sdr
L-010469,paid_search,,3.8,smb_sdr
L-010470,paid_search,,3.6,smb_sdr
L-010471,paid_search,not_decision_maker,16.6,smb_sdr
L-010472,paid_search,no_response,1.5,smb_sdr
L-010473,paid_search,no_response,4.1,smb_sdr
L-010474,paid_search,,15.1,smb_sdr
L-010475,paid_search,no_budget,3.4,smb_sdr
L-010476,paid_search,wrong_use_case,2.2,smb_sdr
L-010477,paid_search,,4.9,smb_sdr
L-010478,paid_search,duplicate,4.3,smb_sdr
L-010479,paid_search,no_response,1.7,smb_sdr
L-010480,paid_search,no_response,8.8,smb_sdr
L-010481,paid_search,wrong_use_case,5.9,smb_sdr
L-010482,paid_search,too_small,40.5,unassigned
L-010483,paid_search,wrong_use_case,12.1,smb_sdr
L-010484,paid_search,,7.8,smb_sdr
L-010485,paid_search,,3.7,smb_sdr
L-010486,paid_search,,10.1,smb_sdr
L-010487,paid_search,no_budget,7.0,smb_sdr
L-010488,paid_search,too_small,7.9,smb_sdr
L-010489,paid_search,not_decision_maker,7.2,smb_sdr
L-010490,paid_search,,6.4,smb_sdr
L-010491,paid_search,,12.0,smb_sdr
L-010492,paid_search,no_budget,8.3,smb_sdr
L-010493,paid_search,no_response,3.2,smb_sdr
L-010494,paid_search,wrong_use_case,2.5,smb_sdr
L-010495,paid_search,no_budget,13.4,smb_sdr
L-010496,paid_search,no_budget,6.6,smb_sdr
L-010497,paid_search,not_decision_maker,4.1,smb_sdr
L-010498,paid_search,competitor_contract,2.8,smb_sdr
L-010499,paid_search,no_response,12.6,smb_sdr
L-010500,paid_search,,4.2,smb_sdr
L-010501,paid_search,,15.1,smb_sdr
L-010502,paid_search,duplicate,9.0,smb_sdr
L-010503,paid_search,,2.8,smb_sdr
L-010504,paid_search,no_budget,5.6,smb_sdr
L-010505,paid_search,,8.1,smb_sdr
L-010506,paid_search,no_response,4.2,smb_sdr
L-010507,paid_search,too_small,12.3,smb_sdr
L-010508,paid_search,,3.7,smb_sdr
L-010509,paid_search,no_response,3.6,smb_sdr
L-010510,paid_search,too_small,5.1,smb_sdr
L-010511,paid_search,,5.8,smb_sdr
L-010512,paid_search,no_response,8.5,smb_sdr
L-010513,paid_search,not_decision_maker,8.7,smb_sdr
L-010514,paid_search,too_small,9.5,smb_sdr
L-010515,paid_search,,3.7,smb_sdr
L-010516,paid_search,,3.4,smb_sdr
L-010517,paid_search,,1.2,smb_sdr
L-010518,paid_search,,2.0,smb_sdr
L-010519,paid_search,no_response,9.2,smb_sdr
L-010520,paid_search,no_response,7.5,smb_sdr
L-010521,paid_search,,3.1,smb_sdr
L-010522,paid_search,,9.4,smb_sdr
L-010523,paid_search,,2.9,smb_sdr
L-010524,paid_search,no_response,6.4,smb_sdr
L-010525,paid_search,not_decision_maker,4.5,smb_sdr
L-010526,paid_search,not_decision_maker,3.3,smb_sdr
L-010527,paid_search,no_response,2.9,smb_sdr
L-010528,paid_search,,7.7,smb_sdr
L-010529,paid_search,no_budget,6.3,smb_sdr
L-010530,paid_search,duplicate,14.8,smb_sdr
L-010531,paid_search,,8.1,smb_sdr
L-010532,paid_search,,6.8,smb_sdr
L-010533,paid_search,wrong_use_case,24.7,smb_sdr
L-010534,paid_search,duplicate,2.0,smb_sdr
L-010535,paid_search,no_response,7.4,smb_sdr
L-010536,paid_search,no_response,6.4,smb_sdr
L-010537,paid_search,too_small,8.4,smb_sdr
L-010538,paid_search,no_budget,2.2,smb_sdr
L-010539,paid_search,,11.4,smb_sdr
L-010540,paid_search,no_response,3.7,smb_sdr
L-010541,paid_search,no_response,2.6,smb_sdr
L-010542,paid_search,no_response,4.4,smb_sdr
L-010543,paid_search,,2.8,smb_sdr
L-010544,paid_search,duplicate,1.7,smb_sdr
L-010545,paid_search,,8.8,smb_sdr
L-010546,paid_search,not_decision_maker,2.2,smb_sdr
L-010547,paid_search,,6.0,smb_sdr
L-010548,paid_search,no_response,3.5,smb_sdr
L-010549,paid_search,,9.4,smb_sdr
L-010550,paid_search,too_small,1.6,smb_sdr
L-010551,paid_search,,4.0,smb_sdr
L-010552,paid_search,,8.1,smb_sdr
L-010553,paid_search,,1.3,smb_sdr
L-010554,paid_search,,3.1,smb_sdr
L-010555,paid_search,,4.1,smb_sdr
L-010556,paid_search,no_response,29.7,smb_sdr
L-010557,paid_search,,3.7,smb_sdr
L-010558,paid_search,,7.5,smb_sdr
L-010559,paid_search,,3.2,smb_sdr
L-010560,paid_search,no_response,2.4,smb_sdr
L-010561,paid_search,no_response,26.9,unassigned
L-010562,paid_search,not_decision_maker,2.3,smb_sdr
L-010563,paid_search,no_response,9.3,smb_sdr
L-010564,paid_search,,2.8,smb_sdr
L-010565,paid_search,duplicate,4.1,smb_sdr
L-010566,paid_search,no_budget,4.7,smb_sdr
L-010567,paid_search,,7.2,smb_sdr
L-010568,paid_search,no_response,2.9,smb_sdr
L-010569,paid_search,wrong_use_case,1.5,smb_sdr
L-010570,paid_search,,6.7,smb_sdr
L-010571,paid_search,,5.9,smb_sdr
L-010572,paid_search,duplicate,2.3,smb_sdr
L-010573,paid_search,too_small,3.2,smb_sdr
L-010574,paid_search,no_budget,4.3,smb_sdr
L-010575,paid_search,not_decision_maker,6.1,smb_sdr
L-010576,paid_search,,4.7,smb_sdr
L-010577,paid_search,,23.0,unassigned
L-010578,paid_search,wrong_use_case,13.1,smb_sdr
L-010579,paid_search,,13.1,smb_sdr
L-010580,paid_search,no_response,10.9,smb_sdr
L-010581,paid_search,,8.2,smb_sdr
L-010582,paid_search,,16.4,smb_sdr
L-010583,paid_search,,5.2,smb_sdr
L-010584,paid_search,wrong_use_case,8.9,smb_sdr
L-010585,paid_search,duplicate,3.5,smb_sdr
L-010586,paid_search,,9.9,smb_sdr
L-010587,paid_search,competitor_contract,5.5,smb_sdr
L-010588,paid_search,,3.3,smb_sdr
L-010589,paid_search,no_budget,7.8,smb_sdr
L-010590,paid_search,too_small,2.3,smb_sdr
L-010591,paid_search,,10.7,smb_sdr
L-010592,paid_search,,6.3,smb_sdr
L-010593,paid_search,no_response,2.8,smb_sdr
L-010594,paid_search,too_small,3.7,smb_sdr
L-010595,paid_search,,5.0,smb_sdr
L-010596,paid_search,,8.2,smb_sdr
L-010597,paid_search,not_decision_maker,9.3,smb_sdr
L-010598,paid_search,,4.0,smb_sdr
L-010599,paid_search,,4.2,smb_sdr
L-010600,paid_search,competitor_contract,14.5,smb_sdr
L-010601,paid_search,wrong_use_case,2.7,smb_sdr
L-010602,paid_search,no_budget,7.0,smb_sdr
L-010603,paid_search,not_decision_maker,3.1,smb_sdr
L-010604,paid_search,no_response,1.9,smb_sdr
L-010605,paid_search,not_decision_maker,2.6,smb_sdr
L-010606,paid_search,no_response,6.4,smb_sdr
L-010607,paid_search,no_budget,6.4,smb_sdr
L-010608,paid_search,,7.3,smb_sdr
L-010609,paid_search,duplicate,4.1,smb_sdr
L-010610,paid_search,,8.9,smb_sdr
L-010611,paid_search,,5.6,smb_sdr
L-010612,paid_search,,3.2,smb_sdr
L-010613,paid_search,,8.0,smb_sdr
L-010614,paid_search,not_decision_maker,4.1,smb_sdr
L-010615,paid_search,no_budget,2.2,smb_sdr
L-010616,paid_search,,7.3,smb_sdr
L-010617,paid_search,,5.8,smb_sdr
L-010618,paid_search,competitor_contract,5.1,smb_sdr
L-010619,paid_search,,6.5,smb_sdr
L-010620,paid_search,,10.4,smb_sdr
L-010621,paid_search,,5.8,smb_sdr
L-010622,paid_search,,2.9,smb_sdr
L-010623,paid_search,duplicate,59.0,unassigned
L-010624,paid_search,not_decision_maker,7.8,smb_sdr
L-010625,paid_search,,6.6,smb_sdr
L-010626,paid_search,no_response,3.6,smb_sdr
L-010627,paid_search,no_response,47.0,unassigned
L-010628,paid_search,no_response,6.0,smb_sdr
L-010629,paid_search,,5.3,smb_sdr
L-010630,paid_search,no_budget,2.3,smb_sdr
L-010631,paid_search,,4.1,smb_sdr
L-010632,paid_search,wrong_use_case,28.8,smb_sdr
L-010633,paid_search,no_response,48.2,unassigned
L-010634,paid_search,no_budget,5.8,smb_sdr
L-010635,paid_search,,5.4,smb_sdr
L-010636,paid_search,no_response,6.4,smb_sdr
L-010637,paid_search,,3.8,smb_sdr
L-010638,paid_search,not_decision_maker,10.0,smb_sdr
L-010639,paid_search,,13.5,smb_sdr
L-010640,paid_search,no_response,9.9,smb_sdr
L-010641,paid_search,,4.2,smb_sdr
L-010642,paid_search,not_decision_maker,4.6,smb_sdr
L-010643,paid_search,no_response,4.8,smb_sdr
L-010644,paid_search,no_response,8.4,smb_sdr
L-010645,paid_search,not_decision_maker,10.3,smb_sdr
L-010646,paid_search,,3.4,smb_sdr
L-010647,paid_search,not_decision_maker,3.3,smb_sdr
L-010648,paid_search,too_small,3.3,smb_sdr
L-010649,paid_search,too_small,7.2,smb_sdr
L-010650,paid_search,too_small,7.3,smb_sdr
L-010651,paid_search,,7.9,smb_sdr
L-010652,paid_search,no_response,8.9,smb_sdr
L-010653,paid_search,,8.0,smb_sdr
L-010654,paid_search,,3.4,smb_sdr
L-010655,paid_search,not_decision_maker,3.0,smb_sdr
L-010656,paid_search,no_response,6.6,smb_sdr
L-010657,paid_search,not_decision_maker,2.6,smb_sdr
L-010658,paid_search,,3.1,smb_sdr
L-010659,paid_search,duplicate,5.2,smb_sdr
L-010660,paid_search,,14.9,smb_sdr
L-010661,paid_search,,4.6,smb_sdr
L-010662,paid_search,,9.2,smb_sdr
L-010663,paid_search,no_budget,3.3,smb_sdr
L-010664,paid_search,,3.4,smb_sdr
L-010665,paid_search,no_response,3.2,smb_sdr
L-010666,paid_search,,6.2,smb_sdr
L-010667,paid_search,no_budget,10.2,smb_sdr
L-010668,paid_search,not_decision_maker,2.5,smb_sdr
L-010669,paid_search,no_budget,116.6,unassigned
L-010670,paid_search,no_budget,17.6,smb_sdr
L-010671,paid_search,,1.0,smb_sdr
L-010672,paid_search,,4.7,smb_sdr
L-010673,paid_search,,2.1,smb_sdr
L-010674,paid_search,,19.0,smb_sdr
L-010675,paid_search,duplicate,2.7,smb_sdr
L-010676,paid_search,no_response,9.5,smb_sdr
L-010677,paid_search,too_small,4.0,smb_sdr
L-010678,paid_search,,8.9,smb_sdr
L-010679,paid_search,,27.6,unassigned
L-010680,paid_search,no_response,6.8,smb_sdr
L-010681,paid_search,,4.9,smb_sdr
L-010682,paid_search,,1.6,smb_sdr
L-010683,paid_search,no_budget,20.2,smb_sdr
L-010684,paid_search,too_small,5.0,smb_sdr
L-010685,paid_search,,44.1,unassigned
L-010686,paid_search,,7.5,smb_sdr
L-010687,paid_search,no_response,3.7,smb_sdr
L-010688,paid_search,no_response,4.2,smb_sdr
L-010689,paid_search,too_small,5.9,smb_sdr
L-010690,paid_search,no_budget,10.8,smb_sdr
L-010691,paid_search,,3.8,smb_sdr
L-010692,paid_search,not_decision_maker,10.5,smb_sdr
L-010693,paid_search,too_small,6.5,smb_sdr
L-010694,paid_search,,5.9,smb_sdr
L-010695,paid_search,,4.1,smb_sdr
L-010696,paid_search,,6.3,smb_sdr
L-010697,paid_search,,4.4,smb_sdr
L-010698,paid_search,,5.7,smb_sdr
L-010699,paid_search,too_small,8.0,smb_sdr
L-010700,paid_search,no_budget,4.8,smb_sdr
L-010701,paid_search,,9.2,smb_sdr
L-010702,paid_search,no_response,3.5,smb_sdr
L-010703,paid_search,,2.9,smb_sdr
L-010704,paid_search,,10.8,smb_sdr
L-010705,paid_search,,7.0,smb_sdr
L-010706,paid_search,no_budget,2.8,smb_sdr
L-010707,paid_search,wrong_use_case,15.6,smb_sdr
L-010708,paid_search,,11.5,smb_sdr
L-010709,paid_search,too_small,14.5,smb_sdr
L-010710,paid_search,,6.8,smb_sdr
L-010711,paid_search,no_budget,3.7,smb_sdr
L-010712,paid_search,no_budget,6.2,smb_sdr
L-010713,paid_search,too_small,5.1,smb_sdr
L-010714,paid_search,no_response,6.3,smb_sdr
L-010715,paid_search,not_decision_maker,5.2,smb_sdr
L-010716,paid_search,,5.4,smb_sdr
L-010717,paid_search,,7.2,smb_sdr
L-010718,paid_search,no_response,8.3,smb_sdr
L-010719,paid_search,duplicate,3.8,smb_sdr
L-010720,paid_search,no_budget,7.1,smb_sdr
L-010721,paid_search,,5.2,smb_sdr
L-010722,paid_search,no_response,8.3,smb_sdr
L-010723,paid_search,,3.0,smb_sdr
L-010724,paid_search,,4.7,smb_sdr
L-010725,paid_search,no_budget,7.7,smb_sdr
L-010726,paid_search,,4.7,smb_sdr
L-010727,paid_search,wrong_use_case,5.3,smb_sdr
L-010728,paid_search,,3.7,smb_sdr
L-010729,paid_search,,3.5,smb_sdr
L-010730,paid_search,,3.4,smb_sdr
L-010731,paid_search,no_response,1.8,smb_sdr
L-010732,paid_search,duplicate,6.5,smb_sdr
L-010733,paid_search,,3.5,smb_sdr
L-010734,paid_search,too_small,1.3,smb_sdr
L-010735,paid_search,too_small,5.6,smb_sdr
L-010736,paid_search,no_response,5.0,smb_sdr
L-010737,paid_search,,85.4,unassigned
L-010738,paid_search,,4.3,smb_sdr
L-010739,paid_search,wrong_use_case,1.6,smb_sdr
L-010740,paid_search,no_budget,3.0,smb_sdr
L-010741,paid_search,,5.0,smb_sdr
L-010742,paid_search,no_response,5.2,smb_sdr
L-010743,paid_search,,8.4,smb_sdr
L-010744,paid_search,no_budget,3.9,smb_sdr
L-010745,paid_search,too_small,3.2,smb_sdr
L-010746,paid_search,,4.1,smb_sdr
L-010747,paid_search,no_response,5.1,smb_sdr
L-010748,paid_search,,7.3,smb_sdr
L-010749,paid_search,too_small,2.3,smb_sdr
L-010750,paid_search,duplicate,2.0,smb_sdr
L-010751,paid_search,,12.7,smb_sdr
L-010752,paid_search,no_budget,2.2,smb_sdr
L-010753,paid_search,competitor_contract,1.9,smb_sdr
L-010754,paid_search,no_budget,7.3,smb_sdr
L-010755,paid_search,,2.7,smb_sdr
L-010756,paid_search,no_response,2.6,smb_sdr
L-010757,paid_search,,7.8,smb_sdr
L-010758,paid_search,competitor_contract,2.0,smb_sdr
L-010759,paid_search,duplicate,11.9,smb_sdr
L-010760,paid_search,,15.7,smb_sdr
L-010761,paid_search,no_response,2.4,smb_sdr
L-010762,paid_search,,2.2,smb_sdr
L-010763,paid_search,no_response,5.4,smb_sdr
L-010764,paid_search,,8.5,smb_sdr
L-010765,paid_search,,2.4,smb_sdr
L-010766,paid_search,,3.8,smb_sdr
L-010767,paid_search,no_response,5.1,smb_sdr
L-010768,paid_search,,2.1,smb_sdr
L-010769,paid_search,,10.6,smb_sdr
L-010770,paid_search,too_small,2.5,smb_sdr
L-010771,paid_search,no_response,6.7,smb_sdr
L-010772,paid_search,,7.0,smb_sdr
L-010773,paid_search,not_decision_maker,6.0,smb_sdr
L-010774,paid_search,not_decision_maker,3.7,smb_sdr
L-010775,paid_search,no_response,4.7,smb_sdr
L-010776,paid_search,no_budget,4.1,smb_sdr
L-010777,paid_search,too_small,1.8,smb_sdr
L-010778,paid_search,not_decision_maker,1.9,smb_sdr
L-010779,paid_search,no_response,9.9,smb_sdr
L-010780,paid_search,too_small,5.7,smb_sdr
L-010781,paid_search,not_decision_maker,4.4,smb_sdr
L-010782,paid_search,,4.5,smb_sdr
L-010783,paid_search,no_budget,1.6,smb_sdr
L-010784,paid_search,no_budget,5.4,smb_sdr
L-010785,paid_search,no_response,15.7,smb_sdr
L-010786,paid_search,no_budget,5.2,smb_sdr
L-010787,paid_search,too_small,3.1,smb_sdr
L-010788,paid_search,wrong_use_case,3.9,smb_sdr
L-010789,paid_search,no_response,6.3,smb_sdr
L-010790,paid_search,,9.9,smb_sdr
L-010791,paid_search,no_response,10.8,smb_sdr
L-010792,paid_search,competitor_contract,3.4,smb_sdr
L-010793,paid_search,too_small,3.9,smb_sdr
L-010794,paid_search,,11.5,smb_sdr
L-010795,paid_search,,4.3,smb_sdr
L-010796,paid_search,,6.6,smb_sdr
L-010797,paid_search,not_decision_maker,6.1,smb_sdr
L-010798,paid_search,,8.1,smb_sdr
L-010799,paid_search,wrong_use_case,8.9,smb_sdr
L-010800,paid_search,no_response,15.5,smb_sdr
L-010801,paid_search,,8.3,smb_sdr
L-010802,paid_search,competitor_contract,6.4,smb_sdr
L-010803,paid_search,,2.8,smb_sdr
L-010804,paid_search,competitor_contract,13.0,smb_sdr
L-010805,paid_search,no_response,3.8,smb_sdr
L-010806,paid_search,,7.6,smb_sdr
L-010807,paid_search,no_response,5.9,smb_sdr
L-010808,paid_search,,8.8,smb_sdr
L-010809,paid_search,,3.1,smb_sdr
L-010810,paid_search,duplicate,5.5,smb_sdr
L-010811,paid_search,too_small,3.2,smb_sdr
L-010812,paid_search,,5.2,smb_sdr
L-010813,paid_search,competitor_contract,6.6,smb_sdr
L-010814,paid_search,no_response,4.5,smb_sdr
L-010815,paid_search,no_budget,3.7,smb_sdr
L-010816,paid_search,duplicate,12.1,smb_sdr
L-010817,paid_search,no_budget,3.0,smb_sdr
L-010818,paid_search,,2.8,smb_sdr
L-010819,paid_search,,4.3,smb_sdr
L-010820,paid_search,,1.6,smb_sdr
L-010821,paid_search,not_decision_maker,6.0,smb_sdr
L-010822,paid_search,,8.3,smb_sdr
L-010823,paid_search,,11.8,smb_sdr
L-010824,paid_search,no_response,5.4,smb_sdr
L-010825,paid_search,,8.5,smb_sdr
L-010826,paid_search,no_response,3.0,smb_sdr
L-010827,paid_search,no_budget,3.9,smb_sdr
L-010828,paid_search,no_budget,3.4,smb_sdr
L-010829,paid_search,duplicate,2.8,smb_sdr
L-010830,paid_search,too_small,2.7,smb_sdr
L-010831,paid_search,,3.0,smb_sdr
L-010832,paid_search,,3.3,smb_sdr
L-010833,paid_search,,3.8,smb_sdr
L-010834,paid_search,,6.1,smb_sdr
L-010835,paid_search,,2.1,smb_sdr
L-010836,paid_search,,5.8,smb_sdr
L-010837,paid_search,no_response,5.3,smb_sdr
L-010838,paid_search,wrong_use_case,5.6,smb_sdr
L-010839,paid_search,no_budget,8.7,smb_sdr
L-010840,paid_search,,5.8,smb_sdr
L-010841,paid_search,no_response,7.1,smb_sdr
L-010842,paid_search,,2.5,smb_sdr
L-010843,paid_search,,7.7,smb_sdr
L-010844,paid_search,no_budget,5.7,smb_sdr
L-010845,paid_search,competitor_contract,4.3,smb_sdr
L-010846,paid_search,,3.3,smb_sdr
L-010847,paid_search,no_budget,3.6,mid_market_ae
L-010848,paid_search,wrong_use_case,12.4,mid_market_ae
L-010849,paid_search,no_response,4.9,mid_market_ae
L-010850,paid_search,too_small,3.4,mid_market_ae
L-010851,paid_search,,4.0,mid_market_ae
L-010852,paid_search,duplicate,4.3,mid_market_ae
L-010853,paid_search,,4.3,mid_market_ae
L-010854,paid_search,duplicate,13.2,mid_market_ae
L-010855,paid_search,,5.7,mid_market_ae
L-010856,paid_search,no_budget,9.9,mid_market_ae
L-010857,paid_search,no_response,2.7,mid_market_ae
L-010858,paid_search,wrong_use_case,2.2,mid_market_ae
L-010859,paid_search,wrong_use_case,10.2,mid_market_ae
L-010860,paid_search,,4.5,mid_market_ae
L-010861,paid_search,,19.9,mid_market_ae
L-010862,paid_search,,4.6,mid_market_ae
L-010863,paid_search,competitor_contract,11.5,mid_market_ae
L-010864,paid_search,competitor_contract,5.5,mid_market_ae
L-010865,paid_search,no_budget,4.9,mid_market_ae
L-010866,paid_search,wrong_use_case,4.9,mid_market_ae
L-010867,paid_search,,2.2,mid_market_ae
L-010868,paid_search,,4.9,mid_market_ae
L-010869,paid_search,,5.5,mid_market_ae
L-010870,paid_search,not_decision_maker,2.7,mid_market_ae
L-010871,paid_search,no_budget,3.8,mid_market_ae
L-010872,paid_search,no_response,6.9,mid_market_ae
L-010873,paid_search,,8.2,mid_market_ae
L-010874,paid_search,not_decision_maker,2.1,mid_market_ae
L-010875,paid_search,wrong_use_case,2.3,mid_market_ae
L-010876,paid_search,not_decision_maker,6.9,mid_market_ae
L-010877,paid_search,duplicate,9.1,mid_market_ae
L-010878,paid_search,,8.4,mid_market_ae
L-010879,paid_search,,3.0,mid_market_ae
L-010880,paid_search,,6.3,mid_market_ae
L-010881,paid_search,no_response,5.9,mid_market_ae
L-010882,paid_search,not_decision_maker,7.0,mid_market_ae
L-010883,paid_search,,12.7,mid_market_ae
L-010884,paid_search,no_response,2.7,mid_market_ae
L-010885,paid_search,too_small,10.7,mid_market_ae
L-010886,paid_search,no_response,7.7,mid_market_ae
L-010887,paid_search,,5.8,mid_market_ae
L-010888,paid_search,,13.5,mid_market_ae
L-010889,paid_search,,4.4,mid_market_ae
L-010890,paid_search,too_small,6.0,mid_market_ae
L-010891,paid_search,,109.6,unassigned
L-010892,paid_search,too_small,3.5,mid_market_ae
L-010893,paid_search,,3.2,mid_market_ae
L-010894,paid_search,too_small,3.6,mid_market_ae
L-010895,paid_search,,6.9,mid_market_ae
L-010896,paid_search,no_response,4.5,mid_market_ae
L-010897,paid_search,,2.3,mid_market_ae
L-010898,paid_search,duplicate,1.5,mid_market_ae
L-010899,paid_search,too_small,7.4,mid_market_ae
L-010900,paid_search,,3.3,mid_market_ae
L-010901,paid_search,,13.5,mid_market_ae
L-010902,paid_search,,4.4,mid_market_ae
L-010903,paid_search,not_decision_maker,4.2,mid_market_ae
L-010904,paid_search,no_response,2.7,mid_market_ae
L-010905,paid_search,,3.9,mid_market_ae
L-010906,paid_search,,7.3,mid_market_ae
L-010907,paid_search,,4.5,mid_market_ae
L-010908,paid_search,duplicate,3.4,mid_market_ae
L-010909,paid_search,,2.8,mid_market_ae
L-010910,paid_search,,10.5,mid_market_ae
L-010911,paid_search,no_response,6.2,mid_market_ae
L-010912,paid_search,,4.2,mid_market_ae
L-010913,paid_search,too_small,6.4,mid_market_ae
L-010914,paid_search,duplicate,2.1,mid_market_ae
L-010915,paid_search,,2.0,mid_market_ae
L-010916,paid_search,,8.1,mid_market_ae
L-010917,paid_search,no_response,3.2,mid_market_ae
L-010918,paid_search,,11.4,mid_market_ae
L-010919,paid_search,too_small,8.2,mid_market_ae
L-010920,paid_search,,5.5,mid_market_ae
L-010921,paid_search,,2.9,mid_market_ae
L-010922,paid_search,,5.3,mid_market_ae
L-010923,paid_search,,6.7,mid_market_ae
L-010924,paid_search,no_response,18.8,mid_market_ae
L-010925,paid_search,,6.5,mid_market_ae
L-010926,paid_search,,4.4,mid_market_ae
L-010927,paid_search,no_response,2.6,mid_market_ae
L-010928,paid_search,not_decision_maker,8.2,mid_market_ae
L-010929,paid_search,,2.5,mid_market_ae
L-010930,paid_search,no_response,4.0,mid_market_ae
L-010931,paid_search,no_budget,3.4,mid_market_ae
L-010932,paid_search,,3.7,mid_market_ae
L-010933,paid_search,too_small,19.2,mid_market_ae
L-010934,paid_search,no_response,3.9,mid_market_ae
L-010935,paid_search,,15.6,mid_market_ae
L-010936,paid_search,not_decision_maker,4.0,mid_market_ae
L-010937,paid_search,duplicate,5.3,mid_market_ae
L-010938,paid_search,no_response,4.6,mid_market_ae
L-010939,paid_search,wrong_use_case,3.5,mid_market_ae
L-010940,paid_search,,6.1,mid_market_ae
L-010941,paid_search,,7.4,mid_market_ae
L-010942,paid_search,no_response,2.3,mid_market_ae
L-010943,paid_search,duplicate,11.8,mid_market_ae
L-010944,paid_search,no_budget,0.8,mid_market_ae
L-010945,paid_search,no_response,6.3,mid_market_ae
L-010946,paid_search,,4.4,mid_market_ae
L-010947,paid_search,wrong_use_case,5.6,mid_market_ae
L-010948,paid_search,no_response,12.2,mid_market_ae
L-010949,paid_search,no_response,4.1,mid_market_ae
L-010950,paid_search,not_decision_maker,4.2,mid_market_ae
L-010951,paid_search,wrong_use_case,4.0,mid_market_ae
L-010952,paid_search,,5.8,mid_market_ae
L-010953,paid_search,wrong_use_case,6.0,mid_market_ae
L-010954,paid_search,not_decision_maker,7.2,mid_market_ae
L-010955,paid_search,,5.8,mid_market_ae
L-010956,paid_search,not_decision_maker,11.1,mid_market_ae
L-010957,paid_search,duplicate,5.6,mid_market_ae
L-010958,paid_search,no_response,144.1,unassigned
L-010959,paid_search,,5.0,mid_market_ae
L-010960,paid_search,,6.3,mid_market_ae
L-010961,paid_search,not_decision_maker,2.6,mid_market_ae
L-010962,paid_search,too_small,3.2,mid_market_ae
L-010963,paid_search,,3.9,mid_market_ae
L-010964,paid_search,no_response,1.9,mid_market_ae
L-010965,paid_search,,8.6,mid_market_ae
L-010966,paid_search,no_response,6.6,mid_market_ae
L-010967,paid_search,no_response,1.6,mid_market_ae
L-010968,paid_search,,4.9,mid_market_ae
L-010969,paid_search,,3.1,mid_market_ae
L-010970,paid_search,,5.6,mid_market_ae
L-010971,paid_search,duplicate,6.6,mid_market_ae
L-010972,paid_search,no_response,6.4,mid_market_ae
L-010973,paid_search,no_response,3.1,mid_market_ae
L-010974,paid_search,no_response,7.9,mid_market_ae
L-010975,paid_search,,4.4,mid_market_ae
L-010976,paid_search,,47.5,unassigned
L-010977,paid_search,,5.2,mid_market_ae
L-010978,paid_search,,3.7,mid_market_ae
L-010979,paid_search,not_decision_maker,3.7,mid_market_ae
L-010980,paid_search,not_decision_maker,5.3,mid_market_ae
L-010981,paid_search,no_response,6.3,mid_market_ae
L-010982,paid_search,no_response,16.1,mid_market_ae
L-010983,paid_search,,68.4,unassigned
L-010984,paid_search,,9.8,mid_market_ae
L-010985,paid_search,,7.2,mid_market_ae
L-010986,paid_search,,4.4,mid_market_ae
L-010987,paid_search,,5.7,mid_market_ae
L-010988,paid_search,no_response,9.0,mid_market_ae
L-010989,paid_search,,9.2,mid_market_ae
L-010990,paid_search,no_response,9.2,mid_market_ae
L-010991,paid_search,,10.3,mid_market_ae
L-010992,paid_search,,2.7,mid_market_ae
L-010993,paid_search,no_response,8.0,mid_market_ae
L-010994,paid_search,no_budget,3.9,mid_market_ae
L-010995,paid_search,no_budget,45.3,mid_market_ae
L-010996,paid_search,no_budget,5.5,mid_market_ae
L-010997,paid_search,duplicate,4.8,mid_market_ae
L-010998,paid_search,,6.3,mid_market_ae
L-010999,paid_search,,3.7,mid_market_ae
L-011000,paid_search,,8.1,mid_market_ae
L-011001,paid_search,,13.3,mid_market_ae
L-011002,paid_search,too_small,2.3,mid_market_ae
L-011003,paid_search,,4.1,mid_market_ae
L-011004,paid_search,,2.8,mid_market_ae
L-011005,paid_search,too_small,4.5,mid_market_ae
L-011006,paid_search,,7.4,mid_market_ae
L-011007,paid_search,,5.0,mid_market_ae
L-011008,paid_search,duplicate,1.6,mid_market_ae
L-011009,paid_search,no_budget,3.4,mid_market_ae
L-011010,paid_search,not_decision_maker,7.7,mid_market_ae
L-011011,paid_search,duplicate,4.8,mid_market_ae
L-011012,paid_search,,22.9,unassigned
L-011013,paid_search,no_budget,3.3,mid_market_ae
L-011014,paid_search,no_budget,7.9,mid_market_ae
L-011015,paid_search,,3.4,mid_market_ae
L-011016,paid_search,,76.1,unassigned
L-011017,paid_search,too_small,2.7,mid_market_ae
L-011018,paid_search,,4.6,mid_market_ae
L-011019,paid_social,,4.3,smb_sdr
L-011020,paid_social,no_response,1.3,smb_sdr
L-011021,paid_social,wrong_use_case,1.9,smb_sdr
L-011022,paid_social,too_small,3.8,smb_sdr
L-011023,paid_social,,20.0,smb_sdr
L-011024,paid_social,no_response,3.6,smb_sdr
L-011025,paid_social,no_response,4.1,smb_sdr
L-011026,paid_social,no_response,8.4,smb_sdr
L-011027,paid_social,no_response,6.7,smb_sdr
L-011028,paid_social,,9.2,smb_sdr
L-011029,paid_social,,1.5,smb_sdr
L-011030,paid_social,,3.5,smb_sdr
L-011031,paid_social,no_response,6.1,smb_sdr
L-011032,paid_social,,8.0,smb_sdr
L-011033,paid_social,no_response,4.7,smb_sdr
L-011034,paid_social,wrong_use_case,3.0,smb_sdr
L-011035,paid_social,no_response,3.3,smb_sdr
L-011036,paid_social,not_decision_maker,5.7,smb_sdr
L-011037,paid_social,no_response,36.1,unassigned
L-011038,paid_social,no_response,3.2,smb_sdr
L-011039,paid_social,not_decision_maker,5.1,smb_sdr
L-011040,paid_social,wrong_use_case,5.7,smb_sdr
L-011041,paid_social,no_response,6.0,smb_sdr
L-011042,paid_social,,2.6,smb_sdr
L-011043,paid_social,wrong_use_case,6.6,smb_sdr
L-011044,paid_social,wrong_use_case,4.2,smb_sdr
L-011045,paid_social,too_small,4.6,smb_sdr
L-011046,paid_social,not_decision_maker,5.5,smb_sdr
L-011047,paid_social,,5.9,smb_sdr
L-011048,paid_social,duplicate,3.3,smb_sdr
L-011049,paid_social,,7.0,smb_sdr
L-011050,paid_social,,6.0,smb_sdr
L-011051,paid_social,no_response,7.0,smb_sdr
L-011052,paid_social,,4.5,smb_sdr
L-011053,paid_social,no_response,10.1,smb_sdr
L-011054,paid_social,too_small,10.5,smb_sdr
L-011055,paid_social,not_decision_maker,4.8,smb_sdr
L-011056,paid_social,no_budget,26.6,smb_sdr
L-011057,paid_social,wrong_use_case,4.9,smb_sdr
L-011058,paid_social,,3.2,smb_sdr
L-011059,paid_social,not_decision_maker,3.2,smb_sdr
L-011060,paid_social,too_small,4.5,smb_sdr
L-011061,paid_social,no_response,5.4,smb_sdr
L-011062,paid_social,wrong_use_case,4.8,smb_sdr
L-011063,paid_social,wrong_use_case,1.6,smb_sdr
L-011064,paid_social,no_response,6.4,smb_sdr
L-011065,paid_social,not_decision_maker,5.4,smb_sdr
L-011066,paid_social,,2.6,smb_sdr
L-011067,paid_social,wrong_use_case,4.8,smb_sdr
L-011068,paid_social,too_small,46.1,unassigned
L-011069,paid_social,,3.8,smb_sdr
L-011070,paid_social,too_small,2.7,smb_sdr
L-011071,paid_social,too_small,5.9,smb_sdr
L-011072,paid_social,duplicate,7.0,smb_sdr
L-011073,paid_social,too_small,3.8,smb_sdr
L-011074,paid_social,wrong_use_case,12.9,smb_sdr
L-011075,paid_social,too_small,4.3,smb_sdr
L-011076,paid_social,,10.6,smb_sdr
L-011077,paid_social,duplicate,1.8,smb_sdr
L-011078,paid_social,too_small,4.0,smb_sdr
L-011079,paid_social,no_response,5.1,smb_sdr
L-011080,paid_social,not_decision_maker,3.4,smb_sdr
L-011081,paid_social,not_decision_maker,1.2,smb_sdr
L-011082,paid_social,,12.2,smb_sdr
L-011083,paid_social,,10.3,smb_sdr
L-011084,paid_social,wrong_use_case,8.4,smb_sdr
L-011085,paid_social,duplicate,2.4,smb_sdr
L-011086,paid_social,not_decision_maker,6.1,smb_sdr
L-011087,paid_social,not_decision_maker,11.4,smb_sdr
L-011088,paid_social,no_response,4.9,smb_sdr
L-011089,paid_social,no_response,4.8,smb_sdr
L-011090,paid_social,,2.7,smb_sdr
L-011091,paid_social,,2.7,smb_sdr
L-011092,paid_social,wrong_use_case,5.1,smb_sdr
L-011093,paid_social,too_small,16.9,smb_sdr
L-011094,paid_social,wrong_use_case,9.5,smb_sdr
L-011095,paid_social,,1.7,smb_sdr
L-011096,paid_social,,13.2,smb_sdr
L-011097,paid_social,,5.8,smb_sdr
L-011098,paid_social,no_budget,4.6,smb_sdr
L-011099,paid_social,,2.0,smb_sdr
L-011100,paid_social,not_decision_maker,4.6,smb_sdr
L-011101,paid_social,no_response,5.6,smb_sdr
L-011102,paid_social,no_response,15.3,smb_sdr
L-011103,paid_social,no_budget,8.6,smb_sdr
L-011104,paid_social,no_response,4.0,smb_sdr
L-011105,paid_social,no_response,7.9,smb_sdr
L-011106,paid_social,,8.2,smb_sdr
L-011107,paid_social,wrong_use_case,1.7,smb_sdr
L-011108,paid_social,no_response,3.5,smb_sdr
L-011109,paid_social,not_decision_maker,3.9,smb_sdr
L-011110,paid_social,no_response,14.6,smb_sdr
L-011111,paid_social,not_decision_maker,5.9,smb_sdr
L-011112,paid_social,no_response,8.2,smb_sdr
L-011113,paid_social,,3.0,smb_sdr
L-011114,paid_social,no_response,4.5,smb_sdr
L-011115,paid_social,not_decision_maker,5.1,smb_sdr
L-011116,paid_social,,2.2,smb_sdr
L-011117,paid_social,not_decision_maker,8.9,smb_sdr
L-011118,paid_social,,2.7,smb_sdr
L-011119,paid_social,,5.4,smb_sdr
L-011120,paid_social,not_decision_maker,15.7,smb_sdr
L-011121,paid_social,not_decision_maker,8.8,smb_sdr
L-011122,paid_social,too_small,3.3,smb_sdr
L-011123,paid_social,wrong_use_case,44.6,unassigned
L-011124,paid_social,no_response,4.7,smb_sdr
L-011125,paid_social,no_response,2.8,smb_sdr
L-011126,paid_social,no_budget,2.1,smb_sdr
L-011127,paid_social,duplicate,5.5,smb_sdr
L-011128,paid_social,competitor_contract,5.8,smb_sdr
L-011129,paid_social,too_small,3.7,smb_sdr
L-011130,paid_social,,4.0,smb_sdr
L-011131,paid_social,not_decision_maker,2.4,smb_sdr
L-011132,paid_social,not_decision_maker,6.8,smb_sdr
L-011133,paid_social,not_decision_maker,5.2,smb_sdr
L-011134,paid_social,not_decision_maker,7.1,smb_sdr
L-011135,paid_social,,14.0,smb_sdr
L-011136,paid_social,no_response,2.5,smb_sdr
L-011137,paid_social,,3.2,smb_sdr
L-011138,paid_social,no_budget,9.4,smb_sdr
L-011139,paid_social,not_decision_maker,2.8,smb_sdr
L-011140,paid_social,,59.8,unassigned
L-011141,paid_social,not_decision_maker,5.7,smb_sdr
L-011142,paid_social,,3.9,smb_sdr
L-011143,paid_social,no_response,12.0,smb_sdr
L-011144,paid_social,,5.8,smb_sdr
L-011145,paid_social,no_response,3.6,smb_sdr
L-011146,paid_social,wrong_use_case,7.0,smb_sdr
L-011147,paid_social,no_response,4.5,smb_sdr
L-011148,paid_social,,16.4,smb_sdr
L-011149,paid_social,competitor_contract,6.0,smb_sdr
L-011150,paid_social,too_small,1.5,smb_sdr
L-011151,paid_social,no_response,5.0,smb_sdr
L-011152,paid_social,too_small,7.8,smb_sdr
L-011153,paid_social,not_decision_maker,7.6,smb_sdr
L-011154,paid_social,duplicate,4.4,smb_sdr
L-011155,paid_social,,3.1,smb_sdr
L-011156,paid_social,,1.4,smb_sdr
L-011157,paid_social,no_budget,7.4,smb_sdr
L-011158,paid_social,,19.7,smb_sdr
L-011159,paid_social,no_response,1.4,smb_sdr
L-011160,paid_social,,4.0,smb_sdr
L-011161,paid_social,wrong_use_case,8.9,smb_sdr
L-011162,paid_social,duplicate,16.0,smb_sdr
L-011163,paid_social,no_budget,4.7,smb_sdr
L-011164,paid_social,,4.4,smb_sdr
L-011165,paid_social,no_response,4.4,smb_sdr
L-011166,paid_social,,9.9,smb_sdr
L-011167,paid_social,duplicate,3.3,smb_sdr
L-011168,paid_social,duplicate,3.0,mid_market_ae
L-011169,paid_social,,4.6,mid_market_ae
L-011170,paid_social,not_decision_maker,7.5,mid_market_ae
L-011171,paid_social,,3.2,mid_market_ae
L-011172,paid_social,no_response,6.7,mid_market_ae
L-011173,paid_social,too_small,46.0,unassigned
L-011174,paid_social,no_response,1.8,mid_market_ae
L-011175,paid_social,no_budget,3.1,mid_market_ae
L-011176,paid_social,,32.1,unassigned
L-011177,paid_social,not_decision_maker,5.6,mid_market_ae
L-011178,paid_social,too_small,3.9,mid_market_ae
L-011179,paid_social,,4.6,mid_market_ae
L-011180,paid_social,not_decision_maker,4.8,mid_market_ae
L-011181,paid_social,,7.1,mid_market_ae
L-011182,paid_social,,6.3,mid_market_ae
L-011183,paid_social,,6.4,mid_market_ae
L-011184,paid_social,no_budget,8.0,mid_market_ae
L-011185,paid_social,no_response,7.7,mid_market_ae
L-011186,paid_social,wrong_use_case,4.6,mid_market_ae
L-011187,paid_social,no_response,13.3,mid_market_ae
L-011188,paid_social,no_budget,4.6,mid_market_ae
L-011189,paid_social,,4.6,mid_market_ae
L-011190,paid_social,no_budget,3.8,mid_market_ae
L-011191,paid_social,no_budget,3.4,mid_market_ae
L-011192,paid_social,not_decision_maker,2.4,mid_market_ae
L-011193,paid_social,,3.5,mid_market_ae
L-011194,paid_social,too_small,3.6,mid_market_ae
L-011195,paid_social,wrong_use_case,6.0,mid_market_ae
L-011196,paid_social,not_decision_maker,4.1,mid_market_ae
L-011197,organic,too_small,4.7,smb_sdr
L-011198,organic,no_budget,7.4,smb_sdr
L-011199,organic,duplicate,6.1,smb_sdr
L-011200,organic,no_response,5.5,smb_sdr
L-011201,organic,too_small,2.8,smb_sdr
L-011202,organic,too_small,4.4,smb_sdr
L-011203,organic,,1.2,smb_sdr
L-011204,organic,wrong_use_case,5.6,smb_sdr
L-011205,organic,,1.9,smb_sdr
L-011206,organic,wrong_use_case,2.3,smb_sdr
L-011207,organic,not_decision_maker,5.2,smb_sdr
L-011208,organic,no_response,3.2,smb_sdr
L-011209,organic,,7.1,smb_sdr
L-011210,organic,no_response,5.9,smb_sdr
L-011211,organic,too_small,13.3,smb_sdr
L-011212,organic,not_decision_maker,9.8,smb_sdr
L-011213,organic,,3.0,smb_sdr
L-011214,organic,no_response,8.2,smb_sdr
L-011215,organic,duplicate,3.3,smb_sdr
L-011216,organic,no_budget,8.3,smb_sdr
L-011217,organic,no_budget,10.3,smb_sdr
L-011218,organic,no_response,3.2,smb_sdr
L-011219,organic,no_budget,6.1,smb_sdr
L-011220,organic,no_budget,7.9,smb_sdr
L-011221,organic,,2.7,smb_sdr
L-011222,organic,no_response,4.2,smb_sdr
L-011223,organic,,4.2,smb_sdr
L-011224,organic,no_budget,3.6,smb_sdr
L-011225,organic,no_budget,2.2,smb_sdr
L-011226,organic,,3.8,smb_sdr
L-011227,organic,not_decision_maker,4.5,smb_sdr
L-011228,organic,not_decision_maker,2.9,smb_sdr
L-011229,organic,no_response,9.9,smb_sdr
L-011230,organic,duplicate,4.2,smb_sdr
L-011231,organic,too_small,4.1,smb_sdr
L-011232,organic,,4.4,smb_sdr
L-011233,organic,too_small,7.5,smb_sdr
L-011234,organic,wrong_use_case,2.3,smb_sdr
L-011235,organic,too_small,3.5,smb_sdr
L-011236,organic,,9.7,smb_sdr
L-011237,organic,competitor_contract,2.9,smb_sdr
L-011238,organic,,4.6,smb_sdr
L-011239,organic,no_response,2.5,smb_sdr
L-011240,organic,,9.8,smb_sdr
L-011241,organic,,2.6,smb_sdr
L-011242,organic,no_response,2.3,smb_sdr
L-011243,organic,,3.6,smb_sdr
L-011244,organic,,2.0,smb_sdr
L-011245,organic,no_budget,4.9,smb_sdr
L-011246,organic,,6.3,smb_sdr
L-011247,organic,no_response,13.1,smb_sdr
L-011248,organic,no_budget,2.7,smb_sdr
L-011249,organic,not_decision_maker,6.1,smb_sdr
L-011250,organic,,6.9,smb_sdr
L-011251,organic,not_decision_maker,3.6,smb_sdr
L-011252,organic,duplicate,23.9,smb_sdr
L-011253,organic,,7.1,smb_sdr
L-011254,organic,no_budget,4.0,smb_sdr
L-011255,organic,no_budget,3.4,smb_sdr
L-011256,organic,,2.3,smb_sdr
L-011257,organic,,8.1,smb_sdr
L-011258,organic,,13.9,smb_sdr
L-011259,organic,duplicate,11.7,smb_sdr
L-011260,organic,,5.8,smb_sdr
L-011261,organic,,22.9,smb_sdr
L-011262,organic,too_small,7.2,smb_sdr
L-011263,organic,,12.0,smb_sdr
L-011264,organic,,33.0,smb_sdr
L-011265,organic,,5.2,smb_sdr
L-011266,organic,too_small,11.6,smb_sdr
L-011267,organic,no_budget,9.7,smb_sdr
L-011268,organic,duplicate,3.8,smb_sdr
L-011269,organic,no_response,3.0,smb_sdr
L-011270,organic,,3.4,smb_sdr
L-011271,organic,,10.4,smb_sdr
L-011272,organic,,9.4,smb_sdr
L-011273,organic,no_response,7.0,smb_sdr
L-011274,organic,too_small,5.0,smb_sdr
L-011275,organic,,13.0,smb_sdr
L-011276,organic,not_decision_maker,2.2,smb_sdr
L-011277,organic,no_response,6.3,smb_sdr
L-011278,organic,,6.5,smb_sdr
L-011279,organic,duplicate,79.0,unassigned
L-011280,organic,duplicate,2.7,smb_sdr
L-011281,organic,duplicate,4.6,smb_sdr
L-011282,organic,,3.1,smb_sdr
L-011283,organic,not_decision_maker,2.5,smb_sdr
L-011284,organic,too_small,8.3,smb_sdr
L-011285,organic,,8.1,smb_sdr
L-011286,organic,,2.3,smb_sdr
L-011287,organic,,2.9,smb_sdr
L-011288,organic,,3.3,smb_sdr
L-011289,organic,,10.0,smb_sdr
L-011290,organic,,9.6,smb_sdr
L-011291,organic,no_budget,4.7,smb_sdr
L-011292,organic,no_budget,5.7,smb_sdr
L-011293,organic,duplicate,95.4,unassigned
L-011294,organic,no_response,9.1,smb_sdr
L-011295,organic,competitor_contract,14.1,smb_sdr
L-011296,organic,duplicate,3.3,smb_sdr
L-011297,organic,no_budget,11.6,smb_sdr
L-011298,organic,not_decision_maker,4.4,smb_sdr
L-011299,organic,too_small,7.8,smb_sdr
L-011300,organic,,3.3,smb_sdr
L-011301,organic,no_budget,8.9,smb_sdr
L-011302,organic,no_budget,3.4,smb_sdr
L-011303,organic,,2.7,smb_sdr
L-011304,organic,,4.2,smb_sdr
L-011305,organic,duplicate,7.6,smb_sdr
L-011306,organic,no_response,11.0,smb_sdr
L-011307,organic,not_decision_maker,53.8,unassigned
L-011308,organic,wrong_use_case,9.6,smb_sdr
L-011309,organic,,6.8,smb_sdr
L-011310,organic,no_response,19.2,smb_sdr
L-011311,organic,no_budget,8.3,smb_sdr
L-011312,organic,no_response,13.3,smb_sdr
L-011313,organic,no_budget,2.9,smb_sdr
L-011314,organic,,3.9,smb_sdr
L-011315,organic,no_response,5.1,smb_sdr
L-011316,organic,no_response,4.8,smb_sdr
L-011317,organic,not_decision_maker,15.6,smb_sdr
L-011318,organic,,6.0,smb_sdr
L-011319,organic,no_response,4.6,smb_sdr
L-011320,organic,duplicate,14.5,smb_sdr
L-011321,organic,no_response,10.2,smb_sdr
L-011322,organic,wrong_use_case,1.8,smb_sdr
L-011323,organic,,5.5,smb_sdr
L-011324,organic,,5.8,smb_sdr
L-011325,organic,,2.6,smb_sdr
L-011326,organic,too_small,1.3,smb_sdr
L-011327,organic,duplicate,11.1,smb_sdr
L-011328,organic,,2.1,smb_sdr
L-011329,organic,,5.3,smb_sdr
L-011330,organic,too_small,2.2,smb_sdr
L-011331,organic,no_response,5.3,smb_sdr
L-011332,organic,,4.6,smb_sdr
L-011333,organic,,3.8,smb_sdr
L-011334,organic,not_decision_maker,7.3,smb_sdr
L-011335,organic,,42.6,unassigned
L-011336,organic,wrong_use_case,4.2,smb_sdr
L-011337,organic,,9.2,smb_sdr
L-011338,organic,not_decision_maker,72.8,unassigned
L-011339,organic,no_response,10.1,smb_sdr
L-011340,organic,,2.9,smb_sdr
L-011341,organic,,10.0,smb_sdr
L-011342,organic,no_budget,11.2,smb_sdr
L-011343,organic,too_small,6.7,smb_sdr
L-011344,organic,,2.2,smb_sdr
L-011345,organic,,3.8,smb_sdr
L-011346,organic,not_decision_maker,3.3,smb_sdr
L-011347,organic,,3.3,smb_sdr
L-011348,organic,,3.5,smb_sdr
L-011349,organic,,10.9,smb_sdr
L-011350,organic,not_decision_maker,3.1,smb_sdr
L-011351,organic,competitor_contract,9.1,smb_sdr
L-011352,organic,not_decision_maker,2.9,smb_sdr
L-011353,organic,not_decision_maker,6.4,smb_sdr
L-011354,organic,wrong_use_case,2.3,smb_sdr
L-011355,organic,,36.2,unassigned
L-011356,organic,no_response,2.8,smb_sdr
L-011357,organic,not_decision_maker,8.0,smb_sdr
L-011358,organic,,3.2,smb_sdr
L-011359,organic,no_response,7.9,smb_sdr
L-011360,organic,,4.4,smb_sdr
L-011361,organic,no_response,5.2,smb_sdr
L-011362,organic,not_decision_maker,13.8,smb_sdr
L-011363,organic,no_budget,4.5,smb_sdr
L-011364,organic,no_response,8.2,smb_sdr
L-011365,organic,,2.9,smb_sdr
L-011366,organic,not_decision_maker,8.5,smb_sdr
L-011367,organic,no_response,21.0,smb_sdr
L-011368,organic,no_response,4.5,smb_sdr
L-011369,organic,,3.9,smb_sdr
L-011370,organic,not_decision_maker,4.3,smb_sdr
L-011371,organic,,3.7,smb_sdr
L-011372,organic,not_decision_maker,4.8,smb_sdr
L-011373,organic,,7.1,smb_sdr
L-011374,organic,not_decision_maker,3.8,smb_sdr
L-011375,organic,,4.5,smb_sdr
L-011376,organic,not_decision_maker,6.3,smb_sdr
L-011377,organic,duplicate,6.1,smb_sdr
L-011378,organic,wrong_use_case,5.4,smb_sdr
L-011379,organic,wrong_use_case,3.7,smb_sdr
L-011380,organic,,6.0,smb_sdr
L-011381,organic,,5.5,smb_sdr
L-011382,organic,duplicate,5.7,smb_sdr
L-011383,organic,too_small,5.6,smb_sdr
L-011384,organic,no_budget,6.5,smb_sdr
L-011385,organic,no_budget,2.9,smb_sdr
L-011386,organic,too_small,6.1,smb_sdr
L-011387,organic,,5.8,smb_sdr
L-011388,organic,,6.5,smb_sdr
L-011389,organic,,1.2,smb_sdr
L-011390,organic,no_budget,13.4,smb_sdr
L-011391,organic,,6.0,smb_sdr
L-011392,organic,,8.1,smb_sdr
L-011393,organic,no_response,2.3,smb_sdr
L-011394,organic,,5.2,smb_sdr
L-011395,organic,too_small,5.3,smb_sdr
L-011396,organic,not_decision_maker,4.0,smb_sdr
L-011397,organic,no_response,74.1,unassigned
L-011398,organic,,5.8,smb_sdr
L-011399,organic,wrong_use_case,6.1,smb_sdr
L-011400,organic,wrong_use_case,9.3,smb_sdr
L-011401,organic,no_budget,9.6,smb_sdr
L-011402,organic,,4.0,smb_sdr
L-011403,organic,,2.7,smb_sdr
L-011404,organic,no_response,7.4,smb_sdr
L-011405,organic,not_decision_maker,4.1,smb_sdr
L-011406,organic,not_decision_maker,3.5,smb_sdr
L-011407,organic,duplicate,8.6,smb_sdr
L-011408,organic,no_response,3.9,smb_sdr
L-011409,organic,,9.0,smb_sdr
L-011410,organic,no_response,12.9,smb_sdr
L-011411,organic,competitor_contract,2.1,smb_sdr
L-011412,organic,too_small,16.5,smb_sdr
L-011413,organic,duplicate,7.2,smb_sdr
L-011414,organic,too_small,2.9,smb_sdr
L-011415,organic,no_response,3.2,smb_sdr
L-011416,organic,,12.9,smb_sdr
L-011417,organic,no_budget,4.2,smb_sdr
L-011418,organic,,5.5,smb_sdr
L-011419,organic,no_budget,9.3,smb_sdr
L-011420,organic,,5.3,smb_sdr
L-011421,organic,wrong_use_case,5.5,smb_sdr
L-011422,organic,no_budget,9.8,smb_sdr
L-011423,organic,no_budget,7.1,smb_sdr
L-011424,organic,wrong_use_case,8.9,smb_sdr
L-011425,organic,competitor_contract,6.6,smb_sdr
L-011426,organic,,9.3,smb_sdr
L-011427,organic,,3.0,smb_sdr
L-011428,organic,not_decision_maker,1.9,smb_sdr
L-011429,organic,,3.5,smb_sdr
L-011430,organic,duplicate,27.9,smb_sdr
L-011431,organic,no_response,3.6,smb_sdr
L-011432,organic,no_response,2.1,smb_sdr
L-011433,organic,,5.9,smb_sdr
L-011434,organic,,9.7,smb_sdr
L-011435,organic,,3.2,smb_sdr
L-011436,organic,,6.0,smb_sdr
L-011437,organic,too_small,5.9,smb_sdr
L-011438,organic,,5.6,smb_sdr
L-011439,organic,too_small,6.2,smb_sdr
L-011440,organic,,6.7,smb_sdr
L-011441,organic,,13.5,smb_sdr
L-011442,organic,,2.1,smb_sdr
L-011443,organic,no_response,7.0,smb_sdr
L-011444,organic,no_response,2.0,smb_sdr
L-011445,organic,,6.0,smb_sdr
L-011446,organic,not_decision_maker,6.5,smb_sdr
L-011447,organic,,8.8,smb_sdr
L-011448,organic,competitor_contract,2.4,smb_sdr
L-011449,organic,,4.8,smb_sdr
L-011450,organic,not_decision_maker,3.2,smb_sdr
L-011451,organic,,11.9,smb_sdr
L-011452,organic,no_response,6.2,smb_sdr
L-011453,organic,,5.0,smb_sdr
L-011454,organic,too_small,3.9,smb_sdr
L-011455,organic,no_budget,3.6,smb_sdr
L-011456,organic,no_budget,17.1,smb_sdr
L-011457,organic,not_decision_maker,10.1,smb_sdr
L-011458,organic,,4.6,smb_sdr
L-011459,organic,no_response,4.8,smb_sdr
L-011460,organic,,9.5,smb_sdr
L-011461,organic,not_decision_maker,18.0,smb_sdr
L-011462,organic,wrong_use_case,7.9,smb_sdr
L-011463,organic,duplicate,3.9,smb_sdr
L-011464,organic,,1.3,smb_sdr
L-011465,organic,wrong_use_case,3.1,smb_sdr
L-011466,organic,,3.3,smb_sdr
L-011467,organic,not_decision_maker,2.2,smb_sdr
L-011468,organic,no_response,5.6,smb_sdr
L-011469,organic,,9.4,smb_sdr
L-011470,organic,too_small,6.3,smb_sdr
L-011471,organic,duplicate,1.7,smb_sdr
L-011472,organic,,4.8,smb_sdr
L-011473,organic,,6.4,smb_sdr
L-011474,organic,duplicate,2.6,smb_sdr
L-011475,organic,too_small,5.9,smb_sdr
L-011476,organic,,3.8,smb_sdr
L-011477,organic,,8.9,smb_sdr
L-011478,organic,no_budget,5.2,smb_sdr
L-011479,organic,no_response,3.3,smb_sdr
L-011480,organic,,10.6,smb_sdr
L-011481,organic,not_decision_maker,5.4,smb_sdr
L-011482,organic,duplicate,10.3,smb_sdr
L-011483,organic,no_budget,14.8,smb_sdr
L-011484,organic,too_small,2.2,smb_sdr
L-011485,organic,not_decision_maker,7.4,smb_sdr
L-011486,organic,no_response,4.7,smb_sdr
L-011487,organic,,2.4,smb_sdr
L-011488,organic,,1.5,smb_sdr
L-011489,organic,not_decision_maker,4.4,smb_sdr
L-011490,organic,no_response,11.4,smb_sdr
L-011491,organic,no_response,17.0,smb_sdr
L-011492,organic,,9.2,smb_sdr
L-011493,organic,,4.8,smb_sdr
L-011494,organic,no_budget,4.1,smb_sdr
L-011495,organic,duplicate,5.5,smb_sdr
L-011496,organic,no_budget,2.0,smb_sdr
L-011497,organic,,8.9,smb_sdr
L-011498,organic,not_decision_maker,2.7,smb_sdr
L-011499,organic,,4.1,smb_sdr
L-011500,organic,,4.8,smb_sdr
L-011501,organic,,2.6,smb_sdr
L-011502,organic,,6.2,smb_sdr
L-011503,organic,no_response,2.4,smb_sdr
L-011504,organic,,6.4,smb_sdr
L-011505,organic,,8.6,smb_sdr
L-011506,organic,,18.2,smb_sdr
L-011507,organic,,9.3,smb_sdr
L-011508,organic,competitor_contract,2.7,smb_sdr
L-011509,organic,no_response,4.4,smb_sdr
L-011510,organic,,2.5,smb_sdr
L-011511,organic,,5.8,smb_sdr
L-011512,organic,,4.7,smb_sdr
L-011513,organic,competitor_contract,3.9,smb_sdr
L-011514,organic,no_budget,4.3,smb_sdr
L-011515,organic,,5.2,smb_sdr
L-011516,organic,wrong_use_case,5.0,smb_sdr
L-011517,organic,too_small,9.6,smb_sdr
L-011518,organic,not_decision_maker,6.3,smb_sdr
L-011519,organic,,5.7,smb_sdr
L-011520,organic,no_response,5.5,smb_sdr
L-011521,organic,no_budget,7.1,smb_sdr
L-011522,organic,,6.1,smb_sdr
L-011523,organic,not_decision_maker,11.7,smb_sdr
L-011524,organic,,4.0,smb_sdr
L-011525,organic,not_decision_maker,1.2,smb_sdr
L-011526,organic,not_decision_maker,2.7,smb_sdr
L-011527,organic,,3.9,smb_sdr
L-011528,organic,,4.8,smb_sdr
L-011529,organic,,3.6,smb_sdr
L-011530,organic,competitor_contract,4.4,smb_sdr
L-011531,organic,no_response,7.8,smb_sdr
L-011532,organic,wrong_use_case,6.6,smb_sdr
L-011533,organic,competitor_contract,4.0,smb_sdr
L-011534,organic,,8.4,smb_sdr
L-011535,organic,,6.2,smb_sdr
L-011536,organic,no_budget,4.0,smb_sdr
L-011537,organic,,6.4,smb_sdr
L-011538,organic,too_small,7.2,smb_sdr
L-011539,organic,,2.7,smb_sdr
L-011540,organic,too_small,2.0,smb_sdr
L-011541,organic,,1.6,smb_sdr
L-011542,organic,not_decision_maker,3.2,smb_sdr
L-011543,organic,not_decision_maker,10.5,smb_sdr
L-011544,organic,no_response,16.6,smb_sdr
L-011545,organic,no_response,10.8,smb_sdr
L-011546,organic,,8.6,smb_sdr
L-011547,organic,no_response,4.6,smb_sdr
L-011548,organic,,13.2,smb_sdr
L-011549,organic,,3.6,smb_sdr
L-011550,organic,wrong_use_case,6.1,smb_sdr
L-011551,organic,no_response,2.7,smb_sdr
L-011552,organic,duplicate,3.7,smb_sdr
L-011553,organic,,7.6,smb_sdr
L-011554,organic,duplicate,3.2,smb_sdr
L-011555,organic,too_small,2.6,smb_sdr
L-011556,organic,competitor_contract,3.0,smb_sdr
L-011557,organic,no_response,5.9,smb_sdr
L-011558,organic,,5.6,smb_sdr
L-011559,organic,no_response,5.2,smb_sdr
L-011560,organic,no_response,8.2,smb_sdr
L-011561,organic,too_small,3.6,smb_sdr
L-011562,organic,,7.7,smb_sdr
L-011563,organic,,2.9,smb_sdr
L-011564,organic,no_response,4.7,smb_sdr
L-011565,organic,duplicate,2.9,smb_sdr
L-011566,organic,not_decision_maker,5.3,smb_sdr
L-011567,organic,no_budget,14.2,smb_sdr
L-011568,organic,,7.5,smb_sdr
L-011569,organic,,11.8,smb_sdr
L-011570,organic,too_small,1.8,smb_sdr
L-011571,organic,no_budget,1.7,smb_sdr
L-011572,organic,,4.9,smb_sdr
L-011573,organic,,5.3,smb_sdr
L-011574,organic,,10.8,smb_sdr
L-011575,organic,no_response,8.4,smb_sdr
L-011576,organic,not_decision_maker,3.8,smb_sdr
L-011577,organic,,3.9,smb_sdr
L-011578,organic,not_decision_maker,1.9,smb_sdr
L-011579,organic,too_small,5.3,smb_sdr
L-011580,organic,competitor_contract,5.9,smb_sdr
L-011581,organic,not_decision_maker,6.2,smb_sdr
L-011582,organic,too_small,6.0,smb_sdr
L-011583,organic,wrong_use_case,1.7,smb_sdr
L-011584,organic,,5.5,smb_sdr
L-011585,organic,no_budget,3.1,smb_sdr
L-011586,organic,,5.3,smb_sdr
L-011587,organic,,5.4,smb_sdr
L-011588,organic,,8.9,smb_sdr
L-011589,organic,,9.6,smb_sdr
L-011590,organic,,8.0,smb_sdr
L-011591,organic,competitor_contract,2.8,smb_sdr
L-011592,organic,no_response,5.3,smb_sdr
L-011593,organic,duplicate,5.9,smb_sdr
L-011594,organic,,10.0,smb_sdr
L-011595,organic,no_response,2.8,smb_sdr
L-011596,organic,no_response,2.5,smb_sdr
L-011597,organic,not_decision_maker,11.4,smb_sdr
L-011598,organic,not_decision_maker,3.0,smb_sdr
L-011599,organic,,4.5,smb_sdr
L-011600,organic,not_decision_maker,4.2,smb_sdr
L-011601,organic,no_budget,4.2,smb_sdr
L-011602,organic,competitor_contract,4.6,smb_sdr
L-011603,organic,,2.1,smb_sdr
L-011604,organic,,8.7,smb_sdr
L-011605,organic,wrong_use_case,7.2,smb_sdr
L-011606,organic,wrong_use_case,2.3,smb_sdr
L-011607,organic,,3.4,smb_sdr
L-011608,organic,,6.9,smb_sdr
L-011609,organic,wrong_use_case,6.4,smb_sdr
L-011610,organic,no_budget,6.6,smb_sdr
L-011611,organic,no_budget,1.3,smb_sdr
L-011612,organic,not_decision_maker,9.4,smb_sdr
L-011613,organic,,1.8,smb_sdr
L-011614,organic,no_response,11.3,smb_sdr
L-011615,organic,,7.3,smb_sdr
L-011616,organic,,5.7,smb_sdr
L-011617,organic,wrong_use_case,4.9,smb_sdr
L-011618,organic,duplicate,3.5,smb_sdr
L-011619,organic,wrong_use_case,23.6,mid_market_ae
L-011620,organic,,4.1,mid_market_ae
L-011621,organic,wrong_use_case,3.5,mid_market_ae
L-011622,organic,no_budget,8.2,mid_market_ae
L-011623,organic,not_decision_maker,29.9,mid_market_ae
L-011624,organic,,5.2,mid_market_ae
L-011625,organic,competitor_contract,8.3,mid_market_ae
L-011626,organic,,3.0,mid_market_ae
L-011627,organic,,9.4,mid_market_ae
L-011628,organic,,2.4,mid_market_ae
L-011629,organic,,7.1,mid_market_ae
L-011630,organic,duplicate,4.1,mid_market_ae
L-011631,organic,no_response,7.7,mid_market_ae
L-011632,organic,no_budget,4.4,mid_market_ae
L-011633,organic,too_small,4.3,mid_market_ae
L-011634,organic,,11.4,mid_market_ae
L-011635,organic,competitor_contract,3.7,mid_market_ae
L-011636,organic,wrong_use_case,3.5,mid_market_ae
L-011637,organic,,4.4,mid_market_ae
L-011638,organic,,4.7,mid_market_ae
L-011639,organic,not_decision_maker,2.2,mid_market_ae
L-011640,organic,not_decision_maker,7.1,mid_market_ae
L-011641,organic,duplicate,7.4,mid_market_ae
L-011642,organic,no_response,1.4,mid_market_ae
L-011643,organic,no_budget,8.4,mid_market_ae
L-011644,organic,,11.8,mid_market_ae
L-011645,organic,not_decision_maker,2.4,mid_market_ae
L-011646,organic,wrong_use_case,8.1,mid_market_ae
L-011647,organic,duplicate,3.6,mid_market_ae
L-011648,organic,no_budget,4.2,mid_market_ae
L-011649,organic,,12.8,mid_market_ae
L-011650,organic,too_small,3.2,mid_market_ae
L-011651,organic,duplicate,15.3,mid_market_ae
L-011652,organic,,1.8,mid_market_ae
L-011653,organic,wrong_use_case,8.5,mid_market_ae
L-011654,organic,duplicate,14.9,mid_market_ae
L-011655,organic,,6.8,mid_market_ae
L-011656,organic,wrong_use_case,15.9,mid_market_ae
L-011657,organic,,3.1,mid_market_ae
L-011658,organic,not_decision_maker,2.9,mid_market_ae
L-011659,organic,duplicate,8.3,mid_market_ae
L-011660,organic,,5.8,mid_market_ae
L-011661,organic,no_budget,3.0,mid_market_ae
L-011662,organic,duplicate,5.2,mid_market_ae
L-011663,organic,competitor_contract,5.5,mid_market_ae
L-011664,organic,too_small,2.2,mid_market_ae
L-011665,organic,,4.1,mid_market_ae
L-011666,organic,wrong_use_case,4.3,mid_market_ae
L-011667,organic,,12.9,mid_market_ae
L-011668,organic,too_small,4.1,mid_market_ae
L-011669,organic,not_decision_maker,3.1,mid_market_ae
L-011670,organic,,5.6,mid_market_ae
L-011671,organic,wrong_use_case,2.4,mid_market_ae
L-011672,organic,,1.9,mid_market_ae
L-011673,organic,,2.1,mid_market_ae
L-011674,organic,no_response,12.1,mid_market_ae
L-011675,organic,no_response,7.5,mid_market_ae
L-011676,organic,,11.0,mid_market_ae
L-011677,organic,duplicate,2.6,mid_market_ae
L-011678,organic,,1.9,mid_market_ae
L-011679,organic,no_response,5.7,mid_market_ae
L-011680,organic,too_small,11.6,mid_market_ae
L-011681,organic,,2.9,mid_market_ae
L-011682,organic,,1.8,mid_market_ae
L-011683,organic,,8.1,mid_market_ae
L-011684,organic,,6.6,mid_market_ae
L-011685,organic,wrong_use_case,6.5,mid_market_ae
L-011686,organic,,7.1,mid_market_ae
L-011687,organic,,5.8,mid_market_ae
L-011688,organic,too_small,5.4,mid_market_ae
L-011689,organic,not_decision_maker,6.1,mid_market_ae
L-011690,organic,,3.4,mid_market_ae
L-011691,organic,,3.9,mid_market_ae
L-011692,organic,wrong_use_case,1.6,mid_market_ae
L-011693,organic,duplicate,6.5,mid_market_ae
L-011694,organic,no_response,6.9,mid_market_ae
L-011695,organic,duplicate,6.5,mid_market_ae
L-011696,organic,no_budget,4.7,mid_market_ae
L-011697,organic,not_decision_maker,8.0,mid_market_ae
L-011698,organic,,6.6,mid_market_ae
L-011699,organic,no_response,11.5,mid_market_ae
L-011700,organic,,2.5,mid_market_ae
L-011701,organic,,7.9,mid_market_ae
L-011702,organic,,11.5,mid_market_ae
L-011703,organic,wrong_use_case,3.0,mid_market_ae
L-011704,organic,no_response,5.8,mid_market_ae
L-011705,organic,no_response,4.4,mid_market_ae
L-011706,organic,no_budget,2.2,mid_market_ae
L-011707,organic,,5.4,mid_market_ae
L-011708,organic,too_small,3.6,mid_market_ae
L-011709,organic,no_response,4.7,mid_market_ae
L-011710,organic,no_response,10.4,mid_market_ae
L-011711,organic,,3.7,mid_market_ae
L-011712,organic,competitor_contract,5.2,mid_market_ae
L-011713,organic,not_decision_maker,3.4,mid_market_ae
L-011714,organic,no_response,10.1,mid_market_ae
L-011715,organic,,2.3,mid_market_ae
L-011716,organic,,5.0,mid_market_ae
L-011717,organic,,4.5,mid_market_ae
L-011718,organic,wrong_use_case,14.3,mid_market_ae
L-011719,organic,,6.5,mid_market_ae
L-011720,organic,,4.9,mid_market_ae
L-011721,organic,,14.8,mid_market_ae
L-011722,organic,duplicate,4.3,mid_market_ae
L-011723,organic,,2.9,mid_market_ae
L-011724,organic,,4.5,mid_market_ae
L-011725,organic,too_small,3.7,mid_market_ae
L-011726,organic,,6.7,mid_market_ae
L-011727,organic,,5.8,mid_market_ae
L-011728,organic,,2.0,mid_market_ae
L-011729,organic,,3.9,mid_market_ae
L-011730,organic,no_response,22.8,mid_market_ae
L-011731,organic,wrong_use_case,2.1,mid_market_ae
L-011732,organic,too_small,3.9,mid_market_ae
L-011733,organic,,7.4,mid_market_ae
L-011734,organic,no_response,7.4,mid_market_ae
L-011735,organic,,3.1,mid_market_ae
L-011736,organic,no_response,8.8,mid_market_ae
L-011737,organic,,5.6,mid_market_ae
L-011738,organic,,12.9,mid_market_ae
L-011739,organic,,9.0,mid_market_ae
L-011740,organic,no_response,1.9,mid_market_ae
L-011741,organic,too_small,9.2,mid_market_ae
L-011742,organic,no_response,3.6,mid_market_ae
L-011743,organic,too_small,7.0,mid_market_ae
L-011744,organic,,7.2,mid_market_ae
L-011745,organic,no_response,3.5,mid_market_ae
L-011746,organic,duplicate,7.6,mid_market_ae
L-011747,organic,no_response,7.6,mid_market_ae
L-011748,organic,no_budget,4.4,mid_market_ae
L-011749,organic,no_response,1.5,mid_market_ae
L-011750,organic,no_response,11.8,mid_market_ae
L-011751,organic,not_decision_maker,6.4,mid_market_ae
L-011752,organic,no_response,10.0,mid_market_ae
L-011753,organic,too_small,4.3,mid_market_ae
L-011754,organic,,4.2,mid_market_ae
L-011755,organic,no_response,2.6,mid_market_ae
L-011756,organic,competitor_contract,2.3,mid_market_ae
L-011757,organic,,10.4,mid_market_ae
L-011758,organic,no_response,4.8,mid_market_ae
L-011759,organic,not_decision_maker,6.9,mid_market_ae
L-011760,organic,no_budget,3.8,mid_market_ae
L-011761,organic,wrong_use_case,3.6,mid_market_ae
L-011762,organic,,3.3,mid_market_ae
L-011763,organic,no_response,7.6,mid_market_ae
L-011764,organic,,5.8,mid_market_ae
L-011765,organic,not_decision_maker,19.3,mid_market_ae
L-011766,organic,too_small,3.4,mid_market_ae
L-011767,organic,competitor_contract,4.0,mid_market_ae
L-011768,organic,not_decision_maker,14.4,mid_market_ae
L-011769,organic,,6.7,mid_market_ae
L-011770,organic,,4.0,mid_market_ae
L-011771,organic,,9.1,mid_market_ae
L-011772,organic,,4.5,mid_market_ae
L-011773,organic,no_response,2.3,mid_market_ae
L-011774,organic,,7.4,mid_market_ae
L-011775,organic,,4.0,mid_market_ae
L-011776,organic,,3.3,mid_market_ae
L-011777,organic,duplicate,4.1,mid_market_ae
L-011778,organic,,4.0,mid_market_ae
L-011779,organic,wrong_use_case,2.6,mid_market_ae
L-011780,organic,,3.2,mid_market_ae
L-011781,organic,wrong_use_case,1.8,mid_market_ae
L-011782,organic,competitor_contract,3.1,mid_market_ae
L-011783,organic,duplicate,5.6,mid_market_ae
L-011784,organic,,6.5,mid_market_ae
L-011785,organic,,5.8,mid_market_ae
L-011786,organic,,5.7,mid_market_ae
L-011787,organic,duplicate,2.4,mid_market_ae
L-011788,organic,,6.5,mid_market_ae
L-011789,organic,no_response,3.9,mid_market_ae
L-011790,organic,no_budget,4.3,mid_market_ae
L-011791,organic,not_decision_maker,37.6,mid_market_ae
L-011792,organic,no_response,3.9,mid_market_ae
L-011793,organic,not_decision_maker,9.9,mid_market_ae
L-011794,organic,too_small,3.9,mid_market_ae
L-011795,organic,,9.4,mid_market_ae
L-011796,organic,not_decision_maker,6.7,mid_market_ae
L-011797,organic,,4.4,mid_market_ae
L-011798,organic,not_decision_maker,2.8,mid_market_ae
L-011799,organic,duplicate,8.0,mid_market_ae
L-011800,organic,,2.8,mid_market_ae
L-011801,organic,no_budget,3.4,mid_market_ae
L-011802,organic,,3.7,mid_market_ae
L-011803,organic,,6.6,mid_market_ae
L-011804,organic,,12.8,mid_market_ae
L-011805,organic,not_decision_maker,2.5,mid_market_ae
L-011806,organic,no_response,3.0,mid_market_ae
L-011807,organic,not_decision_maker,4.4,mid_market_ae
L-011808,organic,not_decision_maker,11.5,mid_market_ae
L-011809,organic,too_small,25.3,mid_market_ae
L-011810,organic,,8.1,mid_market_ae
L-011811,organic,no_response,2.5,mid_market_ae
L-011812,organic,,4.4,mid_market_ae
L-011813,organic,too_small,6.1,mid_market_ae
L-011814,organic,no_budget,7.1,mid_market_ae
L-011815,organic,,4.6,mid_market_ae
L-011816,organic,wrong_use_case,7.0,mid_market_ae
L-011817,organic,no_response,4.8,mid_market_ae
L-011818,organic,,9.2,mid_market_ae
L-011819,organic,,13.1,mid_market_ae
L-011820,organic,duplicate,45.4,unassigned
L-011821,organic,,4.4,mid_market_ae
L-011822,organic,no_budget,7.2,mid_market_ae
L-011823,organic,wrong_use_case,5.1,mid_market_ae
L-011824,organic,duplicate,3.0,mid_market_ae
L-011825,organic,too_small,3.8,mid_market_ae
L-011826,webinar,wrong_use_case,11.5,smb_sdr
L-011827,webinar,no_budget,2.7,smb_sdr
L-011828,webinar,,10.0,smb_sdr
L-011829,webinar,not_decision_maker,6.8,smb_sdr
L-011830,webinar,,3.8,smb_sdr
L-011831,webinar,duplicate,45.4,unassigned
L-011832,webinar,not_decision_maker,7.8,smb_sdr
L-011833,webinar,not_decision_maker,5.4,smb_sdr
L-011834,webinar,not_decision_maker,1.6,smb_sdr
L-011835,webinar,wrong_use_case,3.5,smb_sdr
L-011836,webinar,no_budget,8.7,smb_sdr
L-011837,webinar,no_budget,4.2,smb_sdr
L-011838,webinar,not_decision_maker,11.7,smb_sdr
L-011839,webinar,wrong_use_case,10.3,smb_sdr
L-011840,webinar,student_or_researcher,13.7,smb_sdr
L-011841,webinar,not_decision_maker,2.4,smb_sdr
L-011842,webinar,no_budget,7.0,smb_sdr
L-011843,webinar,student_or_researcher,9.6,smb_sdr
L-011844,webinar,student_or_researcher,3.4,smb_sdr
L-011845,webinar,duplicate,10.1,smb_sdr
L-011846,webinar,student_or_researcher,8.1,smb_sdr
L-011847,webinar,student_or_researcher,6.0,smb_sdr
L-011848,webinar,student_or_researcher,6.0,smb_sdr
L-011849,webinar,student_or_researcher,9.1,smb_sdr
L-011850,webinar,no_budget,4.8,smb_sdr
L-011851,webinar,no_budget,5.4,smb_sdr
L-011852,webinar,not_decision_maker,134.0,unassigned
L-011853,webinar,no_budget,7.1,smb_sdr
L-011854,webinar,duplicate,2.1,smb_sdr
L-011855,webinar,not_decision_maker,52.8,unassigned
L-011856,webinar,not_decision_maker,2.2,smb_sdr
L-011857,webinar,no_budget,4.2,smb_sdr
L-011858,webinar,no_budget,9.8,smb_sdr
L-011859,webinar,student_or_researcher,6.9,smb_sdr
L-011860,webinar,wrong_use_case,10.9,smb_sdr
L-011861,webinar,no_response,14.9,smb_sdr
L-011862,webinar,,5.2,smb_sdr
L-011863,webinar,no_budget,4.8,smb_sdr
L-011864,webinar,,12.3,smb_sdr
L-011865,webinar,,4.7,smb_sdr
L-011866,webinar,wrong_use_case,7.9,smb_sdr
L-011867,webinar,not_decision_maker,16.9,smb_sdr
L-011868,webinar,no_response,1.7,smb_sdr
L-011869,webinar,wrong_use_case,5.1,smb_sdr
L-011870,webinar,,1.9,smb_sdr
L-011871,webinar,not_decision_maker,4.4,smb_sdr
L-011872,webinar,not_decision_maker,6.2,smb_sdr
L-011873,webinar,no_response,3.3,smb_sdr
L-011874,webinar,not_decision_maker,2.0,smb_sdr
L-011875,webinar,no_budget,4.6,smb_sdr
L-011876,webinar,no_budget,4.7,smb_sdr
L-011877,webinar,no_budget,3.3,smb_sdr
L-011878,webinar,duplicate,3.0,smb_sdr
L-011879,webinar,no_budget,3.8,smb_sdr
L-011880,webinar,no_response,4.6,smb_sdr
L-011881,webinar,no_budget,7.8,smb_sdr
L-011882,webinar,student_or_researcher,17.2,smb_sdr
L-011883,webinar,not_decision_maker,9.6,smb_sdr
L-011884,webinar,no_budget,4.9,smb_sdr
L-011885,webinar,not_decision_maker,3.6,smb_sdr
L-011886,webinar,no_budget,6.2,smb_sdr
L-011887,webinar,student_or_researcher,3.1,smb_sdr
L-011888,webinar,not_decision_maker,2.6,smb_sdr
L-011889,webinar,student_or_researcher,5.4,smb_sdr
L-011890,webinar,,4.6,smb_sdr
L-011891,webinar,student_or_researcher,7.8,smb_sdr
L-011892,webinar,student_or_researcher,6.8,smb_sdr
L-011893,webinar,not_decision_maker,3.4,smb_sdr
L-011894,webinar,student_or_researcher,3.0,smb_sdr
L-011895,webinar,,7.2,smb_sdr
L-011896,webinar,not_decision_maker,4.3,smb_sdr
L-011897,webinar,,5.6,smb_sdr
L-011898,webinar,duplicate,4.1,smb_sdr
L-011899,webinar,no_budget,7.5,smb_sdr
L-011900,webinar,not_decision_maker,6.7,smb_sdr
L-011901,webinar,not_decision_maker,7.5,smb_sdr
L-011902,webinar,,1.5,smb_sdr
L-011903,webinar,no_response,10.3,smb_sdr
L-011904,webinar,no_budget,2.2,smb_sdr
L-011905,webinar,,4.4,smb_sdr
L-011906,webinar,no_budget,5.5,smb_sdr
L-011907,webinar,wrong_use_case,7.0,smb_sdr
L-011908,webinar,,6.7,smb_sdr
L-011909,webinar,not_decision_maker,6.9,smb_sdr
L-011910,webinar,not_decision_maker,7.6,smb_sdr
L-011911,webinar,not_decision_maker,5.9,smb_sdr
L-011912,webinar,no_response,12.2,smb_sdr
L-011913,webinar,no_budget,6.9,smb_sdr
L-011914,webinar,wrong_use_case,7.0,smb_sdr
L-011915,webinar,no_budget,5.0,smb_sdr
L-011916,webinar,not_decision_maker,2.4,smb_sdr
L-011917,webinar,no_budget,14.9,smb_sdr
L-011918,webinar,,10.5,smb_sdr
L-011919,webinar,no_budget,3.8,smb_sdr
L-011920,webinar,no_budget,3.6,smb_sdr
L-011921,webinar,student_or_researcher,2.8,smb_sdr
L-011922,webinar,student_or_researcher,3.9,smb_sdr
L-011923,webinar,no_budget,12.6,smb_sdr
L-011924,webinar,no_budget,1.8,smb_sdr
L-011925,webinar,wrong_use_case,7.7,smb_sdr
L-011926,webinar,student_or_researcher,9.8,smb_sdr
L-011927,webinar,no_budget,7.0,smb_sdr
L-011928,webinar,not_decision_maker,10.9,smb_sdr
L-011929,webinar,wrong_use_case,6.6,smb_sdr
L-011930,webinar,student_or_researcher,9.6,smb_sdr
L-011931,webinar,no_budget,3.6,smb_sdr
L-011932,webinar,student_or_researcher,2.2,smb_sdr
L-011933,webinar,no_budget,6.3,smb_sdr
L-011934,webinar,no_budget,6.6,smb_sdr
L-011935,webinar,not_decision_maker,5.1,smb_sdr
L-011936,webinar,no_budget,6.5,smb_sdr
L-011937,webinar,,8.6,smb_sdr
L-011938,webinar,no_response,8.1,smb_sdr
L-011939,webinar,not_decision_maker,2.1,smb_sdr
L-011940,webinar,not_decision_maker,7.2,smb_sdr
L-011941,webinar,student_or_researcher,5.6,smb_sdr
L-011942,webinar,no_response,4.6,smb_sdr
L-011943,webinar,student_or_researcher,2.7,smb_sdr
L-011944,webinar,no_response,6.6,smb_sdr
L-011945,webinar,not_decision_maker,3.8,smb_sdr
L-011946,webinar,no_budget,5.1,smb_sdr
L-011947,webinar,duplicate,5.0,smb_sdr
L-011948,webinar,student_or_researcher,4.1,smb_sdr
L-011949,webinar,,2.7,smb_sdr
L-011950,webinar,no_budget,8.2,smb_sdr
L-011951,webinar,duplicate,2.6,smb_sdr
L-011952,webinar,not_decision_maker,3.8,smb_sdr
L-011953,webinar,no_response,116.4,unassigned
L-011954,webinar,no_response,6.5,smb_sdr
L-011955,webinar,no_budget,8.4,smb_sdr
L-011956,webinar,,4.8,smb_sdr
L-011957,webinar,no_budget,13.2,smb_sdr
L-011958,webinar,no_budget,7.0,smb_sdr
L-011959,webinar,not_decision_maker,8.3,smb_sdr
L-011960,webinar,not_decision_maker,1.6,smb_sdr
L-011961,webinar,,2.0,smb_sdr
L-011962,webinar,no_budget,9.0,smb_sdr
L-011963,webinar,no_budget,4.2,smb_sdr
L-011964,webinar,not_decision_maker,7.9,smb_sdr
L-011965,webinar,student_or_researcher,4.8,smb_sdr
L-011966,webinar,not_decision_maker,16.9,smb_sdr
L-011967,webinar,student_or_researcher,7.1,smb_sdr
L-011968,webinar,wrong_use_case,5.7,smb_sdr
L-011969,webinar,student_or_researcher,4.8,smb_sdr
L-011970,webinar,not_decision_maker,1.0,smb_sdr
L-011971,webinar,no_response,8.5,smb_sdr
L-011972,webinar,no_response,3.1,smb_sdr
L-011973,webinar,not_decision_maker,2.7,smb_sdr
L-011974,webinar,no_budget,7.6,smb_sdr
L-011975,webinar,student_or_researcher,5.2,smb_sdr
L-011976,webinar,student_or_researcher,20.8,smb_sdr
L-011977,webinar,,8.2,smb_sdr
L-011978,webinar,wrong_use_case,14.4,smb_sdr
L-011979,webinar,no_budget,6.1,smb_sdr
L-011980,webinar,no_budget,10.5,smb_sdr
L-011981,webinar,wrong_use_case,3.4,smb_sdr
L-011982,webinar,no_budget,2.5,smb_sdr
L-011983,webinar,no_budget,13.2,smb_sdr
L-011984,webinar,no_response,4.1,smb_sdr
L-011985,webinar,no_budget,22.9,smb_sdr
L-011986,webinar,no_budget,7.1,smb_sdr
L-011987,webinar,,12.4,smb_sdr
L-011988,webinar,student_or_researcher,1.8,smb_sdr
L-011989,webinar,no_budget,7.1,smb_sdr
L-011990,webinar,no_budget,13.1,smb_sdr
L-011991,webinar,not_decision_maker,1.7,smb_sdr
L-011992,webinar,no_budget,2.6,smb_sdr
L-011993,webinar,no_response,3.8,smb_sdr
L-011994,webinar,no_response,3.8,smb_sdr
L-011995,webinar,wrong_use_case,11.8,smb_sdr
L-011996,webinar,not_decision_maker,4.7,smb_sdr
L-011997,webinar,no_budget,4.3,smb_sdr
L-011998,webinar,not_decision_maker,4.4,smb_sdr
L-011999,webinar,no_budget,7.4,smb_sdr
L-012000,webinar,no_budget,4.2,smb_sdr
L-012001,webinar,no_response,5.0,smb_sdr
L-012002,webinar,,9.2,smb_sdr
L-012003,webinar,not_decision_maker,4.1,smb_sdr
L-012004,webinar,not_decision_maker,2.4,smb_sdr
L-012005,webinar,wrong_use_case,11.2,smb_sdr
L-012006,webinar,no_budget,3.3,smb_sdr
L-012007,webinar,,8.0,smb_sdr
L-012008,webinar,wrong_use_case,4.1,smb_sdr
L-012009,webinar,not_decision_maker,10.4,smb_sdr
L-012010,webinar,no_response,5.5,smb_sdr
L-012011,webinar,not_decision_maker,12.3,smb_sdr
L-012012,webinar,no_budget,16.6,smb_sdr
L-012013,webinar,no_response,1.9,smb_sdr
L-012014,webinar,not_decision_maker,6.2,smb_sdr
L-012015,webinar,,3.6,smb_sdr
L-012016,webinar,no_budget,9.5,smb_sdr
L-012017,webinar,duplicate,9.8,smb_sdr
L-012018,webinar,wrong_use_case,7.0,smb_sdr
L-012019,webinar,student_or_researcher,12.1,smb_sdr
L-012020,webinar,no_budget,5.8,smb_sdr
L-012021,webinar,no_budget,5.8,smb_sdr
L-012022,webinar,not_decision_maker,8.7,smb_sdr
L-012023,webinar,student_or_researcher,10.0,smb_sdr
L-012024,webinar,,43.4,unassigned
L-012025,webinar,student_or_researcher,11.6,smb_sdr
L-012026,webinar,duplicate,2.2,smb_sdr
L-012027,webinar,student_or_researcher,6.2,smb_sdr
L-012028,webinar,not_decision_maker,3.6,smb_sdr
L-012029,webinar,wrong_use_case,6.5,smb_sdr
L-012030,webinar,student_or_researcher,3.7,smb_sdr
L-012031,webinar,not_decision_maker,7.9,smb_sdr
L-012032,webinar,no_budget,1.0,smb_sdr
L-012033,webinar,student_or_researcher,11.3,smb_sdr
L-012034,webinar,student_or_researcher,3.8,smb_sdr
L-012035,webinar,no_budget,2.9,smb_sdr
L-012036,webinar,no_budget,4.0,smb_sdr
L-012037,webinar,not_decision_maker,3.3,smb_sdr
L-012038,webinar,wrong_use_case,9.2,smb_sdr
L-012039,webinar,no_budget,3.4,smb_sdr
L-012040,webinar,student_or_researcher,4.6,smb_sdr
L-012041,webinar,not_decision_maker,3.4,smb_sdr
L-012042,webinar,,3.6,smb_sdr
L-012043,webinar,no_response,3.4,smb_sdr
L-012044,webinar,no_budget,3.2,smb_sdr
L-012045,webinar,student_or_researcher,6.6,smb_sdr
L-012046,webinar,wrong_use_case,3.9,smb_sdr
L-012047,webinar,no_budget,4.1,smb_sdr
L-012048,webinar,wrong_use_case,8.8,smb_sdr
L-012049,webinar,not_decision_maker,1.3,smb_sdr
L-012050,webinar,no_budget,2.8,smb_sdr
L-012051,webinar,wrong_use_case,4.9,smb_sdr
L-012052,webinar,no_budget,3.2,smb_sdr
L-012053,webinar,no_budget,8.2,smb_sdr
L-012054,webinar,no_budget,10.0,smb_sdr
L-012055,webinar,wrong_use_case,11.2,smb_sdr
L-012056,webinar,no_budget,3.1,smb_sdr
L-012057,webinar,not_decision_maker,5.5,smb_sdr
L-012058,webinar,,88.6,unassigned
L-012059,webinar,no_budget,1.5,smb_sdr
L-012060,webinar,not_decision_maker,4.8,smb_sdr
L-012061,webinar,not_decision_maker,8.7,smb_sdr
L-012062,webinar,not_decision_maker,4.3,smb_sdr
L-012063,webinar,,3.9,smb_sdr
L-012064,webinar,no_response,15.9,smb_sdr
L-012065,webinar,no_budget,2.1,smb_sdr
L-012066,webinar,not_decision_maker,11.2,smb_sdr
L-012067,webinar,wrong_use_case,6.8,smb_sdr
L-012068,webinar,not_decision_maker,2.3,smb_sdr
L-012069,webinar,wrong_use_case,5.2,smb_sdr
L-012070,webinar,student_or_researcher,12.5,smb_sdr
L-012071,webinar,no_budget,4.7,smb_sdr
L-012072,webinar,student_or_researcher,3.4,smb_sdr
L-012073,webinar,no_budget,6.0,smb_sdr
L-012074,webinar,no_response,4.3,smb_sdr
L-012075,webinar,,3.8,smb_sdr
L-012076,webinar,,5.4,smb_sdr
L-012077,webinar,no_budget,1.8,smb_sdr
L-012078,webinar,no_budget,6.7,smb_sdr
L-012079,webinar,student_or_researcher,4.1,smb_sdr
L-012080,webinar,student_or_researcher,7.8,smb_sdr
L-012081,webinar,,4.7,smb_sdr
L-012082,webinar,wrong_use_case,9.0,smb_sdr
L-012083,webinar,,2.0,smb_sdr
L-012084,webinar,no_budget,2.7,smb_sdr
L-012085,webinar,not_decision_maker,2.5,smb_sdr
L-012086,webinar,student_or_researcher,5.5,smb_sdr
L-012087,webinar,no_budget,10.3,smb_sdr
L-012088,webinar,student_or_researcher,10.8,smb_sdr
L-012089,webinar,not_decision_maker,1.4,smb_sdr
L-012090,webinar,no_response,4.4,smb_sdr
L-012091,webinar,not_decision_maker,2.5,smb_sdr
L-012092,webinar,no_response,1.8,smb_sdr
L-012093,webinar,no_budget,13.1,smb_sdr
L-012094,webinar,no_response,7.0,smb_sdr
L-012095,webinar,no_response,4.9,smb_sdr
L-012096,webinar,no_response,6.2,smb_sdr
L-012097,webinar,,2.7,smb_sdr
L-012098,webinar,wrong_use_case,2.6,smb_sdr
L-012099,webinar,not_decision_maker,9.4,smb_sdr
L-012100,webinar,duplicate,10.0,smb_sdr
L-012101,webinar,no_response,99.3,unassigned
L-012102,webinar,not_decision_maker,5.2,smb_sdr
L-012103,webinar,wrong_use_case,5.1,smb_sdr
L-012104,webinar,duplicate,5.9,smb_sdr
L-012105,webinar,not_decision_maker,1.9,smb_sdr
L-012106,webinar,no_response,9.8,smb_sdr
L-012107,webinar,student_or_researcher,8.4,smb_sdr
L-012108,webinar,duplicate,10.0,smb_sdr
L-012109,webinar,not_decision_maker,14.9,smb_sdr
L-012110,webinar,duplicate,10.5,smb_sdr
L-012111,webinar,student_or_researcher,7.1,smb_sdr
L-012112,webinar,,28.3,smb_sdr
L-012113,webinar,no_budget,2.9,smb_sdr
L-012114,webinar,student_or_researcher,7.0,smb_sdr
L-012115,webinar,no_response,5.2,smb_sdr
L-012116,webinar,not_decision_maker,7.3,smb_sdr
L-012117,webinar,not_decision_maker,1.3,smb_sdr
L-012118,webinar,student_or_researcher,4.9,smb_sdr
L-012119,webinar,no_budget,4.2,smb_sdr
L-012120,webinar,no_budget,2.1,smb_sdr
L-012121,webinar,not_decision_maker,6.8,smb_sdr
L-012122,webinar,not_decision_maker,2.3,smb_sdr
L-012123,webinar,not_decision_maker,22.2,smb_sdr
L-012124,webinar,no_budget,3.1,smb_sdr
L-012125,webinar,no_budget,3.3,smb_sdr
L-012126,webinar,no_budget,2.2,smb_sdr
L-012127,webinar,not_decision_maker,7.6,smb_sdr
L-012128,webinar,student_or_researcher,4.9,smb_sdr
L-012129,webinar,no_budget,5.0,smb_sdr
L-012130,webinar,student_or_researcher,2.9,smb_sdr
L-012131,webinar,no_budget,7.6,smb_sdr
L-012132,webinar,no_budget,13.0,smb_sdr
L-012133,webinar,no_response,3.1,smb_sdr
L-012134,webinar,no_response,6.1,smb_sdr
L-012135,webinar,no_response,2.7,smb_sdr
L-012136,webinar,not_decision_maker,4.2,smb_sdr
L-012137,webinar,no_budget,6.8,smb_sdr
L-012138,webinar,not_decision_maker,0.9,smb_sdr
L-012139,webinar,not_decision_maker,3.9,smb_sdr
L-012140,webinar,not_decision_maker,8.1,smb_sdr
L-012141,webinar,no_budget,2.5,smb_sdr
L-012142,webinar,not_decision_maker,5.2,smb_sdr
L-012143,webinar,no_budget,6.3,smb_sdr
L-012144,webinar,student_or_researcher,1.7,smb_sdr
L-012145,webinar,duplicate,3.0,smb_sdr
L-012146,webinar,no_response,2.9,smb_sdr
L-012147,webinar,no_budget,6.4,smb_sdr
L-012148,webinar,no_response,2.0,smb_sdr
L-012149,webinar,no_response,6.3,smb_sdr
L-012150,webinar,not_decision_maker,3.6,smb_sdr
L-012151,webinar,,6.2,smb_sdr
L-012152,webinar,no_budget,3.5,smb_sdr
L-012153,webinar,no_budget,8.0,smb_sdr
L-012154,webinar,wrong_use_case,7.1,smb_sdr
L-012155,webinar,not_decision_maker,5.9,smb_sdr
L-012156,webinar,not_decision_maker,3.4,smb_sdr
L-012157,webinar,no_budget,4.6,smb_sdr
L-012158,webinar,wrong_use_case,2.3,smb_sdr
L-012159,webinar,student_or_researcher,4.2,smb_sdr
L-012160,webinar,no_budget,4.6,smb_sdr
L-012161,webinar,no_budget,5.4,smb_sdr
L-012162,webinar,not_decision_maker,8.4,smb_sdr
L-012163,webinar,not_decision_maker,3.5,smb_sdr
L-012164,webinar,no_budget,6.9,smb_sdr
L-012165,webinar,student_or_researcher,2.2,smb_sdr
L-012166,webinar,wrong_use_case,6.4,smb_sdr
L-012167,webinar,not_decision_maker,8.1,smb_sdr
L-012168,webinar,student_or_researcher,4.5,smb_sdr
L-012169,webinar,student_or_researcher,4.2,smb_sdr
L-012170,webinar,not_decision_maker,7.7,smb_sdr
L-012171,webinar,not_decision_maker,1.2,smb_sdr
L-012172,webinar,not_decision_maker,6.8,smb_sdr
L-012173,webinar,no_budget,8.8,smb_sdr
L-012174,webinar,,1.9,smb_sdr
L-012175,webinar,no_response,3.8,smb_sdr
L-012176,webinar,no_response,17.8,smb_sdr
L-012177,webinar,student_or_researcher,3.9,smb_sdr
L-012178,webinar,no_budget,5.7,smb_sdr
L-012179,webinar,no_budget,7.1,smb_sdr
L-012180,webinar,no_response,3.9,smb_sdr
L-012181,webinar,not_decision_maker,4.2,smb_sdr
L-012182,webinar,no_response,8.2,smb_sdr
L-012183,webinar,wrong_use_case,7.7,smb_sdr
L-012184,webinar,duplicate,1.9,smb_sdr
L-012185,webinar,duplicate,2.7,smb_sdr
L-012186,webinar,student_or_researcher,3.7,smb_sdr
L-012187,webinar,student_or_researcher,5.4,smb_sdr
L-012188,webinar,not_decision_maker,2.5,smb_sdr
L-012189,webinar,no_response,2.3,smb_sdr
L-012190,webinar,student_or_researcher,4.3,smb_sdr
L-012191,webinar,no_response,2.3,smb_sdr
L-012192,webinar,no_response,3.4,smb_sdr
L-012193,webinar,wrong_use_case,2.9,smb_sdr
L-012194,webinar,not_decision_maker,9.4,smb_sdr
L-012195,webinar,student_or_researcher,3.4,smb_sdr
L-012196,webinar,no_response,6.1,smb_sdr
L-012197,webinar,no_budget,1.9,smb_sdr
L-012198,webinar,no_response,2.9,smb_sdr
L-012199,webinar,duplicate,2.5,smb_sdr
L-012200,webinar,not_decision_maker,6.7,smb_sdr
L-012201,webinar,student_or_researcher,4.9,smb_sdr
L-012202,webinar,no_response,4.0,smb_sdr
L-012203,webinar,not_decision_maker,2.2,smb_sdr
L-012204,webinar,duplicate,2.4,smb_sdr
L-012205,webinar,wrong_use_case,5.8,smb_sdr
L-012206,webinar,no_budget,9.1,smb_sdr
L-012207,webinar,no_budget,4.5,smb_sdr
L-012208,webinar,wrong_use_case,6.1,smb_sdr
L-012209,webinar,no_budget,3.2,smb_sdr
L-012210,webinar,no_budget,9.2,smb_sdr
L-012211,webinar,wrong_use_case,8.0,smb_sdr
L-012212,webinar,not_decision_maker,4.6,smb_sdr
L-012213,webinar,student_or_researcher,3.5,smb_sdr
L-012214,webinar,no_response,2.2,smb_sdr
L-012215,webinar,not_decision_maker,6.7,smb_sdr
L-012216,webinar,wrong_use_case,2.9,smb_sdr
L-012217,webinar,no_budget,2.7,smb_sdr
L-012218,webinar,not_decision_maker,6.2,smb_sdr
L-012219,webinar,not_decision_maker,4.4,smb_sdr
L-012220,webinar,not_decision_maker,9.2,smb_sdr
L-012221,webinar,,5.7,smb_sdr
L-012222,webinar,student_or_researcher,110.8,unassigned
L-012223,webinar,no_budget,3.5,smb_sdr
L-012224,webinar,student_or_researcher,5.1,smb_sdr
L-012225,webinar,student_or_researcher,2.2,smb_sdr
L-012226,webinar,wrong_use_case,3.0,smb_sdr
L-012227,webinar,no_budget,2.5,smb_sdr
L-012228,webinar,no_budget,6.8,smb_sdr
L-012229,webinar,wrong_use_case,5.0,smb_sdr
L-012230,webinar,no_response,3.8,smb_sdr
L-012231,webinar,student_or_researcher,8.4,smb_sdr
L-012232,webinar,duplicate,3.3,smb_sdr
L-012233,webinar,no_response,11.4,smb_sdr
L-012234,webinar,,5.9,smb_sdr
L-012235,webinar,no_budget,6.8,smb_sdr
L-012236,webinar,not_decision_maker,2.9,smb_sdr
L-012237,webinar,no_budget,3.2,smb_sdr
L-012238,webinar,,6.9,smb_sdr
L-012239,webinar,student_or_researcher,3.4,smb_sdr
L-012240,webinar,student_or_researcher,1.9,smb_sdr
L-012241,webinar,no_budget,3.2,smb_sdr
L-012242,webinar,no_response,3.7,smb_sdr
L-012243,webinar,no_budget,4.7,smb_sdr
L-012244,webinar,no_budget,7.0,smb_sdr
L-012245,webinar,not_decision_maker,6.4,smb_sdr
L-012246,webinar,not_decision_maker,1.7,smb_sdr
L-012247,webinar,not_decision_maker,2.8,smb_sdr
L-012248,webinar,,4.8,smb_sdr
L-012249,webinar,,4.2,smb_sdr
L-012250,webinar,not_decision_maker,8.5,smb_sdr
L-012251,webinar,no_budget,11.1,smb_sdr
L-012252,webinar,no_budget,6.4,smb_sdr
L-012253,webinar,no_budget,4.7,smb_sdr
L-012254,webinar,no_budget,6.0,smb_sdr
L-012255,webinar,not_decision_maker,8.8,smb_sdr
L-012256,webinar,student_or_researcher,10.8,smb_sdr
L-012257,webinar,no_budget,3.2,smb_sdr
L-012258,webinar,wrong_use_case,2.8,smb_sdr
L-012259,webinar,wrong_use_case,9.7,smb_sdr
L-012260,webinar,student_or_researcher,6.6,smb_sdr
L-012261,webinar,no_budget,1.7,smb_sdr
L-012262,webinar,wrong_use_case,9.2,smb_sdr
L-012263,webinar,no_response,17.3,smb_sdr
L-012264,webinar,not_decision_maker,5.9,smb_sdr
L-012265,webinar,no_budget,5.2,smb_sdr
L-012266,webinar,no_budget,5.4,smb_sdr
L-012267,webinar,not_decision_maker,5.1,smb_sdr
L-012268,webinar,student_or_researcher,4.5,smb_sdr
L-012269,webinar,no_budget,12.0,smb_sdr
L-012270,webinar,wrong_use_case,7.2,smb_sdr
L-012271,webinar,not_decision_maker,4.0,smb_sdr
L-012272,webinar,no_budget,9.9,smb_sdr
L-012273,webinar,student_or_researcher,10.9,smb_sdr
L-012274,webinar,student_or_researcher,2.4,smb_sdr
L-012275,webinar,student_or_researcher,6.2,smb_sdr
L-012276,webinar,student_or_researcher,16.5,smb_sdr
L-012277,webinar,,2.8,smb_sdr
L-012278,webinar,no_budget,3.1,smb_sdr
L-012279,webinar,not_decision_maker,1.4,smb_sdr
L-012280,webinar,no_response,1.4,smb_sdr
L-012281,webinar,student_or_researcher,9.7,smb_sdr
L-012282,webinar,not_decision_maker,9.8,smb_sdr
L-012283,webinar,student_or_researcher,5.3,smb_sdr
L-012284,webinar,no_budget,4.4,smb_sdr
L-012285,webinar,not_decision_maker,7.2,smb_sdr
L-012286,webinar,student_or_researcher,5.0,smb_sdr
L-012287,webinar,not_decision_maker,4.0,smb_sdr
L-012288,webinar,no_budget,6.0,smb_sdr
L-012289,webinar,student_or_researcher,3.8,smb_sdr
L-012290,webinar,duplicate,3.0,smb_sdr
L-012291,webinar,no_response,19.3,smb_sdr
L-012292,webinar,no_response,7.8,smb_sdr
L-012293,webinar,not_decision_maker,6.2,smb_sdr
L-012294,webinar,wrong_use_case,2.4,smb_sdr
L-012295,webinar,not_decision_maker,7.7,smb_sdr
L-012296,webinar,not_decision_maker,3.8,smb_sdr
L-012297,webinar,student_or_researcher,5.5,smb_sdr
L-012298,webinar,wrong_use_case,12.2,smb_sdr
L-012299,webinar,,4.4,smb_sdr
L-012300,webinar,student_or_researcher,3.0,smb_sdr
L-012301,webinar,wrong_use_case,4.7,smb_sdr
L-012302,webinar,student_or_researcher,16.7,smb_sdr
L-012303,webinar,not_decision_maker,7.4,smb_sdr
L-012304,webinar,no_budget,14.6,smb_sdr
L-012305,webinar,no_budget,2.6,smb_sdr
L-012306,webinar,no_response,2.5,smb_sdr
L-012307,webinar,no_budget,1.9,smb_sdr
L-012308,webinar,no_budget,1.8,smb_sdr
L-012309,webinar,no_budget,4.3,smb_sdr
L-012310,webinar,not_decision_maker,4.8,smb_sdr
L-012311,webinar,not_decision_maker,3.8,smb_sdr
L-012312,webinar,not_decision_maker,3.2,smb_sdr
L-012313,webinar,no_budget,19.0,smb_sdr
L-012314,webinar,no_budget,3.1,smb_sdr
L-012315,webinar,not_decision_maker,4.2,smb_sdr
L-012316,webinar,no_budget,3.2,smb_sdr
L-012317,webinar,no_budget,7.1,smb_sdr
L-012318,webinar,,10.2,smb_sdr
L-012319,webinar,no_budget,53.6,unassigned
L-012320,webinar,no_response,3.3,smb_sdr
L-012321,webinar,no_budget,4.5,smb_sdr
L-012322,webinar,student_or_researcher,8.9,smb_sdr
L-012323,webinar,wrong_use_case,4.5,smb_sdr
L-012324,webinar,no_budget,5.7,smb_sdr
L-012325,webinar,no_budget,8.0,smb_sdr
L-012326,webinar,not_decision_maker,3.5,smb_sdr
L-012327,webinar,student_or_researcher,2.4,smb_sdr
L-012328,webinar,student_or_researcher,6.6,smb_sdr
L-012329,webinar,duplicate,7.5,smb_sdr
L-012330,webinar,wrong_use_case,12.0,smb_sdr
L-012331,webinar,wrong_use_case,6.1,smb_sdr
L-012332,webinar,no_budget,3.7,smb_sdr
L-012333,webinar,,2.5,smb_sdr
L-012334,webinar,wrong_use_case,6.8,smb_sdr
L-012335,webinar,no_response,7.1,smb_sdr
L-012336,webinar,wrong_use_case,10.1,smb_sdr
L-012337,webinar,no_budget,10.6,smb_sdr
L-012338,webinar,,3.5,smb_sdr
L-012339,webinar,no_budget,5.5,smb_sdr
L-012340,webinar,student_or_researcher,4.0,smb_sdr
L-012341,webinar,no_budget,9.4,smb_sdr
L-012342,webinar,not_decision_maker,7.9,smb_sdr
L-012343,webinar,wrong_use_case,5.4,smb_sdr
L-012344,webinar,no_budget,2.5,smb_sdr
L-012345,webinar,wrong_use_case,6.0,smb_sdr
L-012346,webinar,no_budget,1.1,smb_sdr
L-012347,webinar,no_budget,3.1,smb_sdr
L-012348,webinar,no_response,8.8,smb_sdr
L-012349,webinar,wrong_use_case,22.1,smb_sdr
L-012350,webinar,no_response,3.2,smb_sdr
L-012351,webinar,,6.5,smb_sdr
L-012352,webinar,,13.5,smb_sdr
L-012353,webinar,not_decision_maker,7.6,smb_sdr
L-012354,webinar,not_decision_maker,1.7,smb_sdr
L-012355,webinar,no_response,10.4,smb_sdr
L-012356,webinar,no_budget,13.3,smb_sdr
L-012357,webinar,wrong_use_case,1.6,smb_sdr
L-012358,webinar,duplicate,4.4,smb_sdr
L-012359,webinar,no_budget,2.7,smb_sdr
L-012360,webinar,no_budget,2.9,smb_sdr
L-012361,webinar,,3.1,smb_sdr
L-012362,webinar,no_budget,2.2,smb_sdr
L-012363,webinar,not_decision_maker,9.4,smb_sdr
L-012364,webinar,not_decision_maker,14.5,smb_sdr
L-012365,webinar,wrong_use_case,5.9,smb_sdr
L-012366,webinar,,10.6,smb_sdr
L-012367,webinar,,9.4,smb_sdr
L-012368,webinar,no_budget,3.7,smb_sdr
L-012369,webinar,student_or_researcher,67.2,unassigned
L-012370,webinar,,4.2,smb_sdr
L-012371,webinar,not_decision_maker,9.9,smb_sdr
L-012372,webinar,student_or_researcher,5.8,smb_sdr
L-012373,webinar,,3.3,smb_sdr
L-012374,webinar,student_or_researcher,3.2,smb_sdr
L-012375,webinar,duplicate,6.2,smb_sdr
L-012376,webinar,not_decision_maker,8.7,smb_sdr
L-012377,webinar,,6.5,smb_sdr
L-012378,webinar,student_or_researcher,2.6,smb_sdr
L-012379,webinar,no_budget,7.7,smb_sdr
L-012380,webinar,wrong_use_case,5.1,smb_sdr
L-012381,webinar,no_budget,4.2,smb_sdr
L-012382,webinar,no_budget,7.1,smb_sdr
L-012383,webinar,no_response,2.0,smb_sdr
L-012384,webinar,not_decision_maker,1.8,smb_sdr
L-012385,webinar,not_decision_maker,6.1,smb_sdr
L-012386,webinar,student_or_researcher,7.4,smb_sdr
L-012387,webinar,no_response,4.1,smb_sdr
L-012388,webinar,not_decision_maker,3.8,smb_sdr
L-012389,webinar,not_decision_maker,3.6,smb_sdr
L-012390,webinar,no_response,4.8,smb_sdr
L-012391,webinar,student_or_researcher,8.2,smb_sdr
L-012392,webinar,not_decision_maker,7.9,smb_sdr
L-012393,webinar,not_decision_maker,10.3,smb_sdr
L-012394,webinar,student_or_researcher,3.9,smb_sdr
L-012395,webinar,not_decision_maker,3.4,smb_sdr
L-012396,webinar,student_or_researcher,3.1,smb_sdr
L-012397,webinar,no_budget,13.9,smb_sdr
L-012398,webinar,no_response,4.6,smb_sdr
L-012399,webinar,student_or_researcher,3.0,smb_sdr
L-012400,webinar,,5.4,smb_sdr
L-012401,webinar,not_decision_maker,13.1,smb_sdr
L-012402,webinar,no_budget,2.0,smb_sdr
L-012403,webinar,,14.3,smb_sdr
L-012404,webinar,not_decision_maker,5.7,smb_sdr
L-012405,webinar,no_budget,8.1,smb_sdr
L-012406,webinar,no_budget,3.2,smb_sdr
L-012407,webinar,not_decision_maker,2.7,smb_sdr
L-012408,webinar,not_decision_maker,9.8,smb_sdr
L-012409,webinar,student_or_researcher,5.6,smb_sdr
L-012410,webinar,,2.6,smb_sdr
L-012411,webinar,,1.4,smb_sdr
L-012412,webinar,not_decision_maker,6.2,smb_sdr
L-012413,webinar,no_budget,13.3,smb_sdr
L-012414,webinar,duplicate,3.1,smb_sdr
L-012415,webinar,wrong_use_case,2.5,smb_sdr
L-012416,webinar,no_budget,1.7,smb_sdr
L-012417,webinar,duplicate,12.9,smb_sdr
L-012418,webinar,student_or_researcher,5.6,smb_sdr
L-012419,webinar,,4.1,smb_sdr
L-012420,webinar,no_budget,15.8,smb_sdr
L-012421,webinar,,1.6,smb_sdr
L-012422,webinar,no_response,5.3,smb_sdr
L-012423,webinar,no_budget,3.6,smb_sdr
L-012424,webinar,no_budget,1.8,smb_sdr
L-012425,webinar,student_or_researcher,8.3,smb_sdr
L-012426,webinar,student_or_researcher,3.5,smb_sdr
L-012427,webinar,not_decision_maker,12.2,smb_sdr
L-012428,webinar,student_or_researcher,4.3,smb_sdr
L-012429,webinar,wrong_use_case,4.7,smb_sdr
L-012430,webinar,not_decision_maker,5.2,smb_sdr
L-012431,webinar,not_decision_maker,10.4,smb_sdr
L-012432,webinar,no_budget,6.1,smb_sdr
L-012433,webinar,no_response,9.5,smb_sdr
L-012434,webinar,not_decision_maker,7.2,smb_sdr
L-012435,webinar,no_budget,3.5,smb_sdr
L-012436,webinar,student_or_researcher,18.9,smb_sdr
L-012437,webinar,duplicate,6.5,smb_sdr
L-012438,webinar,no_budget,3.1,smb_sdr
L-012439,webinar,student_or_researcher,7.8,smb_sdr
L-012440,webinar,wrong_use_case,7.9,smb_sdr
L-012441,webinar,no_budget,8.2,smb_sdr
L-012442,webinar,duplicate,2.3,smb_sdr
L-012443,webinar,student_or_researcher,1.9,smb_sdr
L-012444,webinar,no_budget,4.3,smb_sdr
L-012445,webinar,no_budget,8.1,smb_sdr
L-012446,webinar,student_or_researcher,4.5,smb_sdr
L-012447,webinar,no_budget,6.8,smb_sdr
L-012448,webinar,not_decision_maker,1.2,smb_sdr
L-012449,webinar,no_response,13.9,smb_sdr
L-012450,webinar,no_budget,3.0,smb_sdr
L-012451,webinar,student_or_researcher,14.1,smb_sdr
L-012452,webinar,no_budget,6.5,smb_sdr
L-012453,webinar,no_budget,6.8,smb_sdr
L-012454,webinar,no_budget,6.9,smb_sdr
L-012455,webinar,,13.6,smb_sdr
L-012456,webinar,duplicate,4.4,smb_sdr
L-012457,webinar,student_or_researcher,2.8,smb_sdr
L-012458,webinar,student_or_researcher,13.5,smb_sdr
L-012459,webinar,not_decision_maker,3.0,smb_sdr
L-012460,webinar,student_or_researcher,4.3,smb_sdr
L-012461,webinar,no_budget,6.6,smb_sdr
L-012462,webinar,not_decision_maker,4.1,smb_sdr
L-012463,webinar,no_budget,3.9,smb_sdr
L-012464,webinar,no_response,3.3,smb_sdr
L-012465,webinar,no_budget,17.6,smb_sdr
L-012466,webinar,not_decision_maker,6.6,smb_sdr
L-012467,webinar,student_or_researcher,11.2,smb_sdr
L-012468,webinar,no_budget,5.9,smb_sdr
L-012469,webinar,no_response,9.6,smb_sdr
L-012470,webinar,student_or_researcher,14.4,smb_sdr
L-012471,webinar,not_decision_maker,9.7,smb_sdr
L-012472,webinar,student_or_researcher,5.2,smb_sdr
L-012473,webinar,wrong_use_case,3.1,smb_sdr
L-012474,webinar,,3.3,smb_sdr
L-012475,webinar,student_or_researcher,9.5,smb_sdr
L-012476,webinar,wrong_use_case,2.0,smb_sdr
L-012477,webinar,duplicate,4.3,smb_sdr
L-012478,webinar,no_budget,5.4,smb_sdr
L-012479,webinar,not_decision_maker,71.7,unassigned
L-012480,webinar,student_or_researcher,7.8,smb_sdr
L-012481,webinar,not_decision_maker,3.8,smb_sdr
L-012482,webinar,student_or_researcher,7.0,smb_sdr
L-012483,webinar,no_budget,4.3,smb_sdr
L-012484,webinar,duplicate,6.9,smb_sdr
L-012485,webinar,,3.3,smb_sdr
L-012486,webinar,no_budget,4.3,smb_sdr
L-012487,webinar,,4.1,smb_sdr
L-012488,webinar,no_budget,3.8,smb_sdr
L-012489,webinar,no_budget,3.9,smb_sdr
L-012490,webinar,no_budget,13.4,smb_sdr
L-012491,webinar,no_response,3.1,smb_sdr
L-012492,webinar,student_or_researcher,2.7,smb_sdr
L-012493,webinar,wrong_use_case,2.8,smb_sdr
L-012494,webinar,no_budget,2.5,smb_sdr
L-012495,webinar,,1.7,smb_sdr
L-012496,webinar,wrong_use_case,4.4,smb_sdr
L-012497,webinar,no_response,8.6,smb_sdr
L-012498,webinar,student_or_researcher,86.8,unassigned
L-012499,webinar,no_budget,9.8,smb_sdr
L-012500,webinar,no_response,5.9,smb_sdr
L-012501,webinar,student_or_researcher,3.6,smb_sdr
L-012502,webinar,student_or_researcher,9.4,smb_sdr
L-012503,webinar,student_or_researcher,4.2,smb_sdr
L-012504,webinar,no_budget,1.7,smb_sdr
L-012505,webinar,,2.6,smb_sdr
L-012506,webinar,not_decision_maker,4.6,smb_sdr
L-012507,webinar,not_decision_maker,4.0,smb_sdr
L-012508,webinar,student_or_researcher,6.6,smb_sdr
L-012509,webinar,no_response,6.0,smb_sdr
L-012510,webinar,student_or_researcher,3.3,smb_sdr
L-012511,webinar,no_budget,10.4,smb_sdr
L-012512,webinar,,4.7,smb_sdr
L-012513,webinar,no_budget,17.5,smb_sdr
L-012514,webinar,not_decision_maker,3.6,smb_sdr
L-012515,webinar,no_response,6.9,smb_sdr
L-012516,webinar,,1.3,smb_sdr
L-012517,webinar,no_budget,11.7,smb_sdr
L-012518,webinar,not_decision_maker,3.5,smb_sdr
L-012519,webinar,no_budget,63.5,unassigned
L-012520,webinar,no_budget,5.8,smb_sdr
L-012521,webinar,not_decision_maker,3.2,smb_sdr
L-012522,webinar,no_budget,1.1,smb_sdr
L-012523,webinar,no_budget,3.6,smb_sdr
L-012524,webinar,not_decision_maker,4.9,smb_sdr
L-012525,webinar,,2.0,smb_sdr
L-012526,webinar,not_decision_maker,3.8,smb_sdr
L-012527,webinar,not_decision_maker,6.2,smb_sdr
L-012528,webinar,no_response,3.8,smb_sdr
L-012529,webinar,not_decision_maker,2.5,smb_sdr
L-012530,webinar,no_response,3.2,smb_sdr
L-012531,webinar,student_or_researcher,2.4,smb_sdr
L-012532,webinar,no_response,9.2,smb_sdr
L-012533,webinar,not_decision_maker,3.6,smb_sdr
L-012534,webinar,duplicate,4.4,smb_sdr
L-012535,webinar,not_decision_maker,7.1,smb_sdr
L-012536,webinar,no_budget,2.5,smb_sdr
L-012537,webinar,student_or_researcher,1.9,smb_sdr
L-012538,webinar,wrong_use_case,1.6,smb_sdr
L-012539,webinar,not_decision_maker,9.9,smb_sdr
L-012540,webinar,no_budget,2.1,smb_sdr
L-012541,webinar,duplicate,7.7,smb_sdr
L-012542,webinar,no_budget,3.5,smb_sdr
L-012543,webinar,not_decision_maker,4.8,smb_sdr
L-012544,webinar,not_decision_maker,4.8,smb_sdr
L-012545,webinar,,7.2,smb_sdr
L-012546,webinar,not_decision_maker,1.7,smb_sdr
L-012547,webinar,,8.2,smb_sdr
L-012548,webinar,no_response,9.9,smb_sdr
L-012549,webinar,wrong_use_case,5.1,smb_sdr
L-012550,webinar,wrong_use_case,3.0,smb_sdr
L-012551,webinar,no_budget,6.5,smb_sdr
L-012552,webinar,,3.4,smb_sdr
L-012553,webinar,,7.9,smb_sdr
L-012554,webinar,,2.5,smb_sdr
L-012555,webinar,student_or_researcher,6.5,smb_sdr
L-012556,webinar,not_decision_maker,21.5,smb_sdr
L-012557,webinar,no_response,2.5,smb_sdr
L-012558,webinar,,2.8,smb_sdr
L-012559,webinar,no_budget,5.0,smb_sdr
L-012560,webinar,no_budget,13.3,smb_sdr
L-012561,webinar,no_response,6.6,smb_sdr
L-012562,webinar,not_decision_maker,9.4,smb_sdr
L-012563,webinar,no_budget,2.4,smb_sdr
L-012564,webinar,,7.4,smb_sdr
L-012565,webinar,no_budget,3.5,smb_sdr
L-012566,webinar,no_budget,6.6,smb_sdr
L-012567,webinar,not_decision_maker,3.3,smb_sdr
L-012568,webinar,no_response,5.6,smb_sdr
L-012569,webinar,student_or_researcher,1.9,smb_sdr
L-012570,webinar,,6.1,smb_sdr
L-012571,webinar,no_budget,3.4,smb_sdr
L-012572,webinar,duplicate,2.9,smb_sdr
L-012573,webinar,student_or_researcher,3.3,smb_sdr
L-012574,webinar,student_or_researcher,2.9,smb_sdr
L-012575,webinar,no_budget,7.3,smb_sdr
L-012576,webinar,student_or_researcher,6.5,smb_sdr
L-012577,webinar,not_decision_maker,14.8,smb_sdr
L-012578,webinar,,123.0,unassigned
L-012579,webinar,no_budget,10.6,smb_sdr
L-012580,webinar,no_budget,16.6,smb_sdr
L-012581,webinar,wrong_use_case,4.1,smb_sdr
L-012582,webinar,no_budget,2.9,smb_sdr
L-012583,webinar,no_budget,10.0,smb_sdr
L-012584,webinar,no_response,2.7,smb_sdr
L-012585,webinar,student_or_researcher,4.1,smb_sdr
L-012586,webinar,,19.1,smb_sdr
L-012587,webinar,duplicate,5.4,smb_sdr
L-012588,webinar,no_response,5.7,smb_sdr
L-012589,webinar,not_decision_maker,11.5,smb_sdr
L-012590,webinar,duplicate,6.2,smb_sdr
L-012591,webinar,,4.6,smb_sdr
L-012592,webinar,,2.2,smb_sdr
L-012593,webinar,not_decision_maker,2.1,smb_sdr
L-012594,webinar,not_decision_maker,4.6,smb_sdr
L-012595,webinar,student_or_researcher,4.4,smb_sdr
L-012596,webinar,no_budget,2.9,smb_sdr
L-012597,webinar,no_response,19.3,smb_sdr
L-012598,webinar,student_or_researcher,6.2,smb_sdr
L-012599,webinar,student_or_researcher,5.0,smb_sdr
L-012600,webinar,no_budget,2.9,smb_sdr
L-012601,webinar,no_response,3.5,smb_sdr
L-012602,webinar,no_response,3.4,smb_sdr
L-012603,webinar,no_budget,2.5,smb_sdr
L-012604,webinar,duplicate,3.4,smb_sdr
L-012605,webinar,,7.8,smb_sdr
L-012606,webinar,no_budget,12.4,smb_sdr
L-012607,webinar,,1.8,smb_sdr
L-012608,webinar,wrong_use_case,7.7,smb_sdr
L-012609,webinar,duplicate,12.0,smb_sdr
L-012610,webinar,not_decision_maker,1.9,smb_sdr
L-012611,webinar,not_decision_maker,6.3,smb_sdr
L-012612,webinar,no_response,4.2,smb_sdr
L-012613,webinar,not_decision_maker,1.7,mid_market_ae
L-012614,webinar,,3.5,mid_market_ae
L-012615,webinar,not_decision_maker,3.2,mid_market_ae
L-012616,webinar,no_budget,5.5,mid_market_ae
L-012617,webinar,not_decision_maker,2.1,mid_market_ae
L-012618,webinar,not_decision_maker,2.1,mid_market_ae
L-012619,webinar,no_budget,7.8,mid_market_ae
L-012620,webinar,wrong_use_case,5.8,mid_market_ae
L-012621,webinar,no_budget,3.6,mid_market_ae
L-012622,webinar,student_or_researcher,10.8,mid_market_ae
L-012623,webinar,,8.0,mid_market_ae
L-012624,webinar,not_decision_maker,6.4,mid_market_ae
L-012625,webinar,duplicate,8.5,mid_market_ae
L-012626,webinar,,0.7,mid_market_ae
L-012627,webinar,not_decision_maker,2.3,mid_market_ae
L-012628,webinar,no_budget,4.0,mid_market_ae
L-012629,webinar,not_decision_maker,4.0,mid_market_ae
L-012630,webinar,,5.6,mid_market_ae
L-012631,webinar,not_decision_maker,4.2,mid_market_ae
L-012632,webinar,no_response,8.7,mid_market_ae
L-012633,webinar,not_decision_maker,3.0,mid_market_ae
L-012634,webinar,,3.7,mid_market_ae
L-012635,webinar,not_decision_maker,13.8,mid_market_ae
L-012636,webinar,no_response,4.2,mid_market_ae
L-012637,webinar,student_or_researcher,4.0,mid_market_ae
L-012638,webinar,not_decision_maker,5.8,mid_market_ae
L-012639,webinar,no_budget,3.7,mid_market_ae
L-012640,webinar,wrong_use_case,2.9,mid_market_ae
L-012641,webinar,duplicate,4.6,mid_market_ae
L-012642,webinar,wrong_use_case,13.2,mid_market_ae
L-012643,webinar,duplicate,3.7,mid_market_ae
L-012644,webinar,wrong_use_case,6.7,mid_market_ae
L-012645,webinar,no_budget,5.5,mid_market_ae
L-012646,webinar,no_response,6.2,mid_market_ae
L-012647,webinar,not_decision_maker,6.9,mid_market_ae
L-012648,webinar,not_decision_maker,14.1,mid_market_ae
L-012649,webinar,no_response,14.2,mid_market_ae
L-012650,webinar,not_decision_maker,3.9,mid_market_ae
L-012651,webinar,not_decision_maker,14.8,mid_market_ae
L-012652,webinar,wrong_use_case,4.1,mid_market_ae
L-012653,webinar,not_decision_maker,6.9,mid_market_ae
L-012654,webinar,no_budget,5.2,mid_market_ae
L-012655,webinar,not_decision_maker,9.2,mid_market_ae
L-012656,webinar,not_decision_maker,4.1,mid_market_ae
L-012657,webinar,not_decision_maker,4.2,mid_market_ae
L-012658,webinar,not_decision_maker,10.0,mid_market_ae
L-012659,webinar,no_budget,6.3,mid_market_ae
L-012660,webinar,not_decision_maker,6.4,mid_market_ae
L-012661,webinar,student_or_researcher,3.9,mid_market_ae
L-012662,webinar,student_or_researcher,10.7,mid_market_ae
L-012663,webinar,no_budget,2.9,mid_market_ae
L-012664,webinar,no_budget,9.6,mid_market_ae
L-012665,webinar,no_budget,8.9,mid_market_ae
L-012666,webinar,not_decision_maker,6.6,mid_market_ae
L-012667,webinar,not_decision_maker,1.6,mid_market_ae
L-012668,webinar,no_budget,5.2,mid_market_ae
L-012669,webinar,not_decision_maker,94.4,unassigned
L-012670,webinar,not_decision_maker,6.4,mid_market_ae
L-012671,webinar,no_budget,4.3,mid_market_ae
L-012672,webinar,student_or_researcher,1.9,mid_market_ae
L-012673,webinar,student_or_researcher,4.9,mid_market_ae
L-012674,webinar,no_budget,2.3,mid_market_ae
L-012675,webinar,not_decision_maker,4.1,mid_market_ae
L-012676,webinar,no_response,5.7,mid_market_ae
L-012677,webinar,duplicate,2.1,mid_market_ae
L-012678,webinar,no_budget,8.1,mid_market_ae
L-012679,webinar,no_budget,12.3,mid_market_ae
L-012680,webinar,not_decision_maker,3.1,mid_market_ae
L-012681,webinar,no_budget,4.8,mid_market_ae
L-012682,webinar,not_decision_maker,4.7,mid_market_ae
L-012683,webinar,duplicate,5.4,mid_market_ae
L-012684,webinar,no_budget,6.1,mid_market_ae
L-012685,webinar,no_budget,6.9,mid_market_ae
L-012686,webinar,not_decision_maker,4.0,mid_market_ae
L-012687,webinar,no_response,6.0,mid_market_ae
L-012688,webinar,student_or_researcher,3.2,mid_market_ae
L-012689,webinar,no_response,1.4,mid_market_ae
L-012690,webinar,wrong_use_case,8.8,mid_market_ae
L-012691,webinar,not_decision_maker,6.0,mid_market_ae
L-012692,webinar,student_or_researcher,1.2,mid_market_ae
L-012693,webinar,,3.2,mid_market_ae
L-012694,webinar,no_budget,6.8,mid_market_ae
L-012695,webinar,,5.9,mid_market_ae
L-012696,webinar,no_response,4.2,mid_market_ae
L-012697,webinar,,5.6,mid_market_ae
L-012698,webinar,no_budget,5.4,mid_market_ae
L-012699,webinar,no_budget,5.6,mid_market_ae
L-012700,webinar,not_decision_maker,15.0,mid_market_ae
L-012701,webinar,no_budget,3.7,mid_market_ae
L-012702,webinar,not_decision_maker,4.9,mid_market_ae
L-012703,webinar,student_or_researcher,2.4,mid_market_ae
L-012704,webinar,student_or_researcher,9.7,mid_market_ae
L-012705,webinar,no_budget,4.4,mid_market_ae
L-012706,webinar,student_or_researcher,18.9,mid_market_ae
L-012707,webinar,,4.3,mid_market_ae
L-012708,webinar,no_budget,5.4,mid_market_ae
L-012709,webinar,,11.3,mid_market_ae
L-012710,webinar,not_decision_maker,1.6,mid_market_ae
L-012711,webinar,wrong_use_case,4.3,mid_market_ae
L-012712,webinar,not_decision_maker,4.7,mid_market_ae
L-012713,webinar,not_decision_maker,1.2,mid_market_ae
L-012714,webinar,,17.6,mid_market_ae
L-012715,webinar,no_budget,5.9,mid_market_ae
L-012716,webinar,no_budget,15.3,mid_market_ae
L-012717,webinar,not_decision_maker,8.3,mid_market_ae
L-012718,webinar,duplicate,4.8,mid_market_ae
L-012719,webinar,no_budget,4.1,mid_market_ae
L-012720,webinar,,3.7,mid_market_ae
L-012721,webinar,not_decision_maker,5.8,mid_market_ae
L-012722,webinar,no_budget,1.8,mid_market_ae
L-012723,webinar,not_decision_maker,6.9,mid_market_ae
L-012724,webinar,duplicate,16.3,mid_market_ae
L-012725,webinar,student_or_researcher,7.2,mid_market_ae
L-012726,webinar,no_budget,10.8,mid_market_ae
L-012727,webinar,no_budget,2.5,mid_market_ae
L-012728,webinar,no_budget,5.1,mid_market_ae
L-012729,webinar,student_or_researcher,4.0,mid_market_ae
L-012730,webinar,,2.8,mid_market_ae
L-012731,webinar,wrong_use_case,18.6,mid_market_ae
L-012732,webinar,student_or_researcher,2.3,mid_market_ae
L-012733,webinar,duplicate,3.5,mid_market_ae
L-012734,webinar,wrong_use_case,6.6,mid_market_ae
L-012735,webinar,no_response,3.0,mid_market_ae
L-012736,webinar,student_or_researcher,3.7,mid_market_ae
L-012737,webinar,wrong_use_case,5.6,mid_market_ae
L-012738,webinar,not_decision_maker,4.3,mid_market_ae
L-012739,webinar,no_budget,3.4,mid_market_ae
L-012740,webinar,not_decision_maker,4.5,mid_market_ae
L-012741,webinar,no_budget,3.8,mid_market_ae
L-012742,webinar,student_or_researcher,6.8,mid_market_ae
L-012743,webinar,duplicate,6.4,mid_market_ae
L-012744,webinar,no_budget,7.8,mid_market_ae
L-012745,webinar,no_budget,5.7,mid_market_ae
L-012746,webinar,not_decision_maker,3.4,mid_market_ae
L-012747,webinar,student_or_researcher,18.4,mid_market_ae
L-012748,webinar,student_or_researcher,3.2,mid_market_ae
L-012749,webinar,not_decision_maker,2.9,mid_market_ae
L-012750,webinar,not_decision_maker,2.4,mid_market_ae
L-012751,webinar,wrong_use_case,3.1,mid_market_ae
L-012752,webinar,wrong_use_case,4.0,mid_market_ae
L-012753,webinar,wrong_use_case,2.7,mid_market_ae
L-012754,webinar,duplicate,3.8,mid_market_ae
L-012755,webinar,not_decision_maker,11.0,mid_market_ae
L-012756,webinar,no_budget,1.8,mid_market_ae
L-012757,webinar,not_decision_maker,8.2,mid_market_ae
L-012758,webinar,student_or_researcher,2.4,mid_market_ae
L-012759,webinar,no_budget,3.9,mid_market_ae
L-012760,webinar,no_budget,6.2,mid_market_ae
L-012761,webinar,not_decision_maker,3.4,mid_market_ae
L-012762,webinar,no_budget,2.8,mid_market_ae
L-012763,webinar,no_budget,9.8,mid_market_ae
L-012764,webinar,no_response,2.0,mid_market_ae
L-012765,webinar,no_budget,2.1,mid_market_ae
L-012766,webinar,no_budget,7.3,mid_market_ae
L-012767,webinar,not_decision_maker,3.8,mid_market_ae
L-012768,webinar,not_decision_maker,11.6,mid_market_ae
L-012769,webinar,no_budget,3.9,mid_market_ae
L-012770,webinar,not_decision_maker,5.6,mid_market_ae
L-012771,webinar,not_decision_maker,5.3,mid_market_ae
L-012772,webinar,not_decision_maker,3.2,mid_market_ae
L-012773,webinar,no_budget,2.5,mid_market_ae
L-012774,webinar,wrong_use_case,0.9,mid_market_ae
L-012775,webinar,no_response,8.3,mid_market_ae
L-012776,webinar,student_or_researcher,2.7,mid_market_ae
L-012777,webinar,not_decision_maker,5.5,mid_market_ae
L-012778,webinar,no_budget,3.9,mid_market_ae
L-012779,webinar,no_budget,1.6,mid_market_ae
L-012780,webinar,wrong_use_case,11.9,mid_market_ae
L-012781,webinar,no_budget,5.1,mid_market_ae
L-012782,webinar,wrong_use_case,6.3,mid_market_ae
L-012783,webinar,student_or_researcher,7.8,mid_market_ae
L-012784,webinar,no_budget,6.6,mid_market_ae
L-012785,webinar,student_or_researcher,2.5,mid_market_ae
L-012786,webinar,student_or_researcher,1.1,mid_market_ae
L-012787,webinar,wrong_use_case,8.3,mid_market_ae
L-012788,webinar,not_decision_maker,4.4,mid_market_ae
L-012789,webinar,,4.2,mid_market_ae
L-012790,webinar,student_or_researcher,13.6,mid_market_ae
L-012791,webinar,no_budget,13.7,mid_market_ae
L-012792,webinar,student_or_researcher,4.4,mid_market_ae
L-012793,webinar,student_or_researcher,6.1,mid_market_ae
L-012794,webinar,student_or_researcher,9.4,mid_market_ae
L-012795,webinar,not_decision_maker,5.0,mid_market_ae
L-012796,webinar,student_or_researcher,4.7,mid_market_ae
L-012797,webinar,wrong_use_case,7.4,mid_market_ae
L-012798,webinar,no_budget,4.5,mid_market_ae
L-012799,webinar,student_or_researcher,54.9,unassigned
L-012800,webinar,no_budget,7.1,mid_market_ae
L-012801,webinar,no_budget,3.7,mid_market_ae
L-012802,webinar,not_decision_maker,5.2,mid_market_ae
L-012803,webinar,student_or_researcher,8.3,mid_market_ae
L-012804,webinar,no_budget,3.4,mid_market_ae
L-012805,webinar,student_or_researcher,8.6,mid_market_ae
L-012806,webinar,no_budget,1.3,mid_market_ae
L-012807,webinar,,4.3,mid_market_ae
L-012808,webinar,not_decision_maker,3.3,mid_market_ae
L-012809,webinar,student_or_researcher,9.8,mid_market_ae
L-012810,webinar,not_decision_maker,1.6,mid_market_ae
L-012811,webinar,no_budget,3.4,mid_market_ae
L-012812,webinar,no_budget,3.2,mid_market_ae
L-012813,webinar,no_budget,4.4,mid_market_ae
L-012814,webinar,no_response,14.6,mid_market_ae
L-012815,webinar,no_budget,5.6,mid_market_ae
L-012816,webinar,no_response,7.7,mid_market_ae
L-012817,webinar,no_budget,8.2,mid_market_ae
L-012818,webinar,no_budget,2.5,mid_market_ae
L-012819,webinar,no_budget,15.0,mid_market_ae
L-012820,webinar,not_decision_maker,10.7,mid_market_ae
L-012821,webinar,not_decision_maker,9.5,mid_market_ae
L-012822,webinar,no_budget,4.2,mid_market_ae
L-012823,webinar,no_budget,12.8,mid_market_ae
L-012824,webinar,,5.7,mid_market_ae
L-012825,webinar,,2.7,mid_market_ae
L-012826,webinar,student_or_researcher,12.6,mid_market_ae
L-012827,webinar,duplicate,6.1,mid_market_ae
L-012828,webinar,wrong_use_case,5.0,mid_market_ae
L-012829,webinar,not_decision_maker,5.4,mid_market_ae
L-012830,webinar,student_or_researcher,7.1,mid_market_ae
L-012831,webinar,no_budget,2.6,mid_market_ae
L-012832,webinar,no_response,2.6,mid_market_ae
L-012833,webinar,no_response,6.2,mid_market_ae
L-012834,webinar,not_decision_maker,3.8,mid_market_ae
L-012835,webinar,not_decision_maker,1.6,mid_market_ae
L-012836,webinar,student_or_researcher,1.5,mid_market_ae
L-012837,webinar,not_decision_maker,5.3,mid_market_ae
L-012838,webinar,,7.0,mid_market_ae
L-012839,webinar,,7.2,mid_market_ae
L-012840,webinar,student_or_researcher,3.6,mid_market_ae
L-012841,webinar,,11.0,mid_market_ae
L-012842,webinar,no_budget,2.9,mid_market_ae
L-012843,webinar,no_budget,1.8,mid_market_ae
L-012844,webinar,student_or_researcher,3.3,mid_market_ae
L-012845,webinar,not_decision_maker,6.2,mid_market_ae
L-012846,webinar,no_budget,5.3,mid_market_ae
L-012847,webinar,not_decision_maker,7.6,mid_market_ae
L-012848,webinar,no_response,6.5,mid_market_ae
L-012849,webinar,student_or_researcher,5.9,mid_market_ae
L-012850,webinar,no_budget,4.9,mid_market_ae
L-012851,webinar,not_decision_maker,2.9,mid_market_ae
L-012852,webinar,no_budget,4.9,mid_market_ae
L-012853,webinar,,3.9,mid_market_ae
L-012854,webinar,no_budget,2.5,mid_market_ae
L-012855,webinar,wrong_use_case,1.6,mid_market_ae
L-012856,webinar,,5.2,mid_market_ae
L-012857,webinar,no_response,3.2,mid_market_ae
L-012858,webinar,not_decision_maker,7.6,mid_market_ae
L-012859,webinar,not_decision_maker,9.1,mid_market_ae
L-012860,webinar,student_or_researcher,4.8,mid_market_ae
L-012861,webinar,no_response,6.1,mid_market_ae
L-012862,webinar,student_or_researcher,4.9,mid_market_ae
L-012863,webinar,student_or_researcher,3.6,mid_market_ae
L-012864,webinar,,2.9,mid_market_ae
L-012865,webinar,,1.8,mid_market_ae
L-012866,webinar,wrong_use_case,3.7,mid_market_ae
L-012867,webinar,not_decision_maker,18.7,mid_market_ae
L-012868,webinar,student_or_researcher,2.2,mid_market_ae
L-012869,webinar,duplicate,7.8,mid_market_ae
L-012870,webinar,no_budget,13.5,mid_market_ae
L-012871,webinar,not_decision_maker,80.6,unassigned
L-012872,webinar,not_decision_maker,1.3,mid_market_ae
L-012873,webinar,student_or_researcher,7.1,mid_market_ae
L-012874,webinar,student_or_researcher,12.5,mid_market_ae
L-012875,webinar,wrong_use_case,15.5,mid_market_ae
L-012876,webinar,,4.4,mid_market_ae
L-012877,webinar,wrong_use_case,2.7,mid_market_ae
L-012878,webinar,not_decision_maker,3.6,mid_market_ae
L-012879,webinar,not_decision_maker,8.7,mid_market_ae
L-012880,webinar,duplicate,1.7,mid_market_ae
L-012881,webinar,,2.8,mid_market_ae
L-012882,webinar,no_response,6.5,mid_market_ae
L-012883,webinar,,10.8,mid_market_ae
L-012884,webinar,not_decision_maker,5.2,mid_market_ae
L-012885,webinar,no_budget,1.6,mid_market_ae
L-012886,webinar,no_response,11.9,mid_market_ae
L-012887,webinar,,8.4,mid_market_ae
L-012888,webinar,,4.5,mid_market_ae
L-012889,webinar,no_budget,8.4,mid_market_ae
L-012890,webinar,student_or_researcher,2.6,mid_market_ae
L-012891,webinar,duplicate,2.8,mid_market_ae
L-012892,webinar,student_or_researcher,2.6,mid_market_ae
L-012893,webinar,no_budget,5.4,mid_market_ae
L-012894,webinar,not_decision_maker,15.1,mid_market_ae
L-012895,webinar,no_response,4.4,mid_market_ae
L-012896,webinar,not_decision_maker,94.4,unassigned
L-012897,webinar,wrong_use_case,9.5,mid_market_ae
L-012898,webinar,,5.8,mid_market_ae
L-012899,webinar,duplicate,9.7,mid_market_ae
L-012900,webinar,wrong_use_case,5.8,mid_market_ae
L-012901,webinar,not_decision_maker,9.1,mid_market_ae
L-012902,webinar,no_budget,16.1,mid_market_ae
L-012903,webinar,,4.5,mid_market_ae
L-012904,webinar,,12.1,mid_market_ae
L-012905,webinar,student_or_researcher,2.8,mid_market_ae
L-012906,webinar,student_or_researcher,6.0,mid_market_ae
L-012907,webinar,not_decision_maker,6.0,mid_market_ae
L-012908,webinar,not_decision_maker,92.0,unassigned
L-012909,webinar,no_budget,6.5,mid_market_ae
L-012910,webinar,student_or_researcher,10.3,mid_market_ae
L-012911,webinar,no_budget,12.5,mid_market_ae
L-012912,webinar,no_budget,7.3,mid_market_ae
L-012913,webinar,no_budget,1.3,mid_market_ae
L-012914,webinar,no_budget,3.7,mid_market_ae
L-012915,webinar,no_response,4.0,mid_market_ae
L-012916,webinar,student_or_researcher,2.2,mid_market_ae
L-012917,webinar,not_decision_maker,7.4,mid_market_ae
L-012918,webinar,no_budget,7.3,mid_market_ae
L-012919,webinar,not_decision_maker,10.6,mid_market_ae
L-012920,webinar,student_or_researcher,3.5,mid_market_ae
L-012921,webinar,not_decision_maker,12.9,mid_market_ae
L-012922,webinar,no_budget,3.4,mid_market_ae
L-012923,webinar,no_response,8.1,mid_market_ae
L-012924,webinar,not_decision_maker,11.3,mid_market_ae
L-012925,webinar,student_or_researcher,5.5,mid_market_ae
L-012926,webinar,,23.0,mid_market_ae
L-012927,webinar,no_budget,7.2,mid_market_ae
L-012928,webinar,student_or_researcher,8.5,mid_market_ae
L-012929,webinar,not_decision_maker,2.9,mid_market_ae
L-012930,webinar,not_decision_maker,7.1,mid_market_ae
L-012931,webinar,no_budget,1.9,mid_market_ae
L-012932,webinar,duplicate,4.0,mid_market_ae
L-012933,webinar,no_budget,13.9,mid_market_ae
L-012934,webinar,not_decision_maker,4.6,mid_market_ae
L-012935,webinar,no_budget,2.6,mid_market_ae
L-012936,webinar,student_or_researcher,16.4,mid_market_ae
L-012937,webinar,student_or_researcher,4.8,mid_market_ae
L-012938,webinar,wrong_use_case,3.4,mid_market_ae
L-012939,webinar,no_budget,6.9,mid_market_ae
L-012940,webinar,not_decision_maker,5.1,mid_market_ae
L-012941,webinar,no_budget,2.0,mid_market_ae
L-012942,webinar,student_or_researcher,7.7,mid_market_ae
L-012943,webinar,no_budget,8.2,mid_market_ae
L-012944,webinar,student_or_researcher,1.3,mid_market_ae
L-012945,webinar,no_response,3.7,mid_market_ae
L-012946,webinar,,3.7,mid_market_ae
L-012947,webinar,student_or_researcher,10.3,mid_market_ae
L-012948,webinar,,1.3,mid_market_ae
L-012949,webinar,wrong_use_case,5.3,mid_market_ae
L-012950,webinar,student_or_researcher,4.5,mid_market_ae
L-012951,webinar,no_budget,6.3,mid_market_ae
L-012952,webinar,no_budget,4.3,mid_market_ae
L-012953,webinar,no_budget,4.6,mid_market_ae
L-012954,webinar,,8.0,mid_market_ae
L-012955,webinar,no_budget,6.1,mid_market_ae
L-012956,webinar,no_budget,2.8,mid_market_ae
L-012957,webinar,student_or_researcher,0.8,mid_market_ae
L-012958,webinar,wrong_use_case,1.4,mid_market_ae
L-012959,webinar,duplicate,6.0,mid_market_ae
L-012960,webinar,student_or_researcher,3.7,mid_market_ae
L-012961,webinar,no_response,7.7,mid_market_ae
L-012962,webinar,student_or_researcher,8.6,mid_market_ae
L-012963,webinar,,9.7,mid_market_ae
L-012964,webinar,no_budget,3.7,mid_market_ae
L-012965,webinar,student_or_researcher,1.4,mid_market_ae
L-012966,webinar,,4.1,mid_market_ae
L-012967,webinar,no_response,7.4,mid_market_ae
L-012968,webinar,student_or_researcher,12.4,mid_market_ae
L-012969,webinar,wrong_use_case,9.8,mid_market_ae
L-012970,webinar,not_decision_maker,4.9,mid_market_ae
L-012971,webinar,duplicate,13.7,mid_market_ae
L-012972,webinar,not_decision_maker,5.7,mid_market_ae
L-012973,webinar,no_budget,3.8,mid_market_ae
L-012974,webinar,no_budget,2.7,mid_market_ae
L-012975,webinar,not_decision_maker,2.3,mid_market_ae
L-012976,webinar,not_decision_maker,3.2,mid_market_ae
L-012977,webinar,no_budget,1.5,mid_market_ae
L-012978,webinar,no_budget,3.5,mid_market_ae
L-012979,webinar,wrong_use_case,7.9,mid_market_ae
L-012980,webinar,no_budget,11.2,mid_market_ae
L-012981,webinar,not_decision_maker,4.6,mid_market_ae
L-012982,webinar,student_or_researcher,2.6,mid_market_ae
L-012983,webinar,,2.7,mid_market_ae
L-012984,webinar,no_budget,3.0,mid_market_ae
L-012985,webinar,duplicate,6.3,mid_market_ae
L-012986,webinar,student_or_researcher,5.7,mid_market_ae
L-012987,webinar,student_or_researcher,6.6,mid_market_ae
L-012988,webinar,not_decision_maker,6.1,mid_market_ae
L-012989,webinar,,3.6,mid_market_ae
L-012990,webinar,not_decision_maker,4.5,mid_market_ae
L-012991,webinar,no_budget,4.6,mid_market_ae
L-012992,webinar,student_or_researcher,8.2,mid_market_ae
L-012993,webinar,not_decision_maker,3.3,mid_market_ae
L-012994,webinar,duplicate,4.5,mid_market_ae
L-012995,webinar,student_or_researcher,3.2,mid_market_ae
L-012996,webinar,no_response,4.9,mid_market_ae
L-012997,webinar,wrong_use_case,1.9,mid_market_ae
L-012998,webinar,no_budget,2.1,mid_market_ae
L-012999,webinar,no_budget,1.7,mid_market_ae
L-013000,webinar,not_decision_maker,13.1,mid_market_ae
L-013001,webinar,,4.0,mid_market_ae
L-013002,webinar,not_decision_maker,5.4,mid_market_ae
L-013003,webinar,no_response,2.5,mid_market_ae
L-013004,webinar,student_or_researcher,8.6,mid_market_ae
L-013005,webinar,duplicate,6.5,mid_market_ae
L-013006,webinar,no_response,8.8,mid_market_ae
L-013007,webinar,student_or_researcher,5.1,mid_market_ae
L-013008,webinar,not_decision_maker,7.3,mid_market_ae
L-013009,webinar,no_budget,6.8,mid_market_ae
L-013010,webinar,not_decision_maker,4.0,mid_market_ae
L-013011,webinar,no_budget,5.6,mid_market_ae
L-013012,webinar,no_budget,18.3,mid_market_ae
L-013013,webinar,,5.8,mid_market_ae
L-013014,webinar,wrong_use_case,9.4,mid_market_ae
L-013015,webinar,no_budget,1.9,mid_market_ae
L-013016,webinar,,8.3,mid_market_ae
L-013017,webinar,,4.8,mid_market_ae
L-013018,webinar,no_budget,5.0,mid_market_ae
L-013019,webinar,wrong_use_case,4.2,mid_market_ae
L-013020,webinar,wrong_use_case,4.0,mid_market_ae
L-013021,webinar,wrong_use_case,14.8,mid_market_ae
L-013022,webinar,not_decision_maker,3.3,mid_market_ae
L-013023,webinar,no_budget,4.5,mid_market_ae
L-013024,webinar,no_budget,6.2,mid_market_ae
L-013025,webinar,not_decision_maker,1.7,mid_market_ae
L-013026,webinar,duplicate,5.8,mid_market_ae
L-013027,webinar,not_decision_maker,6.0,mid_market_ae
L-013028,webinar,not_decision_maker,24.5,unassigned
L-013029,webinar,no_budget,2.8,mid_market_ae
L-013030,webinar,no_budget,1.4,mid_market_ae
L-013031,webinar,not_decision_maker,23.2,mid_market_ae
L-013032,webinar,duplicate,3.1,mid_market_ae
L-013033,webinar,no_budget,10.2,mid_market_ae
L-013034,webinar,wrong_use_case,3.9,mid_market_ae
L-013035,webinar,no_budget,12.2,mid_market_ae
L-013036,webinar,no_budget,3.2,mid_market_ae
L-013037,webinar,no_budget,4.4,mid_market_ae
L-013038,webinar,student_or_researcher,3.3,mid_market_ae
L-013039,webinar,not_decision_maker,3.6,mid_market_ae
L-013040,webinar,not_decision_maker,2.8,mid_market_ae
L-013041,webinar,,3.7,mid_market_ae
L-013042,webinar,student_or_researcher,2.2,mid_market_ae
L-013043,webinar,no_budget,7.3,mid_market_ae
L-013044,webinar,student_or_researcher,4.4,mid_market_ae
L-013045,webinar,,2.8,mid_market_ae
L-013046,webinar,no_budget,2.3,mid_market_ae
L-013047,webinar,student_or_researcher,3.3,mid_market_ae
L-013048,webinar,no_response,3.5,mid_market_ae
L-013049,webinar,no_response,5.7,mid_market_ae
L-013050,webinar,no_budget,4.6,mid_market_ae
L-013051,webinar,student_or_researcher,1.3,mid_market_ae
L-013052,webinar,not_decision_maker,2.9,mid_market_ae
L-013053,webinar,not_decision_maker,8.4,mid_market_ae
L-013054,webinar,not_decision_maker,2.0,mid_market_ae
L-013055,webinar,not_decision_maker,5.2,mid_market_ae
L-013056,webinar,,92.5,unassigned
L-013057,webinar,no_response,7.8,mid_market_ae
L-013058,webinar,student_or_researcher,2.9,mid_market_ae
L-013059,webinar,no_budget,8.9,mid_market_ae
L-013060,webinar,student_or_researcher,6.4,mid_market_ae
L-013061,webinar,no_budget,5.0,mid_market_ae
L-013062,webinar,no_budget,11.1,mid_market_ae
L-013063,webinar,no_response,1.7,mid_market_ae
L-013064,webinar,not_decision_maker,10.0,mid_market_ae
L-013065,webinar,student_or_researcher,5.9,mid_market_ae
L-013066,webinar,no_budget,4.4,mid_market_ae
L-013067,webinar,,10.4,mid_market_ae
L-013068,webinar,student_or_researcher,3.9,mid_market_ae
L-013069,webinar,wrong_use_case,4.1,mid_market_ae
L-013070,webinar,not_decision_maker,5.1,mid_market_ae
L-013071,webinar,,9.7,mid_market_ae
L-013072,webinar,no_budget,1.7,mid_market_ae
L-013073,webinar,no_response,7.1,mid_market_ae
L-013074,webinar,no_budget,12.4,mid_market_ae
L-013075,webinar,student_or_researcher,3.6,mid_market_ae
L-013076,webinar,,1.6,mid_market_ae
L-013077,webinar,no_response,4.2,mid_market_ae
L-013078,webinar,,1.9,mid_market_ae
L-013079,webinar,student_or_researcher,3.3,mid_market_ae
L-013080,webinar,student_or_researcher,14.2,mid_market_ae
L-013081,webinar,no_budget,14.2,mid_market_ae
L-013082,webinar,no_budget,8.0,mid_market_ae
L-013083,webinar,wrong_use_case,6.2,mid_market_ae
L-013084,webinar,not_decision_maker,8.0,mid_market_ae
L-013085,webinar,wrong_use_case,8.6,mid_market_ae
L-013086,webinar,no_response,3.0,mid_market_ae
L-013087,webinar,student_or_researcher,11.8,mid_market_ae
L-013088,webinar,no_budget,1.5,mid_market_ae
L-013089,webinar,no_budget,6.7,mid_market_ae
L-013090,webinar,no_budget,2.7,mid_market_ae
L-013091,webinar,not_decision_maker,3.9,mid_market_ae
L-013092,webinar,no_budget,3.0,mid_market_ae
L-013093,webinar,no_budget,5.3,mid_market_ae
L-013094,webinar,student_or_researcher,2.0,mid_market_ae
L-013095,webinar,not_decision_maker,2.6,mid_market_ae
L-013096,webinar,no_response,8.6,mid_market_ae
L-013097,webinar,no_budget,3.3,mid_market_ae
L-013098,webinar,no_budget,5.6,mid_market_ae
L-013099,webinar,student_or_researcher,5.5,mid_market_ae
L-013100,webinar,not_decision_maker,5.2,mid_market_ae
L-013101,webinar,not_decision_maker,4.4,mid_market_ae
L-013102,partner,,11.1,partner_team
L-013103,partner,,35.7,partner_team
L-013104,partner,,28.5,partner_team
L-013105,partner,no_response,34.3,partner_team
L-013106,partner,no_response,11.3,partner_team
L-013107,partner,no_response,15.6,partner_team
L-013108,partner,wrong_use_case,36.4,partner_team
L-013109,partner,,30.3,partner_team
L-013110,partner,,30.4,partner_team
L-013111,partner,not_decision_maker,25.3,partner_team
L-013112,partner,no_response,13.4,partner_team
L-013113,partner,duplicate,26.8,partner_team
L-013114,partner,,21.4,partner_team
L-013115,partner,no_response,14.5,partner_team
L-013116,partner,no_response,14.0,partner_team
L-013117,partner,,21.3,partner_team
L-013118,partner,,18.9,partner_team
L-013119,partner,no_response,16.1,partner_team
L-013120,partner,,19.4,partner_team
L-013121,partner,duplicate,14.7,partner_team
L-013122,partner,,24.0,partner_team
L-013123,partner,no_budget,23.2,partner_team
L-013124,partner,,24.1,partner_team
L-013125,partner,no_response,7.9,partner_team
L-013126,partner,duplicate,12.0,partner_team
L-013127,partner,,12.3,partner_team
L-013128,partner,,9.0,partner_team
L-013129,partner,,40.4,partner_team
L-013130,partner,wrong_use_case,21.7,partner_team
L-013131,partner,too_small,13.7,partner_team
L-013132,partner,,13.9,partner_team
L-013133,partner,,8.8,partner_team
L-013134,partner,no_budget,7.6,partner_team
L-013135,partner,,24.1,partner_team
L-013136,partner,no_budget,67.3,partner_team
L-013137,partner,,29.1,partner_team
L-013138,partner,,19.9,partner_team
L-013139,partner,no_budget,13.0,partner_team
L-013140,partner,competitor_contract,17.5,partner_team
L-013141,partner,,6.8,partner_team
L-013142,partner,not_decision_maker,18.0,partner_team
L-013143,partner,competitor_contract,16.6,partner_team
L-013144,partner,no_response,9.1,partner_team
L-013145,partner,,8.1,partner_team
L-013146,partner,competitor_contract,24.4,partner_team
L-013147,partner,no_budget,9.1,partner_team
L-013148,partner,,52.7,partner_team
L-013149,partner,no_response,8.8,partner_team
L-013150,partner,no_response,29.3,partner_team
L-013151,partner,,7.5,partner_team
L-013152,partner,no_response,23.9,partner_team
L-013153,partner,,13.9,partner_team
L-013154,partner,,16.6,partner_team
L-013155,partner,,22.2,partner_team
L-013156,partner,,12.4,partner_team
L-013157,partner,,29.6,partner_team
L-013158,partner,,25.0,partner_team
L-013159,partner,,11.9,partner_team
L-013160,partner,,10.0,partner_team
L-013161,partner,wrong_use_case,18.3,partner_team
L-013162,partner,,23.4,partner_team
L-013163,partner,no_response,12.7,partner_team
L-013164,partner,,19.7,partner_team
L-013165,partner,,27.9,partner_team
L-013166,partner,,23.7,partner_team
L-013167,partner,,15.0,partner_team
L-013168,partner,no_budget,37.1,partner_team
L-013169,partner,no_response,13.5,partner_team
L-013170,partner,,6.5,partner_team
L-013171,partner,,7.2,partner_team
L-013172,partner,,15.5,partner_team
L-013173,partner,,14.8,partner_team
L-013174,partner,,15.9,partner_team
L-013175,partner,,14.2,partner_team
L-013176,partner,,14.8,partner_team
L-013177,partner,,11.0,partner_team
L-013178,partner,,25.8,partner_team
L-013179,partner,,17.0,partner_team
L-013180,partner,no_response,31.0,partner_team
L-013181,partner,not_decision_maker,21.6,partner_team
L-013182,partner,not_decision_maker,14.2,partner_team
L-013183,partner,,16.3,partner_team
L-013184,partner,no_response,21.0,partner_team
L-013185,partner,,10.6,partner_team
L-013186,partner,too_small,21.4,partner_team
L-013187,partner,,25.2,partner_team
L-013188,partner,too_small,5.6,partner_team
L-013189,partner,duplicate,11.5,partner_team
L-013190,partner,no_response,26.7,partner_team
L-013191,partner,duplicate,22.9,partner_team
L-013192,partner,,16.8,partner_team
L-013193,partner,,19.6,partner_team
L-013194,partner,duplicate,18.3,partner_team
L-013195,partner,,36.6,partner_team
L-013196,partner,not_decision_maker,9.8,partner_team
L-013197,partner,,31.6,partner_team
L-013198,partner,,22.5,partner_team
L-013199,partner,no_budget,36.5,partner_team
L-013200,partner,competitor_contract,26.6,partner_team
L-013201,partner,,23.8,partner_team
L-013202,partner,no_response,18.5,partner_team
L-013203,partner,,18.2,partner_team
L-013204,partner,,44.0,partner_team
L-013205,partner,not_decision_maker,9.3,partner_team
L-013206,partner,wrong_use_case,12.7,partner_team
L-013207,partner,,30.7,partner_team
L-013208,partner,competitor_contract,26.0,partner_team
L-013209,partner,,52.8,partner_team
L-013210,partner,,14.3,partner_team
L-013211,partner,,20.1,partner_team
L-013212,partner,,36.2,partner_team
L-013213,partner,,24.3,partner_team
L-013214,partner,not_decision_maker,36.4,partner_team
L-013215,partner,,14.0,partner_team
L-013216,partner,,25.7,partner_team
L-013217,partner,wrong_use_case,24.9,partner_team
L-013218,partner,wrong_use_case,17.4,partner_team
L-013219,partner,,17.9,partner_team
L-013220,partner,too_small,31.9,partner_team
L-013221,partner,duplicate,18.4,partner_team
L-013222,partner,,12.3,partner_team
L-013223,partner,,31.0,partner_team
L-013224,partner,,20.6,partner_team
L-013225,partner,competitor_contract,14.5,partner_team
L-013226,partner,,29.5,partner_team
L-013227,partner,,10.8,partner_team
L-013228,partner,no_response,17.0,partner_team
L-013229,partner,not_decision_maker,16.9,partner_team
L-013230,partner,too_small,47.8,partner_team
L-013231,partner,duplicate,41.1,partner_team
L-013232,partner,,16.6,partner_team
L-013233,partner,no_response,38.8,partner_team
L-013234,partner,,19.1,partner_team
L-013235,partner,,28.2,partner_team
L-013236,partner,no_response,15.4,partner_team
L-013237,partner,no_response,39.7,partner_team
L-013238,partner,,47.3,partner_team
L-013239,partner,,17.4,partner_team
L-013240,partner,wrong_use_case,28.8,partner_team
L-013241,partner,,55.9,partner_team
L-013242,partner,,40.8,partner_team
L-013243,partner,no_response,18.8,partner_team
L-013244,partner,,11.3,partner_team
L-013245,partner,,41.2,partner_team
L-013246,partner,no_response,13.3,partner_team
L-013247,partner,,15.8,partner_team
L-013248,partner,no_budget,19.8,partner_team
L-013249,partner,,12.9,partner_team
L-013250,partner,not_decision_maker,51.6,partner_team
L-013251,partner,too_small,18.8,partner_team
L-013252,partner,,13.8,partner_team
L-013253,partner,duplicate,40.0,partner_team
L-013254,partner,no_response,18.5,partner_team
L-013255,partner,,14.1,partner_team
L-013256,partner,no_response,15.7,partner_team
L-013257,partner,,22.2,partner_team
L-013258,partner,no_response,32.8,partner_team
L-013259,partner,,58.8,partner_team
L-013260,partner,no_response,37.5,partner_team
L-013261,partner,,22.9,partner_team
L-013262,partner,no_response,36.9,partner_team
L-013263,partner,no_budget,33.0,partner_team
L-013264,partner,,21.3,partner_team
L-013265,partner,,13.9,partner_team
L-013266,partner,,17.2,partner_team
L-013267,partner,,22.6,partner_team
L-013268,partner,,24.7,partner_team
L-013269,partner,,26.1,partner_team
L-013270,partner,too_small,5.9,partner_team
L-013271,partner,,22.0,partner_team
L-013272,partner,no_budget,36.1,partner_team
L-013273,partner,too_small,33.2,partner_team
L-013274,partner,too_small,10.2,partner_team
L-013275,partner,no_response,26.0,partner_team
L-013276,partner,,25.0,partner_team
L-013277,partner,too_small,19.2,partner_team
L-013278,partner,wrong_use_case,20.9,partner_team
L-013279,partner,too_small,29.9,partner_team
L-013280,partner,not_decision_maker,8.5,partner_team
L-013281,partner,,25.5,partner_team
L-013282,partner,,20.5,partner_team
L-013283,partner,,28.0,partner_team
L-013284,partner,duplicate,17.1,partner_team
L-013285,partner,,17.0,partner_team
L-013286,partner,no_response,17.9,partner_team
L-013287,partner,,12.2,partner_team
L-013288,partner,,16.4,partner_team
L-013289,partner,wrong_use_case,20.8,partner_team
L-013290,partner,wrong_use_case,22.5,partner_team
L-013291,partner,,9.1,partner_team
L-013292,partner,,9.5,partner_team
L-013293,partner,,24.6,partner_team
L-013294,partner,,15.9,partner_team
L-013295,partner,,26.5,partner_team
L-013296,partner,not_decision_maker,13.4,partner_team
L-013297,partner,,52.8,partner_team
L-013298,partner,no_budget,29.0,partner_team
L-013299,partner,no_response,37.6,partner_team
L-013300,partner,,18.3,partner_team
L-013301,partner,wrong_use_case,18.1,partner_team
L-013302,partner,,33.0,partner_team
L-013303,partner,,12.5,partner_team
L-013304,partner,,23.2,partner_team
L-013305,partner,,28.1,partner_team
L-013306,partner,no_response,9.6,partner_team
L-013307,partner,,17.8,partner_team
L-013308,partner,no_response,20.6,partner_team
L-013309,partner,not_decision_maker,31.1,partner_team
L-013310,partner,,11.2,partner_team
L-013311,partner,not_decision_maker,16.2,partner_team
L-013312,partner,,23.2,partner_team
L-013313,partner,,35.3,partner_team
L-013314,partner,no_response,33.3,partner_team
L-013315,partner,no_response,32.4,partner_team
L-013316,partner,no_budget,29.9,partner_team
L-013317,partner,competitor_contract,16.2,partner_team
L-013318,partner,no_budget,10.7,partner_team
L-013319,partner,,13.4,partner_team
L-013320,partner,not_decision_maker,27.3,partner_team
L-013321,partner,wrong_use_case,8.9,partner_team
L-013322,partner,no_response,50.4,partner_team
L-013323,partner,no_response,8.0,partner_team
L-013324,email,no_budget,6.0,smb_sdr
L-013325,email,,7.6,smb_sdr
L-013326,email,too_small,4.8,smb_sdr
L-013327,email,no_response,6.2,smb_sdr
L-013328,email,,11.7,smb_sdr
L-013329,email,wrong_use_case,1.4,smb_sdr
L-013330,email,no_response,11.9,smb_sdr
L-013331,email,wrong_use_case,2.5,smb_sdr
L-013332,email,no_response,3.7,smb_sdr
L-013333,email,no_budget,4.5,smb_sdr
L-013334,email,,1.8,smb_sdr
L-013335,email,,3.7,smb_sdr
L-013336,email,duplicate,7.0,smb_sdr
L-013337,email,no_budget,10.2,smb_sdr
L-013338,email,,6.0,smb_sdr
L-013339,email,not_decision_maker,3.2,smb_sdr
L-013340,email,,3.6,smb_sdr
L-013341,email,no_response,5.6,smb_sdr
L-013342,email,no_response,2.8,smb_sdr
L-013343,email,duplicate,3.9,smb_sdr
L-013344,email,no_response,56.3,unassigned
L-013345,email,not_decision_maker,1.4,smb_sdr
L-013346,email,too_small,2.7,smb_sdr
L-013347,email,no_budget,2.1,smb_sdr
L-013348,email,no_response,13.9,smb_sdr
L-013349,email,,2.1,smb_sdr
L-013350,email,,6.6,smb_sdr
L-013351,email,wrong_use_case,7.7,smb_sdr
L-013352,email,no_response,6.7,smb_sdr
L-013353,email,,2.2,smb_sdr
L-013354,email,too_small,1.9,smb_sdr
L-013355,email,no_budget,3.2,smb_sdr
L-013356,email,,9.2,smb_sdr
L-013357,email,,15.4,smb_sdr
L-013358,email,,2.9,smb_sdr
L-013359,email,,15.3,smb_sdr
L-013360,email,,6.9,smb_sdr
L-013361,email,too_small,5.3,smb_sdr
L-013362,email,,17.7,smb_sdr
L-013363,email,not_decision_maker,9.9,smb_sdr
L-013364,email,,8.4,smb_sdr
L-013365,email,duplicate,2.1,smb_sdr
L-013366,email,too_small,2.7,smb_sdr
L-013367,email,,13.5,smb_sdr
L-013368,email,too_small,5.6,smb_sdr
L-013369,email,no_budget,8.7,smb_sdr
L-013370,email,not_decision_maker,3.5,smb_sdr
L-013371,email,no_response,3.0,smb_sdr
L-013372,email,,5.7,smb_sdr
L-013373,email,,6.1,smb_sdr
L-013374,email,no_response,3.9,smb_sdr
L-013375,email,too_small,6.5,smb_sdr
L-013376,email,no_budget,34.2,smb_sdr
L-013377,email,,15.8,smb_sdr
L-013378,email,no_budget,1.8,smb_sdr
L-013379,email,too_small,7.7,smb_sdr
L-013380,email,,6.6,smb_sdr
L-013381,email,,7.3,smb_sdr
L-013382,email,wrong_use_case,3.2,smb_sdr
L-013383,email,duplicate,6.3,smb_sdr
L-013384,email,,3.2,smb_sdr
L-013385,email,,2.7,smb_sdr
L-013386,email,no_budget,10.5,smb_sdr
L-013387,email,no_budget,9.9,smb_sdr
L-013388,email,,6.0,smb_sdr
L-013389,email,competitor_contract,5.6,smb_sdr
L-013390,email,competitor_contract,3.8,smb_sdr
L-013391,email,no_budget,1.6,smb_sdr
L-013392,email,,6.5,smb_sdr
L-013393,email,no_response,4.7,smb_sdr
L-013394,email,no_response,12.9,smb_sdr
L-013395,email,,9.2,smb_sdr
L-013396,email,,3.9,smb_sdr
L-013397,email,not_decision_maker,7.7,smb_sdr
L-013398,email,no_response,12.5,smb_sdr
L-013399,email,no_response,7.9,smb_sdr
L-013400,email,,9.0,smb_sdr
L-013401,email,no_budget,9.0,smb_sdr
L-013402,email,no_response,6.6,smb_sdr
L-013403,email,,6.3,smb_sdr
L-013404,email,,3.0,smb_sdr
L-013405,email,,5.6,smb_sdr
L-013406,email,,9.3,smb_sdr
L-013407,email,competitor_contract,5.3,smb_sdr
L-013408,email,,4.2,smb_sdr
L-013409,email,,3.2,smb_sdr
L-013410,email,not_decision_maker,7.1,smb_sdr
L-013411,email,no_budget,3.5,smb_sdr
L-013412,email,too_small,3.5,smb_sdr
L-013413,email,no_response,7.2,smb_sdr
L-013414,email,not_decision_maker,11.8,smb_sdr
L-013415,email,no_response,7.7,smb_sdr
L-013416,email,duplicate,10.0,smb_sdr
L-013417,email,,10.2,smb_sdr
L-013418,email,,18.3,smb_sdr
L-013419,email,wrong_use_case,4.8,smb_sdr
L-013420,email,,9.5,smb_sdr
L-013421,email,,5.0,smb_sdr
L-013422,email,no_response,2.3,smb_sdr
L-013423,email,,1.1,smb_sdr
L-013424,email,,3.8,smb_sdr
L-013425,email,too_small,8.5,smb_sdr
L-013426,email,not_decision_maker,6.6,smb_sdr
L-013427,email,,1.1,smb_sdr
L-013428,email,,2.6,smb_sdr
L-013429,email,,9.2,smb_sdr
L-013430,email,no_budget,5.1,smb_sdr
L-013431,email,,5.9,smb_sdr
L-013432,email,,3.0,smb_sdr
L-013433,email,duplicate,7.2,smb_sdr
L-013434,email,,2.4,smb_sdr
L-013435,email,no_response,3.0,smb_sdr
L-013436,email,,7.3,smb_sdr
L-013437,email,,7.1,smb_sdr
L-013438,email,,6.4,smb_sdr
L-013439,email,not_decision_maker,7.0,smb_sdr
L-013440,email,no_response,3.6,smb_sdr
L-013441,email,no_response,1.9,smb_sdr
L-013442,email,wrong_use_case,3.7,smb_sdr
L-013443,email,,3.2,smb_sdr
L-013444,email,not_decision_maker,7.2,smb_sdr
L-013445,email,duplicate,1.8,smb_sdr
L-013446,email,no_response,4.9,smb_sdr
L-013447,email,,3.8,smb_sdr
L-013448,email,,2.7,smb_sdr
L-013449,email,wrong_use_case,2.3,smb_sdr
L-013450,email,not_decision_maker,2.0,smb_sdr
L-013451,email,no_response,2.6,smb_sdr
L-013452,email,too_small,4.5,smb_sdr
L-013453,email,,12.5,smb_sdr
L-013454,email,,4.0,smb_sdr
L-013455,email,duplicate,5.4,smb_sdr
L-013456,email,,9.2,smb_sdr
L-013457,email,no_budget,10.2,smb_sdr
L-013458,email,no_budget,10.9,smb_sdr
L-013459,email,,7.2,smb_sdr
L-013460,email,,5.8,smb_sdr
L-013461,email,,5.5,smb_sdr
L-013462,email,competitor_contract,2.8,smb_sdr
L-013463,email,wrong_use_case,11.7,smb_sdr
L-013464,email,not_decision_maker,6.1,smb_sdr
L-013465,email,competitor_contract,9.8,smb_sdr
L-013466,email,too_small,51.3,unassigned
L-013467,email,,2.5,smb_sdr
L-013468,email,,40.5,smb_sdr
L-013469,email,,3.8,smb_sdr
L-013470,email,competitor_contract,2.5,smb_sdr
L-013471,email,,12.9,smb_sdr
L-013472,email,,4.3,smb_sdr
L-013473,email,too_small,4.4,smb_sdr
L-013474,email,competitor_contract,2.8,smb_sdr
L-013475,email,too_small,12.3,smb_sdr
L-013476,email,no_response,6.1,smb_sdr
L-013477,email,not_decision_maker,1.6,smb_sdr
L-013478,email,no_response,10.8,smb_sdr
L-013479,email,,9.5,smb_sdr
L-013480,email,,6.6,smb_sdr
L-013481,email,,8.3,smb_sdr
L-013482,email,wrong_use_case,12.3,smb_sdr
L-013483,email,no_response,2.0,smb_sdr
L-013484,email,no_budget,8.5,smb_sdr
L-013485,email,no_response,8.9,smb_sdr
L-013486,email,too_small,3.3,smb_sdr
L-013487,email,,2.6,smb_sdr
L-013488,email,not_decision_maker,3.9,smb_sdr
L-013489,email,wrong_use_case,3.4,smb_sdr
L-013490,email,,2.7,smb_sdr
L-013491,email,wrong_use_case,2.7,smb_sdr
L-013492,email,no_budget,5.1,smb_sdr
L-013493,email,not_decision_maker,3.1,smb_sdr
L-013494,email,duplicate,3.5,smb_sdr
L-013495,email,,5.3,smb_sdr
L-013496,email,no_response,6.2,smb_sdr
L-013497,email,,6.2,smb_sdr
L-013498,email,,5.4,smb_sdr
L-013499,email,duplicate,2.1,smb_sdr
L-013500,email,not_decision_maker,4.9,smb_sdr
L-013501,email,no_budget,4.5,smb_sdr
L-013502,email,,6.5,smb_sdr
L-013503,email,too_small,2.2,smb_sdr
L-013504,email,no_response,3.0,smb_sdr
L-013505,email,no_response,3.6,smb_sdr
L-013506,email,no_response,3.3,smb_sdr
L-013507,email,no_response,3.9,smb_sdr
L-013508,email,,4.0,smb_sdr
L-013509,email,no_budget,1.8,smb_sdr
L-013510,email,not_decision_maker,5.4,smb_sdr
L-013511,email,duplicate,1.4,smb_sdr
L-013512,email,too_small,9.6,smb_sdr
L-013513,email,no_response,3.4,smb_sdr
L-013514,email,too_small,3.2,smb_sdr
L-013515,email,not_decision_maker,7.8,smb_sdr
L-013516,email,not_decision_maker,6.1,smb_sdr
L-013517,email,no_response,3.6,smb_sdr
L-013518,email,too_small,2.1,smb_sdr
L-013519,email,wrong_use_case,4.1,smb_sdr
L-013520,email,,5.5,smb_sdr
L-013521,email,,2.6,mid_market_ae
L-013522,email,not_decision_maker,4.6,mid_market_ae
L-013523,email,not_decision_maker,3.9,mid_market_ae
L-013524,email,,6.1,mid_market_ae
L-013525,email,no_response,3.5,mid_market_ae
L-013526,email,no_response,6.7,mid_market_ae
L-013527,email,,5.0,mid_market_ae
L-013528,email,duplicate,5.5,mid_market_ae
L-013529,email,,3.7,mid_market_ae
L-013530,email,duplicate,4.0,mid_market_ae
L-013531,email,not_decision_maker,2.3,mid_market_ae
L-013532,email,,6.8,mid_market_ae
L-013533,email,not_decision_maker,2.0,mid_market_ae
L-013534,email,,11.5,mid_market_ae
L-013535,email,duplicate,1.2,mid_market_ae
L-013536,email,too_small,6.6,mid_market_ae
L-013537,email,,5.7,mid_market_ae
L-013538,email,not_decision_maker,6.8,mid_market_ae
L-013539,email,no_budget,1.0,mid_market_ae
L-013540,email,no_response,2.6,mid_market_ae
L-013541,email,,8.5,mid_market_ae
L-013542,email,too_small,5.5,mid_market_ae
L-013543,email,no_response,2.7,mid_market_ae
L-013544,email,duplicate,17.7,mid_market_ae
L-013545,email,no_response,5.1,mid_market_ae
L-013546,email,not_decision_maker,2.5,mid_market_ae
L-013547,email,,6.6,mid_market_ae
L-013548,email,too_small,21.2,mid_market_ae
L-013549,email,too_small,3.5,mid_market_ae
L-013550,email,no_response,4.3,mid_market_ae
L-013551,email,too_small,2.0,mid_market_ae
L-013552,email,not_decision_maker,5.3,mid_market_ae
L-013553,email,,12.0,mid_market_ae
L-013554,email,wrong_use_case,3.4,mid_market_ae
L-013555,email,not_decision_maker,6.2,mid_market_ae
L-013556,email,too_small,7.9,mid_market_ae
L-013557,email,,3.4,mid_market_ae
L-013558,email,competitor_contract,1.9,mid_market_ae
L-013559,email,no_budget,8.5,mid_market_ae
L-013560,email,not_decision_maker,6.8,mid_market_ae
L-013561,email,too_small,14.0,mid_market_ae
L-013562,email,,2.2,mid_market_ae
L-013563,email,,5.1,mid_market_ae
L-013564,email,,42.8,unassigned
L-013565,email,no_response,6.6,mid_market_ae
L-013566,email,too_small,9.5,mid_market_ae
L-013567,email,wrong_use_case,2.7,mid_market_ae
L-013568,email,,4.0,mid_market_ae
L-013569,email,,1.4,mid_market_ae
L-013570,email,,22.5,mid_market_ae
L-013571,email,no_budget,2.3,mid_market_ae
L-013572,email,wrong_use_case,4.6,mid_market_ae
L-013573,email,no_response,5.7,mid_market_ae
L-013574,email,no_response,2.6,mid_market_ae
L-013575,email,,1.6,mid_market_ae
L-013576,email,too_small,4.7,mid_market_ae
L-013577,email,duplicate,7.3,mid_market_ae
L-013578,email,no_budget,3.7,mid_market_ae
L-013579,email,wrong_use_case,5.9,mid_market_ae
L-013580,email,duplicate,7.1,mid_market_ae
L-013581,email,no_response,5.5,mid_market_ae
L-013582,email,,9.5,mid_market_ae
L-013583,email,,4.5,mid_market_ae
L-013584,email,,6.2,mid_market_ae
L-013585,email,too_small,3.2,mid_market_ae
L-013586,email,not_decision_maker,7.5,mid_market_ae
L-013587,email,,4.8,mid_market_ae
L-013588,email,,4.7,mid_market_ae
L-013589,email,,14.3,mid_market_ae
L-013590,email,too_small,8.6,mid_market_ae
L-013591,email,no_response,23.2,mid_market_ae
L-013592,email,,3.9,mid_market_ae
L-013593,email,,4.1,mid_market_ae
L-013594,email,no_response,3.4,mid_market_ae
L-013595,email,no_response,7.4,mid_market_ae
L-013596,email,duplicate,4.9,mid_market_ae
L-013597,email,,4.2,mid_market_ae
L-013598,email,no_response,13.1,mid_market_ae
L-013599,email,competitor_contract,6.7,mid_market_ae
L-013600,email,,12.9,mid_market_ae
L-013601,email,,4.3,mid_market_ae
L-013602,paid_search,,9.1,smb_sdr
L-013603,paid_search,not_decision_maker,4.9,smb_sdr
L-013604,paid_search,duplicate,8.2,smb_sdr
L-013605,paid_search,duplicate,3.8,smb_sdr
L-013606,paid_search,,4.0,smb_sdr
L-013607,paid_search,,7.1,smb_sdr
L-013608,paid_search,,5.6,smb_sdr
L-013609,paid_search,,4.5,smb_sdr
L-013610,paid_search,,3.2,smb_sdr
L-013611,paid_search,,5.5,smb_sdr
L-013612,paid_search,,6.4,smb_sdr
L-013613,paid_search,,3.3,smb_sdr
L-013614,paid_search,duplicate,4.9,smb_sdr
L-013615,paid_search,no_budget,9.8,smb_sdr
L-013616,paid_search,no_response,14.9,smb_sdr
L-013617,paid_search,not_decision_maker,1.3,smb_sdr
L-013618,paid_search,no_response,5.7,smb_sdr
L-013619,paid_search,,7.8,smb_sdr
L-013620,paid_search,,2.2,smb_sdr
L-013621,paid_search,,4.1,smb_sdr
L-013622,paid_search,no_response,9.4,smb_sdr
L-013623,paid_search,not_decision_maker,3.8,smb_sdr
L-013624,paid_search,,11.3,smb_sdr
L-013625,paid_search,too_small,4.9,smb_sdr
L-013626,paid_search,wrong_use_case,11.8,smb_sdr
L-013627,paid_search,no_response,5.4,smb_sdr
L-013628,paid_search,,7.1,smb_sdr
L-013629,paid_search,,3.2,smb_sdr
L-013630,paid_search,not_decision_maker,6.0,smb_sdr
L-013631,paid_search,,9.5,smb_sdr
L-013632,paid_search,,12.6,smb_sdr
L-013633,paid_search,,7.1,smb_sdr
L-013634,paid_search,no_response,6.7,smb_sdr
L-013635,paid_search,,5.0,smb_sdr
L-013636,paid_search,,4.2,smb_sdr
L-013637,paid_search,no_response,4.7,smb_sdr
L-013638,paid_search,too_small,5.3,smb_sdr
L-013639,paid_search,not_decision_maker,6.0,smb_sdr
L-013640,paid_search,,4.3,smb_sdr
L-013641,paid_search,no_budget,3.8,smb_sdr
L-013642,paid_search,no_budget,9.6,smb_sdr
L-013643,paid_search,,6.9,smb_sdr
L-013644,paid_search,,2.3,smb_sdr
L-013645,paid_search,wrong_use_case,2.6,smb_sdr
L-013646,paid_search,no_response,5.7,smb_sdr
L-013647,paid_search,,3.5,smb_sdr
L-013648,paid_search,no_budget,5.3,smb_sdr
L-013649,paid_search,,2.3,smb_sdr
L-013650,paid_search,,2.7,smb_sdr
L-013651,paid_search,,6.1,smb_sdr
L-013652,paid_search,not_decision_maker,7.2,smb_sdr
L-013653,paid_search,,4.0,smb_sdr
L-013654,paid_search,competitor_contract,2.5,smb_sdr
L-013655,paid_search,,2.6,smb_sdr
L-013656,paid_search,no_response,3.2,smb_sdr
L-013657,paid_search,,2.5,smb_sdr
L-013658,paid_search,,3.4,smb_sdr
L-013659,paid_search,,9.1,smb_sdr
L-013660,paid_search,no_response,6.9,smb_sdr
L-013661,paid_search,,1.3,smb_sdr
L-013662,paid_search,,6.8,smb_sdr
L-013663,paid_search,wrong_use_case,4.0,smb_sdr
L-013664,paid_search,no_response,6.0,smb_sdr
L-013665,paid_search,duplicate,4.9,smb_sdr
L-013666,paid_search,not_decision_maker,12.6,smb_sdr
L-013667,paid_search,,11.8,smb_sdr
L-013668,paid_search,,2.8,smb_sdr
L-013669,paid_search,too_small,9.1,smb_sdr
L-013670,paid_search,no_response,2.8,smb_sdr
L-013671,paid_search,no_response,2.0,smb_sdr
L-013672,paid_search,no_response,6.1,smb_sdr
L-013673,paid_search,,10.3,smb_sdr
L-013674,paid_search,,15.9,smb_sdr
L-013675,paid_search,,2.1,smb_sdr
L-013676,paid_search,duplicate,6.5,smb_sdr
L-013677,paid_search,,9.7,smb_sdr
L-013678,paid_search,not_decision_maker,9.4,smb_sdr
L-013679,paid_search,wrong_use_case,27.4,smb_sdr
L-013680,paid_search,,4.5,smb_sdr
L-013681,paid_search,wrong_use_case,1.8,smb_sdr
L-013682,paid_search,competitor_contract,3.6,smb_sdr
L-013683,paid_search,,5.9,smb_sdr
L-013684,paid_search,no_budget,4.3,smb_sdr
L-013685,paid_search,,4.4,smb_sdr
L-013686,paid_search,,11.5,smb_sdr
L-013687,paid_search,,10.1,smb_sdr
L-013688,paid_search,,6.7,smb_sdr
L-013689,paid_search,no_response,19.4,smb_sdr
L-013690,paid_search,no_response,2.4,smb_sdr
L-013691,paid_search,no_budget,4.7,smb_sdr
L-013692,paid_search,no_response,6.4,smb_sdr
L-013693,paid_search,,6.8,smb_sdr
L-013694,paid_search,,2.4,smb_sdr
L-013695,paid_search,not_decision_maker,2.7,smb_sdr
L-013696,paid_search,wrong_use_case,6.3,smb_sdr
L-013697,paid_search,no_response,4.0,smb_sdr
L-013698,paid_search,,4.2,smb_sdr
L-013699,paid_search,competitor_contract,5.8,smb_sdr
L-013700,paid_search,too_small,4.5,smb_sdr
L-013701,paid_search,duplicate,2.8,smb_sdr
L-013702,paid_search,competitor_contract,9.2,smb_sdr
L-013703,paid_search,not_decision_maker,6.6,smb_sdr
L-013704,paid_search,too_small,1.8,smb_sdr
L-013705,paid_search,,18.4,smb_sdr
L-013706,paid_search,,6.6,smb_sdr
L-013707,paid_search,no_response,2.4,smb_sdr
L-013708,paid_search,no_response,2.8,smb_sdr
L-013709,paid_search,,7.3,smb_sdr
L-013710,paid_search,no_budget,4.8,smb_sdr
L-013711,paid_search,,15.1,smb_sdr
L-013712,paid_search,no_response,4.0,smb_sdr
L-013713,paid_search,duplicate,5.8,smb_sdr
L-013714,paid_search,not_decision_maker,9.5,smb_sdr
L-013715,paid_search,,3.3,smb_sdr
L-013716,paid_search,,3.3,smb_sdr
L-013717,paid_search,,15.9,smb_sdr
L-013718,paid_search,not_decision_maker,4.5,smb_sdr
L-013719,paid_search,too_small,8.1,smb_sdr
L-013720,paid_search,no_response,2.8,smb_sdr
L-013721,paid_search,,4.1,smb_sdr
L-013722,paid_search,no_response,5.8,smb_sdr
L-013723,paid_search,no_response,3.3,smb_sdr
L-013724,paid_search,not_decision_maker,4.1,smb_sdr
L-013725,paid_search,no_budget,3.8,smb_sdr
L-013726,paid_search,no_response,5.9,smb_sdr
L-013727,paid_search,,8.0,smb_sdr
L-013728,paid_search,no_budget,9.3,smb_sdr
L-013729,paid_search,,5.0,smb_sdr
L-013730,paid_search,no_budget,2.1,smb_sdr
L-013731,paid_search,,9.8,smb_sdr
L-013732,paid_search,no_response,14.3,smb_sdr
L-013733,paid_search,too_small,3.0,smb_sdr
L-013734,paid_search,competitor_contract,4.6,smb_sdr
L-013735,paid_search,wrong_use_case,3.5,smb_sdr
L-013736,paid_search,,4.0,smb_sdr
L-013737,paid_search,not_decision_maker,11.6,smb_sdr
L-013738,paid_search,wrong_use_case,12.1,smb_sdr
L-013739,paid_search,no_response,16.1,smb_sdr
L-013740,paid_search,,2.4,smb_sdr
L-013741,paid_search,,9.9,smb_sdr
L-013742,paid_search,,1.8,smb_sdr
L-013743,paid_search,no_response,5.9,smb_sdr
L-013744,paid_search,too_small,9.8,smb_sdr
L-013745,paid_search,,44.9,unassigned
L-013746,paid_search,,4.4,smb_sdr
L-013747,paid_search,,2.3,smb_sdr
L-013748,paid_search,no_budget,2.1,smb_sdr
L-013749,paid_search,,12.0,smb_sdr
L-013750,paid_search,no_budget,2.6,smb_sdr
L-013751,paid_search,no_response,10.5,smb_sdr
L-013752,paid_search,no_budget,3.7,smb_sdr
L-013753,paid_search,too_small,5.3,smb_sdr
L-013754,paid_search,no_response,7.3,smb_sdr
L-013755,paid_search,,6.5,smb_sdr
L-013756,paid_search,,5.6,smb_sdr
L-013757,paid_search,,3.0,smb_sdr
L-013758,paid_search,not_decision_maker,9.0,smb_sdr
L-013759,paid_search,,2.0,smb_sdr
L-013760,paid_search,competitor_contract,14.4,smb_sdr
L-013761,paid_search,no_response,6.4,smb_sdr
L-013762,paid_search,too_small,4.5,smb_sdr
L-013763,paid_search,,5.6,smb_sdr
L-013764,paid_search,wrong_use_case,5.3,smb_sdr
L-013765,paid_search,too_small,5.1,smb_sdr
L-013766,paid_search,wrong_use_case,4.7,smb_sdr
L-013767,paid_search,not_decision_maker,2.9,smb_sdr
L-013768,paid_search,duplicate,4.5,smb_sdr
L-013769,paid_search,competitor_contract,6.3,smb_sdr
L-013770,paid_search,no_response,9.1,smb_sdr
L-013771,paid_search,no_budget,8.7,smb_sdr
L-013772,paid_search,too_small,2.0,smb_sdr
L-013773,paid_search,,5.3,smb_sdr
L-013774,paid_search,no_budget,4.7,smb_sdr
L-013775,paid_search,,2.7,smb_sdr
L-013776,paid_search,no_budget,64.8,unassigned
L-013777,paid_search,no_response,3.1,smb_sdr
L-013778,paid_search,wrong_use_case,4.5,smb_sdr
L-013779,paid_search,,8.9,smb_sdr
L-013780,paid_search,too_small,3.1,smb_sdr
L-013781,paid_search,,4.5,smb_sdr
L-013782,paid_search,duplicate,6.1,smb_sdr
L-013783,paid_search,no_budget,8.6,smb_sdr
L-013784,paid_search,no_response,4.6,smb_sdr
L-013785,paid_search,no_response,3.3,smb_sdr
L-013786,paid_search,,7.1,smb_sdr
L-013787,paid_search,,4.9,smb_sdr
L-013788,paid_search,,3.4,smb_sdr
L-013789,paid_search,duplicate,7.1,smb_sdr
L-013790,paid_search,,7.0,smb_sdr
L-013791,paid_search,no_response,4.8,smb_sdr
L-013792,paid_search,,5.4,smb_sdr
L-013793,paid_search,no_response,1.6,smb_sdr
L-013794,paid_search,,3.2,smb_sdr
L-013795,paid_search,no_budget,63.0,unassigned
L-013796,paid_search,competitor_contract,3.2,smb_sdr
L-013797,paid_search,not_decision_maker,5.7,smb_sdr
L-013798,paid_search,duplicate,5.4,smb_sdr
L-013799,paid_search,,8.1,smb_sdr
L-013800,paid_search,no_response,48.1,unassigned
L-013801,paid_search,too_small,0.8,smb_sdr
L-013802,paid_search,,4.3,smb_sdr
L-013803,paid_search,no_budget,2.6,smb_sdr
L-013804,paid_search,wrong_use_case,5.9,smb_sdr
L-013805,paid_search,wrong_use_case,4.1,smb_sdr
L-013806,paid_search,not_decision_maker,8.6,smb_sdr
L-013807,paid_search,,5.6,smb_sdr
L-013808,paid_search,,10.6,smb_sdr
L-013809,paid_search,,4.7,smb_sdr
L-013810,paid_search,no_response,13.4,smb_sdr
L-013811,paid_search,competitor_contract,1.7,smb_sdr
L-013812,paid_search,not_decision_maker,3.2,smb_sdr
L-013813,paid_search,,3.9,smb_sdr
L-013814,paid_search,no_response,3.2,smb_sdr
L-013815,paid_search,,1.7,smb_sdr
L-013816,paid_search,no_response,8.0,smb_sdr
L-013817,paid_search,no_response,7.0,smb_sdr
L-013818,paid_search,too_small,4.4,smb_sdr
L-013819,paid_search,,5.7,smb_sdr
L-013820,paid_search,competitor_contract,2.9,smb_sdr
L-013821,paid_search,,6.2,smb_sdr
L-013822,paid_search,no_response,9.3,smb_sdr
L-013823,paid_search,,1.6,smb_sdr
L-013824,paid_search,no_budget,5.3,smb_sdr
L-013825,paid_search,,5.1,smb_sdr
L-013826,paid_search,,11.5,smb_sdr
L-013827,paid_search,wrong_use_case,16.3,smb_sdr
L-013828,paid_search,no_response,3.2,smb_sdr
L-013829,paid_search,no_response,4.4,smb_sdr
L-013830,paid_search,not_decision_maker,9.0,smb_sdr
L-013831,paid_search,no_budget,2.7,smb_sdr
L-013832,paid_search,no_budget,5.7,smb_sdr
L-013833,paid_search,too_small,17.6,smb_sdr
L-013834,paid_search,,5.6,smb_sdr
L-013835,paid_search,no_response,5.2,smb_sdr
L-013836,paid_search,no_response,6.2,smb_sdr
L-013837,paid_search,no_response,5.4,smb_sdr
L-013838,paid_search,,2.1,smb_sdr
L-013839,paid_search,,4.1,smb_sdr
L-013840,paid_search,duplicate,2.3,smb_sdr
L-013841,paid_search,no_response,2.7,smb_sdr
L-013842,paid_search,,5.5,smb_sdr
L-013843,paid_search,,11.3,smb_sdr
L-013844,paid_search,,3.1,smb_sdr
L-013845,paid_search,no_budget,4.0,smb_sdr
L-013846,paid_search,no_response,2.3,smb_sdr
L-013847,paid_search,,4.7,smb_sdr
L-013848,paid_search,not_decision_maker,3.8,smb_sdr
L-013849,paid_search,duplicate,4.4,smb_sdr
L-013850,paid_search,duplicate,6.6,smb_sdr
L-013851,paid_search,too_small,1.7,smb_sdr
L-013852,paid_search,,6.8,smb_sdr
L-013853,paid_search,,10.7,smb_sdr
L-013854,paid_search,,11.1,smb_sdr
L-013855,paid_search,duplicate,7.9,smb_sdr
L-013856,paid_search,no_response,14.5,smb_sdr
L-013857,paid_search,competitor_contract,8.3,smb_sdr
L-013858,paid_search,,5.4,smb_sdr
L-013859,paid_search,,4.7,smb_sdr
L-013860,paid_search,no_budget,8.4,smb_sdr
L-013861,paid_search,no_response,6.5,smb_sdr
L-013862,paid_search,,1.6,smb_sdr
L-013863,paid_search,not_decision_maker,4.2,smb_sdr
L-013864,paid_search,,1.5,smb_sdr
L-013865,paid_search,,1.6,smb_sdr
L-013866,paid_search,,9.3,smb_sdr
L-013867,paid_search,wrong_use_case,6.2,smb_sdr
L-013868,paid_search,,8.5,smb_sdr
L-013869,paid_search,,10.1,smb_sdr
L-013870,paid_search,wrong_use_case,5.7,smb_sdr
L-013871,paid_search,no_response,5.1,smb_sdr
L-013872,paid_search,too_small,2.4,smb_sdr
L-013873,paid_search,no_budget,2.9,smb_sdr
L-013874,paid_search,too_small,6.0,smb_sdr
L-013875,paid_search,no_budget,2.6,smb_sdr
L-013876,paid_search,,9.2,smb_sdr
L-013877,paid_search,duplicate,5.0,smb_sdr
L-013878,paid_search,no_response,2.0,smb_sdr
L-013879,paid_search,duplicate,6.2,smb_sdr
L-013880,paid_search,,2.2,smb_sdr
L-013881,paid_search,no_budget,7.8,smb_sdr
L-013882,paid_search,,3.2,smb_sdr
L-013883,paid_search,,3.6,smb_sdr
L-013884,paid_search,not_decision_maker,7.9,smb_sdr
L-013885,paid_search,too_small,4.8,smb_sdr
L-013886,paid_search,,6.2,smb_sdr
L-013887,paid_search,no_response,3.2,smb_sdr
L-013888,paid_search,not_decision_maker,9.3,smb_sdr
L-013889,paid_search,,6.8,smb_sdr
L-013890,paid_search,wrong_use_case,9.0,smb_sdr
L-013891,paid_search,,6.3,smb_sdr
L-013892,paid_search,,7.8,smb_sdr
L-013893,paid_search,,2.1,smb_sdr
L-013894,paid_search,,3.2,smb_sdr
L-013895,paid_search,duplicate,6.9,smb_sdr
L-013896,paid_search,no_response,5.0,smb_sdr
L-013897,paid_search,,11.1,smb_sdr
L-013898,paid_search,,6.4,smb_sdr
L-013899,paid_search,,3.4,smb_sdr
L-013900,paid_search,no_response,3.4,smb_sdr
L-013901,paid_search,too_small,5.7,smb_sdr
L-013902,paid_search,,7.2,smb_sdr
L-013903,paid_search,,5.5,smb_sdr
L-013904,paid_search,duplicate,3.3,smb_sdr
L-013905,paid_search,no_response,4.9,smb_sdr
L-013906,paid_search,duplicate,1.6,smb_sdr
L-013907,paid_search,,60.4,unassigned
L-013908,paid_search,,7.3,smb_sdr
L-013909,paid_search,,4.5,smb_sdr
L-013910,paid_search,no_response,3.8,smb_sdr
L-013911,paid_search,wrong_use_case,5.0,smb_sdr
L-013912,paid_search,,10.5,smb_sdr
L-013913,paid_search,no_budget,4.9,smb_sdr
L-013914,paid_search,,5.8,smb_sdr
L-013915,paid_search,no_response,4.4,smb_sdr
L-013916,paid_search,duplicate,3.0,smb_sdr
L-013917,paid_search,no_response,6.6,smb_sdr
L-013918,paid_search,duplicate,3.1,smb_sdr
L-013919,paid_search,no_budget,3.3,smb_sdr
L-013920,paid_search,no_response,8.5,smb_sdr
L-013921,paid_search,no_response,11.5,smb_sdr
L-013922,paid_search,duplicate,10.1,smb_sdr
L-013923,paid_search,,2.3,smb_sdr
L-013924,paid_search,too_small,5.9,smb_sdr
L-013925,paid_search,,4.2,smb_sdr
L-013926,paid_search,,2.6,smb_sdr
L-013927,paid_search,no_response,2.8,smb_sdr
L-013928,paid_search,,6.8,smb_sdr
L-013929,paid_search,duplicate,5.1,smb_sdr
L-013930,paid_search,not_decision_maker,3.9,smb_sdr
L-013931,paid_search,,3.3,smb_sdr
L-013932,paid_search,,4.6,smb_sdr
L-013933,paid_search,not_decision_maker,4.7,smb_sdr
L-013934,paid_search,,4.6,smb_sdr
L-013935,paid_search,,2.8,smb_sdr
L-013936,paid_search,,2.3,smb_sdr
L-013937,paid_search,,12.8,smb_sdr
L-013938,paid_search,,4.8,smb_sdr
L-013939,paid_search,wrong_use_case,4.1,smb_sdr
L-013940,paid_search,too_small,3.2,smb_sdr
L-013941,paid_search,,13.6,smb_sdr
L-013942,paid_search,,5.2,smb_sdr
L-013943,paid_search,competitor_contract,2.6,smb_sdr
L-013944,paid_search,,4.7,smb_sdr
L-013945,paid_search,,5.6,smb_sdr
L-013946,paid_search,wrong_use_case,4.3,smb_sdr
L-013947,paid_search,competitor_contract,14.8,smb_sdr
L-013948,paid_search,no_budget,2.4,smb_sdr
L-013949,paid_search,,13.6,smb_sdr
L-013950,paid_search,,4.9,smb_sdr
L-013951,paid_search,competitor_contract,5.1,smb_sdr
L-013952,paid_search,not_decision_maker,3.6,smb_sdr
L-013953,paid_search,,4.5,smb_sdr
L-013954,paid_search,,2.5,smb_sdr
L-013955,paid_search,too_small,10.0,smb_sdr
L-013956,paid_search,no_response,6.7,smb_sdr
L-013957,paid_search,not_decision_maker,6.9,smb_sdr
L-013958,paid_search,,3.9,smb_sdr
L-013959,paid_search,not_decision_maker,1.8,smb_sdr
L-013960,paid_search,,4.6,smb_sdr
L-013961,paid_search,no_response,1.6,smb_sdr
L-013962,paid_search,,4.6,smb_sdr
L-013963,paid_search,duplicate,25.6,smb_sdr
L-013964,paid_search,,2.1,smb_sdr
L-013965,paid_search,,4.5,smb_sdr
L-013966,paid_search,too_small,11.5,smb_sdr
L-013967,paid_search,,7.8,smb_sdr
L-013968,paid_search,,6.7,smb_sdr
L-013969,paid_search,,5.4,smb_sdr
L-013970,paid_search,duplicate,28.5,smb_sdr
L-013971,paid_search,no_budget,5.9,smb_sdr
L-013972,paid_search,,4.0,smb_sdr
L-013973,paid_search,,6.2,smb_sdr
L-013974,paid_search,no_response,10.5,smb_sdr
L-013975,paid_search,no_response,3.9,smb_sdr
L-013976,paid_search,competitor_contract,7.0,smb_sdr
L-013977,paid_search,,2.0,smb_sdr
L-013978,paid_search,too_small,11.3,smb_sdr
L-013979,paid_search,not_decision_maker,4.7,smb_sdr
L-013980,paid_search,too_small,6.4,smb_sdr
L-013981,paid_search,no_budget,2.6,smb_sdr
L-013982,paid_search,too_small,4.5,smb_sdr
L-013983,paid_search,,96.1,unassigned
L-013984,paid_search,wrong_use_case,3.3,smb_sdr
L-013985,paid_search,no_response,15.5,smb_sdr
L-013986,paid_search,no_budget,3.2,smb_sdr
L-013987,paid_search,no_response,5.3,smb_sdr
L-013988,paid_search,,10.2,smb_sdr
L-013989,paid_search,no_budget,1.5,smb_sdr
L-013990,paid_search,,4.3,smb_sdr
L-013991,paid_search,,5.5,smb_sdr
L-013992,paid_search,no_response,17.3,smb_sdr
L-013993,paid_search,duplicate,2.0,smb_sdr
L-013994,paid_search,,5.3,smb_sdr
L-013995,paid_search,wrong_use_case,11.2,smb_sdr
L-013996,paid_search,,3.2,smb_sdr
L-013997,paid_search,,6.8,smb_sdr
L-013998,paid_search,too_small,4.2,smb_sdr
L-013999,paid_search,too_small,8.4,smb_sdr
L-014000,paid_search,,12.3,smb_sdr
L-014001,paid_search,too_small,7.2,smb_sdr
L-014002,paid_search,,4.9,smb_sdr
L-014003,paid_search,,9.0,smb_sdr
L-014004,paid_search,not_decision_maker,1.9,smb_sdr
L-014005,paid_search,,4.9,smb_sdr
L-014006,paid_search,no_response,10.3,smb_sdr
L-014007,paid_search,wrong_use_case,6.9,smb_sdr
L-014008,paid_search,no_budget,4.0,smb_sdr
L-014009,paid_search,,3.7,smb_sdr
L-014010,paid_search,,7.3,smb_sdr
L-014011,paid_search,,24.8,smb_sdr
L-014012,paid_search,no_response,2.4,smb_sdr
L-014013,paid_search,,1.9,smb_sdr
L-014014,paid_search,,9.6,smb_sdr
L-014015,paid_search,,5.3,smb_sdr
L-014016,paid_search,,7.8,mid_market_ae
L-014017,paid_search,duplicate,1.6,mid_market_ae
L-014018,paid_search,,7.4,mid_market_ae
L-014019,paid_search,,3.8,mid_market_ae
L-014020,paid_search,,6.6,mid_market_ae
L-014021,paid_search,,8.8,mid_market_ae
L-014022,paid_search,no_budget,5.8,mid_market_ae
L-014023,paid_search,,3.8,mid_market_ae
L-014024,paid_search,,3.0,mid_market_ae
L-014025,paid_search,,33.8,unassigned
L-014026,paid_search,,4.4,mid_market_ae
L-014027,paid_search,,3.0,mid_market_ae
L-014028,paid_search,wrong_use_case,4.3,mid_market_ae
L-014029,paid_search,no_response,11.8,mid_market_ae
L-014030,paid_search,,2.8,mid_market_ae
L-014031,paid_search,no_response,5.4,mid_market_ae
L-014032,paid_search,not_decision_maker,2.4,mid_market_ae
L-014033,paid_search,no_response,4.0,mid_market_ae
L-014034,paid_search,competitor_contract,2.5,mid_market_ae
L-014035,paid_search,,7.9,mid_market_ae
L-014036,paid_search,no_response,7.6,mid_market_ae
L-014037,paid_search,too_small,4.4,mid_market_ae
L-014038,paid_search,,4.2,mid_market_ae
L-014039,paid_search,no_response,11.8,mid_market_ae
L-014040,paid_search,duplicate,1.8,mid_market_ae
L-014041,paid_search,,4.2,mid_market_ae
L-014042,paid_search,,1.9,mid_market_ae
L-014043,paid_search,competitor_contract,1.6,mid_market_ae
L-014044,paid_search,duplicate,3.1,mid_market_ae
L-014045,paid_search,no_response,5.3,mid_market_ae
L-014046,paid_search,,3.5,mid_market_ae
L-014047,paid_search,wrong_use_case,17.1,mid_market_ae
L-014048,paid_search,,7.1,mid_market_ae
L-014049,paid_search,,2.1,mid_market_ae
L-014050,paid_search,no_budget,11.3,mid_market_ae
L-014051,paid_search,not_decision_maker,2.5,mid_market_ae
L-014052,paid_search,not_decision_maker,3.3,mid_market_ae
L-014053,paid_search,no_response,14.3,mid_market_ae
L-014054,paid_search,duplicate,11.7,mid_market_ae
L-014055,paid_search,duplicate,4.8,mid_market_ae
L-014056,paid_search,,11.6,mid_market_ae
L-014057,paid_search,not_decision_maker,4.3,mid_market_ae
L-014058,paid_search,,6.9,mid_market_ae
L-014059,paid_search,not_decision_maker,1.4,mid_market_ae
L-014060,paid_search,no_response,3.7,mid_market_ae
L-014061,paid_search,too_small,7.1,mid_market_ae
L-014062,paid_search,no_response,13.1,mid_market_ae
L-014063,paid_search,,2.3,mid_market_ae
L-014064,paid_search,,7.8,mid_market_ae
L-014065,paid_search,no_response,7.7,mid_market_ae
L-014066,paid_search,no_response,2.4,mid_market_ae
L-014067,paid_search,,13.3,mid_market_ae
L-014068,paid_search,not_decision_maker,3.4,mid_market_ae
L-014069,paid_search,no_response,7.3,mid_market_ae
L-014070,paid_search,,2.7,mid_market_ae
L-014071,paid_search,,3.6,mid_market_ae
L-014072,paid_search,,3.7,mid_market_ae
L-014073,paid_search,no_response,6.6,mid_market_ae
L-014074,paid_search,,4.3,mid_market_ae
L-014075,paid_search,wrong_use_case,7.6,mid_market_ae
L-014076,paid_search,,1.9,mid_market_ae
L-014077,paid_search,,7.9,mid_market_ae
L-014078,paid_search,,9.9,mid_market_ae
L-014079,paid_search,,4.9,mid_market_ae
L-014080,paid_search,,8.7,mid_market_ae
L-014081,paid_search,,4.6,mid_market_ae
L-014082,paid_search,,3.0,mid_market_ae
L-014083,paid_search,,2.7,mid_market_ae
L-014084,paid_search,,12.6,mid_market_ae
L-014085,paid_search,too_small,7.3,mid_market_ae
L-014086,paid_search,,23.6,mid_market_ae
L-014087,paid_search,,2.2,mid_market_ae
L-014088,paid_search,,8.0,mid_market_ae
L-014089,paid_search,competitor_contract,32.6,mid_market_ae
L-014090,paid_search,,5.2,mid_market_ae
L-014091,paid_search,no_budget,5.5,mid_market_ae
L-014092,paid_search,no_budget,4.6,mid_market_ae
L-014093,paid_search,no_response,14.7,mid_market_ae
L-014094,paid_search,,8.3,mid_market_ae
L-014095,paid_search,not_decision_maker,34.0,unassigned
L-014096,paid_search,,3.0,mid_market_ae
L-014097,paid_search,no_response,6.6,mid_market_ae
L-014098,paid_search,not_decision_maker,6.8,mid_market_ae
L-014099,paid_search,,4.6,mid_market_ae
L-014100,paid_search,no_response,7.1,mid_market_ae
L-014101,paid_search,,7.6,mid_market_ae
L-014102,paid_search,,8.2,mid_market_ae
L-014103,paid_search,,7.6,mid_market_ae
L-014104,paid_search,not_decision_maker,3.5,mid_market_ae
L-014105,paid_search,,9.9,mid_market_ae
L-014106,paid_search,wrong_use_case,12.5,mid_market_ae
L-014107,paid_search,no_response,7.6,mid_market_ae
L-014108,paid_search,,4.3,mid_market_ae
L-014109,paid_search,duplicate,3.9,mid_market_ae
L-014110,paid_search,,10.6,mid_market_ae
L-014111,paid_search,,2.9,mid_market_ae
L-014112,paid_search,no_budget,4.4,mid_market_ae
L-014113,paid_search,too_small,3.7,mid_market_ae
L-014114,paid_search,competitor_contract,10.0,mid_market_ae
L-014115,paid_search,no_budget,3.5,mid_market_ae
L-014116,paid_search,,3.7,mid_market_ae
L-014117,paid_search,no_budget,2.2,mid_market_ae
L-014118,paid_search,,9.3,mid_market_ae
L-014119,paid_search,duplicate,5.0,mid_market_ae
L-014120,paid_search,,4.1,mid_market_ae
L-014121,paid_search,duplicate,11.6,mid_market_ae
L-014122,paid_search,no_budget,5.0,mid_market_ae
L-014123,paid_search,wrong_use_case,10.7,mid_market_ae
L-014124,paid_search,too_small,4.7,mid_market_ae
L-014125,paid_search,no_response,2.2,mid_market_ae
L-014126,paid_search,,5.2,mid_market_ae
L-014127,paid_search,,5.3,mid_market_ae
L-014128,paid_search,no_budget,3.2,mid_market_ae
L-014129,paid_search,,9.4,mid_market_ae
L-014130,paid_search,no_budget,3.3,mid_market_ae
L-014131,paid_search,no_budget,7.3,mid_market_ae
L-014132,paid_search,not_decision_maker,2.9,mid_market_ae
L-014133,paid_search,,3.7,mid_market_ae
L-014134,paid_search,,2.6,mid_market_ae
L-014135,paid_search,duplicate,10.8,mid_market_ae
L-014136,paid_search,,7.3,mid_market_ae
L-014137,paid_search,no_response,1.0,mid_market_ae
L-014138,paid_search,wrong_use_case,3.1,mid_market_ae
L-014139,paid_search,,16.8,mid_market_ae
L-014140,paid_search,,3.6,mid_market_ae
L-014141,paid_search,too_small,4.9,mid_market_ae
L-014142,paid_search,no_response,8.0,mid_market_ae
L-014143,paid_search,duplicate,3.9,mid_market_ae
L-014144,paid_search,,3.5,mid_market_ae
L-014145,paid_search,,7.1,mid_market_ae
L-014146,paid_search,,6.1,mid_market_ae
L-014147,paid_search,,4.8,mid_market_ae
L-014148,paid_search,wrong_use_case,4.8,mid_market_ae
L-014149,paid_search,,11.0,mid_market_ae
L-014150,paid_search,no_budget,3.6,mid_market_ae
L-014151,paid_search,,22.3,mid_market_ae
L-014152,paid_search,no_response,3.0,mid_market_ae
L-014153,paid_search,duplicate,10.6,mid_market_ae
L-014154,paid_search,too_small,5.8,mid_market_ae
L-014155,paid_search,wrong_use_case,4.2,mid_market_ae
L-014156,paid_search,no_budget,7.9,mid_market_ae
L-014157,paid_search,,4.3,mid_market_ae
L-014158,paid_search,wrong_use_case,73.2,unassigned
L-014159,paid_search,duplicate,3.8,mid_market_ae
L-014160,paid_search,,6.5,mid_market_ae
L-014161,paid_search,,9.5,mid_market_ae
L-014162,paid_search,wrong_use_case,4.7,mid_market_ae
L-014163,paid_search,too_small,9.1,mid_market_ae
L-014164,paid_search,,4.2,mid_market_ae
L-014165,paid_search,no_response,3.6,mid_market_ae
L-014166,paid_search,no_response,8.2,mid_market_ae
L-014167,paid_search,no_response,12.1,mid_market_ae
L-014168,paid_search,too_small,3.4,mid_market_ae
L-014169,paid_search,no_response,2.5,mid_market_ae
L-014170,paid_search,no_response,3.7,mid_market_ae
L-014171,paid_search,,1.9,mid_market_ae
L-014172,paid_search,no_response,7.0,mid_market_ae
L-014173,paid_search,not_decision_maker,8.2,mid_market_ae
L-014174,paid_search,,4.1,mid_market_ae
L-014175,paid_search,wrong_use_case,7.4,mid_market_ae
L-014176,paid_search,no_response,6.0,mid_market_ae
L-014177,paid_search,no_budget,9.8,mid_market_ae
L-014178,paid_search,,1.4,mid_market_ae
L-014179,paid_search,duplicate,3.8,mid_market_ae
L-014180,paid_search,duplicate,3.6,mid_market_ae
L-014181,paid_search,,5.7,mid_market_ae
L-014182,paid_search,no_response,3.7,mid_market_ae
L-014183,paid_search,not_decision_maker,4.8,mid_market_ae
L-014184,paid_search,no_response,7.6,mid_market_ae
L-014185,paid_search,,5.6,mid_market_ae
L-014186,paid_search,no_response,4.2,mid_market_ae
L-014187,paid_search,no_response,5.9,mid_market_ae
L-014188,paid_search,wrong_use_case,12.9,mid_market_ae
L-014189,paid_search,,2.3,mid_market_ae
L-014190,paid_search,no_response,3.0,mid_market_ae
L-014191,paid_search,not_decision_maker,3.7,mid_market_ae
L-014192,paid_search,no_response,9.5,mid_market_ae
L-014193,paid_search,,3.0,mid_market_ae
L-014194,paid_search,,2.6,mid_market_ae
L-014195,paid_search,no_response,40.6,unassigned
L-014196,paid_search,duplicate,4.2,mid_market_ae
L-014197,paid_search,competitor_contract,5.6,mid_market_ae
L-014198,paid_search,duplicate,2.1,mid_market_ae
L-014199,paid_search,no_response,6.4,mid_market_ae
L-014200,paid_search,too_small,5.9,mid_market_ae
L-014201,paid_search,,3.9,mid_market_ae
L-014202,paid_social,no_response,2.7,smb_sdr
L-014203,paid_social,,6.4,smb_sdr
L-014204,paid_social,competitor_contract,4.8,smb_sdr
L-014205,paid_social,too_small,9.6,smb_sdr
L-014206,paid_social,,3.5,smb_sdr
L-014207,paid_social,too_small,6.2,smb_sdr
L-014208,paid_social,not_decision_maker,19.3,smb_sdr
L-014209,paid_social,too_small,149.9,unassigned
L-014210,paid_social,wrong_use_case,7.2,smb_sdr
L-014211,paid_social,,13.3,smb_sdr
L-014212,paid_social,,5.8,smb_sdr
L-014213,paid_social,,3.5,smb_sdr
L-014214,paid_social,,3.4,smb_sdr
L-014215,paid_social,no_budget,4.3,smb_sdr
L-014216,paid_social,no_budget,26.9,smb_sdr
L-014217,paid_social,duplicate,2.1,smb_sdr
L-014218,paid_social,no_budget,4.6,smb_sdr
L-014219,paid_social,no_response,7.2,smb_sdr
L-014220,paid_social,no_budget,9.1,smb_sdr
L-014221,paid_social,no_response,1.6,smb_sdr
L-014222,paid_social,wrong_use_case,16.5,smb_sdr
L-014223,paid_social,no_response,7.2,smb_sdr
L-014224,paid_social,competitor_contract,4.7,smb_sdr
L-014225,paid_social,,8.2,smb_sdr
L-014226,paid_social,,2.5,smb_sdr
L-014227,paid_social,no_response,5.0,smb_sdr
L-014228,paid_social,,5.0,smb_sdr
L-014229,paid_social,too_small,8.5,smb_sdr
L-014230,paid_social,no_response,21.2,smb_sdr
L-014231,paid_social,,4.3,smb_sdr
L-014232,paid_social,,7.6,smb_sdr
L-014233,paid_social,not_decision_maker,6.0,smb_sdr
L-014234,paid_social,,14.5,smb_sdr
L-014235,paid_social,no_response,8.1,smb_sdr
L-014236,paid_social,no_response,3.6,smb_sdr
L-014237,paid_social,no_budget,15.2,smb_sdr
L-014238,paid_social,not_decision_maker,4.0,smb_sdr
L-014239,paid_social,not_decision_maker,4.6,smb_sdr
L-014240,paid_social,too_small,2.5,smb_sdr
L-014241,paid_social,,10.5,smb_sdr
L-014242,paid_social,not_decision_maker,2.6,smb_sdr
L-014243,paid_social,not_decision_maker,5.5,smb_sdr
L-014244,paid_social,,10.5,smb_sdr
L-014245,paid_social,no_budget,7.5,smb_sdr
L-014246,paid_social,not_decision_maker,7.1,smb_sdr
L-014247,paid_social,no_response,6.6,smb_sdr
L-014248,paid_social,,3.2,smb_sdr
L-014249,paid_social,,8.0,smb_sdr
L-014250,paid_social,,2.2,smb_sdr
L-014251,paid_social,,3.0,smb_sdr
L-014252,paid_social,not_decision_maker,3.5,smb_sdr
L-014253,paid_social,duplicate,5.7,smb_sdr
L-014254,paid_social,too_small,2.5,smb_sdr
L-014255,paid_social,no_budget,10.7,smb_sdr
L-014256,paid_social,wrong_use_case,7.0,smb_sdr
L-014257,paid_social,no_response,5.5,smb_sdr
L-014258,paid_social,wrong_use_case,12.2,smb_sdr
L-014259,paid_social,no_response,2.5,smb_sdr
L-014260,paid_social,,3.7,smb_sdr
L-014261,paid_social,too_small,3.1,smb_sdr
L-014262,paid_social,no_response,1.4,smb_sdr
L-014263,paid_social,,10.7,smb_sdr
L-014264,paid_social,,1.3,smb_sdr
L-014265,paid_social,wrong_use_case,5.5,smb_sdr
L-014266,paid_social,no_response,5.1,smb_sdr
L-014267,paid_social,not_decision_maker,5.0,smb_sdr
L-014268,paid_social,not_decision_maker,3.1,smb_sdr
L-014269,paid_social,,5.9,smb_sdr
L-014270,paid_social,,7.8,smb_sdr
L-014271,paid_social,no_response,3.4,smb_sdr
L-014272,paid_social,wrong_use_case,2.4,smb_sdr
L-014273,paid_social,,4.6,smb_sdr
L-014274,paid_social,,3.9,smb_sdr
L-014275,paid_social,duplicate,7.0,smb_sdr
L-014276,paid_social,,1.3,smb_sdr
L-014277,paid_social,not_decision_maker,2.1,smb_sdr
L-014278,paid_social,,1.8,smb_sdr
L-014279,paid_social,no_budget,7.0,smb_sdr
L-014280,paid_social,duplicate,12.6,smb_sdr
L-014281,paid_social,not_decision_maker,5.2,smb_sdr
L-014282,paid_social,too_small,5.6,smb_sdr
L-014283,paid_social,not_decision_maker,7.5,smb_sdr
L-014284,paid_social,no_response,3.8,smb_sdr
L-014285,paid_social,no_response,5.3,smb_sdr
L-014286,paid_social,,3.2,smb_sdr
L-014287,paid_social,wrong_use_case,5.6,smb_sdr
L-014288,paid_social,no_response,9.9,smb_sdr
L-014289,paid_social,,2.3,smb_sdr
L-014290,paid_social,too_small,4.6,smb_sdr
L-014291,paid_social,not_decision_maker,10.5,smb_sdr
L-014292,paid_social,no_budget,3.4,smb_sdr
L-014293,paid_social,,3.8,smb_sdr
L-014294,paid_social,no_response,2.8,smb_sdr
L-014295,paid_social,too_small,6.1,smb_sdr
L-014296,paid_social,competitor_contract,8.8,smb_sdr
L-014297,paid_social,no_budget,5.0,smb_sdr
L-014298,paid_social,not_decision_maker,7.6,smb_sdr
L-014299,paid_social,no_response,6.1,smb_sdr
L-014300,paid_social,,3.5,smb_sdr
L-014301,paid_social,not_decision_maker,3.9,smb_sdr
L-014302,paid_social,wrong_use_case,12.5,smb_sdr
L-014303,paid_social,,4.6,smb_sdr
L-014304,paid_social,too_small,8.5,smb_sdr
L-014305,paid_social,wrong_use_case,5.7,smb_sdr
L-014306,paid_social,competitor_contract,8.2,smb_sdr
L-014307,paid_social,wrong_use_case,2.5,smb_sdr
L-014308,paid_social,competitor_contract,5.8,smb_sdr
L-014309,paid_social,,3.2,smb_sdr
L-014310,paid_social,no_response,6.0,smb_sdr
L-014311,paid_social,no_response,2.2,smb_sdr
L-014312,paid_social,,8.0,smb_sdr
L-014313,paid_social,,6.9,smb_sdr
L-014314,paid_social,no_response,2.2,mid_market_ae
L-014315,paid_social,no_response,6.4,mid_market_ae
L-014316,paid_social,not_decision_maker,4.4,mid_market_ae
L-014317,paid_social,duplicate,8.0,mid_market_ae
L-014318,paid_social,no_budget,4.3,mid_market_ae
L-014319,paid_social,no_response,4.3,mid_market_ae
L-014320,paid_social,,8.4,mid_market_ae
L-014321,paid_social,wrong_use_case,9.9,mid_market_ae
L-014322,paid_social,no_response,11.6,mid_market_ae
L-014323,paid_social,no_response,8.5,mid_market_ae
L-014324,paid_social,no_response,6.9,mid_market_ae
L-014325,paid_social,no_response,6.3,mid_market_ae
L-014326,paid_social,no_response,13.2,mid_market_ae
L-014327,paid_social,,8.3,mid_market_ae
L-014328,paid_social,no_response,2.3,mid_market_ae
L-014329,paid_social,no_response,6.6,mid_market_ae
L-014330,paid_social,duplicate,1.7,mid_market_ae
L-014331,paid_social,wrong_use_case,5.3,mid_market_ae
L-014332,paid_social,,4.6,mid_market_ae
L-014333,paid_social,,3.0,mid_market_ae
L-014334,paid_social,no_budget,5.7,mid_market_ae
L-014335,paid_social,,6.3,mid_market_ae
L-014336,paid_social,,6.6,mid_market_ae
L-014337,paid_social,duplicate,1.0,mid_market_ae
L-014338,paid_social,,10.3,mid_market_ae
L-014339,paid_social,no_budget,2.3,mid_market_ae
L-014340,paid_social,not_decision_maker,6.0,mid_market_ae
L-014341,paid_social,duplicate,7.0,mid_market_ae
L-014342,paid_social,,5.7,mid_market_ae
L-014343,paid_social,too_small,4.4,mid_market_ae
L-014344,paid_social,,9.0,mid_market_ae
L-014345,paid_social,,3.3,mid_market_ae
L-014346,paid_social,,4.1,mid_market_ae
L-014347,paid_social,not_decision_maker,2.7,mid_market_ae
L-014348,paid_social,wrong_use_case,4.0,mid_market_ae
L-014349,paid_social,,3.3,mid_market_ae
L-014350,paid_social,not_decision_maker,4.9,mid_market_ae
L-014351,paid_social,not_decision_maker,10.0,mid_market_ae
L-014352,paid_social,no_budget,7.6,mid_market_ae
L-014353,organic,not_decision_maker,4.8,smb_sdr
L-014354,organic,no_response,8.0,smb_sdr
L-014355,organic,,3.8,smb_sdr
L-014356,organic,,51.4,unassigned
L-014357,organic,no_response,2.8,smb_sdr
L-014358,organic,too_small,8.4,smb_sdr
L-014359,organic,wrong_use_case,5.0,smb_sdr
L-014360,organic,no_budget,3.1,smb_sdr
L-014361,organic,too_small,5.2,smb_sdr
L-014362,organic,not_decision_maker,5.5,smb_sdr
L-014363,organic,too_small,5.3,smb_sdr
L-014364,organic,not_decision_maker,4.3,smb_sdr
L-014365,organic,,5.5,smb_sdr
L-014366,organic,,4.7,smb_sdr
L-014367,organic,too_small,9.7,smb_sdr
L-014368,organic,,5.2,smb_sdr
L-014369,organic,competitor_contract,4.0,smb_sdr
L-014370,organic,too_small,2.5,smb_sdr
L-014371,organic,,7.1,smb_sdr
L-014372,organic,,2.8,smb_sdr
L-014373,organic,,6.4,smb_sdr
L-014374,organic,duplicate,2.4,smb_sdr
L-014375,organic,no_budget,12.1,smb_sdr
L-014376,organic,not_decision_maker,3.2,smb_sdr
L-014377,organic,too_small,4.5,smb_sdr
L-014378,organic,no_response,7.8,smb_sdr
L-014379,organic,too_small,10.5,smb_sdr
L-014380,organic,too_small,3.8,smb_sdr
L-014381,organic,too_small,2.5,smb_sdr
L-014382,organic,no_budget,2.0,smb_sdr
L-014383,organic,no_budget,33.4,smb_sdr
L-014384,organic,no_budget,4.1,smb_sdr
L-014385,organic,,4.3,smb_sdr
L-014386,organic,no_response,10.4,smb_sdr
L-014387,organic,,5.3,smb_sdr
L-014388,organic,no_response,5.5,smb_sdr
L-014389,organic,not_decision_maker,6.1,smb_sdr
L-014390,organic,,5.1,smb_sdr
L-014391,organic,not_decision_maker,7.4,smb_sdr
L-014392,organic,no_response,1.6,smb_sdr
L-014393,organic,,9.8,smb_sdr
L-014394,organic,no_response,7.3,smb_sdr
L-014395,organic,,6.5,smb_sdr
L-014396,organic,,5.9,smb_sdr
L-014397,organic,not_decision_maker,3.3,smb_sdr
L-014398,organic,too_small,55.7,unassigned
L-014399,organic,no_budget,4.5,smb_sdr
L-014400,organic,not_decision_maker,2.7,smb_sdr
L-014401,organic,too_small,9.3,smb_sdr
L-014402,organic,,3.5,smb_sdr
L-014403,organic,no_response,2.8,smb_sdr
L-014404,organic,duplicate,5.6,smb_sdr
L-014405,organic,not_decision_maker,1.0,smb_sdr
L-014406,organic,,4.5,smb_sdr
L-014407,organic,,4.7,smb_sdr
L-014408,organic,not_decision_maker,5.6,smb_sdr
L-014409,organic,no_response,8.6,smb_sdr
L-014410,organic,,7.0,smb_sdr
L-014411,organic,too_small,13.8,smb_sdr
L-014412,organic,duplicate,8.0,smb_sdr
L-014413,organic,,14.5,smb_sdr
L-014414,organic,no_response,2.9,smb_sdr
L-014415,organic,,2.2,smb_sdr
L-014416,organic,no_budget,6.3,smb_sdr
L-014417,organic,,6.8,smb_sdr
L-014418,organic,no_response,5.7,smb_sdr
L-014419,organic,,2.8,smb_sdr
L-014420,organic,,7.8,smb_sdr
L-014421,organic,,1.0,smb_sdr
L-014422,organic,no_response,10.5,smb_sdr
L-014423,organic,,4.6,smb_sdr
L-014424,organic,too_small,3.5,smb_sdr
L-014425,organic,competitor_contract,20.7,smb_sdr
L-014426,organic,,3.8,smb_sdr
L-014427,organic,too_small,5.2,smb_sdr
L-014428,organic,no_response,3.6,smb_sdr
L-014429,organic,not_decision_maker,3.9,smb_sdr
L-014430,organic,no_budget,8.1,smb_sdr
L-014431,organic,duplicate,4.0,smb_sdr
L-014432,organic,not_decision_maker,8.8,smb_sdr
L-014433,organic,not_decision_maker,5.6,smb_sdr
L-014434,organic,no_budget,1.6,smb_sdr
L-014435,organic,,2.7,smb_sdr
L-014436,organic,,9.9,smb_sdr
L-014437,organic,,9.8,smb_sdr
L-014438,organic,not_decision_maker,7.5,smb_sdr
L-014439,organic,no_response,2.0,smb_sdr
L-014440,organic,not_decision_maker,3.9,smb_sdr
L-014441,organic,not_decision_maker,5.5,smb_sdr
L-014442,organic,too_small,2.3,smb_sdr
L-014443,organic,competitor_contract,7.6,smb_sdr
L-014444,organic,,1.4,smb_sdr
L-014445,organic,no_response,7.4,smb_sdr
L-014446,organic,not_decision_maker,2.1,smb_sdr
L-014447,organic,,3.4,smb_sdr
L-014448,organic,no_response,4.2,smb_sdr
L-014449,organic,,78.8,unassigned
L-014450,organic,,1.9,smb_sdr
L-014451,organic,not_decision_maker,2.5,smb_sdr
L-014452,organic,no_response,1.2,smb_sdr
L-014453,organic,no_response,4.9,smb_sdr
L-014454,organic,,6.5,smb_sdr
L-014455,organic,no_response,3.0,smb_sdr
L-014456,organic,no_response,2.5,smb_sdr
L-014457,organic,duplicate,4.9,smb_sdr
L-014458,organic,duplicate,8.1,smb_sdr
L-014459,organic,,14.7,smb_sdr
L-014460,organic,,5.8,smb_sdr
L-014461,organic,,5.4,smb_sdr
L-014462,organic,,4.0,smb_sdr
L-014463,organic,,8.8,smb_sdr
L-014464,organic,no_response,5.2,smb_sdr
L-014465,organic,wrong_use_case,4.0,smb_sdr
L-014466,organic,,3.6,smb_sdr
L-014467,organic,not_decision_maker,2.9,smb_sdr
L-014468,organic,,6.4,smb_sdr
L-014469,organic,,2.0,smb_sdr
L-014470,organic,duplicate,1.6,smb_sdr
L-014471,organic,no_response,8.8,smb_sdr
L-014472,organic,too_small,3.1,smb_sdr
L-014473,organic,,4.7,smb_sdr
L-014474,organic,,6.5,smb_sdr
L-014475,organic,no_response,9.3,smb_sdr
L-014476,organic,,3.7,smb_sdr
L-014477,organic,,23.4,smb_sdr
L-014478,organic,,4.1,smb_sdr
L-014479,organic,not_decision_maker,7.9,smb_sdr
L-014480,organic,wrong_use_case,5.8,smb_sdr
L-014481,organic,,6.0,smb_sdr
L-014482,organic,no_response,16.2,smb_sdr
L-014483,organic,not_decision_maker,7.4,smb_sdr
L-014484,organic,,4.0,smb_sdr
L-014485,organic,,9.4,smb_sdr
L-014486,organic,,1.9,smb_sdr
L-014487,organic,not_decision_maker,4.1,smb_sdr
L-014488,organic,no_budget,1.6,smb_sdr
L-014489,organic,no_budget,9.5,smb_sdr
L-014490,organic,duplicate,3.9,smb_sdr
L-014491,organic,,5.0,smb_sdr
L-014492,organic,,4.4,smb_sdr
L-014493,organic,no_response,9.8,smb_sdr
L-014494,organic,,2.5,smb_sdr
L-014495,organic,,4.3,smb_sdr
L-014496,organic,,8.4,smb_sdr
L-014497,organic,too_small,2.1,smb_sdr
L-014498,organic,too_small,7.3,smb_sdr
L-014499,organic,wrong_use_case,2.5,smb_sdr
L-014500,organic,,2.1,smb_sdr
L-014501,organic,wrong_use_case,9.2,smb_sdr
L-014502,organic,,3.4,smb_sdr
L-014503,organic,not_decision_maker,4.5,smb_sdr
L-014504,organic,no_response,5.4,smb_sdr
L-014505,organic,,3.1,smb_sdr
L-014506,organic,no_response,2.1,smb_sdr
L-014507,organic,too_small,9.5,smb_sdr
L-014508,organic,not_decision_maker,8.6,smb_sdr
L-014509,organic,competitor_contract,6.9,smb_sdr
L-014510,organic,too_small,2.2,smb_sdr
L-014511,organic,not_decision_maker,3.8,smb_sdr
L-014512,organic,not_decision_maker,5.2,smb_sdr
L-014513,organic,,2.9,smb_sdr
L-014514,organic,no_budget,2.5,smb_sdr
L-014515,organic,,8.1,smb_sdr
L-014516,organic,not_decision_maker,5.6,smb_sdr
L-014517,organic,no_response,3.9,smb_sdr
L-014518,organic,,6.3,smb_sdr
L-014519,organic,no_response,5.8,smb_sdr
L-014520,organic,no_budget,5.8,smb_sdr
L-014521,organic,no_response,6.0,smb_sdr
L-014522,organic,too_small,7.4,smb_sdr
L-014523,organic,,11.3,smb_sdr
L-014524,organic,,3.4,smb_sdr
L-014525,organic,,2.8,smb_sdr
L-014526,organic,,13.8,smb_sdr
L-014527,organic,,3.8,smb_sdr
L-014528,organic,,3.3,smb_sdr
L-014529,organic,duplicate,11.9,smb_sdr
L-014530,organic,,6.2,smb_sdr
L-014531,organic,wrong_use_case,4.6,smb_sdr
L-014532,organic,not_decision_maker,1.9,smb_sdr
L-014533,organic,too_small,3.4,smb_sdr
L-014534,organic,,7.9,smb_sdr
L-014535,organic,no_response,6.4,smb_sdr
L-014536,organic,,7.0,smb_sdr
L-014537,organic,no_response,6.6,smb_sdr
L-014538,organic,wrong_use_case,3.8,smb_sdr
L-014539,organic,no_response,3.6,smb_sdr
L-014540,organic,not_decision_maker,5.8,smb_sdr
L-014541,organic,duplicate,2.0,smb_sdr
L-014542,organic,not_decision_maker,5.0,smb_sdr
L-014543,organic,too_small,3.7,smb_sdr
L-014544,organic,competitor_contract,10.5,smb_sdr
L-014545,organic,too_small,2.3,smb_sdr
L-014546,organic,,5.4,smb_sdr
L-014547,organic,not_decision_maker,13.9,smb_sdr
L-014548,organic,no_budget,3.9,smb_sdr
L-014549,organic,competitor_contract,7.7,smb_sdr
L-014550,organic,no_response,3.5,smb_sdr
L-014551,organic,no_budget,2.9,smb_sdr
L-014552,organic,,5.8,smb_sdr
L-014553,organic,,8.5,smb_sdr
L-014554,organic,,1.9,smb_sdr
L-014555,organic,no_response,11.7,smb_sdr
L-014556,organic,,6.1,smb_sdr
L-014557,organic,no_response,6.8,smb_sdr
L-014558,organic,,5.9,smb_sdr
L-014559,organic,no_response,2.3,smb_sdr
L-014560,organic,,4.4,smb_sdr
L-014561,organic,no_budget,2.1,smb_sdr
L-014562,organic,no_budget,2.0,smb_sdr
L-014563,organic,duplicate,9.9,smb_sdr
L-014564,organic,,2.8,smb_sdr
L-014565,organic,too_small,14.9,smb_sdr
L-014566,organic,competitor_contract,11.5,smb_sdr
L-014567,organic,not_decision_maker,4.1,smb_sdr
L-014568,organic,competitor_contract,2.0,smb_sdr
L-014569,organic,duplicate,3.8,smb_sdr
L-014570,organic,,4.3,smb_sdr
L-014571,organic,,2.7,smb_sdr
L-014572,organic,too_small,5.9,smb_sdr
L-014573,organic,no_response,2.8,smb_sdr
L-014574,organic,duplicate,9.2,smb_sdr
L-014575,organic,too_small,3.9,smb_sdr
L-014576,organic,no_response,6.5,smb_sdr
L-014577,organic,not_decision_maker,11.0,smb_sdr
L-014578,organic,,3.6,smb_sdr
L-014579,organic,competitor_contract,3.5,smb_sdr
L-014580,organic,,7.2,smb_sdr
L-014581,organic,no_budget,3.6,smb_sdr
L-014582,organic,not_decision_maker,7.7,smb_sdr
L-014583,organic,,3.9,smb_sdr
L-014584,organic,duplicate,14.1,smb_sdr
L-014585,organic,no_response,1.4,smb_sdr
L-014586,organic,,1.9,smb_sdr
L-014587,organic,duplicate,11.5,smb_sdr
L-014588,organic,,7.9,smb_sdr
L-014589,organic,,6.0,smb_sdr
L-014590,organic,no_response,19.9,smb_sdr
L-014591,organic,,2.7,smb_sdr
L-014592,organic,not_decision_maker,4.3,smb_sdr
L-014593,organic,,6.9,smb_sdr
L-014594,organic,no_response,17.2,smb_sdr
L-014595,organic,wrong_use_case,12.2,smb_sdr
L-014596,organic,,8.1,smb_sdr
L-014597,organic,not_decision_maker,6.3,smb_sdr
L-014598,organic,no_response,10.7,smb_sdr
L-014599,organic,,9.4,smb_sdr
L-014600,organic,,4.4,smb_sdr
L-014601,organic,,2.4,smb_sdr
L-014602,organic,too_small,8.0,smb_sdr
L-014603,organic,no_budget,14.2,smb_sdr
L-014604,organic,,1.8,smb_sdr
L-014605,organic,no_budget,8.6,smb_sdr
L-014606,organic,no_response,6.9,smb_sdr
L-014607,organic,no_response,7.9,smb_sdr
L-014608,organic,,14.4,smb_sdr
L-014609,organic,too_small,3.3,smb_sdr
L-014610,organic,too_small,5.0,smb_sdr
L-014611,organic,no_budget,4.0,smb_sdr
L-014612,organic,too_small,7.3,smb_sdr
L-014613,organic,,6.1,smb_sdr
L-014614,organic,no_response,17.9,smb_sdr
L-014615,organic,too_small,5.9,smb_sdr
L-014616,organic,not_decision_maker,3.6,smb_sdr
L-014617,organic,,9.0,smb_sdr
L-014618,organic,no_response,1.7,smb_sdr
L-014619,organic,wrong_use_case,12.1,smb_sdr
L-014620,organic,,7.9,smb_sdr
L-014621,organic,,7.5,smb_sdr
L-014622,organic,too_small,1.3,smb_sdr
L-014623,organic,,7.5,smb_sdr
L-014624,organic,no_response,9.1,smb_sdr
L-014625,organic,wrong_use_case,2.9,smb_sdr
L-014626,organic,wrong_use_case,2.3,smb_sdr
L-014627,organic,,9.1,smb_sdr
L-014628,organic,too_small,8.1,smb_sdr
L-014629,organic,not_decision_maker,4.3,smb_sdr
L-014630,organic,,1.0,smb_sdr
L-014631,organic,no_response,8.7,smb_sdr
L-014632,organic,no_budget,2.5,smb_sdr
L-014633,organic,,8.2,smb_sdr
L-014634,organic,not_decision_maker,9.9,smb_sdr
L-014635,organic,,1.5,smb_sdr
L-014636,organic,,7.8,smb_sdr
L-014637,organic,,3.8,smb_sdr
L-014638,organic,no_response,4.2,smb_sdr
L-014639,organic,no_budget,4.0,smb_sdr
L-014640,organic,,8.2,smb_sdr
L-014641,organic,,7.3,smb_sdr
L-014642,organic,,11.5,smb_sdr
L-014643,organic,,9.5,smb_sdr
L-014644,organic,not_decision_maker,3.6,smb_sdr
L-014645,organic,not_decision_maker,5.8,smb_sdr
L-014646,organic,,5.5,smb_sdr
L-014647,organic,too_small,11.3,smb_sdr
L-014648,organic,too_small,6.6,smb_sdr
L-014649,organic,not_decision_maker,2.5,smb_sdr
L-014650,organic,,3.2,smb_sdr
L-014651,organic,no_budget,6.1,smb_sdr
L-014652,organic,not_decision_maker,4.9,smb_sdr
L-014653,organic,not_decision_maker,2.1,smb_sdr
L-014654,organic,not_decision_maker,3.9,smb_sdr
L-014655,organic,no_response,11.3,smb_sdr
L-014656,organic,wrong_use_case,6.4,smb_sdr
L-014657,organic,,8.9,smb_sdr
L-014658,organic,,3.9,smb_sdr
L-014659,organic,,9.8,smb_sdr
L-014660,organic,,4.6,smb_sdr
L-014661,organic,,4.6,smb_sdr
L-014662,organic,,5.9,smb_sdr
L-014663,organic,no_response,6.8,smb_sdr
L-014664,organic,,4.0,smb_sdr
L-014665,organic,not_decision_maker,4.7,smb_sdr
L-014666,organic,,9.5,smb_sdr
L-014667,organic,competitor_contract,51.8,smb_sdr
L-014668,organic,no_response,5.7,smb_sdr
L-014669,organic,wrong_use_case,2.2,smb_sdr
L-014670,organic,,1.7,smb_sdr
L-014671,organic,competitor_contract,3.0,smb_sdr
L-014672,organic,no_budget,10.8,smb_sdr
L-014673,organic,,2.1,smb_sdr
L-014674,organic,too_small,3.3,smb_sdr
L-014675,organic,,12.3,smb_sdr
L-014676,organic,wrong_use_case,13.1,smb_sdr
L-014677,organic,not_decision_maker,4.2,smb_sdr
L-014678,organic,not_decision_maker,22.4,smb_sdr
L-014679,organic,,3.1,smb_sdr
L-014680,organic,,4.9,smb_sdr
L-014681,organic,no_response,4.0,smb_sdr
L-014682,organic,no_response,13.5,smb_sdr
L-014683,organic,,1.8,smb_sdr
L-014684,organic,,21.3,smb_sdr
L-014685,organic,duplicate,7.0,smb_sdr
L-014686,organic,wrong_use_case,6.7,smb_sdr
L-014687,organic,,2.6,smb_sdr
L-014688,organic,,3.4,smb_sdr
L-014689,organic,not_decision_maker,5.0,smb_sdr
L-014690,organic,duplicate,17.7,smb_sdr
L-014691,organic,,5.4,smb_sdr
L-014692,organic,,4.8,smb_sdr
L-014693,organic,no_budget,1.4,smb_sdr
L-014694,organic,duplicate,4.1,smb_sdr
L-014695,organic,,6.4,smb_sdr
L-014696,organic,no_response,4.1,smb_sdr
L-014697,organic,no_budget,48.0,unassigned
L-014698,organic,wrong_use_case,5.9,smb_sdr
L-014699,organic,,2.6,smb_sdr
L-014700,organic,,2.2,smb_sdr
L-014701,organic,no_response,3.9,smb_sdr
L-014702,organic,,4.5,smb_sdr
L-014703,organic,no_response,7.4,smb_sdr
L-014704,organic,no_response,23.6,smb_sdr
L-014705,organic,duplicate,4.2,smb_sdr
L-014706,organic,no_response,3.1,smb_sdr
L-014707,organic,,6.6,smb_sdr
L-014708,organic,,3.2,smb_sdr
L-014709,organic,not_decision_maker,10.3,smb_sdr
L-014710,organic,,1.9,smb_sdr
L-014711,organic,no_budget,6.4,smb_sdr
L-014712,organic,too_small,2.9,smb_sdr
L-014713,organic,,5.9,smb_sdr
L-014714,organic,no_budget,4.7,smb_sdr
L-014715,organic,,5.3,smb_sdr
L-014716,organic,no_response,4.8,smb_sdr
L-014717,organic,,42.1,unassigned
L-014718,organic,,11.6,smb_sdr
L-014719,organic,no_budget,2.1,smb_sdr
L-014720,organic,no_budget,7.5,smb_sdr
L-014721,organic,no_budget,2.8,smb_sdr
L-014722,organic,no_response,7.0,smb_sdr
L-014723,organic,no_budget,3.6,smb_sdr
L-014724,organic,no_response,7.9,smb_sdr
L-014725,organic,no_response,2.7,smb_sdr
L-014726,organic,no_response,3.3,smb_sdr
L-014727,organic,too_small,33.6,unassigned
L-014728,organic,too_small,7.6,smb_sdr
L-014729,organic,duplicate,3.1,smb_sdr
L-014730,organic,,7.6,smb_sdr
L-014731,organic,competitor_contract,4.6,smb_sdr
L-014732,organic,too_small,1.2,smb_sdr
L-014733,organic,no_budget,8.2,smb_sdr
L-014734,organic,too_small,2.4,smb_sdr
L-014735,organic,not_decision_maker,3.0,smb_sdr
L-014736,organic,too_small,7.4,smb_sdr
L-014737,organic,,3.1,smb_sdr
L-014738,organic,,8.1,smb_sdr
L-014739,organic,too_small,2.7,smb_sdr
L-014740,organic,,2.5,smb_sdr
L-014741,organic,wrong_use_case,10.1,smb_sdr
L-014742,organic,wrong_use_case,2.5,smb_sdr
L-014743,organic,no_response,12.3,smb_sdr
L-014744,organic,wrong_use_case,2.2,smb_sdr
L-014745,organic,not_decision_maker,3.9,smb_sdr
L-014746,organic,duplicate,12.2,smb_sdr
L-014747,organic,,2.0,smb_sdr
L-014748,organic,no_response,19.5,smb_sdr
L-014749,organic,,1.8,smb_sdr
L-014750,organic,wrong_use_case,4.2,smb_sdr
L-014751,organic,,4.9,smb_sdr
L-014752,organic,,5.8,smb_sdr
L-014753,organic,,2.5,smb_sdr
L-014754,organic,,3.3,smb_sdr
L-014755,organic,duplicate,10.9,smb_sdr
L-014756,organic,,5.5,smb_sdr
L-014757,organic,,3.1,smb_sdr
L-014758,organic,,5.7,smb_sdr
L-014759,organic,too_small,2.2,smb_sdr
L-014760,organic,,12.2,smb_sdr
L-014761,organic,not_decision_maker,7.4,smb_sdr
L-014762,organic,,3.8,smb_sdr
L-014763,organic,,50.9,unassigned
L-014764,organic,no_budget,2.0,smb_sdr
L-014765,organic,not_decision_maker,6.2,smb_sdr
L-014766,organic,duplicate,3.4,smb_sdr
L-014767,organic,no_response,8.8,smb_sdr
L-014768,organic,not_decision_maker,5.7,smb_sdr
L-014769,organic,no_response,3.6,smb_sdr
L-014770,organic,no_budget,4.3,smb_sdr
L-014771,organic,no_response,4.9,smb_sdr
L-014772,organic,no_response,2.7,smb_sdr
L-014773,organic,,4.3,smb_sdr
L-014774,organic,too_small,4.5,smb_sdr
L-014775,organic,,7.8,smb_sdr
L-014776,organic,,5.1,smb_sdr
L-014777,organic,no_response,1.6,smb_sdr
L-014778,organic,wrong_use_case,8.6,smb_sdr
L-014779,organic,too_small,7.9,smb_sdr
L-014780,organic,,7.9,smb_sdr
L-014781,organic,,2.3,smb_sdr
L-014782,organic,,3.8,smb_sdr
L-014783,organic,duplicate,12.5,smb_sdr
L-014784,organic,,2.8,smb_sdr
L-014785,organic,too_small,3.5,smb_sdr
L-014786,organic,,1.3,smb_sdr
L-014787,organic,,10.8,smb_sdr
L-014788,organic,too_small,2.1,smb_sdr
L-014789,organic,no_budget,14.3,smb_sdr
L-014790,organic,no_response,6.2,smb_sdr
L-014791,organic,,5.3,smb_sdr
L-014792,organic,no_budget,12.7,smb_sdr
L-014793,organic,wrong_use_case,7.6,smb_sdr
L-014794,organic,,4.2,smb_sdr
L-014795,organic,,4.4,smb_sdr
L-014796,organic,not_decision_maker,4.5,smb_sdr
L-014797,organic,too_small,4.6,smb_sdr
L-014798,organic,too_small,1.6,smb_sdr
L-014799,organic,not_decision_maker,2.1,smb_sdr
L-014800,organic,duplicate,8.3,smb_sdr
L-014801,organic,,4.5,smb_sdr
L-014802,organic,too_small,1.4,smb_sdr
L-014803,organic,competitor_contract,4.9,smb_sdr
L-014804,organic,,2.8,smb_sdr
L-014805,organic,wrong_use_case,5.3,smb_sdr
L-014806,organic,not_decision_maker,8.3,smb_sdr
L-014807,organic,,24.2,smb_sdr
L-014808,organic,,4.8,smb_sdr
L-014809,organic,not_decision_maker,7.6,smb_sdr
L-014810,organic,no_response,3.6,smb_sdr
L-014811,organic,wrong_use_case,7.2,smb_sdr
L-014812,organic,,6.1,smb_sdr
L-014813,organic,,4.2,smb_sdr
L-014814,organic,no_budget,5.5,smb_sdr
L-014815,organic,too_small,2.0,smb_sdr
L-014816,organic,,2.6,smb_sdr
L-014817,organic,no_budget,6.9,smb_sdr
L-014818,organic,,77.2,unassigned
L-014819,organic,,4.8,smb_sdr
L-014820,organic,no_response,6.6,smb_sdr
L-014821,organic,,4.4,smb_sdr
L-014822,organic,not_decision_maker,6.6,smb_sdr
L-014823,organic,too_small,2.2,smb_sdr
L-014824,organic,wrong_use_case,3.9,smb_sdr
L-014825,organic,competitor_contract,13.9,smb_sdr
L-014826,organic,,3.8,smb_sdr
L-014827,organic,no_response,1.5,smb_sdr
L-014828,organic,,5.8,smb_sdr
L-014829,organic,too_small,12.4,smb_sdr
L-014830,organic,no_response,7.9,smb_sdr
L-014831,organic,,3.9,smb_sdr
L-014832,organic,,3.0,smb_sdr
L-014833,organic,no_response,5.7,smb_sdr
L-014834,organic,not_decision_maker,3.7,smb_sdr
L-014835,organic,,6.0,smb_sdr
L-014836,organic,,6.1,smb_sdr
L-014837,organic,,4.2,smb_sdr
L-014838,organic,no_response,81.1,unassigned
L-014839,organic,,8.2,smb_sdr
L-014840,organic,,2.4,smb_sdr
L-014841,organic,no_response,6.6,smb_sdr
L-014842,organic,no_budget,5.1,smb_sdr
L-014843,organic,no_response,10.0,smb_sdr
L-014844,organic,duplicate,3.0,smb_sdr
L-014845,organic,no_response,21.4,smb_sdr
L-014846,organic,,3.4,smb_sdr
L-014847,organic,,6.6,smb_sdr
L-014848,organic,,11.6,smb_sdr
L-014849,organic,,2.0,smb_sdr
L-014850,organic,duplicate,7.5,smb_sdr
L-014851,organic,no_response,8.3,smb_sdr
L-014852,organic,,2.2,smb_sdr
L-014853,organic,no_response,6.2,smb_sdr
L-014854,organic,wrong_use_case,3.7,smb_sdr
L-014855,organic,not_decision_maker,10.6,smb_sdr
L-014856,organic,,4.5,smb_sdr
L-014857,organic,no_budget,8.6,smb_sdr
L-014858,organic,wrong_use_case,1.5,mid_market_ae
L-014859,organic,,3.5,mid_market_ae
L-014860,organic,wrong_use_case,1.8,mid_market_ae
L-014861,organic,no_response,8.5,mid_market_ae
L-014862,organic,no_budget,6.2,mid_market_ae
L-014863,organic,not_decision_maker,2.9,mid_market_ae
L-014864,organic,no_budget,14.5,mid_market_ae
L-014865,organic,too_small,13.7,mid_market_ae
L-014866,organic,,4.6,mid_market_ae
L-014867,organic,,4.6,mid_market_ae
L-014868,organic,,2.1,mid_market_ae
L-014869,organic,too_small,9.1,mid_market_ae
L-014870,organic,not_decision_maker,10.0,mid_market_ae
L-014871,organic,,3.9,mid_market_ae
L-014872,organic,not_decision_maker,6.5,mid_market_ae
L-014873,organic,,6.2,mid_market_ae
L-014874,organic,no_response,39.9,unassigned
L-014875,organic,,30.0,mid_market_ae
L-014876,organic,,10.2,mid_market_ae
L-014877,organic,,6.5,mid_market_ae
L-014878,organic,duplicate,5.0,mid_market_ae
L-014879,organic,,2.2,mid_market_ae
L-014880,organic,too_small,5.4,mid_market_ae
L-014881,organic,wrong_use_case,5.9,mid_market_ae
L-014882,organic,wrong_use_case,14.9,mid_market_ae
L-014883,organic,duplicate,1.9,mid_market_ae
L-014884,organic,,4.9,mid_market_ae
L-014885,organic,no_response,4.3,mid_market_ae
L-014886,organic,duplicate,3.5,mid_market_ae
L-014887,organic,,3.1,mid_market_ae
L-014888,organic,,10.4,mid_market_ae
L-014889,organic,,3.4,mid_market_ae
L-014890,organic,no_response,18.5,mid_market_ae
L-014891,organic,no_response,4.3,mid_market_ae
L-014892,organic,wrong_use_case,30.7,unassigned
L-014893,organic,no_budget,3.9,mid_market_ae
L-014894,organic,no_budget,9.5,mid_market_ae
L-014895,organic,duplicate,4.8,mid_market_ae
L-014896,organic,no_budget,5.3,mid_market_ae
L-014897,organic,,7.2,mid_market_ae
L-014898,organic,,1.7,mid_market_ae
L-014899,organic,no_response,5.1,mid_market_ae
L-014900,organic,no_budget,9.8,mid_market_ae
L-014901,organic,,2.5,mid_market_ae
L-014902,organic,,1.8,mid_market_ae
L-014903,organic,no_response,8.7,mid_market_ae
L-014904,organic,,7.3,mid_market_ae
L-014905,organic,no_response,15.5,mid_market_ae
L-014906,organic,,10.1,mid_market_ae
L-014907,organic,,4.0,mid_market_ae
L-014908,organic,duplicate,6.5,mid_market_ae
L-014909,organic,,4.6,mid_market_ae
L-014910,organic,,4.5,mid_market_ae
L-014911,organic,,7.6,mid_market_ae
L-014912,organic,,3.8,mid_market_ae
L-014913,organic,,3.3,mid_market_ae
L-014914,organic,no_budget,7.3,mid_market_ae
L-014915,organic,,1.8,mid_market_ae
L-014916,organic,,4.8,mid_market_ae
L-014917,organic,,1.6,mid_market_ae
L-014918,organic,,2.8,mid_market_ae
L-014919,organic,no_response,6.0,mid_market_ae
L-014920,organic,too_small,6.3,mid_market_ae
L-014921,organic,,6.3,mid_market_ae
L-014922,organic,,7.3,mid_market_ae
L-014923,organic,no_response,2.8,mid_market_ae
L-014924,organic,duplicate,7.0,mid_market_ae
L-014925,organic,,9.2,mid_market_ae
L-014926,organic,duplicate,65.8,unassigned
L-014927,organic,too_small,1.2,mid_market_ae
L-014928,organic,no_response,5.9,mid_market_ae
L-014929,organic,,2.5,mid_market_ae
L-014930,organic,no_response,2.4,mid_market_ae
L-014931,organic,no_budget,6.0,mid_market_ae
L-014932,organic,,6.4,mid_market_ae
L-014933,organic,too_small,5.0,mid_market_ae
L-014934,organic,not_decision_maker,11.5,mid_market_ae
L-014935,organic,too_small,4.9,mid_market_ae
L-014936,organic,wrong_use_case,3.4,mid_market_ae
L-014937,organic,no_response,7.8,mid_market_ae
L-014938,organic,no_budget,4.0,mid_market_ae
L-014939,organic,,5.5,mid_market_ae
L-014940,organic,no_response,6.5,mid_market_ae
L-014941,organic,,8.2,mid_market_ae
L-014942,organic,too_small,109.5,unassigned
L-014943,organic,no_response,6.5,mid_market_ae
L-014944,organic,not_decision_maker,1.7,mid_market_ae
L-014945,organic,no_budget,8.7,mid_market_ae
L-014946,organic,wrong_use_case,5.5,mid_market_ae
L-014947,organic,no_response,3.8,mid_market_ae
L-014948,organic,,6.1,mid_market_ae
L-014949,organic,,4.2,mid_market_ae
L-014950,organic,,6.0,mid_market_ae
L-014951,organic,duplicate,5.7,mid_market_ae
L-014952,organic,,3.7,mid_market_ae
L-014953,organic,no_budget,5.1,mid_market_ae
L-014954,organic,,9.7,mid_market_ae
L-014955,organic,not_decision_maker,10.5,mid_market_ae
L-014956,organic,,2.2,mid_market_ae
L-014957,organic,,2.7,mid_market_ae
L-014958,organic,wrong_use_case,7.2,mid_market_ae
L-014959,organic,wrong_use_case,5.1,mid_market_ae
L-014960,organic,duplicate,6.2,mid_market_ae
L-014961,organic,,7.1,mid_market_ae
L-014962,organic,,3.4,mid_market_ae
L-014963,organic,,1.4,mid_market_ae
L-014964,organic,duplicate,4.7,mid_market_ae
L-014965,organic,no_budget,12.4,mid_market_ae
L-014966,organic,,4.4,mid_market_ae
L-014967,organic,too_small,9.2,mid_market_ae
L-014968,organic,,7.9,mid_market_ae
L-014969,organic,,3.4,mid_market_ae
L-014970,organic,duplicate,5.0,mid_market_ae
L-014971,organic,no_response,7.4,mid_market_ae
L-014972,organic,no_response,3.0,mid_market_ae
L-014973,organic,no_response,2.6,mid_market_ae
L-014974,organic,too_small,5.0,mid_market_ae
L-014975,organic,,7.7,mid_market_ae
L-014976,organic,,4.2,mid_market_ae
L-014977,organic,no_budget,5.8,mid_market_ae
L-014978,organic,,3.7,mid_market_ae
L-014979,organic,,0.9,mid_market_ae
L-014980,organic,no_budget,5.0,mid_market_ae
L-014981,organic,,3.2,mid_market_ae
L-014982,organic,,5.7,mid_market_ae
L-014983,organic,wrong_use_case,6.4,mid_market_ae
L-014984,organic,,4.5,mid_market_ae
L-014985,organic,,10.1,mid_market_ae
L-014986,organic,wrong_use_case,3.8,mid_market_ae
L-014987,organic,,7.4,mid_market_ae
L-014988,organic,,6.5,mid_market_ae
L-014989,organic,,6.1,mid_market_ae
L-014990,organic,competitor_contract,12.4,mid_market_ae
L-014991,organic,no_response,1.9,mid_market_ae
L-014992,organic,,1.7,mid_market_ae
L-014993,organic,duplicate,6.2,mid_market_ae
L-014994,organic,no_budget,2.3,mid_market_ae
L-014995,organic,too_small,4.1,mid_market_ae
L-014996,organic,not_decision_maker,3.7,mid_market_ae
L-014997,organic,no_response,8.2,mid_market_ae
L-014998,organic,competitor_contract,3.7,mid_market_ae
L-014999,organic,,2.6,mid_market_ae
L-015000,organic,,5.3,mid_market_ae
L-015001,organic,,5.4,mid_market_ae
L-015002,organic,no_response,60.9,unassigned
L-015003,organic,,2.8,mid_market_ae
L-015004,organic,not_decision_maker,6.1,mid_market_ae
L-015005,organic,no_response,2.7,mid_market_ae
L-015006,organic,,2.4,mid_market_ae
L-015007,organic,duplicate,5.6,mid_market_ae
L-015008,organic,no_response,5.0,mid_market_ae
L-015009,organic,no_budget,19.2,mid_market_ae
L-015010,organic,,8.8,mid_market_ae
L-015011,organic,no_response,5.5,mid_market_ae
L-015012,organic,,64.3,unassigned
L-015013,organic,too_small,2.0,mid_market_ae
L-015014,organic,,8.0,mid_market_ae
L-015015,organic,,4.3,mid_market_ae
L-015016,organic,too_small,4.2,mid_market_ae
L-015017,organic,not_decision_maker,6.3,mid_market_ae
L-015018,organic,,7.4,mid_market_ae
L-015019,organic,,5.6,mid_market_ae
L-015020,organic,,10.0,mid_market_ae
L-015021,organic,competitor_contract,5.7,mid_market_ae
L-015022,organic,no_response,7.7,mid_market_ae
L-015023,organic,no_budget,2.2,mid_market_ae
L-015024,organic,,2.7,mid_market_ae
L-015025,organic,no_response,9.2,mid_market_ae
L-015026,organic,no_response,4.4,mid_market_ae
L-015027,organic,,4.5,mid_market_ae
L-015028,organic,no_response,5.8,mid_market_ae
L-015029,organic,,1.8,mid_market_ae
L-015030,organic,no_response,1.9,mid_market_ae
L-015031,organic,no_response,9.2,mid_market_ae
L-015032,organic,too_small,3.2,mid_market_ae
L-015033,organic,,10.6,mid_market_ae
L-015034,organic,wrong_use_case,7.9,mid_market_ae
L-015035,organic,,4.9,mid_market_ae
L-015036,organic,no_response,6.7,mid_market_ae
L-015037,organic,no_response,5.9,mid_market_ae
L-015038,organic,,2.8,mid_market_ae
L-015039,organic,no_response,2.0,mid_market_ae
L-015040,organic,no_response,2.3,mid_market_ae
L-015041,organic,no_response,4.7,mid_market_ae
L-015042,organic,not_decision_maker,5.2,mid_market_ae
L-015043,organic,too_small,9.7,mid_market_ae
L-015044,organic,duplicate,6.9,mid_market_ae
L-015045,organic,no_response,14.0,mid_market_ae
L-015046,organic,no_response,117.4,unassigned
L-015047,organic,not_decision_maker,4.2,mid_market_ae
L-015048,organic,too_small,5.0,mid_market_ae
L-015049,organic,not_decision_maker,5.2,mid_market_ae
L-015050,organic,no_response,4.9,mid_market_ae
L-015051,organic,,4.5,mid_market_ae
L-015052,organic,not_decision_maker,7.1,mid_market_ae
L-015053,organic,not_decision_maker,2.2,mid_market_ae
L-015054,organic,not_decision_maker,4.8,mid_market_ae
L-015055,organic,not_decision_maker,4.7,mid_market_ae
L-015056,organic,too_small,5.0,mid_market_ae
L-015057,organic,,10.8,mid_market_ae
L-015058,organic,,3.1,mid_market_ae
L-015059,organic,,4.4,mid_market_ae
L-015060,organic,no_response,7.3,mid_market_ae
L-015061,organic,no_response,3.6,mid_market_ae
L-015062,organic,,1.0,mid_market_ae
L-015063,organic,,4.3,mid_market_ae
L-015064,organic,,5.8,mid_market_ae
L-015065,organic,,6.0,mid_market_ae
L-015066,organic,wrong_use_case,7.6,mid_market_ae
L-015067,organic,no_budget,4.1,mid_market_ae
L-015068,organic,,2.9,mid_market_ae
L-015069,organic,too_small,10.3,mid_market_ae
L-015070,organic,not_decision_maker,3.8,mid_market_ae
L-015071,organic,no_budget,4.5,mid_market_ae
L-015072,organic,,3.3,mid_market_ae
L-015073,organic,competitor_contract,7.4,mid_market_ae
L-015074,organic,,2.1,mid_market_ae
L-015075,organic,,6.8,mid_market_ae
L-015076,organic,,3.6,mid_market_ae
L-015077,organic,no_response,11.2,mid_market_ae
L-015078,organic,not_decision_maker,4.8,mid_market_ae
L-015079,organic,no_response,3.2,mid_market_ae
L-015080,organic,,10.1,mid_market_ae
L-015081,organic,no_budget,37.9,unassigned
L-015082,organic,wrong_use_case,4.3,mid_market_ae
L-015083,organic,not_decision_maker,5.0,mid_market_ae
L-015084,organic,,3.5,mid_market_ae
L-015085,organic,too_small,3.8,mid_market_ae
L-015086,organic,,3.8,mid_market_ae
L-015087,organic,no_budget,5.1,mid_market_ae
L-015088,organic,no_budget,14.7,mid_market_ae
L-015089,webinar,no_budget,5.0,smb_sdr
L-015090,webinar,student_or_researcher,7.0,smb_sdr
L-015091,webinar,no_budget,10.9,smb_sdr
L-015092,webinar,student_or_researcher,6.9,smb_sdr
L-015093,webinar,student_or_researcher,18.7,smb_sdr
L-015094,webinar,wrong_use_case,2.8,smb_sdr
L-015095,webinar,student_or_researcher,5.8,smb_sdr
L-015096,webinar,,2.0,smb_sdr
L-015097,webinar,,1.4,smb_sdr
L-015098,webinar,no_budget,7.5,smb_sdr
L-015099,webinar,not_decision_maker,2.9,smb_sdr
L-015100,webinar,no_budget,4.1,smb_sdr
L-015101,webinar,no_budget,1.2,smb_sdr
L-015102,webinar,student_or_researcher,3.5,smb_sdr
L-015103,webinar,,2.7,smb_sdr
L-015104,webinar,not_decision_maker,7.7,smb_sdr
L-015105,webinar,student_or_researcher,5.4,smb_sdr
L-015106,webinar,not_decision_maker,8.0,smb_sdr
L-015107,webinar,not_decision_maker,3.4,smb_sdr
L-015108,webinar,no_response,3.8,smb_sdr
L-015109,webinar,no_budget,8.6,smb_sdr
L-015110,webinar,student_or_researcher,5.7,smb_sdr
L-015111,webinar,,2.9,smb_sdr
L-015112,webinar,wrong_use_case,3.3,smb_sdr
L-015113,webinar,wrong_use_case,4.0,smb_sdr
L-015114,webinar,no_budget,4.9,smb_sdr
L-015115,webinar,no_budget,2.8,smb_sdr
L-015116,webinar,,5.9,smb_sdr
L-015117,webinar,student_or_researcher,7.3,smb_sdr
L-015118,webinar,no_budget,8.2,smb_sdr
L-015119,webinar,student_or_researcher,4.2,smb_sdr
L-015120,webinar,not_decision_maker,3.3,smb_sdr
L-015121,webinar,not_decision_maker,6.6,smb_sdr
L-015122,webinar,wrong_use_case,2.0,smb_sdr
L-015123,webinar,no_budget,6.4,smb_sdr
L-015124,webinar,no_budget,7.0,smb_sdr
L-015125,webinar,,2.6,smb_sdr
L-015126,webinar,not_decision_maker,7.5,smb_sdr
L-015127,webinar,no_budget,5.8,smb_sdr
L-015128,webinar,no_budget,3.4,smb_sdr
L-015129,webinar,no_budget,5.6,smb_sdr
L-015130,webinar,student_or_researcher,7.1,smb_sdr
L-015131,webinar,not_decision_maker,5.8,smb_sdr
L-015132,webinar,not_decision_maker,5.7,smb_sdr
L-015133,webinar,,2.0,smb_sdr
L-015134,webinar,not_decision_maker,2.6,smb_sdr
L-015135,webinar,not_decision_maker,8.8,smb_sdr
L-015136,webinar,,2.8,smb_sdr
L-015137,webinar,not_decision_maker,5.5,smb_sdr
L-015138,webinar,student_or_researcher,3.6,smb_sdr
L-015139,webinar,no_response,7.0,smb_sdr
L-015140,webinar,no_budget,6.6,smb_sdr
L-015141,webinar,,2.8,smb_sdr
L-015142,webinar,,2.9,smb_sdr
L-015143,webinar,no_budget,9.2,smb_sdr
L-015144,webinar,no_budget,4.7,smb_sdr
L-015145,webinar,not_decision_maker,5.9,smb_sdr
L-015146,webinar,not_decision_maker,1.9,smb_sdr
L-015147,webinar,,3.2,smb_sdr
L-015148,webinar,not_decision_maker,7.5,smb_sdr
L-015149,webinar,no_budget,1.7,smb_sdr
L-015150,webinar,no_budget,6.8,smb_sdr
L-015151,webinar,no_budget,3.6,smb_sdr
L-015152,webinar,no_budget,3.2,smb_sdr
L-015153,webinar,duplicate,2.1,smb_sdr
L-015154,webinar,wrong_use_case,3.6,smb_sdr
L-015155,webinar,not_decision_maker,5.5,smb_sdr
L-015156,webinar,,2.2,smb_sdr
L-015157,webinar,no_budget,5.3,smb_sdr
L-015158,webinar,no_budget,2.5,smb_sdr
L-015159,webinar,,4.5,smb_sdr
L-015160,webinar,student_or_researcher,13.6,smb_sdr
L-015161,webinar,duplicate,4.2,smb_sdr
L-015162,webinar,wrong_use_case,8.1,smb_sdr
L-015163,webinar,student_or_researcher,4.9,smb_sdr
L-015164,webinar,no_response,2.2,smb_sdr
L-015165,webinar,,13.0,smb_sdr
L-015166,webinar,wrong_use_case,6.7,smb_sdr
L-015167,webinar,no_budget,2.9,smb_sdr
L-015168,webinar,no_budget,4.8,smb_sdr
L-015169,webinar,no_budget,6.7,smb_sdr
L-015170,webinar,,1.6,smb_sdr
L-015171,webinar,wrong_use_case,3.6,smb_sdr
L-015172,webinar,no_budget,10.7,smb_sdr
L-015173,webinar,not_decision_maker,7.6,smb_sdr
L-015174,webinar,wrong_use_case,1.7,smb_sdr
L-015175,webinar,not_decision_maker,3.4,smb_sdr
L-015176,webinar,not_decision_maker,7.1,smb_sdr
L-015177,webinar,,2.8,smb_sdr
L-015178,webinar,no_budget,2.7,smb_sdr
L-015179,webinar,student_or_researcher,7.9,smb_sdr
L-015180,webinar,,2.2,smb_sdr
L-015181,webinar,student_or_researcher,4.6,smb_sdr
L-015182,webinar,,6.9,smb_sdr
L-015183,webinar,,3.2,smb_sdr
L-015184,webinar,not_decision_maker,18.7,smb_sdr
L-015185,webinar,,9.5,smb_sdr
L-015186,webinar,no_response,0.9,smb_sdr
L-015187,webinar,no_budget,15.4,smb_sdr
L-015188,webinar,not_decision_maker,2.9,smb_sdr
L-015189,webinar,no_budget,5.7,smb_sdr
L-015190,webinar,student_or_researcher,6.6,smb_sdr
L-015191,webinar,no_budget,5.5,smb_sdr
L-015192,webinar,not_decision_maker,9.1,smb_sdr
L-015193,webinar,not_decision_maker,2.4,smb_sdr
L-015194,webinar,student_or_researcher,9.9,smb_sdr
L-015195,webinar,no_budget,78.3,unassigned
L-015196,webinar,,5.1,smb_sdr
L-015197,webinar,no_budget,4.0,smb_sdr
L-015198,webinar,not_decision_maker,3.5,smb_sdr
L-015199,webinar,not_decision_maker,3.1,smb_sdr
L-015200,webinar,no_budget,5.7,smb_sdr
L-015201,webinar,duplicate,3.1,smb_sdr
L-015202,webinar,not_decision_maker,1.6,smb_sdr
L-015203,webinar,no_budget,8.1,smb_sdr
L-015204,webinar,no_budget,18.7,smb_sdr
L-015205,webinar,student_or_researcher,9.5,smb_sdr
L-015206,webinar,no_budget,3.2,smb_sdr
L-015207,webinar,student_or_researcher,4.0,smb_sdr
L-015208,webinar,student_or_researcher,2.7,smb_sdr
L-015209,webinar,no_budget,4.7,smb_sdr
L-015210,webinar,student_or_researcher,8.4,smb_sdr
L-015211,webinar,no_response,4.5,smb_sdr
L-015212,webinar,student_or_researcher,19.7,smb_sdr
L-015213,webinar,student_or_researcher,1.8,smb_sdr
L-015214,webinar,not_decision_maker,6.6,smb_sdr
L-015215,webinar,not_decision_maker,10.8,smb_sdr
L-015216,webinar,wrong_use_case,5.4,smb_sdr
L-015217,webinar,,3.2,smb_sdr
L-015218,webinar,student_or_researcher,5.1,smb_sdr
L-015219,webinar,duplicate,4.8,smb_sdr
L-015220,webinar,no_budget,3.0,smb_sdr
L-015221,webinar,student_or_researcher,4.2,smb_sdr
L-015222,webinar,duplicate,9.3,smb_sdr
L-015223,webinar,duplicate,8.5,smb_sdr
L-015224,webinar,no_budget,3.1,smb_sdr
L-015225,webinar,no_budget,5.1,smb_sdr
L-015226,webinar,,58.5,unassigned
L-015227,webinar,no_response,5.2,smb_sdr
L-015228,webinar,no_budget,6.2,smb_sdr
L-015229,webinar,not_decision_maker,9.7,smb_sdr
L-015230,webinar,no_budget,4.3,smb_sdr
L-015231,webinar,no_budget,13.6,smb_sdr
L-015232,webinar,wrong_use_case,3.8,smb_sdr
L-015233,webinar,no_budget,2.7,smb_sdr
L-015234,webinar,student_or_researcher,1.8,smb_sdr
L-015235,webinar,not_decision_maker,6.0,smb_sdr
L-015236,webinar,not_decision_maker,12.9,smb_sdr
L-015237,webinar,,4.5,smb_sdr
L-015238,webinar,,6.8,smb_sdr
L-015239,webinar,no_budget,7.2,smb_sdr
L-015240,webinar,no_budget,13.5,smb_sdr
L-015241,webinar,no_response,12.4,smb_sdr
L-015242,webinar,no_budget,8.7,smb_sdr
L-015243,webinar,no_response,9.5,smb_sdr
L-015244,webinar,student_or_researcher,5.5,smb_sdr
L-015245,webinar,no_budget,4.6,smb_sdr
L-015246,webinar,no_response,2.3,smb_sdr
L-015247,webinar,student_or_researcher,2.1,smb_sdr
L-015248,webinar,not_decision_maker,9.3,smb_sdr
L-015249,webinar,no_budget,4.3,smb_sdr
L-015250,webinar,not_decision_maker,13.3,smb_sdr
L-015251,webinar,no_budget,4.5,smb_sdr
L-015252,webinar,student_or_researcher,3.1,smb_sdr
L-015253,webinar,wrong_use_case,3.8,smb_sdr
L-015254,webinar,no_budget,8.0,smb_sdr
L-015255,webinar,no_budget,5.2,smb_sdr
L-015256,webinar,student_or_researcher,12.2,smb_sdr
L-015257,webinar,no_response,2.8,smb_sdr
L-015258,webinar,,48.9,unassigned
L-015259,webinar,no_budget,6.9,smb_sdr
L-015260,webinar,,1.8,smb_sdr
L-015261,webinar,no_budget,8.0,smb_sdr
L-015262,webinar,,5.0,smb_sdr
L-015263,webinar,no_budget,2.4,smb_sdr
L-015264,webinar,not_decision_maker,5.0,smb_sdr
L-015265,webinar,not_decision_maker,3.7,smb_sdr
L-015266,webinar,no_response,8.2,smb_sdr
L-015267,webinar,,3.0,smb_sdr
L-015268,webinar,,7.5,smb_sdr
L-015269,webinar,student_or_researcher,8.3,smb_sdr
L-015270,webinar,not_decision_maker,18.4,smb_sdr
L-015271,webinar,student_or_researcher,5.0,smb_sdr
L-015272,webinar,,2.3,smb_sdr
L-015273,webinar,no_budget,3.9,smb_sdr
L-015274,webinar,,3.2,smb_sdr
L-015275,webinar,student_or_researcher,4.7,smb_sdr
L-015276,webinar,,5.3,smb_sdr
L-015277,webinar,not_decision_maker,5.6,smb_sdr
L-015278,webinar,no_budget,2.2,smb_sdr
L-015279,webinar,not_decision_maker,3.6,smb_sdr
L-015280,webinar,student_or_researcher,3.8,smb_sdr
L-015281,webinar,student_or_researcher,2.9,smb_sdr
L-015282,webinar,not_decision_maker,3.9,smb_sdr
L-015283,webinar,not_decision_maker,7.0,smb_sdr
L-015284,webinar,no_budget,6.1,smb_sdr
L-015285,webinar,student_or_researcher,1.1,smb_sdr
L-015286,webinar,student_or_researcher,8.0,smb_sdr
L-015287,webinar,no_budget,6.0,smb_sdr
L-015288,webinar,not_decision_maker,9.3,smb_sdr
L-015289,webinar,no_response,11.2,smb_sdr
L-015290,webinar,no_response,5.3,smb_sdr
L-015291,webinar,not_decision_maker,2.2,smb_sdr
L-015292,webinar,duplicate,4.8,smb_sdr
L-015293,webinar,wrong_use_case,8.1,smb_sdr
L-015294,webinar,student_or_researcher,20.6,smb_sdr
L-015295,webinar,no_budget,5.2,smb_sdr
L-015296,webinar,not_decision_maker,2.0,smb_sdr
L-015297,webinar,wrong_use_case,5.4,smb_sdr
L-015298,webinar,not_decision_maker,1.7,smb_sdr
L-015299,webinar,not_decision_maker,4.0,smb_sdr
L-015300,webinar,duplicate,5.9,smb_sdr
L-015301,webinar,wrong_use_case,5.8,smb_sdr
L-015302,webinar,no_budget,5.8,smb_sdr
L-015303,webinar,no_budget,3.8,smb_sdr
L-015304,webinar,no_budget,4.1,smb_sdr
L-015305,webinar,no_response,2.1,smb_sdr
L-015306,webinar,no_budget,6.6,smb_sdr
L-015307,webinar,wrong_use_case,86.4,unassigned
L-015308,webinar,no_budget,6.7,smb_sdr
L-015309,webinar,not_decision_maker,15.0,smb_sdr
L-015310,webinar,not_decision_maker,2.4,smb_sdr
L-015311,webinar,no_budget,13.7,smb_sdr
L-015312,webinar,no_response,9.5,smb_sdr
L-015313,webinar,not_decision_maker,10.7,smb_sdr
L-015314,webinar,wrong_use_case,3.8,smb_sdr
L-015315,webinar,student_or_researcher,7.5,smb_sdr
L-015316,webinar,no_budget,6.7,smb_sdr
L-015317,webinar,not_decision_maker,2.7,smb_sdr
L-015318,webinar,wrong_use_case,4.6,smb_sdr
L-015319,webinar,not_decision_maker,9.3,smb_sdr
L-015320,webinar,student_or_researcher,4.0,smb_sdr
L-015321,webinar,not_decision_maker,19.1,smb_sdr
L-015322,webinar,not_decision_maker,2.4,smb_sdr
L-015323,webinar,,1.1,smb_sdr
L-015324,webinar,no_budget,6.0,smb_sdr
L-015325,webinar,wrong_use_case,10.6,smb_sdr
L-015326,webinar,not_decision_maker,6.0,smb_sdr
L-015327,webinar,no_budget,1.7,smb_sdr
L-015328,webinar,no_budget,2.8,smb_sdr
L-015329,webinar,not_decision_maker,1.4,smb_sdr
L-015330,webinar,student_or_researcher,7.4,smb_sdr
L-015331,webinar,no_budget,4.3,smb_sdr
L-015332,webinar,student_or_researcher,9.0,smb_sdr
L-015333,webinar,not_decision_maker,8.0,smb_sdr
L-015334,webinar,not_decision_maker,4.9,smb_sdr
L-015335,webinar,not_decision_maker,1.8,smb_sdr
L-015336,webinar,not_decision_maker,5.2,smb_sdr
L-015337,webinar,not_decision_maker,9.2,smb_sdr
L-015338,webinar,not_decision_maker,4.3,smb_sdr
L-015339,webinar,not_decision_maker,6.0,smb_sdr
L-015340,webinar,,4.2,smb_sdr
L-015341,webinar,no_budget,3.9,smb_sdr
L-015342,webinar,not_decision_maker,4.3,smb_sdr
L-015343,webinar,no_budget,5.7,smb_sdr
L-015344,webinar,,3.1,smb_sdr
L-015345,webinar,wrong_use_case,2.8,smb_sdr
L-015346,webinar,,10.1,smb_sdr
L-015347,webinar,no_budget,2.6,smb_sdr
L-015348,webinar,no_budget,18.7,smb_sdr
L-015349,webinar,student_or_researcher,4.7,smb_sdr
L-015350,webinar,not_decision_maker,20.0,smb_sdr
L-015351,webinar,not_decision_maker,1.7,smb_sdr
L-015352,webinar,no_budget,5.2,smb_sdr
L-015353,webinar,wrong_use_case,1.4,smb_sdr
L-015354,webinar,duplicate,2.0,smb_sdr
L-015355,webinar,no_budget,9.9,smb_sdr
L-015356,webinar,not_decision_maker,6.0,smb_sdr
L-015357,webinar,no_budget,8.2,smb_sdr
L-015358,webinar,no_budget,6.1,smb_sdr
L-015359,webinar,not_decision_maker,1.9,smb_sdr
L-015360,webinar,student_or_researcher,14.4,smb_sdr
L-015361,webinar,not_decision_maker,5.0,smb_sdr
L-015362,webinar,not_decision_maker,8.6,smb_sdr
L-015363,webinar,student_or_researcher,16.5,smb_sdr
L-015364,webinar,not_decision_maker,3.1,smb_sdr
L-015365,webinar,student_or_researcher,10.6,smb_sdr
L-015366,webinar,duplicate,22.9,smb_sdr
L-015367,webinar,wrong_use_case,6.8,smb_sdr
L-015368,webinar,not_decision_maker,8.6,smb_sdr
L-015369,webinar,,3.7,smb_sdr
L-015370,webinar,not_decision_maker,18.7,smb_sdr
L-015371,webinar,no_budget,5.6,smb_sdr
L-015372,webinar,not_decision_maker,8.8,smb_sdr
L-015373,webinar,,2.5,smb_sdr
L-015374,webinar,,8.6,smb_sdr
L-015375,webinar,,15.2,smb_sdr
L-015376,webinar,not_decision_maker,1.9,smb_sdr
L-015377,webinar,student_or_researcher,6.8,smb_sdr
L-015378,webinar,,3.5,smb_sdr
L-015379,webinar,,4.9,smb_sdr
L-015380,webinar,not_decision_maker,7.7,smb_sdr
L-015381,webinar,,4.7,smb_sdr
L-015382,webinar,student_or_researcher,7.2,smb_sdr
L-015383,webinar,wrong_use_case,7.5,smb_sdr
L-015384,webinar,no_budget,43.2,unassigned
L-015385,webinar,not_decision_maker,15.4,smb_sdr
L-015386,webinar,no_budget,2.9,smb_sdr
L-015387,webinar,no_budget,12.1,smb_sdr
L-015388,webinar,no_budget,7.2,smb_sdr
L-015389,webinar,not_decision_maker,3.6,smb_sdr
L-015390,webinar,no_budget,2.9,smb_sdr
L-015391,webinar,not_decision_maker,4.7,smb_sdr
L-015392,webinar,not_decision_maker,7.0,smb_sdr
L-015393,webinar,no_budget,11.1,smb_sdr
L-015394,webinar,no_budget,3.4,smb_sdr
L-015395,webinar,not_decision_maker,5.5,smb_sdr
L-015396,webinar,no_budget,12.1,smb_sdr
L-015397,webinar,no_budget,5.3,smb_sdr
L-015398,webinar,no_budget,5.0,smb_sdr
L-015399,webinar,student_or_researcher,1.7,smb_sdr
L-015400,webinar,no_budget,9.3,smb_sdr
L-015401,webinar,no_budget,5.5,smb_sdr
L-015402,webinar,not_decision_maker,12.8,smb_sdr
L-015403,webinar,not_decision_maker,4.7,smb_sdr
L-015404,webinar,wrong_use_case,4.9,smb_sdr
L-015405,webinar,no_budget,6.4,smb_sdr
L-015406,webinar,not_decision_maker,4.2,smb_sdr
L-015407,webinar,not_decision_maker,10.2,smb_sdr
L-015408,webinar,no_response,12.9,smb_sdr
L-015409,webinar,no_budget,3.2,smb_sdr
L-015410,webinar,not_decision_maker,3.1,smb_sdr
L-015411,webinar,no_response,1.9,smb_sdr
L-015412,webinar,no_budget,2.6,smb_sdr
L-015413,webinar,wrong_use_case,6.4,smb_sdr
L-015414,webinar,no_budget,2.7,smb_sdr
L-015415,webinar,student_or_researcher,10.9,smb_sdr
L-015416,webinar,not_decision_maker,4.2,smb_sdr
L-015417,webinar,duplicate,70.3,unassigned
L-015418,webinar,no_budget,2.0,smb_sdr
L-015419,webinar,wrong_use_case,4.5,smb_sdr
L-015420,webinar,student_or_researcher,5.9,smb_sdr
L-015421,webinar,no_budget,9.1,smb_sdr
L-015422,webinar,not_decision_maker,12.7,smb_sdr
L-015423,webinar,no_budget,8.7,smb_sdr
L-015424,webinar,not_decision_maker,4.2,smb_sdr
L-015425,webinar,student_or_researcher,3.8,smb_sdr
L-015426,webinar,not_decision_maker,3.2,smb_sdr
L-015427,webinar,no_budget,7.2,smb_sdr
L-015428,webinar,duplicate,5.7,smb_sdr
L-015429,webinar,not_decision_maker,16.3,smb_sdr
L-015430,webinar,not_decision_maker,8.6,smb_sdr
L-015431,webinar,no_response,4.1,smb_sdr
L-015432,webinar,not_decision_maker,2.5,smb_sdr
L-015433,webinar,,4.8,smb_sdr
L-015434,webinar,no_budget,2.1,smb_sdr
L-015435,webinar,duplicate,8.0,smb_sdr
L-015436,webinar,duplicate,4.3,smb_sdr
L-015437,webinar,no_response,2.8,smb_sdr
L-015438,webinar,student_or_researcher,2.5,smb_sdr
L-015439,webinar,,14.9,smb_sdr
L-015440,webinar,student_or_researcher,3.9,smb_sdr
L-015441,webinar,no_budget,5.9,smb_sdr
L-015442,webinar,no_response,6.2,smb_sdr
L-015443,webinar,no_budget,3.3,smb_sdr
L-015444,webinar,wrong_use_case,2.1,smb_sdr
L-015445,webinar,not_decision_maker,9.4,smb_sdr
L-015446,webinar,student_or_researcher,5.4,smb_sdr
L-015447,webinar,,3.7,smb_sdr
L-015448,webinar,,6.5,smb_sdr
L-015449,webinar,no_budget,5.3,smb_sdr
L-015450,webinar,not_decision_maker,5.6,smb_sdr
L-015451,webinar,not_decision_maker,2.1,smb_sdr
L-015452,webinar,no_budget,9.6,smb_sdr
L-015453,webinar,wrong_use_case,2.7,smb_sdr
L-015454,webinar,not_decision_maker,2.6,smb_sdr
L-015455,webinar,no_response,5.7,smb_sdr
L-015456,webinar,no_budget,3.6,smb_sdr
L-015457,webinar,,4.0,smb_sdr
L-015458,webinar,no_budget,11.1,smb_sdr
L-015459,webinar,student_or_researcher,1.7,smb_sdr
L-015460,webinar,student_or_researcher,9.9,smb_sdr
L-015461,webinar,no_budget,4.5,smb_sdr
L-015462,webinar,student_or_researcher,24.1,smb_sdr
L-015463,webinar,duplicate,3.2,smb_sdr
L-015464,webinar,no_budget,4.4,smb_sdr
L-015465,webinar,no_response,3.8,smb_sdr
L-015466,webinar,no_response,10.0,smb_sdr
L-015467,webinar,not_decision_maker,5.8,smb_sdr
L-015468,webinar,wrong_use_case,3.2,smb_sdr
L-015469,webinar,no_budget,3.2,smb_sdr
L-015470,webinar,no_budget,6.7,smb_sdr
L-015471,webinar,student_or_researcher,7.2,smb_sdr
L-015472,webinar,student_or_researcher,3.3,smb_sdr
L-015473,webinar,not_decision_maker,6.7,smb_sdr
L-015474,webinar,student_or_researcher,5.6,smb_sdr
L-015475,webinar,wrong_use_case,1.1,smb_sdr
L-015476,webinar,no_budget,63.7,unassigned
L-015477,webinar,no_budget,5.8,smb_sdr
L-015478,webinar,no_budget,7.0,smb_sdr
L-015479,webinar,no_budget,5.4,smb_sdr
L-015480,webinar,duplicate,4.1,smb_sdr
L-015481,webinar,no_budget,2.7,smb_sdr
L-015482,webinar,wrong_use_case,3.9,smb_sdr
L-015483,webinar,not_decision_maker,5.4,smb_sdr
L-015484,webinar,wrong_use_case,4.2,smb_sdr
L-015485,webinar,no_budget,5.6,smb_sdr
L-015486,webinar,student_or_researcher,8.4,smb_sdr
L-015487,webinar,,13.1,smb_sdr
L-015488,webinar,no_response,2.3,smb_sdr
L-015489,webinar,not_decision_maker,7.0,smb_sdr
L-015490,webinar,no_budget,4.4,smb_sdr
L-015491,webinar,,3.8,smb_sdr
L-015492,webinar,student_or_researcher,7.0,smb_sdr
L-015493,webinar,student_or_researcher,7.2,smb_sdr
L-015494,webinar,no_budget,3.1,smb_sdr
L-015495,webinar,,2.6,smb_sdr
L-015496,webinar,duplicate,8.3,smb_sdr
L-015497,webinar,no_budget,5.3,smb_sdr
L-015498,webinar,not_decision_maker,4.2,smb_sdr
L-015499,webinar,no_budget,3.4,smb_sdr
L-015500,webinar,not_decision_maker,2.1,smb_sdr
L-015501,webinar,not_decision_maker,10.9,smb_sdr
L-015502,webinar,,5.2,smb_sdr
L-015503,webinar,no_budget,2.3,smb_sdr
L-015504,webinar,,10.3,smb_sdr
L-015505,webinar,student_or_researcher,6.5,smb_sdr
L-015506,webinar,no_budget,3.0,smb_sdr
L-015507,webinar,no_budget,12.0,smb_sdr
L-015508,webinar,not_decision_maker,3.4,smb_sdr
L-015509,webinar,not_decision_maker,8.5,smb_sdr
L-015510,webinar,wrong_use_case,2.3,smb_sdr
L-015511,webinar,not_decision_maker,3.0,smb_sdr
L-015512,webinar,no_response,2.5,smb_sdr
L-015513,webinar,not_decision_maker,2.3,smb_sdr
L-015514,webinar,student_or_researcher,3.6,smb_sdr
L-015515,webinar,no_budget,6.8,smb_sdr
L-015516,webinar,not_decision_maker,7.5,smb_sdr
L-015517,webinar,,2.4,smb_sdr
L-015518,webinar,,3.0,smb_sdr
L-015519,webinar,no_budget,9.6,smb_sdr
L-015520,webinar,no_budget,4.9,smb_sdr
L-015521,webinar,not_decision_maker,8.1,smb_sdr
L-015522,webinar,student_or_researcher,8.1,smb_sdr
L-015523,webinar,no_response,13.4,smb_sdr
L-015524,webinar,wrong_use_case,3.3,smb_sdr
L-015525,webinar,no_budget,10.4,smb_sdr
L-015526,webinar,student_or_researcher,3.4,smb_sdr
L-015527,webinar,wrong_use_case,9.7,smb_sdr
L-015528,webinar,wrong_use_case,2.8,smb_sdr
L-015529,webinar,student_or_researcher,6.9,smb_sdr
L-015530,webinar,not_decision_maker,5.5,smb_sdr
L-015531,webinar,student_or_researcher,13.9,smb_sdr
L-015532,webinar,student_or_researcher,2.8,smb_sdr
L-015533,webinar,,8.5,smb_sdr
L-015534,webinar,no_budget,17.5,smb_sdr
L-015535,webinar,duplicate,1.7,smb_sdr
L-015536,webinar,no_response,3.9,smb_sdr
L-015537,webinar,wrong_use_case,10.3,smb_sdr
L-015538,webinar,no_budget,11.4,smb_sdr
L-015539,webinar,,6.0,smb_sdr
L-015540,webinar,not_decision_maker,2.7,smb_sdr
L-015541,webinar,no_budget,5.9,smb_sdr
L-015542,webinar,student_or_researcher,3.2,smb_sdr
L-015543,webinar,not_decision_maker,5.2,smb_sdr
L-015544,webinar,student_or_researcher,14.3,smb_sdr
L-015545,webinar,no_budget,2.9,smb_sdr
L-015546,webinar,wrong_use_case,4.7,smb_sdr
L-015547,webinar,,8.1,smb_sdr
L-015548,webinar,not_decision_maker,4.2,smb_sdr
L-015549,webinar,student_or_researcher,11.6,smb_sdr
L-015550,webinar,student_or_researcher,2.1,smb_sdr
L-015551,webinar,student_or_researcher,4.6,smb_sdr
L-015552,webinar,student_or_researcher,4.0,smb_sdr
L-015553,webinar,not_decision_maker,5.9,smb_sdr
L-015554,webinar,,8.7,smb_sdr
L-015555,webinar,no_budget,7.1,smb_sdr
L-015556,webinar,student_or_researcher,2.5,smb_sdr
L-015557,webinar,student_or_researcher,5.0,smb_sdr
L-015558,webinar,wrong_use_case,1.9,smb_sdr
L-015559,webinar,,5.3,smb_sdr
L-015560,webinar,not_decision_maker,1.1,smb_sdr
L-015561,webinar,duplicate,4.7,smb_sdr
L-015562,webinar,no_budget,3.9,smb_sdr
L-015563,webinar,student_or_researcher,8.2,smb_sdr
L-015564,webinar,not_decision_maker,4.0,smb_sdr
L-015565,webinar,student_or_researcher,3.7,smb_sdr
L-015566,webinar,not_decision_maker,2.8,smb_sdr
L-015567,webinar,duplicate,3.4,smb_sdr
L-015568,webinar,no_budget,4.6,smb_sdr
L-015569,webinar,no_budget,6.5,smb_sdr
L-015570,webinar,not_decision_maker,9.1,smb_sdr
L-015571,webinar,wrong_use_case,3.9,smb_sdr
L-015572,webinar,no_budget,5.2,smb_sdr
L-015573,webinar,no_response,5.3,smb_sdr
L-015574,webinar,no_response,4.6,smb_sdr
L-015575,webinar,student_or_researcher,4.0,smb_sdr
L-015576,webinar,not_decision_maker,2.6,smb_sdr
L-015577,webinar,wrong_use_case,10.4,smb_sdr
L-015578,webinar,,17.1,smb_sdr
L-015579,webinar,duplicate,10.0,smb_sdr
L-015580,webinar,no_budget,3.1,smb_sdr
L-015581,webinar,no_budget,6.6,smb_sdr
L-015582,webinar,student_or_researcher,14.0,smb_sdr
L-015583,webinar,no_budget,7.4,smb_sdr
L-015584,webinar,not_decision_maker,5.1,smb_sdr
L-015585,webinar,no_budget,2.0,smb_sdr
L-015586,webinar,not_decision_maker,11.5,smb_sdr
L-015587,webinar,no_budget,1.5,smb_sdr
L-015588,webinar,not_decision_maker,7.4,smb_sdr
L-015589,webinar,,13.2,smb_sdr
L-015590,webinar,no_budget,3.4,smb_sdr
L-015591,webinar,no_response,3.5,smb_sdr
L-015592,webinar,no_budget,4.7,smb_sdr
L-015593,webinar,no_budget,11.1,smb_sdr
L-015594,webinar,student_or_researcher,16.2,smb_sdr
L-015595,webinar,no_budget,1.1,smb_sdr
L-015596,webinar,not_decision_maker,4.7,smb_sdr
L-015597,webinar,no_response,3.4,smb_sdr
L-015598,webinar,not_decision_maker,1.7,smb_sdr
L-015599,webinar,student_or_researcher,66.3,unassigned
L-015600,webinar,no_budget,3.7,smb_sdr
L-015601,webinar,student_or_researcher,6.2,smb_sdr
L-015602,webinar,no_budget,5.1,smb_sdr
L-015603,webinar,no_response,11.4,smb_sdr
L-015604,webinar,no_budget,13.5,smb_sdr
L-015605,webinar,no_response,2.6,smb_sdr
L-015606,webinar,not_decision_maker,3.1,smb_sdr
L-015607,webinar,,2.6,smb_sdr
L-015608,webinar,duplicate,8.1,smb_sdr
L-015609,webinar,wrong_use_case,4.4,smb_sdr
L-015610,webinar,no_response,2.1,smb_sdr
L-015611,webinar,student_or_researcher,5.4,smb_sdr
L-015612,webinar,student_or_researcher,80.8,unassigned
L-015613,webinar,not_decision_maker,10.0,smb_sdr
L-015614,webinar,duplicate,4.3,smb_sdr
L-015615,webinar,student_or_researcher,4.9,smb_sdr
L-015616,webinar,no_budget,2.3,smb_sdr
L-015617,webinar,student_or_researcher,14.1,smb_sdr
L-015618,webinar,no_response,10.8,smb_sdr
L-015619,webinar,not_decision_maker,8.1,smb_sdr
L-015620,webinar,not_decision_maker,6.6,smb_sdr
L-015621,webinar,student_or_researcher,2.6,smb_sdr
L-015622,webinar,no_budget,5.8,smb_sdr
L-015623,webinar,not_decision_maker,9.5,smb_sdr
L-015624,webinar,student_or_researcher,6.7,smb_sdr
L-015625,webinar,no_budget,5.4,smb_sdr
L-015626,webinar,not_decision_maker,5.4,smb_sdr
L-015627,webinar,student_or_researcher,8.3,smb_sdr
L-015628,webinar,no_response,6.3,smb_sdr
L-015629,webinar,no_budget,4.7,smb_sdr
L-015630,webinar,wrong_use_case,5.6,smb_sdr
L-015631,webinar,not_decision_maker,2.6,smb_sdr
L-015632,webinar,no_response,6.6,smb_sdr
L-015633,webinar,duplicate,6.9,smb_sdr
L-015634,webinar,duplicate,8.0,smb_sdr
L-015635,webinar,student_or_researcher,6.0,smb_sdr
L-015636,webinar,no_response,6.5,smb_sdr
L-015637,webinar,no_response,11.6,smb_sdr
L-015638,webinar,duplicate,2.3,smb_sdr
L-015639,webinar,student_or_researcher,10.3,smb_sdr
L-015640,webinar,,16.6,smb_sdr
L-015641,webinar,no_budget,4.9,smb_sdr
L-015642,webinar,student_or_researcher,6.4,smb_sdr
L-015643,webinar,no_budget,8.3,smb_sdr
L-015644,webinar,no_response,6.3,smb_sdr
L-015645,webinar,not_decision_maker,3.7,smb_sdr
L-015646,webinar,no_budget,4.9,smb_sdr
L-015647,webinar,duplicate,5.4,smb_sdr
L-015648,webinar,no_budget,4.2,smb_sdr
L-015649,webinar,wrong_use_case,1.9,smb_sdr
L-015650,webinar,no_budget,4.0,smb_sdr
L-015651,webinar,not_decision_maker,5.5,smb_sdr
L-015652,webinar,no_budget,6.7,smb_sdr
L-015653,webinar,student_or_researcher,10.9,smb_sdr
L-015654,webinar,,5.5,smb_sdr
L-015655,webinar,no_budget,2.5,smb_sdr
L-015656,webinar,no_budget,9.3,smb_sdr
L-015657,webinar,student_or_researcher,11.1,smb_sdr
L-015658,webinar,no_budget,4.9,smb_sdr
L-015659,webinar,no_response,2.6,smb_sdr
L-015660,webinar,no_budget,5.3,smb_sdr
L-015661,webinar,student_or_researcher,5.0,smb_sdr
L-015662,webinar,,4.0,smb_sdr
L-015663,webinar,not_decision_maker,4.1,smb_sdr
L-015664,webinar,no_response,5.9,smb_sdr
L-015665,webinar,,13.3,smb_sdr
L-015666,webinar,no_budget,10.3,smb_sdr
L-015667,webinar,no_budget,3.7,smb_sdr
L-015668,webinar,no_budget,2.7,smb_sdr
L-015669,webinar,,10.6,smb_sdr
L-015670,webinar,no_budget,2.8,smb_sdr
L-015671,webinar,no_budget,3.9,smb_sdr
L-015672,webinar,,1.4,smb_sdr
L-015673,webinar,student_or_researcher,6.9,smb_sdr
L-015674,webinar,student_or_researcher,2.6,smb_sdr
L-015675,webinar,wrong_use_case,2.7,smb_sdr
L-015676,webinar,no_budget,5.7,smb_sdr
L-015677,webinar,no_budget,6.6,smb_sdr
L-015678,webinar,student_or_researcher,31.4,smb_sdr
L-015679,webinar,student_or_researcher,8.2,smb_sdr
L-015680,webinar,not_decision_maker,7.0,smb_sdr
L-015681,webinar,,5.8,smb_sdr
L-015682,webinar,,1.0,smb_sdr
L-015683,webinar,student_or_researcher,4.8,smb_sdr
L-015684,webinar,,4.1,smb_sdr
L-015685,webinar,not_decision_maker,1.6,smb_sdr
L-015686,webinar,wrong_use_case,5.8,smb_sdr
L-015687,webinar,no_response,4.5,smb_sdr
L-015688,webinar,,1.3,smb_sdr
L-015689,webinar,student_or_researcher,6.3,smb_sdr
L-015690,webinar,student_or_researcher,3.8,smb_sdr
L-015691,webinar,no_response,6.5,smb_sdr
L-015692,webinar,no_budget,2.2,smb_sdr
L-015693,webinar,not_decision_maker,4.4,smb_sdr
L-015694,webinar,,18.1,smb_sdr
L-015695,webinar,wrong_use_case,7.8,smb_sdr
L-015696,webinar,no_budget,1.8,smb_sdr
L-015697,webinar,no_response,6.2,smb_sdr
L-015698,webinar,student_or_researcher,4.5,smb_sdr
L-015699,webinar,student_or_researcher,1.5,smb_sdr
L-015700,webinar,no_response,4.6,smb_sdr
L-015701,webinar,wrong_use_case,3.3,smb_sdr
L-015702,webinar,no_budget,4.1,smb_sdr
L-015703,webinar,no_response,14.4,smb_sdr
L-015704,webinar,not_decision_maker,10.2,smb_sdr
L-015705,webinar,not_decision_maker,4.4,smb_sdr
L-015706,webinar,student_or_researcher,7.0,smb_sdr
L-015707,webinar,not_decision_maker,3.0,smb_sdr
L-015708,webinar,not_decision_maker,2.4,smb_sdr
L-015709,webinar,no_budget,11.6,smb_sdr
L-015710,webinar,no_budget,4.8,smb_sdr
L-015711,webinar,not_decision_maker,13.6,smb_sdr
L-015712,webinar,no_budget,4.6,smb_sdr
L-015713,webinar,no_budget,1.7,smb_sdr
L-015714,webinar,not_decision_maker,11.6,smb_sdr
L-015715,webinar,no_budget,3.3,smb_sdr
L-015716,webinar,no_budget,5.7,smb_sdr
L-015717,webinar,wrong_use_case,7.3,smb_sdr
L-015718,webinar,not_decision_maker,4.6,smb_sdr
L-015719,webinar,not_decision_maker,6.4,smb_sdr
L-015720,webinar,,5.2,smb_sdr
L-015721,webinar,no_response,6.9,smb_sdr
L-015722,webinar,duplicate,2.6,smb_sdr
L-015723,webinar,student_or_researcher,6.7,smb_sdr
L-015724,webinar,no_budget,6.5,smb_sdr
L-015725,webinar,wrong_use_case,6.2,smb_sdr
L-015726,webinar,no_budget,16.7,smb_sdr
L-015727,webinar,no_response,6.9,smb_sdr
L-015728,webinar,student_or_researcher,2.8,smb_sdr
L-015729,webinar,not_decision_maker,2.5,smb_sdr
L-015730,webinar,no_budget,5.9,smb_sdr
L-015731,webinar,student_or_researcher,2.9,smb_sdr
L-015732,webinar,not_decision_maker,4.0,smb_sdr
L-015733,webinar,student_or_researcher,4.6,smb_sdr
L-015734,webinar,no_budget,8.1,smb_sdr
L-015735,webinar,no_budget,2.0,smb_sdr
L-015736,webinar,duplicate,2.4,smb_sdr
L-015737,webinar,not_decision_maker,6.5,smb_sdr
L-015738,webinar,student_or_researcher,58.1,unassigned
L-015739,webinar,no_budget,2.2,smb_sdr
L-015740,webinar,,7.2,smb_sdr
L-015741,webinar,not_decision_maker,7.9,smb_sdr
L-015742,webinar,not_decision_maker,6.2,smb_sdr
L-015743,webinar,,5.1,smb_sdr
L-015744,webinar,no_budget,5.4,smb_sdr
L-015745,webinar,student_or_researcher,5.4,smb_sdr
L-015746,webinar,no_budget,2.7,smb_sdr
L-015747,webinar,wrong_use_case,3.8,smb_sdr
L-015748,webinar,student_or_researcher,4.4,smb_sdr
L-015749,webinar,student_or_researcher,7.8,smb_sdr
L-015750,webinar,no_response,3.0,smb_sdr
L-015751,webinar,student_or_researcher,13.2,smb_sdr
L-015752,webinar,no_budget,6.2,smb_sdr
L-015753,webinar,student_or_researcher,5.2,smb_sdr
L-015754,webinar,not_decision_maker,4.4,smb_sdr
L-015755,webinar,not_decision_maker,82.2,unassigned
L-015756,webinar,not_decision_maker,1.6,smb_sdr
L-015757,webinar,wrong_use_case,4.2,smb_sdr
L-015758,webinar,not_decision_maker,13.4,smb_sdr
L-015759,webinar,no_budget,3.5,smb_sdr
L-015760,webinar,wrong_use_case,3.6,smb_sdr
L-015761,webinar,not_decision_maker,4.8,smb_sdr
L-015762,webinar,duplicate,7.7,smb_sdr
L-015763,webinar,not_decision_maker,7.5,smb_sdr
L-015764,webinar,no_budget,5.9,smb_sdr
L-015765,webinar,no_budget,0.9,smb_sdr
L-015766,webinar,duplicate,9.2,smb_sdr
L-015767,webinar,student_or_researcher,6.5,smb_sdr
L-015768,webinar,duplicate,3.8,smb_sdr
L-015769,webinar,,1.9,smb_sdr
L-015770,webinar,no_budget,8.8,smb_sdr
L-015771,webinar,not_decision_maker,4.5,smb_sdr
L-015772,webinar,no_budget,8.1,smb_sdr
L-015773,webinar,student_or_researcher,2.9,smb_sdr
L-015774,webinar,no_budget,3.9,smb_sdr
L-015775,webinar,,2.3,smb_sdr
L-015776,webinar,no_budget,2.0,smb_sdr
L-015777,webinar,not_decision_maker,2.6,smb_sdr
L-015778,webinar,no_budget,1.2,smb_sdr
L-015779,webinar,student_or_researcher,4.8,smb_sdr
L-015780,webinar,student_or_researcher,2.5,smb_sdr
L-015781,webinar,wrong_use_case,3.5,smb_sdr
L-015782,webinar,duplicate,4.5,smb_sdr
L-015783,webinar,not_decision_maker,4.7,smb_sdr
L-015784,webinar,no_budget,9.0,smb_sdr
L-015785,webinar,duplicate,7.0,smb_sdr
L-015786,webinar,,4.7,smb_sdr
L-015787,webinar,no_budget,3.4,smb_sdr
L-015788,webinar,not_decision_maker,7.0,smb_sdr
L-015789,webinar,not_decision_maker,4.0,smb_sdr
L-015790,webinar,not_decision_maker,4.0,smb_sdr
L-015791,webinar,student_or_researcher,1.7,smb_sdr
L-015792,webinar,not_decision_maker,2.7,smb_sdr
L-015793,webinar,,3.4,smb_sdr
L-015794,webinar,no_budget,8.4,smb_sdr
L-015795,webinar,,3.1,smb_sdr
L-015796,webinar,no_budget,6.2,smb_sdr
L-015797,webinar,wrong_use_case,10.0,smb_sdr
L-015798,webinar,no_budget,4.7,smb_sdr
L-015799,webinar,no_budget,2.8,smb_sdr
L-015800,webinar,no_budget,5.8,smb_sdr
L-015801,webinar,,19.4,smb_sdr
L-015802,webinar,no_budget,8.9,smb_sdr
L-015803,webinar,no_budget,3.4,smb_sdr
L-015804,webinar,no_budget,4.8,smb_sdr
L-015805,webinar,no_response,3.4,smb_sdr
L-015806,webinar,not_decision_maker,7.1,smb_sdr
L-015807,webinar,wrong_use_case,14.8,smb_sdr
L-015808,webinar,wrong_use_case,7.6,smb_sdr
L-015809,webinar,wrong_use_case,7.3,smb_sdr
L-015810,webinar,duplicate,4.0,smb_sdr
L-015811,webinar,not_decision_maker,2.3,smb_sdr
L-015812,webinar,duplicate,5.8,smb_sdr
L-015813,webinar,wrong_use_case,9.1,smb_sdr
L-015814,webinar,not_decision_maker,2.1,smb_sdr
L-015815,webinar,student_or_researcher,7.7,smb_sdr
L-015816,webinar,,1.0,smb_sdr
L-015817,webinar,not_decision_maker,2.2,smb_sdr
L-015818,webinar,no_budget,25.2,smb_sdr
L-015819,webinar,not_decision_maker,4.1,smb_sdr
L-015820,webinar,no_budget,4.3,smb_sdr
L-015821,webinar,not_decision_maker,17.8,smb_sdr
L-015822,webinar,wrong_use_case,7.5,smb_sdr
L-015823,webinar,student_or_researcher,4.7,smb_sdr
L-015824,webinar,,14.0,smb_sdr
L-015825,webinar,student_or_researcher,3.0,smb_sdr
L-015826,webinar,wrong_use_case,8.8,smb_sdr
L-015827,webinar,wrong_use_case,2.5,smb_sdr
L-015828,webinar,not_decision_maker,6.7,smb_sdr
L-015829,webinar,no_response,2.3,smb_sdr
L-015830,webinar,not_decision_maker,7.1,smb_sdr
L-015831,webinar,no_response,15.2,smb_sdr
L-015832,webinar,no_budget,10.8,smb_sdr
L-015833,webinar,no_budget,3.6,smb_sdr
L-015834,webinar,duplicate,4.1,smb_sdr
L-015835,webinar,not_decision_maker,2.3,smb_sdr
L-015836,webinar,no_budget,2.8,smb_sdr
L-015837,webinar,student_or_researcher,8.5,smb_sdr
L-015838,webinar,not_decision_maker,8.8,smb_sdr
L-015839,webinar,student_or_researcher,3.2,smb_sdr
L-015840,webinar,,3.6,smb_sdr
L-015841,webinar,wrong_use_case,3.3,smb_sdr
L-015842,webinar,no_budget,6.7,smb_sdr
L-015843,webinar,no_budget,7.1,smb_sdr
L-015844,webinar,,2.0,smb_sdr
L-015845,webinar,no_budget,2.6,smb_sdr
L-015846,webinar,no_budget,4.5,smb_sdr
L-015847,webinar,student_or_researcher,3.0,smb_sdr
L-015848,webinar,student_or_researcher,9.1,smb_sdr
L-015849,webinar,,4.7,smb_sdr
L-015850,webinar,no_budget,5.4,smb_sdr
L-015851,webinar,no_budget,2.9,smb_sdr
L-015852,webinar,no_budget,3.8,smb_sdr
L-015853,webinar,no_budget,5.4,smb_sdr
L-015854,webinar,not_decision_maker,5.1,smb_sdr
L-015855,webinar,student_or_researcher,5.7,smb_sdr
L-015856,webinar,student_or_researcher,71.1,unassigned
L-015857,webinar,no_budget,3.9,smb_sdr
L-015858,webinar,duplicate,7.7,smb_sdr
L-015859,webinar,not_decision_maker,4.2,smb_sdr
L-015860,webinar,not_decision_maker,3.3,smb_sdr
L-015861,webinar,no_response,3.4,smb_sdr
L-015862,webinar,not_decision_maker,12.1,smb_sdr
L-015863,webinar,student_or_researcher,8.6,smb_sdr
L-015864,webinar,,3.0,smb_sdr
L-015865,webinar,no_budget,4.4,smb_sdr
L-015866,webinar,no_budget,5.7,smb_sdr
L-015867,webinar,not_decision_maker,6.8,smb_sdr
L-015868,webinar,duplicate,4.3,smb_sdr
L-015869,webinar,duplicate,9.6,smb_sdr
L-015870,webinar,not_decision_maker,13.0,smb_sdr
L-015871,webinar,no_budget,5.2,smb_sdr
L-015872,webinar,no_budget,3.6,smb_sdr
L-015873,webinar,not_decision_maker,9.2,smb_sdr
L-015874,webinar,,6.4,smb_sdr
L-015875,webinar,no_budget,7.5,smb_sdr
L-015876,webinar,not_decision_maker,10.3,smb_sdr
L-015877,webinar,no_budget,3.6,smb_sdr
L-015878,webinar,no_response,5.9,smb_sdr
L-015879,webinar,no_budget,4.2,smb_sdr
L-015880,webinar,no_budget,6.8,smb_sdr
L-015881,webinar,no_budget,15.6,smb_sdr
L-015882,webinar,no_budget,36.8,unassigned
L-015883,webinar,,7.7,smb_sdr
L-015884,webinar,wrong_use_case,4.4,smb_sdr
L-015885,webinar,,2.7,smb_sdr
L-015886,webinar,no_budget,17.2,smb_sdr
L-015887,webinar,wrong_use_case,1.0,smb_sdr
L-015888,webinar,student_or_researcher,10.9,smb_sdr
L-015889,webinar,student_or_researcher,1.7,smb_sdr
L-015890,webinar,not_decision_maker,2.0,smb_sdr
L-015891,webinar,student_or_researcher,7.5,smb_sdr
L-015892,webinar,no_response,4.2,smb_sdr
L-015893,webinar,not_decision_maker,4.2,smb_sdr
L-015894,webinar,not_decision_maker,2.7,smb_sdr
L-015895,webinar,duplicate,3.3,smb_sdr
L-015896,webinar,no_budget,4.4,smb_sdr
L-015897,webinar,no_budget,7.5,smb_sdr
L-015898,webinar,student_or_researcher,77.8,unassigned
L-015899,webinar,duplicate,6.1,smb_sdr
L-015900,webinar,student_or_researcher,5.1,smb_sdr
L-015901,webinar,not_decision_maker,20.0,smb_sdr
L-015902,webinar,student_or_researcher,4.4,smb_sdr
L-015903,webinar,,4.1,smb_sdr
L-015904,webinar,wrong_use_case,7.4,smb_sdr
L-015905,webinar,not_decision_maker,5.9,smb_sdr
L-015906,webinar,no_response,8.5,smb_sdr
L-015907,webinar,no_budget,7.1,smb_sdr
L-015908,webinar,not_decision_maker,3.5,smb_sdr
L-015909,webinar,not_decision_maker,4.0,smb_sdr
L-015910,webinar,no_budget,2.0,smb_sdr
L-015911,webinar,student_or_researcher,6.2,smb_sdr
L-015912,webinar,no_response,8.5,smb_sdr
L-015913,webinar,no_budget,1.7,smb_sdr
L-015914,webinar,,8.1,smb_sdr
L-015915,webinar,,6.1,smb_sdr
L-015916,webinar,no_budget,2.0,smb_sdr
L-015917,webinar,not_decision_maker,4.8,smb_sdr
L-015918,webinar,wrong_use_case,2.7,smb_sdr
L-015919,webinar,,2.6,smb_sdr
L-015920,webinar,no_budget,10.4,smb_sdr
L-015921,webinar,no_response,7.9,smb_sdr
L-015922,webinar,,3.8,smb_sdr
L-015923,webinar,,4.4,smb_sdr
L-015924,webinar,no_budget,14.0,smb_sdr
L-015925,webinar,no_budget,3.3,smb_sdr
L-015926,webinar,not_decision_maker,10.7,smb_sdr
L-015927,webinar,student_or_researcher,6.0,smb_sdr
L-015928,webinar,no_budget,3.7,smb_sdr
L-015929,webinar,duplicate,5.8,smb_sdr
L-015930,webinar,not_decision_maker,5.6,smb_sdr
L-015931,webinar,no_budget,6.9,smb_sdr
L-015932,webinar,no_budget,10.9,smb_sdr
L-015933,webinar,student_or_researcher,5.8,smb_sdr
L-015934,webinar,,3.4,smb_sdr
L-015935,webinar,no_budget,5.7,smb_sdr
L-015936,webinar,no_response,6.1,smb_sdr
L-015937,webinar,,5.9,smb_sdr
L-015938,webinar,not_decision_maker,3.6,smb_sdr
L-015939,webinar,no_response,3.1,smb_sdr
L-015940,webinar,not_decision_maker,3.9,smb_sdr
L-015941,webinar,not_decision_maker,4.3,smb_sdr
L-015942,webinar,not_decision_maker,2.7,smb_sdr
L-015943,webinar,student_or_researcher,3.9,smb_sdr
L-015944,webinar,,13.7,smb_sdr
L-015945,webinar,not_decision_maker,14.0,smb_sdr
L-015946,webinar,no_budget,8.2,smb_sdr
L-015947,webinar,student_or_researcher,5.9,smb_sdr
L-015948,webinar,no_response,2.5,smb_sdr
L-015949,webinar,wrong_use_case,8.7,smb_sdr
L-015950,webinar,not_decision_maker,2.0,smb_sdr
L-015951,webinar,no_budget,58.6,unassigned
L-015952,webinar,no_response,7.6,smb_sdr
L-015953,webinar,wrong_use_case,82.6,unassigned
L-015954,webinar,no_response,3.4,smb_sdr
L-015955,webinar,no_budget,2.1,smb_sdr
L-015956,webinar,no_budget,4.1,smb_sdr
L-015957,webinar,,2.9,smb_sdr
L-015958,webinar,wrong_use_case,5.9,smb_sdr
L-015959,webinar,student_or_researcher,7.0,smb_sdr
L-015960,webinar,no_response,3.3,smb_sdr
L-015961,webinar,,5.9,smb_sdr
L-015962,webinar,,3.2,smb_sdr
L-015963,webinar,not_decision_maker,4.5,smb_sdr
L-015964,webinar,no_budget,2.5,smb_sdr
L-015965,webinar,not_decision_maker,2.3,smb_sdr
L-015966,webinar,not_decision_maker,5.2,smb_sdr
L-015967,webinar,student_or_researcher,4.8,smb_sdr
L-015968,webinar,student_or_researcher,5.6,smb_sdr
L-015969,webinar,no_budget,4.2,smb_sdr
L-015970,webinar,not_decision_maker,4.2,smb_sdr
L-015971,webinar,no_budget,6.4,smb_sdr
L-015972,webinar,student_or_researcher,3.3,smb_sdr
L-015973,webinar,no_response,5.7,smb_sdr
L-015974,webinar,student_or_researcher,1.9,smb_sdr
L-015975,webinar,,5.0,smb_sdr
L-015976,webinar,no_response,19.7,smb_sdr
L-015977,webinar,no_budget,5.3,smb_sdr
L-015978,webinar,no_budget,14.0,smb_sdr
L-015979,webinar,no_budget,2.1,smb_sdr
L-015980,webinar,not_decision_maker,7.0,smb_sdr
L-015981,webinar,wrong_use_case,3.1,smb_sdr
L-015982,webinar,no_budget,4.2,smb_sdr
L-015983,webinar,no_response,3.1,smb_sdr
L-015984,webinar,no_budget,5.0,smb_sdr
L-015985,webinar,not_decision_maker,6.2,smb_sdr
L-015986,webinar,wrong_use_case,2.1,smb_sdr
L-015987,webinar,wrong_use_case,1.8,smb_sdr
L-015988,webinar,duplicate,5.3,smb_sdr
L-015989,webinar,student_or_researcher,2.4,smb_sdr
L-015990,webinar,duplicate,6.7,smb_sdr
L-015991,webinar,not_decision_maker,7.7,smb_sdr
L-015992,webinar,not_decision_maker,3.6,smb_sdr
L-015993,webinar,no_response,5.8,smb_sdr
L-015994,webinar,student_or_researcher,1.4,smb_sdr
L-015995,webinar,student_or_researcher,4.7,smb_sdr
L-015996,webinar,not_decision_maker,5.9,smb_sdr
L-015997,webinar,no_response,11.1,smb_sdr
L-015998,webinar,no_budget,3.9,smb_sdr
L-015999,webinar,no_response,8.2,smb_sdr
L-016000,webinar,not_decision_maker,5.2,smb_sdr
L-016001,webinar,not_decision_maker,2.2,smb_sdr
L-016002,webinar,student_or_researcher,2.3,smb_sdr
L-016003,webinar,duplicate,1.8,smb_sdr
L-016004,webinar,student_or_researcher,4.0,smb_sdr
L-016005,webinar,student_or_researcher,11.1,smb_sdr
L-016006,webinar,student_or_researcher,3.5,smb_sdr
L-016007,webinar,student_or_researcher,8.1,smb_sdr
L-016008,webinar,not_decision_maker,1.9,smb_sdr
L-016009,webinar,,6.3,smb_sdr
L-016010,webinar,student_or_researcher,3.3,smb_sdr
L-016011,webinar,no_budget,0.7,mid_market_ae
L-016012,webinar,student_or_researcher,12.1,mid_market_ae
L-016013,webinar,not_decision_maker,4.4,mid_market_ae
L-016014,webinar,not_decision_maker,5.6,mid_market_ae
L-016015,webinar,no_budget,5.6,mid_market_ae
L-016016,webinar,not_decision_maker,1.8,mid_market_ae
L-016017,webinar,not_decision_maker,3.4,mid_market_ae
L-016018,webinar,no_response,5.7,mid_market_ae
L-016019,webinar,no_budget,5.8,mid_market_ae
L-016020,webinar,no_budget,10.9,mid_market_ae
L-016021,webinar,no_response,4.0,mid_market_ae
L-016022,webinar,no_budget,5.1,mid_market_ae
L-016023,webinar,not_decision_maker,3.9,mid_market_ae
L-016024,webinar,,4.9,mid_market_ae
L-016025,webinar,not_decision_maker,15.1,mid_market_ae
L-016026,webinar,no_budget,5.5,mid_market_ae
L-016027,webinar,no_budget,22.0,mid_market_ae
L-016028,webinar,not_decision_maker,2.7,mid_market_ae
L-016029,webinar,student_or_researcher,8.1,mid_market_ae
L-016030,webinar,student_or_researcher,6.1,mid_market_ae
L-016031,webinar,not_decision_maker,10.6,mid_market_ae
L-016032,webinar,no_budget,3.6,mid_market_ae
L-016033,webinar,no_response,1.4,mid_market_ae
L-016034,webinar,wrong_use_case,19.7,mid_market_ae
L-016035,webinar,no_budget,2.9,mid_market_ae
L-016036,webinar,wrong_use_case,10.0,mid_market_ae
L-016037,webinar,not_decision_maker,6.7,mid_market_ae
L-016038,webinar,wrong_use_case,6.6,mid_market_ae
L-016039,webinar,no_budget,6.7,mid_market_ae
L-016040,webinar,student_or_researcher,3.0,mid_market_ae
L-016041,webinar,duplicate,6.1,mid_market_ae
L-016042,webinar,student_or_researcher,5.2,mid_market_ae
L-016043,webinar,wrong_use_case,50.6,unassigned
L-016044,webinar,not_decision_maker,12.9,mid_market_ae
L-016045,webinar,not_decision_maker,2.5,mid_market_ae
L-016046,webinar,no_budget,5.6,mid_market_ae
L-016047,webinar,student_or_researcher,7.2,mid_market_ae
L-016048,webinar,,6.6,mid_market_ae
L-016049,webinar,no_response,3.7,mid_market_ae
L-016050,webinar,no_budget,3.8,mid_market_ae
L-016051,webinar,no_budget,2.5,mid_market_ae
L-016052,webinar,not_decision_maker,6.1,mid_market_ae
L-016053,webinar,no_budget,9.2,mid_market_ae
L-016054,webinar,no_budget,8.6,mid_market_ae
L-016055,webinar,student_or_researcher,5.3,mid_market_ae
L-016056,webinar,,5.4,mid_market_ae
L-016057,webinar,wrong_use_case,2.5,mid_market_ae
L-016058,webinar,,3.1,mid_market_ae
L-016059,webinar,no_budget,5.2,mid_market_ae
L-016060,webinar,duplicate,5.0,mid_market_ae
L-016061,webinar,student_or_researcher,2.4,mid_market_ae
L-016062,webinar,no_budget,4.0,mid_market_ae
L-016063,webinar,no_budget,20.6,mid_market_ae
L-016064,webinar,not_decision_maker,3.5,mid_market_ae
L-016065,webinar,no_budget,1.5,mid_market_ae
L-016066,webinar,wrong_use_case,4.4,mid_market_ae
L-016067,webinar,not_decision_maker,3.6,mid_market_ae
L-016068,webinar,wrong_use_case,4.5,mid_market_ae
L-016069,webinar,wrong_use_case,3.9,mid_market_ae
L-016070,webinar,wrong_use_case,4.7,mid_market_ae
L-016071,webinar,duplicate,10.1,mid_market_ae
L-016072,webinar,wrong_use_case,5.7,mid_market_ae
L-016073,webinar,wrong_use_case,3.9,mid_market_ae
L-016074,webinar,,10.9,mid_market_ae
L-016075,webinar,not_decision_maker,3.3,mid_market_ae
L-016076,webinar,no_budget,2.3,mid_market_ae
L-016077,webinar,student_or_researcher,67.9,unassigned
L-016078,webinar,not_decision_maker,2.3,mid_market_ae
L-016079,webinar,student_or_researcher,5.4,mid_market_ae
L-016080,webinar,not_decision_maker,5.9,mid_market_ae
L-016081,webinar,,5.9,mid_market_ae
L-016082,webinar,wrong_use_case,5.3,mid_market_ae
L-016083,webinar,no_budget,1.4,mid_market_ae
L-016084,webinar,not_decision_maker,27.9,mid_market_ae
L-016085,webinar,no_response,2.4,mid_market_ae
L-016086,webinar,student_or_researcher,10.1,mid_market_ae
L-016087,webinar,,5.4,mid_market_ae
L-016088,webinar,no_response,3.2,mid_market_ae
L-016089,webinar,student_or_researcher,1.3,mid_market_ae
L-016090,webinar,no_response,3.9,mid_market_ae
L-016091,webinar,no_response,6.2,mid_market_ae
L-016092,webinar,wrong_use_case,46.5,unassigned
L-016093,webinar,not_decision_maker,4.9,mid_market_ae
L-016094,webinar,wrong_use_case,4.4,mid_market_ae
L-016095,webinar,no_budget,13.0,mid_market_ae
L-016096,webinar,wrong_use_case,12.3,mid_market_ae
L-016097,webinar,,9.7,mid_market_ae
L-016098,webinar,not_decision_maker,107.9,unassigned
L-016099,webinar,not_decision_maker,2.2,mid_market_ae
L-016100,webinar,no_budget,1.7,mid_market_ae
L-016101,webinar,no_response,3.5,mid_market_ae
L-016102,webinar,no_budget,4.9,mid_market_ae
L-016103,webinar,not_decision_maker,2.1,mid_market_ae
L-016104,webinar,wrong_use_case,7.9,mid_market_ae
L-016105,webinar,student_or_researcher,6.4,mid_market_ae
L-016106,webinar,no_response,15.0,mid_market_ae
L-016107,webinar,no_budget,6.8,mid_market_ae
L-016108,webinar,,4.2,mid_market_ae
L-016109,webinar,student_or_researcher,9.4,mid_market_ae
L-016110,webinar,no_budget,62.7,unassigned
L-016111,webinar,not_decision_maker,2.7,mid_market_ae
L-016112,webinar,student_or_researcher,8.8,mid_market_ae
L-016113,webinar,no_budget,13.0,mid_market_ae
L-016114,webinar,not_decision_maker,2.4,mid_market_ae
L-016115,webinar,,4.7,mid_market_ae
L-016116,webinar,not_decision_maker,4.5,mid_market_ae
L-016117,webinar,duplicate,2.4,mid_market_ae
L-016118,webinar,student_or_researcher,3.8,mid_market_ae
L-016119,webinar,,6.2,mid_market_ae
L-016120,webinar,student_or_researcher,6.0,mid_market_ae
L-016121,webinar,no_budget,8.9,mid_market_ae
L-016122,webinar,duplicate,2.0,mid_market_ae
L-016123,webinar,no_budget,17.9,mid_market_ae
L-016124,webinar,student_or_researcher,4.0,mid_market_ae
L-016125,webinar,no_budget,6.1,mid_market_ae
L-016126,webinar,no_budget,5.9,mid_market_ae
L-016127,webinar,no_budget,5.6,mid_market_ae
L-016128,webinar,no_response,8.9,mid_market_ae
L-016129,webinar,,3.0,mid_market_ae
L-016130,webinar,duplicate,7.5,mid_market_ae
L-016131,webinar,,24.8,mid_market_ae
L-016132,webinar,no_budget,8.5,mid_market_ae
L-016133,webinar,not_decision_maker,6.1,mid_market_ae
L-016134,webinar,no_response,1.5,mid_market_ae
L-016135,webinar,not_decision_maker,11.9,mid_market_ae
L-016136,webinar,no_response,13.1,mid_market_ae
L-016137,webinar,no_budget,5.5,mid_market_ae
L-016138,webinar,no_budget,2.9,mid_market_ae
L-016139,webinar,no_budget,4.7,mid_market_ae
L-016140,webinar,wrong_use_case,10.7,mid_market_ae
L-016141,webinar,student_or_researcher,10.0,mid_market_ae
L-016142,webinar,wrong_use_case,2.4,mid_market_ae
L-016143,webinar,no_budget,7.6,mid_market_ae
L-016144,webinar,not_decision_maker,5.4,mid_market_ae
L-016145,webinar,no_budget,1.7,mid_market_ae
L-016146,webinar,not_decision_maker,10.2,mid_market_ae
L-016147,webinar,no_budget,4.7,mid_market_ae
L-016148,webinar,student_or_researcher,5.0,mid_market_ae
L-016149,webinar,not_decision_maker,14.4,mid_market_ae
L-016150,webinar,student_or_researcher,5.9,mid_market_ae
L-016151,webinar,not_decision_maker,3.5,mid_market_ae
L-016152,webinar,no_budget,4.9,mid_market_ae
L-016153,webinar,not_decision_maker,5.9,mid_market_ae
L-016154,webinar,wrong_use_case,5.8,mid_market_ae
L-016155,webinar,no_budget,3.8,mid_market_ae
L-016156,webinar,no_response,10.1,mid_market_ae
L-016157,webinar,no_budget,4.4,mid_market_ae
L-016158,webinar,no_budget,4.4,mid_market_ae
L-016159,webinar,student_or_researcher,8.5,mid_market_ae
L-016160,webinar,not_decision_maker,9.8,mid_market_ae
L-016161,webinar,wrong_use_case,3.9,mid_market_ae
L-016162,webinar,not_decision_maker,7.5,mid_market_ae
L-016163,webinar,,5.9,mid_market_ae
L-016164,webinar,no_budget,3.8,mid_market_ae
L-016165,webinar,student_or_researcher,2.3,mid_market_ae
L-016166,webinar,student_or_researcher,2.1,mid_market_ae
L-016167,webinar,duplicate,2.0,mid_market_ae
L-016168,webinar,no_budget,1.7,mid_market_ae
L-016169,webinar,no_response,4.1,mid_market_ae
L-016170,webinar,not_decision_maker,4.8,mid_market_ae
L-016171,webinar,no_response,6.6,mid_market_ae
L-016172,webinar,student_or_researcher,8.5,mid_market_ae
L-016173,webinar,duplicate,5.4,mid_market_ae
L-016174,webinar,student_or_researcher,14.0,mid_market_ae
L-016175,webinar,student_or_researcher,3.9,mid_market_ae
L-016176,webinar,duplicate,1.6,mid_market_ae
L-016177,webinar,no_budget,5.3,mid_market_ae
L-016178,webinar,no_budget,2.8,mid_market_ae
L-016179,webinar,no_response,15.5,mid_market_ae
L-016180,webinar,not_decision_maker,3.4,mid_market_ae
L-016181,webinar,not_decision_maker,3.9,mid_market_ae
L-016182,webinar,student_or_researcher,4.1,mid_market_ae
L-016183,webinar,,6.5,mid_market_ae
L-016184,webinar,no_budget,3.1,mid_market_ae
L-016185,webinar,no_budget,6.9,mid_market_ae
L-016186,webinar,no_budget,12.2,mid_market_ae
L-016187,webinar,no_budget,11.9,mid_market_ae
L-016188,webinar,wrong_use_case,3.3,mid_market_ae
L-016189,webinar,wrong_use_case,7.4,mid_market_ae
L-016190,webinar,not_decision_maker,22.7,mid_market_ae
L-016191,webinar,,7.1,mid_market_ae
L-016192,webinar,,9.8,mid_market_ae
L-016193,webinar,not_decision_maker,7.6,mid_market_ae
L-016194,webinar,duplicate,4.8,mid_market_ae
L-016195,webinar,not_decision_maker,3.5,mid_market_ae
L-016196,webinar,no_budget,5.7,mid_market_ae
L-016197,webinar,,5.4,mid_market_ae
L-016198,webinar,no_budget,2.9,mid_market_ae
L-016199,webinar,no_budget,5.1,mid_market_ae
L-016200,webinar,student_or_researcher,3.4,mid_market_ae
L-016201,webinar,no_budget,7.1,mid_market_ae
L-016202,webinar,no_budget,7.3,mid_market_ae
L-016203,webinar,no_budget,7.9,mid_market_ae
L-016204,webinar,student_or_researcher,9.1,mid_market_ae
L-016205,webinar,not_decision_maker,4.3,mid_market_ae
L-016206,webinar,not_decision_maker,8.6,mid_market_ae
L-016207,webinar,not_decision_maker,2.9,mid_market_ae
L-016208,webinar,duplicate,5.0,mid_market_ae
L-016209,webinar,,2.8,mid_market_ae
L-016210,webinar,student_or_researcher,3.5,mid_market_ae
L-016211,webinar,,5.3,mid_market_ae
L-016212,webinar,wrong_use_case,1.5,mid_market_ae
L-016213,webinar,no_response,5.9,mid_market_ae
L-016214,webinar,student_or_researcher,46.5,unassigned
L-016215,webinar,wrong_use_case,4.5,mid_market_ae
L-016216,webinar,not_decision_maker,1.4,mid_market_ae
L-016217,webinar,not_decision_maker,2.9,mid_market_ae
L-016218,webinar,no_budget,6.1,mid_market_ae
L-016219,webinar,no_response,8.8,mid_market_ae
L-016220,webinar,student_or_researcher,1.1,mid_market_ae
L-016221,webinar,no_budget,9.0,mid_market_ae
L-016222,webinar,not_decision_maker,1.5,mid_market_ae
L-016223,webinar,,4.1,mid_market_ae
L-016224,webinar,not_decision_maker,4.3,mid_market_ae
L-016225,webinar,not_decision_maker,4.7,mid_market_ae
L-016226,webinar,,1.9,mid_market_ae
L-016227,webinar,no_budget,21.6,mid_market_ae
L-016228,webinar,wrong_use_case,5.9,mid_market_ae
L-016229,webinar,wrong_use_case,2.0,mid_market_ae
L-016230,webinar,,5.5,mid_market_ae
L-016231,webinar,not_decision_maker,5.4,mid_market_ae
L-016232,webinar,duplicate,3.4,mid_market_ae
L-016233,webinar,no_budget,7.5,mid_market_ae
L-016234,webinar,no_budget,6.5,mid_market_ae
L-016235,webinar,no_budget,2.0,mid_market_ae
L-016236,webinar,no_budget,7.3,mid_market_ae
L-016237,webinar,no_budget,5.7,mid_market_ae
L-016238,webinar,not_decision_maker,1.9,mid_market_ae
L-016239,webinar,not_decision_maker,3.5,mid_market_ae
L-016240,webinar,no_budget,2.4,mid_market_ae
L-016241,webinar,,5.9,mid_market_ae
L-016242,webinar,,15.7,mid_market_ae
L-016243,webinar,no_budget,3.2,mid_market_ae
L-016244,webinar,no_budget,8.4,mid_market_ae
L-016245,webinar,not_decision_maker,4.0,mid_market_ae
L-016246,webinar,not_decision_maker,3.3,mid_market_ae
L-016247,webinar,,6.2,mid_market_ae
L-016248,webinar,no_budget,16.4,mid_market_ae
L-016249,webinar,duplicate,4.5,mid_market_ae
L-016250,webinar,no_budget,3.9,mid_market_ae
L-016251,webinar,not_decision_maker,10.2,mid_market_ae
L-016252,webinar,student_or_researcher,8.3,mid_market_ae
L-016253,webinar,no_response,4.1,mid_market_ae
L-016254,webinar,no_budget,2.3,mid_market_ae
L-016255,webinar,not_decision_maker,5.5,mid_market_ae
L-016256,webinar,not_decision_maker,4.3,mid_market_ae
L-016257,webinar,student_or_researcher,2.8,mid_market_ae
L-016258,webinar,no_budget,4.7,mid_market_ae
L-016259,webinar,,4.1,mid_market_ae
L-016260,webinar,no_budget,9.7,mid_market_ae
L-016261,webinar,not_decision_maker,5.7,mid_market_ae
L-016262,webinar,not_decision_maker,6.2,mid_market_ae
L-016263,webinar,wrong_use_case,10.2,mid_market_ae
L-016264,webinar,duplicate,2.9,mid_market_ae
L-016265,webinar,,5.1,mid_market_ae
L-016266,webinar,wrong_use_case,2.3,mid_market_ae
L-016267,webinar,no_response,5.1,mid_market_ae
L-016268,webinar,no_budget,2.9,mid_market_ae
L-016269,webinar,not_decision_maker,10.0,mid_market_ae
L-016270,webinar,wrong_use_case,5.6,mid_market_ae
L-016271,webinar,no_budget,9.1,mid_market_ae
L-016272,webinar,no_budget,7.0,mid_market_ae
L-016273,webinar,no_budget,6.9,mid_market_ae
L-016274,webinar,duplicate,6.6,mid_market_ae
L-016275,webinar,no_response,4.9,mid_market_ae
L-016276,webinar,not_decision_maker,8.1,mid_market_ae
L-016277,webinar,no_response,4.9,mid_market_ae
L-016278,webinar,,9.6,mid_market_ae
L-016279,webinar,no_budget,5.0,mid_market_ae
L-016280,webinar,duplicate,4.6,mid_market_ae
L-016281,webinar,student_or_researcher,2.3,mid_market_ae
L-016282,webinar,,2.1,mid_market_ae
L-016283,webinar,duplicate,42.3,unassigned
L-016284,webinar,not_decision_maker,11.3,mid_market_ae
L-016285,webinar,student_or_researcher,3.0,mid_market_ae
L-016286,webinar,not_decision_maker,3.2,mid_market_ae
L-016287,webinar,not_decision_maker,6.8,mid_market_ae
L-016288,webinar,duplicate,6.2,mid_market_ae
L-016289,webinar,student_or_researcher,11.7,mid_market_ae
L-016290,webinar,no_budget,3.0,mid_market_ae
L-016291,webinar,no_budget,13.3,mid_market_ae
L-016292,webinar,no_budget,9.7,mid_market_ae
L-016293,webinar,,10.4,mid_market_ae
L-016294,webinar,student_or_researcher,6.6,mid_market_ae
L-016295,webinar,not_decision_maker,4.5,mid_market_ae
L-016296,webinar,not_decision_maker,6.9,mid_market_ae
L-016297,webinar,student_or_researcher,6.1,mid_market_ae
L-016298,webinar,duplicate,3.9,mid_market_ae
L-016299,webinar,student_or_researcher,6.5,mid_market_ae
L-016300,webinar,student_or_researcher,2.7,mid_market_ae
L-016301,webinar,student_or_researcher,9.9,mid_market_ae
L-016302,webinar,not_decision_maker,5.5,mid_market_ae
L-016303,webinar,not_decision_maker,1.7,mid_market_ae
L-016304,webinar,not_decision_maker,3.0,mid_market_ae
L-016305,webinar,student_or_researcher,4.1,mid_market_ae
L-016306,webinar,student_or_researcher,0.8,mid_market_ae
L-016307,webinar,,4.1,mid_market_ae
L-016308,webinar,no_budget,7.8,mid_market_ae
L-016309,webinar,no_budget,4.7,mid_market_ae
L-016310,webinar,student_or_researcher,3.0,mid_market_ae
L-016311,webinar,wrong_use_case,4.3,mid_market_ae
L-016312,webinar,no_response,9.5,mid_market_ae
L-016313,webinar,student_or_researcher,5.6,mid_market_ae
L-016314,webinar,not_decision_maker,22.2,mid_market_ae
L-016315,webinar,,3.7,mid_market_ae
L-016316,webinar,not_decision_maker,3.6,mid_market_ae
L-016317,webinar,not_decision_maker,2.3,mid_market_ae
L-016318,webinar,no_response,6.5,mid_market_ae
L-016319,webinar,wrong_use_case,3.3,mid_market_ae
L-016320,webinar,student_or_researcher,4.5,mid_market_ae
L-016321,webinar,,1.0,mid_market_ae
L-016322,webinar,,4.1,mid_market_ae
L-016323,webinar,no_response,8.3,mid_market_ae
L-016324,webinar,not_decision_maker,4.6,mid_market_ae
L-016325,webinar,,4.1,mid_market_ae
L-016326,webinar,no_budget,6.1,mid_market_ae
L-016327,webinar,not_decision_maker,4.2,mid_market_ae
L-016328,webinar,wrong_use_case,2.8,mid_market_ae
L-016329,webinar,student_or_researcher,6.0,mid_market_ae
L-016330,webinar,not_decision_maker,4.2,mid_market_ae
L-016331,webinar,no_response,3.6,mid_market_ae
L-016332,webinar,no_budget,5.0,mid_market_ae
L-016333,webinar,,9.5,mid_market_ae
L-016334,webinar,no_budget,58.0,unassigned
L-016335,webinar,no_budget,9.8,mid_market_ae
L-016336,webinar,no_response,12.8,mid_market_ae
L-016337,webinar,no_budget,2.5,mid_market_ae
L-016338,webinar,wrong_use_case,4.3,mid_market_ae
L-016339,webinar,student_or_researcher,5.9,mid_market_ae
L-016340,webinar,wrong_use_case,3.5,mid_market_ae
L-016341,webinar,,9.1,mid_market_ae
L-016342,webinar,wrong_use_case,7.5,mid_market_ae
L-016343,webinar,no_budget,5.4,mid_market_ae
L-016344,webinar,student_or_researcher,4.3,mid_market_ae
L-016345,webinar,no_budget,25.9,unassigned
L-016346,webinar,no_budget,2.7,mid_market_ae
L-016347,webinar,no_budget,7.6,mid_market_ae
L-016348,webinar,not_decision_maker,3.0,mid_market_ae
L-016349,webinar,student_or_researcher,7.3,mid_market_ae
L-016350,webinar,no_budget,7.7,mid_market_ae
L-016351,webinar,,6.6,mid_market_ae
L-016352,webinar,no_budget,3.4,mid_market_ae
L-016353,webinar,not_decision_maker,8.1,mid_market_ae
L-016354,webinar,duplicate,2.9,mid_market_ae
L-016355,webinar,wrong_use_case,5.3,mid_market_ae
L-016356,webinar,no_budget,7.1,mid_market_ae
L-016357,webinar,,2.5,mid_market_ae
L-016358,webinar,no_budget,2.7,mid_market_ae
L-016359,webinar,no_budget,5.6,mid_market_ae
L-016360,webinar,not_decision_maker,3.4,mid_market_ae
L-016361,webinar,no_budget,15.0,mid_market_ae
L-016362,webinar,,4.8,mid_market_ae
L-016363,webinar,not_decision_maker,3.8,mid_market_ae
L-016364,webinar,student_or_researcher,12.6,mid_market_ae
L-016365,webinar,not_decision_maker,9.0,mid_market_ae
L-016366,webinar,no_budget,2.5,mid_market_ae
L-016367,webinar,not_decision_maker,9.5,mid_market_ae
L-016368,webinar,student_or_researcher,4.6,mid_market_ae
L-016369,webinar,wrong_use_case,1.8,mid_market_ae
L-016370,webinar,not_decision_maker,2.7,mid_market_ae
L-016371,webinar,,4.4,mid_market_ae
L-016372,webinar,no_response,2.9,mid_market_ae
L-016373,webinar,student_or_researcher,9.4,mid_market_ae
L-016374,webinar,no_budget,5.0,mid_market_ae
L-016375,webinar,no_response,7.3,mid_market_ae
L-016376,webinar,student_or_researcher,5.4,mid_market_ae
L-016377,webinar,no_budget,2.6,mid_market_ae
L-016378,webinar,no_budget,1.8,mid_market_ae
L-016379,webinar,student_or_researcher,2.4,mid_market_ae
L-016380,webinar,,5.7,mid_market_ae
L-016381,webinar,not_decision_maker,5.7,mid_market_ae
L-016382,webinar,no_response,4.7,mid_market_ae
L-016383,webinar,student_or_researcher,2.1,mid_market_ae
L-016384,webinar,not_decision_maker,9.8,mid_market_ae
L-016385,webinar,not_decision_maker,4.5,mid_market_ae
L-016386,webinar,student_or_researcher,9.4,mid_market_ae
L-016387,webinar,no_response,2.8,mid_market_ae
L-016388,webinar,no_budget,4.3,mid_market_ae
L-016389,webinar,,11.0,mid_market_ae
L-016390,webinar,no_budget,3.9,mid_market_ae
L-016391,webinar,no_response,2.7,mid_market_ae
L-016392,webinar,no_budget,20.4,mid_market_ae
L-016393,webinar,no_budget,13.5,mid_market_ae
L-016394,webinar,wrong_use_case,4.9,mid_market_ae
L-016395,webinar,no_response,5.0,mid_market_ae
L-016396,webinar,student_or_researcher,12.3,mid_market_ae
L-016397,webinar,student_or_researcher,1.5,mid_market_ae
L-016398,webinar,student_or_researcher,4.0,mid_market_ae
L-016399,webinar,no_budget,2.8,mid_market_ae
L-016400,webinar,no_budget,2.1,mid_market_ae
L-016401,webinar,,5.2,mid_market_ae
L-016402,webinar,not_decision_maker,3.4,mid_market_ae
L-016403,webinar,not_decision_maker,10.7,mid_market_ae
L-016404,webinar,wrong_use_case,2.4,mid_market_ae
L-016405,webinar,no_budget,5.8,mid_market_ae
L-016406,webinar,,5.6,mid_market_ae
L-016407,webinar,no_budget,9.3,mid_market_ae
L-016408,webinar,no_budget,3.7,mid_market_ae
L-016409,webinar,duplicate,3.0,mid_market_ae
L-016410,webinar,no_budget,6.9,mid_market_ae
L-016411,webinar,no_budget,7.4,mid_market_ae
L-016412,webinar,not_decision_maker,27.7,mid_market_ae
L-016413,webinar,no_budget,3.4,mid_market_ae
L-016414,webinar,,6.9,mid_market_ae
L-016415,webinar,no_budget,2.8,mid_market_ae
L-016416,webinar,not_decision_maker,13.2,mid_market_ae
L-016417,webinar,not_decision_maker,10.1,mid_market_ae
L-016418,webinar,no_budget,3.4,mid_market_ae
L-016419,webinar,no_response,12.0,mid_market_ae
L-016420,webinar,no_budget,5.8,mid_market_ae
L-016421,webinar,no_budget,2.4,mid_market_ae
L-016422,webinar,no_budget,16.9,mid_market_ae
L-016423,webinar,no_budget,3.6,mid_market_ae
L-016424,webinar,no_budget,4.1,mid_market_ae
L-016425,webinar,no_budget,2.8,mid_market_ae
L-016426,webinar,not_decision_maker,5.0,mid_market_ae
L-016427,webinar,not_decision_maker,7.7,mid_market_ae
L-016428,webinar,no_response,2.1,mid_market_ae
L-016429,webinar,duplicate,13.1,mid_market_ae
L-016430,webinar,not_decision_maker,2.9,mid_market_ae
L-016431,webinar,wrong_use_case,7.3,mid_market_ae
L-016432,webinar,no_budget,6.9,mid_market_ae
L-016433,webinar,student_or_researcher,1.4,mid_market_ae
L-016434,webinar,not_decision_maker,1.6,mid_market_ae
L-016435,webinar,student_or_researcher,2.5,mid_market_ae
L-016436,webinar,no_budget,1.8,mid_market_ae
L-016437,webinar,no_budget,1.2,mid_market_ae
L-016438,webinar,no_budget,10.1,mid_market_ae
L-016439,webinar,student_or_researcher,2.7,mid_market_ae
L-016440,webinar,,7.5,mid_market_ae
L-016441,webinar,no_budget,9.9,mid_market_ae
L-016442,webinar,no_response,8.0,mid_market_ae
L-016443,webinar,not_decision_maker,6.8,mid_market_ae
L-016444,webinar,no_response,12.1,mid_market_ae
L-016445,webinar,not_decision_maker,8.2,mid_market_ae
L-016446,webinar,wrong_use_case,4.5,mid_market_ae
L-016447,webinar,,3.3,mid_market_ae
L-016448,webinar,not_decision_maker,4.9,mid_market_ae
L-016449,webinar,,5.3,mid_market_ae
L-016450,webinar,duplicate,7.1,mid_market_ae
L-016451,webinar,not_decision_maker,11.9,mid_market_ae
L-016452,webinar,student_or_researcher,7.8,mid_market_ae
L-016453,webinar,student_or_researcher,4.1,mid_market_ae
L-016454,webinar,not_decision_maker,1.4,mid_market_ae
L-016455,webinar,,12.8,mid_market_ae
L-016456,webinar,no_budget,3.9,mid_market_ae
L-016457,webinar,wrong_use_case,9.6,mid_market_ae
L-016458,webinar,student_or_researcher,6.8,mid_market_ae
L-016459,webinar,student_or_researcher,1.8,mid_market_ae
L-016460,webinar,no_budget,8.4,mid_market_ae
L-016461,webinar,student_or_researcher,4.3,mid_market_ae
L-016462,webinar,student_or_researcher,8.8,mid_market_ae
L-016463,webinar,student_or_researcher,4.2,mid_market_ae
L-016464,webinar,,5.7,mid_market_ae
L-016465,webinar,not_decision_maker,2.6,mid_market_ae
L-016466,webinar,no_budget,3.6,mid_market_ae
L-016467,webinar,not_decision_maker,5.3,mid_market_ae
L-016468,webinar,not_decision_maker,2.9,mid_market_ae
L-016469,webinar,student_or_researcher,9.4,mid_market_ae
L-016470,webinar,not_decision_maker,12.1,mid_market_ae
L-016471,webinar,no_response,5.8,mid_market_ae
L-016472,webinar,no_response,4.0,mid_market_ae
L-016473,webinar,,8.4,mid_market_ae
L-016474,webinar,student_or_researcher,5.1,mid_market_ae
L-016475,webinar,duplicate,7.6,mid_market_ae
L-016476,webinar,wrong_use_case,11.7,mid_market_ae
L-016477,webinar,not_decision_maker,8.6,mid_market_ae
L-016478,webinar,not_decision_maker,10.5,mid_market_ae
L-016479,webinar,,5.5,mid_market_ae
L-016480,webinar,student_or_researcher,2.6,mid_market_ae
L-016481,webinar,student_or_researcher,2.9,mid_market_ae
L-016482,webinar,not_decision_maker,4.1,mid_market_ae
L-016483,webinar,no_response,1.8,mid_market_ae
L-016484,webinar,duplicate,2.8,mid_market_ae
L-016485,webinar,student_or_researcher,1.6,mid_market_ae
L-016486,webinar,student_or_researcher,8.3,mid_market_ae
L-016487,webinar,not_decision_maker,8.7,mid_market_ae
L-016488,webinar,no_budget,5.5,mid_market_ae
L-016489,webinar,wrong_use_case,3.6,mid_market_ae
L-016490,webinar,not_decision_maker,3.4,mid_market_ae
L-016491,webinar,student_or_researcher,14.9,mid_market_ae
L-016492,webinar,not_decision_maker,7.8,mid_market_ae
L-016493,webinar,no_budget,0.8,mid_market_ae
L-016494,webinar,student_or_researcher,6.8,mid_market_ae
L-016495,webinar,,3.7,mid_market_ae
L-016496,webinar,no_budget,3.2,mid_market_ae
L-016497,webinar,not_decision_maker,6.8,mid_market_ae
L-016498,webinar,,4.9,mid_market_ae
L-016499,webinar,wrong_use_case,4.4,mid_market_ae
L-016500,webinar,no_budget,1.6,mid_market_ae
L-016501,webinar,no_response,6.1,mid_market_ae
L-016502,webinar,,6.4,mid_market_ae
L-016503,webinar,,6.4,mid_market_ae
L-016504,webinar,student_or_researcher,4.7,mid_market_ae
L-016505,webinar,student_or_researcher,7.7,mid_market_ae
L-016506,webinar,,11.7,mid_market_ae
L-016507,webinar,wrong_use_case,2.1,mid_market_ae
L-016508,webinar,not_decision_maker,3.5,mid_market_ae
L-016509,webinar,not_decision_maker,3.5,mid_market_ae
L-016510,webinar,,4.4,mid_market_ae
L-016511,webinar,no_budget,10.0,mid_market_ae
L-016512,webinar,,64.4,unassigned
L-016513,webinar,wrong_use_case,6.0,mid_market_ae
L-016514,webinar,no_budget,5.7,mid_market_ae
L-016515,webinar,no_budget,5.2,mid_market_ae
L-016516,webinar,no_budget,8.0,mid_market_ae
L-016517,webinar,,6.6,mid_market_ae
L-016518,webinar,student_or_researcher,6.1,mid_market_ae
L-016519,webinar,no_budget,2.3,mid_market_ae
L-016520,webinar,no_budget,2.4,mid_market_ae
L-016521,webinar,student_or_researcher,5.2,mid_market_ae
L-016522,webinar,no_response,4.7,mid_market_ae
L-016523,webinar,no_budget,2.3,mid_market_ae
L-016524,webinar,no_response,2.5,mid_market_ae
L-016525,webinar,student_or_researcher,6.0,mid_market_ae
L-016526,webinar,student_or_researcher,3.4,mid_market_ae
L-016527,webinar,no_budget,7.7,mid_market_ae
L-016528,webinar,no_response,3.4,mid_market_ae
L-016529,webinar,not_decision_maker,4.1,mid_market_ae
L-016530,webinar,duplicate,4.6,mid_market_ae
L-016531,webinar,duplicate,4.5,mid_market_ae
L-016532,webinar,wrong_use_case,12.9,mid_market_ae
L-016533,webinar,,4.2,mid_market_ae
L-016534,webinar,not_decision_maker,3.0,mid_market_ae
L-016535,webinar,not_decision_maker,10.6,mid_market_ae
L-016536,webinar,duplicate,4.6,mid_market_ae
L-016537,webinar,no_budget,19.6,mid_market_ae
L-016538,webinar,no_budget,15.7,mid_market_ae
L-016539,webinar,student_or_researcher,5.1,mid_market_ae
L-016540,webinar,no_budget,3.3,mid_market_ae
L-016541,webinar,no_response,5.2,mid_market_ae
L-016542,webinar,no_budget,8.7,mid_market_ae
L-016543,webinar,not_decision_maker,7.4,mid_market_ae
L-016544,partner,,8.2,partner_team
L-016545,partner,no_budget,35.5,partner_team
L-016546,partner,,21.4,partner_team
L-016547,partner,no_budget,11.6,partner_team
L-016548,partner,not_decision_maker,9.1,partner_team
L-016549,partner,,12.9,partner_team
L-016550,partner,wrong_use_case,10.7,partner_team
L-016551,partner,wrong_use_case,27.0,partner_team
L-016552,partner,,21.1,partner_team
L-016553,partner,,20.6,partner_team
L-016554,partner,no_response,25.6,partner_team
L-016555,partner,no_budget,37.3,partner_team
L-016556,partner,,11.2,partner_team
L-016557,partner,,10.5,partner_team
L-016558,partner,,27.4,partner_team
L-016559,partner,,18.8,partner_team
L-016560,partner,,45.6,partner_team
L-016561,partner,,14.8,partner_team
L-016562,partner,duplicate,29.9,partner_team
L-016563,partner,no_response,16.8,partner_team
L-016564,partner,,17.0,partner_team
L-016565,partner,no_response,11.5,partner_team
L-016566,partner,,44.8,partner_team
L-016567,partner,,12.7,partner_team
L-016568,partner,,9.5,partner_team
L-016569,partner,,14.1,partner_team
L-016570,partner,no_response,11.8,partner_team
L-016571,partner,too_small,23.8,partner_team
L-016572,partner,no_budget,10.8,partner_team
L-016573,partner,no_budget,21.0,partner_team
L-016574,partner,no_response,44.7,partner_team
L-016575,partner,no_response,26.6,partner_team
L-016576,partner,,25.5,partner_team
L-016577,partner,,19.2,partner_team
L-016578,partner,,27.8,partner_team
L-016579,partner,no_response,38.7,partner_team
L-016580,partner,,6.8,partner_team
L-016581,partner,no_budget,10.7,partner_team
L-016582,partner,,24.8,partner_team
L-016583,partner,too_small,38.6,partner_team
L-016584,partner,,32.9,partner_team
L-016585,partner,,48.0,partner_team
L-016586,partner,too_small,23.6,partner_team
L-016587,partner,wrong_use_case,20.6,partner_team
L-016588,partner,no_response,35.0,partner_team
L-016589,partner,,30.2,partner_team
L-016590,partner,,34.9,partner_team
L-016591,partner,,7.6,partner_team
L-016592,partner,,15.0,partner_team
L-016593,partner,,19.9,partner_team
L-016594,partner,,15.6,partner_team
L-016595,partner,not_decision_maker,41.3,partner_team
L-016596,partner,no_response,11.7,partner_team
L-016597,partner,,43.5,partner_team
L-016598,partner,,8.8,partner_team
L-016599,partner,,13.7,partner_team
L-016600,partner,,19.3,partner_team
L-016601,partner,no_response,33.1,partner_team
L-016602,partner,,13.0,partner_team
L-016603,partner,,9.3,partner_team
L-016604,partner,,20.3,partner_team
L-016605,partner,too_small,17.9,partner_team
L-016606,partner,no_budget,21.9,partner_team
L-016607,partner,duplicate,14.5,partner_team
L-016608,partner,not_decision_maker,12.3,partner_team
L-016609,partner,,16.0,partner_team
L-016610,partner,no_budget,15.2,partner_team
L-016611,partner,too_small,13.8,partner_team
L-016612,partner,,16.4,partner_team
L-016613,partner,,17.2,partner_team
L-016614,partner,no_response,8.5,partner_team
L-016615,partner,,17.7,partner_team
L-016616,partner,,9.2,partner_team
L-016617,partner,no_response,31.3,partner_team
L-016618,partner,,13.8,partner_team
L-016619,partner,no_response,24.4,partner_team
L-016620,partner,competitor_contract,19.3,partner_team
L-016621,partner,,18.9,partner_team
L-016622,partner,duplicate,13.4,partner_team
L-016623,partner,no_budget,19.9,partner_team
L-016624,partner,,28.0,partner_team
L-016625,partner,,16.9,partner_team
L-016626,partner,,20.0,partner_team
L-016627,partner,competitor_contract,27.1,partner_team
L-016628,partner,wrong_use_case,19.3,partner_team
L-016629,partner,no_response,11.1,partner_team
L-016630,partner,not_decision_maker,36.7,partner_team
L-016631,partner,,47.8,partner_team
L-016632,partner,,24.5,partner_team
L-016633,partner,no_budget,21.4,partner_team
L-016634,partner,,12.0,partner_team
L-016635,partner,,16.2,partner_team
L-016636,partner,no_response,14.2,partner_team
L-016637,partner,duplicate,50.8,partner_team
L-016638,partner,too_small,21.9,partner_team
L-016639,partner,too_small,17.6,partner_team
L-016640,partner,wrong_use_case,7.9,partner_team
L-016641,partner,,13.2,partner_team
L-016642,partner,,38.5,partner_team
L-016643,partner,,16.6,partner_team
L-016644,partner,,11.8,partner_team
L-016645,partner,no_response,17.8,partner_team
L-016646,partner,,13.7,partner_team
L-016647,partner,,14.6,partner_team
L-016648,partner,not_decision_maker,28.0,partner_team
L-016649,partner,,33.6,partner_team
L-016650,partner,too_small,82.2,partner_team
L-016651,partner,no_response,14.3,partner_team
L-016652,partner,duplicate,13.1,partner_team
L-016653,partner,,13.7,partner_team
L-016654,partner,duplicate,45.2,partner_team
L-016655,partner,,13.8,partner_team
L-016656,partner,no_response,21.2,partner_team
L-016657,partner,no_budget,11.5,partner_team
L-016658,partner,,36.5,partner_team
L-016659,partner,,36.3,partner_team
L-016660,partner,,27.6,partner_team
L-016661,partner,,26.7,partner_team
L-016662,partner,no_budget,17.0,partner_team
L-016663,partner,,14.2,partner_team
L-016664,partner,no_budget,20.5,partner_team
L-016665,partner,,30.5,partner_team
L-016666,partner,,23.0,partner_team
L-016667,partner,no_response,10.1,partner_team
L-016668,partner,wrong_use_case,22.0,partner_team
L-016669,partner,,25.1,partner_team
L-016670,partner,,13.3,partner_team
L-016671,partner,,23.3,partner_team
L-016672,partner,,7.7,partner_team
L-016673,partner,,53.0,partner_team
L-016674,partner,wrong_use_case,12.8,partner_team
L-016675,partner,,61.3,partner_team
L-016676,partner,,9.0,partner_team
L-016677,partner,,31.8,partner_team
L-016678,partner,,19.8,partner_team
L-016679,partner,too_small,27.5,partner_team
L-016680,partner,,61.4,partner_team
L-016681,partner,wrong_use_case,14.2,partner_team
L-016682,partner,,26.8,partner_team
L-016683,partner,,13.4,partner_team
L-016684,partner,,10.5,partner_team
L-016685,partner,wrong_use_case,21.4,partner_team
L-016686,partner,,16.8,partner_team
L-016687,partner,not_decision_maker,15.0,partner_team
L-016688,partner,wrong_use_case,17.2,partner_team
L-016689,partner,no_response,15.7,partner_team
L-016690,partner,no_response,29.3,partner_team
L-016691,partner,not_decision_maker,50.4,partner_team
L-016692,partner,too_small,32.8,partner_team
L-016693,partner,duplicate,16.7,partner_team
L-016694,partner,no_response,38.3,partner_team
L-016695,partner,no_budget,12.0,partner_team
L-016696,partner,no_response,14.9,partner_team
L-016697,partner,no_response,19.8,partner_team
L-016698,partner,no_budget,11.1,partner_team
L-016699,partner,no_response,18.3,partner_team
L-016700,partner,,19.3,partner_team
L-016701,partner,too_small,7.8,partner_team
L-016702,partner,,45.5,partner_team
L-016703,partner,not_decision_maker,11.5,partner_team
L-016704,partner,not_decision_maker,8.2,partner_team
L-016705,partner,,19.5,partner_team
L-016706,partner,,25.2,partner_team
L-016707,partner,,13.3,partner_team
L-016708,partner,no_budget,26.8,partner_team
L-016709,partner,,74.2,partner_team
L-016710,partner,,24.5,partner_team
L-016711,partner,,15.1,partner_team
L-016712,partner,,43.8,partner_team
L-016713,partner,too_small,12.5,partner_team
L-016714,partner,,12.0,partner_team
L-016715,partner,competitor_contract,22.0,partner_team
L-016716,partner,,15.1,partner_team
L-016717,partner,,14.1,partner_team
L-016718,partner,,8.6,partner_team
L-016719,partner,not_decision_maker,7.2,partner_team
L-016720,partner,,21.4,partner_team
L-016721,partner,no_response,10.2,partner_team
L-016722,partner,no_response,17.4,partner_team
L-016723,partner,,11.9,partner_team
L-016724,partner,,17.4,partner_team
L-016725,partner,,14.6,partner_team
L-016726,partner,wrong_use_case,32.1,partner_team
L-016727,partner,,25.3,partner_team
L-016728,partner,,18.7,partner_team
L-016729,partner,,49.8,partner_team
L-016730,partner,,31.9,partner_team
L-016731,partner,,11.9,partner_team
L-016732,partner,no_response,28.7,partner_team
L-016733,partner,,13.2,partner_team
L-016734,partner,,13.6,partner_team
L-016735,partner,too_small,24.6,partner_team
L-016736,partner,not_decision_maker,44.0,partner_team
L-016737,partner,,28.0,partner_team
L-016738,partner,,35.9,partner_team
L-016739,partner,,21.3,partner_team
L-016740,partner,,13.4,partner_team
L-016741,partner,no_response,24.4,partner_team
L-016742,partner,,14.8,partner_team
L-016743,partner,,29.8,partner_team
L-016744,partner,no_budget,23.3,partner_team
L-016745,partner,,42.0,partner_team
L-016746,partner,,25.5,partner_team
L-016747,partner,,14.8,partner_team
L-016748,partner,competitor_contract,36.8,partner_team
L-016749,partner,,19.1,partner_team
L-016750,partner,duplicate,14.3,partner_team
L-016751,partner,,16.5,partner_team
L-016752,partner,,18.5,partner_team
L-016753,partner,,8.3,partner_team
L-016754,partner,no_budget,22.1,partner_team
L-016755,partner,not_decision_maker,15.4,partner_team
L-016756,partner,,20.4,partner_team
L-016757,partner,no_response,16.2,partner_team
L-016758,partner,no_response,29.6,partner_team
L-016759,partner,,24.3,partner_team
L-016760,email,,8.4,smb_sdr
L-016761,email,,6.1,smb_sdr
L-016762,email,,4.3,smb_sdr
L-016763,email,competitor_contract,8.9,smb_sdr
L-016764,email,no_response,3.9,smb_sdr
L-016765,email,not_decision_maker,15.9,smb_sdr
L-016766,email,,2.1,smb_sdr
L-016767,email,no_response,13.8,smb_sdr
L-016768,email,no_response,15.1,smb_sdr
L-016769,email,,5.3,smb_sdr
L-016770,email,,7.7,smb_sdr
L-016771,email,,11.6,smb_sdr
L-016772,email,,8.7,smb_sdr
L-016773,email,,3.8,smb_sdr
L-016774,email,,4.7,smb_sdr
L-016775,email,no_response,3.1,smb_sdr
L-016776,email,competitor_contract,12.1,smb_sdr
L-016777,email,,4.9,smb_sdr
L-016778,email,not_decision_maker,3.3,smb_sdr
L-016779,email,competitor_contract,3.2,smb_sdr
L-016780,email,,3.1,smb_sdr
L-016781,email,no_budget,9.1,smb_sdr
L-016782,email,no_response,3.1,smb_sdr
L-016783,email,,13.2,smb_sdr
L-016784,email,competitor_contract,10.7,smb_sdr
L-016785,email,,10.6,smb_sdr
L-016786,email,,14.6,smb_sdr
L-016787,email,competitor_contract,3.2,smb_sdr
L-016788,email,,4.3,smb_sdr
L-016789,email,not_decision_maker,5.9,smb_sdr
L-016790,email,,1.5,smb_sdr
L-016791,email,too_small,7.0,smb_sdr
L-016792,email,wrong_use_case,4.5,smb_sdr
L-016793,email,,7.7,smb_sdr
L-016794,email,no_budget,55.7,unassigned
L-016795,email,,1.6,smb_sdr
L-016796,email,duplicate,2.8,smb_sdr
L-016797,email,no_budget,3.0,smb_sdr
L-016798,email,too_small,4.2,smb_sdr
L-016799,email,too_small,8.3,smb_sdr
L-016800,email,not_decision_maker,5.9,smb_sdr
L-016801,email,,4.3,smb_sdr
L-016802,email,too_small,4.7,smb_sdr
L-016803,email,no_response,2.2,smb_sdr
L-016804,email,wrong_use_case,5.9,smb_sdr
L-016805,email,no_budget,3.9,smb_sdr
L-016806,email,duplicate,3.4,smb_sdr
L-016807,email,no_response,7.8,smb_sdr
L-016808,email,no_response,10.4,smb_sdr
L-016809,email,no_budget,6.7,smb_sdr
L-016810,email,not_decision_maker,9.0,smb_sdr
L-016811,email,too_small,4.3,smb_sdr
L-016812,email,,5.4,smb_sdr
L-016813,email,,4.3,smb_sdr
L-016814,email,,2.7,smb_sdr
L-016815,email,no_response,4.3,smb_sdr
L-016816,email,too_small,2.7,smb_sdr
L-016817,email,wrong_use_case,6.8,smb_sdr
L-016818,email,not_decision_maker,2.1,smb_sdr
L-016819,email,,23.1,smb_sdr
L-016820,email,no_response,5.2,smb_sdr
L-016821,email,no_response,2.6,smb_sdr
L-016822,email,,6.0,smb_sdr
L-016823,email,no_response,2.6,smb_sdr
L-016824,email,wrong_use_case,6.3,smb_sdr
L-016825,email,no_response,1.6,smb_sdr
L-016826,email,no_response,12.0,smb_sdr
L-016827,email,no_budget,4.0,smb_sdr
L-016828,email,,6.0,smb_sdr
L-016829,email,,8.1,smb_sdr
L-016830,email,,5.7,smb_sdr
L-016831,email,,3.9,smb_sdr
L-016832,email,competitor_contract,10.6,smb_sdr
L-016833,email,no_budget,8.9,smb_sdr
L-016834,email,,7.9,smb_sdr
L-016835,email,no_budget,2.1,smb_sdr
L-016836,email,,5.1,smb_sdr
L-016837,email,no_response,1.7,smb_sdr
L-016838,email,no_budget,1.1,smb_sdr
L-016839,email,no_budget,3.4,smb_sdr
L-016840,email,wrong_use_case,4.9,smb_sdr
L-016841,email,wrong_use_case,5.9,smb_sdr
L-016842,email,wrong_use_case,3.6,smb_sdr
L-016843,email,wrong_use_case,17.1,smb_sdr
L-016844,email,,6.2,smb_sdr
L-016845,email,duplicate,4.1,smb_sdr
L-016846,email,competitor_contract,8.7,smb_sdr
L-016847,email,duplicate,11.0,smb_sdr
L-016848,email,not_decision_maker,4.8,smb_sdr
L-016849,email,,10.3,smb_sdr
L-016850,email,,8.8,smb_sdr
L-016851,email,wrong_use_case,2.2,smb_sdr
L-016852,email,no_response,3.8,smb_sdr
L-016853,email,too_small,2.8,smb_sdr
L-016854,email,,6.0,smb_sdr
L-016855,email,no_response,14.2,smb_sdr
L-016856,email,too_small,5.4,smb_sdr
L-016857,email,,2.1,smb_sdr
L-016858,email,no_response,2.2,smb_sdr
L-016859,email,too_small,6.2,smb_sdr
L-016860,email,,4.5,smb_sdr
L-016861,email,not_decision_maker,14.8,smb_sdr
L-016862,email,,4.4,smb_sdr
L-016863,email,,3.0,smb_sdr
L-016864,email,,5.9,smb_sdr
L-016865,email,no_response,2.3,smb_sdr
L-016866,email,,2.1,smb_sdr
L-016867,email,,3.2,smb_sdr
L-016868,email,no_response,5.7,smb_sdr
L-016869,email,,13.6,smb_sdr
L-016870,email,no_response,4.3,smb_sdr
L-016871,email,,3.5,smb_sdr
L-016872,email,duplicate,11.5,smb_sdr
L-016873,email,competitor_contract,6.7,smb_sdr
L-016874,email,,11.9,smb_sdr
L-016875,email,wrong_use_case,4.5,smb_sdr
L-016876,email,no_response,9.2,smb_sdr
L-016877,email,not_decision_maker,3.5,smb_sdr
L-016878,email,no_response,16.4,smb_sdr
L-016879,email,,10.5,smb_sdr
L-016880,email,,4.9,smb_sdr
L-016881,email,,5.2,smb_sdr
L-016882,email,,6.4,smb_sdr
L-016883,email,,5.4,smb_sdr
L-016884,email,,19.0,smb_sdr
L-016885,email,,8.6,smb_sdr
L-016886,email,no_response,5.0,smb_sdr
L-016887,email,,7.4,smb_sdr
L-016888,email,too_small,1.6,smb_sdr
L-016889,email,no_response,3.5,smb_sdr
L-016890,email,,3.9,smb_sdr
L-016891,email,duplicate,3.0,smb_sdr
L-016892,email,,3.0,smb_sdr
L-016893,email,,6.5,smb_sdr
L-016894,email,duplicate,5.2,smb_sdr
L-016895,email,not_decision_maker,5.7,smb_sdr
L-016896,email,no_response,7.5,smb_sdr
L-016897,email,too_small,2.4,smb_sdr
L-016898,email,duplicate,10.2,smb_sdr
L-016899,email,no_response,7.3,smb_sdr
L-016900,email,duplicate,3.1,smb_sdr
L-016901,email,wrong_use_case,3.7,smb_sdr
L-016902,email,no_response,11.0,smb_sdr
L-016903,email,,6.2,smb_sdr
L-016904,email,,3.9,smb_sdr
L-016905,email,,3.5,smb_sdr
L-016906,email,no_response,3.4,smb_sdr
L-016907,email,,4.2,smb_sdr
L-016908,email,too_small,15.5,smb_sdr
L-016909,email,no_response,3.5,smb_sdr
L-016910,email,,11.0,smb_sdr
L-016911,email,not_decision_maker,2.8,smb_sdr
L-016912,email,,5.0,smb_sdr
L-016913,email,not_decision_maker,7.4,smb_sdr
L-016914,email,no_response,4.6,smb_sdr
L-016915,email,,8.2,smb_sdr
L-016916,email,duplicate,5.4,smb_sdr
L-016917,email,no_response,5.4,smb_sdr
L-016918,email,no_budget,3.2,smb_sdr
L-016919,email,,3.2,smb_sdr
L-016920,email,no_response,2.4,smb_sdr
L-016921,email,duplicate,6.8,smb_sdr
L-016922,email,not_decision_maker,2.6,smb_sdr
L-016923,email,no_response,3.3,smb_sdr
L-016924,email,,10.2,smb_sdr
L-016925,email,too_small,7.4,smb_sdr
L-016926,email,no_response,5.7,smb_sdr
L-016927,email,,3.7,smb_sdr
L-016928,email,,58.4,unassigned
L-016929,email,,5.0,smb_sdr
L-016930,email,,3.6,smb_sdr
L-016931,email,too_small,5.2,smb_sdr
L-016932,email,no_response,5.2,smb_sdr
L-016933,email,no_budget,7.5,smb_sdr
L-016934,email,,2.9,smb_sdr
L-016935,email,not_decision_maker,5.8,smb_sdr
L-016936,email,no_response,9.4,smb_sdr
L-016937,email,duplicate,2.7,smb_sdr
L-016938,email,not_decision_maker,4.1,smb_sdr
L-016939,email,too_small,3.9,smb_sdr
L-016940,email,wrong_use_case,3.9,smb_sdr
L-016941,email,wrong_use_case,8.2,smb_sdr
L-016942,email,not_decision_maker,4.7,smb_sdr
L-016943,email,,3.4,smb_sdr
L-016944,email,no_response,6.1,smb_sdr
L-016945,email,duplicate,2.5,smb_sdr
L-016946,email,no_response,16.0,smb_sdr
L-016947,email,duplicate,10.2,smb_sdr
L-016948,email,,67.2,unassigned
L-016949,email,no_budget,3.8,smb_sdr
L-016950,email,no_response,3.8,smb_sdr
L-016951,email,too_small,6.0,smb_sdr
L-016952,email,not_decision_maker,9.3,smb_sdr
L-016953,email,not_decision_maker,2.7,smb_sdr
L-016954,email,no_budget,4.6,smb_sdr
L-016955,email,,1.3,smb_sdr
L-016956,email,,9.3,smb_sdr
L-016957,email,too_small,4.1,smb_sdr
L-016958,email,,41.0,unassigned
L-016959,email,no_response,3.5,mid_market_ae
L-016960,email,no_budget,3.1,mid_market_ae
L-016961,email,,4.0,mid_market_ae
L-016962,email,not_decision_maker,5.6,mid_market_ae
L-016963,email,,3.1,mid_market_ae
L-016964,email,,36.2,unassigned
L-016965,email,no_response,7.1,mid_market_ae
L-016966,email,,2.7,mid_market_ae
L-016967,email,wrong_use_case,6.0,mid_market_ae
L-016968,email,not_decision_maker,4.6,mid_market_ae
L-016969,email,no_budget,5.7,mid_market_ae
L-016970,email,,3.5,mid_market_ae
L-016971,email,no_response,7.9,mid_market_ae
L-016972,email,not_decision_maker,7.4,mid_market_ae
L-016973,email,,3.1,mid_market_ae
L-016974,email,not_decision_maker,3.3,mid_market_ae
L-016975,email,too_small,7.2,mid_market_ae
L-016976,email,too_small,1.9,mid_market_ae
L-016977,email,,4.1,mid_market_ae
L-016978,email,,23.2,mid_market_ae
L-016979,email,no_response,7.0,mid_market_ae
L-016980,email,duplicate,3.6,mid_market_ae
L-016981,email,,7.8,mid_market_ae
L-016982,email,,3.0,mid_market_ae
L-016983,email,no_budget,5.2,mid_market_ae
L-016984,email,wrong_use_case,1.6,mid_market_ae
L-016985,email,,7.1,mid_market_ae
L-016986,email,,8.8,mid_market_ae
L-016987,email,competitor_contract,2.8,mid_market_ae
L-016988,email,duplicate,8.6,mid_market_ae
L-016989,email,no_response,3.5,mid_market_ae
L-016990,email,wrong_use_case,4.0,mid_market_ae
L-016991,email,too_small,5.0,mid_market_ae
L-016992,email,not_decision_maker,4.4,mid_market_ae
L-016993,email,duplicate,2.8,mid_market_ae
L-016994,email,no_response,3.9,mid_market_ae
L-016995,email,too_small,1.7,mid_market_ae
L-016996,email,no_response,10.0,mid_market_ae
L-016997,email,,2.0,mid_market_ae
L-016998,email,competitor_contract,2.1,mid_market_ae
L-016999,email,,3.7,mid_market_ae
L-017000,email,too_small,9.6,mid_market_ae
L-017001,email,,3.3,mid_market_ae
L-017002,email,no_budget,2.2,mid_market_ae
L-017003,email,,1.5,mid_market_ae
L-017004,email,competitor_contract,6.9,mid_market_ae
L-017005,email,,4.2,mid_market_ae
L-017006,email,no_budget,5.5,mid_market_ae
L-017007,email,not_decision_maker,4.6,mid_market_ae
L-017008,email,too_small,11.4,mid_market_ae
L-017009,email,,13.8,mid_market_ae
L-017010,email,duplicate,2.8,mid_market_ae
L-017011,email,,8.9,mid_market_ae
L-017012,email,no_response,4.0,mid_market_ae
L-017013,email,wrong_use_case,4.7,mid_market_ae
L-017014,email,wrong_use_case,2.5,mid_market_ae
L-017015,email,too_small,11.8,mid_market_ae
L-017016,email,not_decision_maker,3.1,mid_market_ae
L-017017,email,no_response,7.2,mid_market_ae
L-017018,email,too_small,2.2,mid_market_ae
L-017019,email,no_response,2.2,mid_market_ae
L-017020,email,not_decision_maker,5.4,mid_market_ae
L-017021,email,no_response,10.0,mid_market_ae
L-017022,email,,5.2,mid_market_ae
L-017023,email,,7.7,mid_market_ae
L-017024,email,wrong_use_case,2.8,mid_market_ae
L-017025,email,no_response,2.2,mid_market_ae
L-017026,email,,4.4,mid_market_ae
L-017027,email,,3.4,mid_market_ae
L-017028,email,,6.2,mid_market_ae
L-017029,email,no_response,11.1,mid_market_ae
L-017030,paid_search,not_decision_maker,3.1,smb_sdr
L-017031,paid_search,duplicate,4.4,smb_sdr
L-017032,paid_search,,3.6,smb_sdr
L-017033,paid_search,,6.7,smb_sdr
L-017034,paid_search,no_response,9.6,smb_sdr
L-017035,paid_search,wrong_use_case,19.6,smb_sdr
L-017036,paid_search,no_response,5.9,smb_sdr
L-017037,paid_search,,12.0,smb_sdr
L-017038,paid_search,not_decision_maker,6.3,smb_sdr
L-017039,paid_search,,3.7,smb_sdr
L-017040,paid_search,competitor_contract,5.1,smb_sdr
L-017041,paid_search,duplicate,4.5,smb_sdr
L-017042,paid_search,too_small,4.5,smb_sdr
L-017043,paid_search,,5.3,smb_sdr
L-017044,paid_search,no_response,2.4,smb_sdr
L-017045,paid_search,,6.4,smb_sdr
L-017046,paid_search,no_budget,4.6,smb_sdr
L-017047,paid_search,no_response,2.7,smb_sdr
L-017048,paid_search,not_decision_maker,4.5,smb_sdr
L-017049,paid_search,wrong_use_case,4.2,smb_sdr
L-017050,paid_search,,5.2,smb_sdr
L-017051,paid_search,too_small,7.3,smb_sdr
L-017052,paid_search,,5.0,smb_sdr
L-017053,paid_search,not_decision_maker,4.9,smb_sdr
L-017054,paid_search,too_small,6.0,smb_sdr
L-017055,paid_search,wrong_use_case,5.5,smb_sdr
L-017056,paid_search,,5.5,smb_sdr
L-017057,paid_search,,3.8,smb_sdr
L-017058,paid_search,,1.5,smb_sdr
L-017059,paid_search,,6.2,smb_sdr
L-017060,paid_search,wrong_use_case,2.4,smb_sdr
L-017061,paid_search,,2.0,smb_sdr
L-017062,paid_search,no_budget,8.0,smb_sdr
L-017063,paid_search,no_response,7.4,smb_sdr
L-017064,paid_search,no_budget,10.6,smb_sdr
L-017065,paid_search,,3.5,smb_sdr
L-017066,paid_search,,3.0,smb_sdr
L-017067,paid_search,,3.4,smb_sdr
L-017068,paid_search,not_decision_maker,5.6,smb_sdr
L-017069,paid_search,,8.8,smb_sdr
L-017070,paid_search,,4.5,smb_sdr
L-017071,paid_search,no_response,11.8,smb_sdr
L-017072,paid_search,,5.0,smb_sdr
L-017073,paid_search,,4.3,smb_sdr
L-017074,paid_search,duplicate,3.2,smb_sdr
L-017075,paid_search,no_budget,9.2,smb_sdr
L-017076,paid_search,,5.7,smb_sdr
L-017077,paid_search,too_small,5.7,smb_sdr
L-017078,paid_search,,2.9,smb_sdr
L-017079,paid_search,,8.6,smb_sdr
L-017080,paid_search,too_small,11.5,smb_sdr
L-017081,paid_search,not_decision_maker,6.7,smb_sdr
L-017082,paid_search,duplicate,5.4,smb_sdr
L-017083,paid_search,,3.9,smb_sdr
L-017084,paid_search,competitor_contract,3.7,smb_sdr
L-017085,paid_search,,2.2,smb_sdr
L-017086,paid_search,no_response,4.1,smb_sdr
L-017087,paid_search,,2.0,smb_sdr
L-017088,paid_search,no_response,5.7,smb_sdr
L-017089,paid_search,no_response,2.5,smb_sdr
L-017090,paid_search,too_small,3.5,smb_sdr
L-017091,paid_search,,3.2,smb_sdr
L-017092,paid_search,duplicate,5.0,smb_sdr
L-017093,paid_search,not_decision_maker,4.4,smb_sdr
L-017094,paid_search,no_response,4.8,smb_sdr
L-017095,paid_search,no_response,4.5,smb_sdr
L-017096,paid_search,,8.0,smb_sdr
L-017097,paid_search,duplicate,4.8,smb_sdr
L-017098,paid_search,,5.0,smb_sdr
L-017099,paid_search,no_response,6.7,smb_sdr
L-017100,paid_search,,2.1,smb_sdr
L-017101,paid_search,,3.1,smb_sdr
L-017102,paid_search,no_response,5.7,smb_sdr
L-017103,paid_search,wrong_use_case,1.7,smb_sdr
L-017104,paid_search,,5.2,smb_sdr
L-017105,paid_search,,3.2,smb_sdr
L-017106,paid_search,no_response,5.6,smb_sdr
L-017107,paid_search,no_budget,3.5,smb_sdr
L-017108,paid_search,no_budget,3.2,smb_sdr
L-017109,paid_search,,15.2,smb_sdr
L-017110,paid_search,not_decision_maker,2.2,smb_sdr
L-017111,paid_search,no_response,2.7,smb_sdr
L-017112,paid_search,,1.9,smb_sdr
L-017113,paid_search,not_decision_maker,3.6,smb_sdr
L-017114,paid_search,no_response,5.4,smb_sdr
L-017115,paid_search,no_response,10.2,smb_sdr
L-017116,paid_search,no_budget,2.8,smb_sdr
L-017117,paid_search,,2.4,smb_sdr
L-017118,paid_search,,3.0,smb_sdr
L-017119,paid_search,,2.5,smb_sdr
L-017120,paid_search,no_response,8.8,smb_sdr
L-017121,paid_search,duplicate,6.6,smb_sdr
L-017122,paid_search,wrong_use_case,30.8,smb_sdr
L-017123,paid_search,too_small,5.8,smb_sdr
L-017124,paid_search,,4.3,smb_sdr
L-017125,paid_search,not_decision_maker,6.2,smb_sdr
L-017126,paid_search,no_budget,10.3,smb_sdr
L-017127,paid_search,wrong_use_case,12.2,smb_sdr
L-017128,paid_search,,2.8,smb_sdr
L-017129,paid_search,duplicate,6.4,smb_sdr
L-017130,paid_search,,4.4,smb_sdr
L-017131,paid_search,not_decision_maker,2.8,smb_sdr
L-017132,paid_search,no_response,6.9,smb_sdr
L-017133,paid_search,no_response,3.8,smb_sdr
L-017134,paid_search,,3.5,smb_sdr
L-017135,paid_search,no_response,13.2,smb_sdr
L-017136,paid_search,,3.5,smb_sdr
L-017137,paid_search,not_decision_maker,6.4,smb_sdr
L-017138,paid_search,,4.1,smb_sdr
L-017139,paid_search,,3.5,smb_sdr
L-017140,paid_search,not_decision_maker,3.9,smb_sdr
L-017141,paid_search,not_decision_maker,8.6,smb_sdr
L-017142,paid_search,,6.6,smb_sdr
L-017143,paid_search,duplicate,2.7,smb_sdr
L-017144,paid_search,no_response,12.7,smb_sdr
L-017145,paid_search,duplicate,5.1,smb_sdr
L-017146,paid_search,,14.2,smb_sdr
L-017147,paid_search,,13.8,smb_sdr
L-017148,paid_search,,10.4,smb_sdr
L-017149,paid_search,too_small,15.5,smb_sdr
L-017150,paid_search,no_response,5.6,smb_sdr
L-017151,paid_search,,5.6,smb_sdr
L-017152,paid_search,wrong_use_case,3.7,smb_sdr
L-017153,paid_search,duplicate,4.5,smb_sdr
L-017154,paid_search,,9.5,smb_sdr
L-017155,paid_search,,2.8,smb_sdr
L-017156,paid_search,,1.6,smb_sdr
L-017157,paid_search,competitor_contract,17.4,smb_sdr
L-017158,paid_search,no_budget,7.6,smb_sdr
L-017159,paid_search,no_response,8.5,smb_sdr
L-017160,paid_search,no_response,1.7,smb_sdr
L-017161,paid_search,too_small,5.4,smb_sdr
L-017162,paid_search,duplicate,3.7,smb_sdr
L-017163,paid_search,,3.8,smb_sdr
L-017164,paid_search,,4.1,smb_sdr
L-017165,paid_search,too_small,9.1,smb_sdr
L-017166,paid_search,,3.0,smb_sdr
L-017167,paid_search,wrong_use_case,5.2,smb_sdr
L-017168,paid_search,no_response,8.2,smb_sdr
L-017169,paid_search,,6.6,smb_sdr
L-017170,paid_search,no_response,3.0,smb_sdr
L-017171,paid_search,,8.2,smb_sdr
L-017172,paid_search,no_budget,3.4,smb_sdr
L-017173,paid_search,,2.1,smb_sdr
L-017174,paid_search,too_small,6.4,smb_sdr
L-017175,paid_search,not_decision_maker,16.2,smb_sdr
L-017176,paid_search,,3.9,smb_sdr
L-017177,paid_search,not_decision_maker,4.6,smb_sdr
L-017178,paid_search,,3.0,smb_sdr
L-017179,paid_search,,5.3,smb_sdr
L-017180,paid_search,,9.0,smb_sdr
L-017181,paid_search,,4.6,smb_sdr
L-017182,paid_search,no_response,10.2,smb_sdr
L-017183,paid_search,,7.8,smb_sdr
L-017184,paid_search,not_decision_maker,5.6,smb_sdr
L-017185,paid_search,,8.1,smb_sdr
L-017186,paid_search,too_small,2.8,smb_sdr
L-017187,paid_search,wrong_use_case,2.6,smb_sdr
L-017188,paid_search,,1.8,smb_sdr
L-017189,paid_search,,4.7,smb_sdr
L-017190,paid_search,no_budget,1.7,smb_sdr
L-017191,paid_search,,2.2,smb_sdr
L-017192,paid_search,wrong_use_case,5.3,smb_sdr
L-017193,paid_search,not_decision_maker,4.0,smb_sdr
L-017194,paid_search,no_response,4.4,smb_sdr
L-017195,paid_search,too_small,3.1,smb_sdr
L-017196,paid_search,too_small,8.7,smb_sdr
L-017197,paid_search,no_budget,4.4,smb_sdr
L-017198,paid_search,competitor_contract,3.3,smb_sdr
L-017199,paid_search,,6.7,smb_sdr
L-017200,paid_search,no_budget,73.4,unassigned
L-017201,paid_search,no_response,1.9,smb_sdr
L-017202,paid_search,,2.1,smb_sdr
L-017203,paid_search,no_response,3.9,smb_sdr
L-017204,paid_search,no_response,6.0,smb_sdr
L-017205,paid_search,no_response,6.5,smb_sdr
L-017206,paid_search,no_response,4.0,smb_sdr
L-017207,paid_search,,1.8,smb_sdr
L-017208,paid_search,,3.7,smb_sdr
L-017209,paid_search,too_small,4.7,smb_sdr
L-017210,paid_search,,5.2,smb_sdr
L-017211,paid_search,too_small,2.0,smb_sdr
L-017212,paid_search,,1.8,smb_sdr
L-017213,paid_search,no_response,4.9,smb_sdr
L-017214,paid_search,,6.5,smb_sdr
L-017215,paid_search,wrong_use_case,1.9,smb_sdr
L-017216,paid_search,,1.2,smb_sdr
L-017217,paid_search,duplicate,68.1,unassigned
L-017218,paid_search,,6.3,smb_sdr
L-017219,paid_search,no_response,3.5,smb_sdr
L-017220,paid_search,duplicate,2.6,smb_sdr
L-017221,paid_search,no_response,6.1,smb_sdr
L-017222,paid_search,,5.0,smb_sdr
L-017223,paid_search,no_response,4.1,smb_sdr
L-017224,paid_search,,3.2,smb_sdr
L-017225,paid_search,wrong_use_case,8.2,smb_sdr
L-017226,paid_search,no_response,4.9,smb_sdr
L-017227,paid_search,,8.3,smb_sdr
L-017228,paid_search,,7.5,smb_sdr
L-017229,paid_search,too_small,11.6,smb_sdr
L-017230,paid_search,no_budget,17.4,smb_sdr
L-017231,paid_search,no_budget,2.7,smb_sdr
L-017232,paid_search,too_small,6.8,smb_sdr
L-017233,paid_search,no_response,16.3,smb_sdr
L-017234,paid_search,no_budget,4.3,smb_sdr
L-017235,paid_search,no_budget,5.7,smb_sdr
L-017236,paid_search,,8.5,smb_sdr
L-017237,paid_search,,9.1,smb_sdr
L-017238,paid_search,no_response,5.8,smb_sdr
L-017239,paid_search,no_response,6.2,smb_sdr
L-017240,paid_search,,4.6,smb_sdr
L-017241,paid_search,,4.2,smb_sdr
L-017242,paid_search,,9.6,smb_sdr
L-017243,paid_search,,2.4,smb_sdr
L-017244,paid_search,,3.8,smb_sdr
L-017245,paid_search,,3.6,smb_sdr
L-017246,paid_search,,3.4,smb_sdr
L-017247,paid_search,,7.4,smb_sdr
L-017248,paid_search,,5.9,smb_sdr
L-017249,paid_search,,5.4,smb_sdr
L-017250,paid_search,no_response,3.1,smb_sdr
L-017251,paid_search,too_small,1.8,smb_sdr
L-017252,paid_search,no_response,6.1,smb_sdr
L-017253,paid_search,not_decision_maker,2.9,smb_sdr
L-017254,paid_search,,16.8,smb_sdr
L-017255,paid_search,,2.9,smb_sdr
L-017256,paid_search,not_decision_maker,6.9,smb_sdr
L-017257,paid_search,wrong_use_case,59.7,unassigned
L-017258,paid_search,no_response,3.7,smb_sdr
L-017259,paid_search,no_budget,16.5,smb_sdr
L-017260,paid_search,,3.3,smb_sdr
L-017261,paid_search,no_response,3.2,smb_sdr
L-017262,paid_search,no_response,6.1,smb_sdr
L-017263,paid_search,no_response,4.5,smb_sdr
L-017264,paid_search,wrong_use_case,9.5,smb_sdr
L-017265,paid_search,,3.1,smb_sdr
L-017266,paid_search,no_response,4.1,smb_sdr
L-017267,paid_search,too_small,9.0,smb_sdr
L-017268,paid_search,,2.7,smb_sdr
L-017269,paid_search,no_response,5.1,smb_sdr
L-017270,paid_search,,7.4,smb_sdr
L-017271,paid_search,,11.8,smb_sdr
L-017272,paid_search,no_response,7.5,smb_sdr
L-017273,paid_search,,6.9,smb_sdr
L-017274,paid_search,no_response,6.0,smb_sdr
L-017275,paid_search,not_decision_maker,5.4,smb_sdr
L-017276,paid_search,duplicate,8.1,smb_sdr
L-017277,paid_search,,6.0,smb_sdr
L-017278,paid_search,competitor_contract,11.1,smb_sdr
L-017279,paid_search,,3.6,smb_sdr
L-017280,paid_search,not_decision_maker,6.4,smb_sdr
L-017281,paid_search,no_response,5.0,smb_sdr
L-017282,paid_search,,5.9,smb_sdr
L-017283,paid_search,no_response,3.8,smb_sdr
L-017284,paid_search,no_budget,10.1,smb_sdr
L-017285,paid_search,too_small,2.1,smb_sdr
L-017286,paid_search,no_response,6.6,smb_sdr
L-017287,paid_search,no_budget,10.6,smb_sdr
L-017288,paid_search,not_decision_maker,6.2,smb_sdr
L-017289,paid_search,duplicate,11.1,smb_sdr
L-017290,paid_search,,3.8,smb_sdr
L-017291,paid_search,wrong_use_case,5.0,smb_sdr
L-017292,paid_search,not_decision_maker,6.2,smb_sdr
L-017293,paid_search,no_budget,3.7,smb_sdr
L-017294,paid_search,,15.1,smb_sdr
L-017295,paid_search,,3.3,smb_sdr
L-017296,paid_search,,2.2,smb_sdr
L-017297,paid_search,,10.3,smb_sdr
L-017298,paid_search,,74.2,unassigned
L-017299,paid_search,no_response,4.2,smb_sdr
L-017300,paid_search,no_budget,2.2,smb_sdr
L-017301,paid_search,,9.2,smb_sdr
L-017302,paid_search,,2.7,smb_sdr
L-017303,paid_search,not_decision_maker,4.0,smb_sdr
L-017304,paid_search,,6.0,smb_sdr
L-017305,paid_search,no_response,6.5,smb_sdr
L-017306,paid_search,no_response,7.9,smb_sdr
L-017307,paid_search,,4.7,smb_sdr
L-017308,paid_search,not_decision_maker,7.7,smb_sdr
L-017309,paid_search,,18.2,smb_sdr
L-017310,paid_search,,4.9,smb_sdr
L-017311,paid_search,wrong_use_case,9.6,smb_sdr
L-017312,paid_search,no_response,8.4,smb_sdr
L-017313,paid_search,no_budget,10.8,smb_sdr
L-017314,paid_search,no_response,1.7,smb_sdr
L-017315,paid_search,no_response,1.5,smb_sdr
L-017316,paid_search,not_decision_maker,7.8,smb_sdr
L-017317,paid_search,,4.2,smb_sdr
L-017318,paid_search,,3.1,smb_sdr
L-017319,paid_search,,5.0,smb_sdr
L-017320,paid_search,no_response,7.3,smb_sdr
L-017321,paid_search,not_decision_maker,5.9,smb_sdr
L-017322,paid_search,,4.6,smb_sdr
L-017323,paid_search,no_budget,7.8,smb_sdr
L-017324,paid_search,,4.2,smb_sdr
L-017325,paid_search,,2.9,smb_sdr
L-017326,paid_search,no_response,2.2,smb_sdr
L-017327,paid_search,no_response,3.5,smb_sdr
L-017328,paid_search,duplicate,1.5,smb_sdr
L-017329,paid_search,no_budget,9.5,smb_sdr
L-017330,paid_search,,2.1,smb_sdr
L-017331,paid_search,,1.7,smb_sdr
L-017332,paid_search,,10.9,smb_sdr
L-017333,paid_search,too_small,7.6,smb_sdr
L-017334,paid_search,,3.0,smb_sdr
L-017335,paid_search,,2.0,smb_sdr
L-017336,paid_search,wrong_use_case,18.4,smb_sdr
L-017337,paid_search,no_budget,10.3,smb_sdr
L-017338,paid_search,too_small,5.5,smb_sdr
L-017339,paid_search,no_budget,7.0,smb_sdr
L-017340,paid_search,,6.2,smb_sdr
L-017341,paid_search,,4.5,smb_sdr
L-017342,paid_search,not_decision_maker,6.4,smb_sdr
L-017343,paid_search,,10.3,smb_sdr
L-017344,paid_search,competitor_contract,2.4,smb_sdr
L-017345,paid_search,no_budget,2.6,smb_sdr
L-017346,paid_search,,12.2,smb_sdr
L-017347,paid_search,,11.5,smb_sdr
L-017348,paid_search,too_small,9.9,smb_sdr
L-017349,paid_search,not_decision_maker,8.0,smb_sdr
L-017350,paid_search,not_decision_maker,3.9,smb_sdr
L-017351,paid_search,no_response,3.6,smb_sdr
L-017352,paid_search,,3.1,smb_sdr
L-017353,paid_search,,13.0,smb_sdr
L-017354,paid_search,too_small,4.8,smb_sdr
L-017355,paid_search,wrong_use_case,4.1,smb_sdr
L-017356,paid_search,not_decision_maker,1.4,smb_sdr
L-017357,paid_search,no_response,14.3,smb_sdr
L-017358,paid_search,duplicate,12.8,smb_sdr
L-017359,paid_search,,2.0,smb_sdr
L-017360,paid_search,no_budget,6.1,smb_sdr
L-017361,paid_search,,2.2,smb_sdr
L-017362,paid_search,,6.0,smb_sdr
L-017363,paid_search,not_decision_maker,87.1,unassigned
L-017364,paid_search,no_response,4.6,smb_sdr
L-017365,paid_search,no_budget,3.4,smb_sdr
L-017366,paid_search,no_budget,10.1,smb_sdr
L-017367,paid_search,too_small,3.4,smb_sdr
L-017368,paid_search,,10.8,smb_sdr
L-017369,paid_search,duplicate,4.9,smb_sdr
L-017370,paid_search,not_decision_maker,3.2,smb_sdr
L-017371,paid_search,not_decision_maker,2.2,smb_sdr
L-017372,paid_search,no_response,3.2,smb_sdr
L-017373,paid_search,,4.7,smb_sdr
L-017374,paid_search,no_response,5.9,smb_sdr
L-017375,paid_search,too_small,5.5,smb_sdr
L-017376,paid_search,duplicate,5.4,smb_sdr
L-017377,paid_search,duplicate,17.6,smb_sdr
L-017378,paid_search,not_decision_maker,2.0,mid_market_ae
L-017379,paid_search,no_response,6.0,mid_market_ae
L-017380,paid_search,no_response,7.9,mid_market_ae
L-017381,paid_search,,7.0,mid_market_ae
L-017382,paid_search,not_decision_maker,10.6,mid_market_ae
L-017383,paid_search,no_response,10.6,mid_market_ae
L-017384,paid_search,,6.5,mid_market_ae
L-017385,paid_search,,3.7,mid_market_ae
L-017386,paid_search,,4.1,mid_market_ae
L-017387,paid_search,,2.4,mid_market_ae
L-017388,paid_search,,3.1,mid_market_ae
L-017389,paid_search,,14.2,mid_market_ae
L-017390,paid_search,,12.2,mid_market_ae
L-017391,paid_search,no_response,30.7,mid_market_ae
L-017392,paid_search,too_small,6.2,mid_market_ae
L-017393,paid_search,,3.6,mid_market_ae
L-017394,paid_search,duplicate,4.2,mid_market_ae
L-017395,paid_search,,80.9,unassigned
L-017396,paid_search,too_small,23.9,mid_market_ae
L-017397,paid_search,,5.4,mid_market_ae
L-017398,paid_search,,10.3,mid_market_ae
L-017399,paid_search,,3.7,mid_market_ae
L-017400,paid_search,no_response,5.6,mid_market_ae
L-017401,paid_search,too_small,5.6,mid_market_ae
L-017402,paid_search,no_response,2.9,mid_market_ae
L-017403,paid_search,,4.3,mid_market_ae
L-017404,paid_search,,7.4,mid_market_ae
L-017405,paid_search,,11.5,mid_market_ae
L-017406,paid_search,,3.3,mid_market_ae
L-017407,paid_search,no_budget,11.7,mid_market_ae
L-017408,paid_search,,3.0,mid_market_ae
L-017409,paid_search,,3.7,mid_market_ae
L-017410,paid_search,not_decision_maker,3.3,mid_market_ae
L-017411,paid_search,duplicate,4.8,mid_market_ae
L-017412,paid_search,not_decision_maker,2.3,mid_market_ae
L-017413,paid_search,,3.6,mid_market_ae
L-017414,paid_search,,14.9,mid_market_ae
L-017415,paid_search,no_response,19.7,mid_market_ae
L-017416,paid_search,no_response,4.6,mid_market_ae
L-017417,paid_search,,7.2,mid_market_ae
L-017418,paid_search,,5.1,mid_market_ae
L-017419,paid_search,no_response,6.0,mid_market_ae
L-017420,paid_search,no_budget,4.9,mid_market_ae
L-017421,paid_search,,3.3,mid_market_ae
L-017422,paid_search,,11.6,mid_market_ae
L-017423,paid_search,too_small,12.9,mid_market_ae
L-017424,paid_search,,4.4,mid_market_ae
L-017425,paid_search,,6.5,mid_market_ae
L-017426,paid_search,wrong_use_case,3.1,mid_market_ae
L-017427,paid_search,,2.5,mid_market_ae
L-017428,paid_search,,3.4,mid_market_ae
L-017429,paid_search,duplicate,5.5,mid_market_ae
L-017430,paid_search,duplicate,3.6,mid_market_ae
L-017431,paid_search,no_response,2.1,mid_market_ae
L-017432,paid_search,too_small,12.0,mid_market_ae
L-017433,paid_search,not_decision_maker,8.9,mid_market_ae
L-017434,paid_search,wrong_use_case,5.0,mid_market_ae
L-017435,paid_search,no_budget,2.3,mid_market_ae
L-017436,paid_search,no_response,5.0,mid_market_ae
L-017437,paid_search,no_response,9.1,mid_market_ae
L-017438,paid_search,no_response,2.7,mid_market_ae
L-017439,paid_search,duplicate,12.1,mid_market_ae
L-017440,paid_search,too_small,8.3,mid_market_ae
L-017441,paid_search,too_small,4.7,mid_market_ae
L-017442,paid_search,not_decision_maker,6.5,mid_market_ae
L-017443,paid_search,wrong_use_case,10.2,mid_market_ae
L-017444,paid_search,no_budget,6.3,mid_market_ae
L-017445,paid_search,not_decision_maker,6.1,mid_market_ae
L-017446,paid_search,no_budget,2.5,mid_market_ae
L-017447,paid_search,not_decision_maker,8.0,mid_market_ae
L-017448,paid_search,,3.8,mid_market_ae
L-017449,paid_search,too_small,2.7,mid_market_ae
L-017450,paid_search,no_response,6.6,mid_market_ae
L-017451,paid_search,,8.2,mid_market_ae
L-017452,paid_search,duplicate,5.2,mid_market_ae
L-017453,paid_search,not_decision_maker,5.9,mid_market_ae
L-017454,paid_search,wrong_use_case,4.8,mid_market_ae
L-017455,paid_search,,11.1,mid_market_ae
L-017456,paid_search,duplicate,12.0,mid_market_ae
L-017457,paid_search,,5.0,mid_market_ae
L-017458,paid_search,,2.1,mid_market_ae
L-017459,paid_search,,5.9,mid_market_ae
L-017460,paid_search,,6.5,mid_market_ae
L-017461,paid_search,,3.7,mid_market_ae
L-017462,paid_search,duplicate,6.8,mid_market_ae
L-017463,paid_search,not_decision_maker,4.4,mid_market_ae
L-017464,paid_search,no_budget,7.0,mid_market_ae
L-017465,paid_search,no_response,42.8,unassigned
L-017466,paid_search,,7.4,mid_market_ae
L-017467,paid_search,wrong_use_case,2.4,mid_market_ae
L-017468,paid_search,,6.2,mid_market_ae
L-017469,paid_search,no_response,5.1,mid_market_ae
L-017470,paid_search,no_response,5.9,mid_market_ae
L-017471,paid_search,no_budget,12.0,mid_market_ae
L-017472,paid_search,,4.8,mid_market_ae
L-017473,paid_search,,8.3,mid_market_ae
L-017474,paid_search,not_decision_maker,6.2,mid_market_ae
L-017475,paid_search,no_budget,4.7,mid_market_ae
L-017476,paid_search,no_response,2.1,mid_market_ae
L-017477,paid_search,no_response,2.1,mid_market_ae
L-017478,paid_search,,3.0,mid_market_ae
L-017479,paid_search,no_response,7.9,mid_market_ae
L-017480,paid_search,,14.4,mid_market_ae
L-017481,paid_search,too_small,2.4,mid_market_ae
L-017482,paid_search,,5.5,mid_market_ae
L-017483,paid_search,,4.7,mid_market_ae
L-017484,paid_search,,5.2,mid_market_ae
L-017485,paid_search,,3.4,mid_market_ae
L-017486,paid_search,no_budget,18.9,mid_market_ae
L-017487,paid_search,not_decision_maker,1.9,mid_market_ae
L-017488,paid_search,,1.9,mid_market_ae
L-017489,paid_search,too_small,5.4,mid_market_ae
L-017490,paid_search,,3.3,mid_market_ae
L-017491,paid_search,,2.6,mid_market_ae
L-017492,paid_search,too_small,8.2,mid_market_ae
L-017493,paid_search,too_small,2.5,mid_market_ae
L-017494,paid_search,too_small,4.4,mid_market_ae
L-017495,paid_search,,5.1,mid_market_ae
L-017496,paid_search,,3.5,mid_market_ae
L-017497,paid_search,no_response,9.2,mid_market_ae
L-017498,paid_search,too_small,4.5,mid_market_ae
L-017499,paid_search,competitor_contract,2.2,mid_market_ae
L-017500,paid_search,too_small,18.6,mid_market_ae
L-017501,paid_search,,2.4,mid_market_ae
L-017502,paid_search,no_response,2.1,mid_market_ae
L-017503,paid_search,,2.9,mid_market_ae
L-017504,paid_search,,5.4,mid_market_ae
L-017505,paid_search,wrong_use_case,13.6,mid_market_ae
L-017506,paid_search,no_budget,3.7,mid_market_ae
L-017507,paid_search,,2.7,mid_market_ae
L-017508,paid_search,too_small,4.2,mid_market_ae
L-017509,paid_search,duplicate,7.2,mid_market_ae
L-017510,paid_search,no_response,2.5,mid_market_ae
L-017511,paid_search,,4.9,mid_market_ae
L-017512,paid_search,no_response,5.8,mid_market_ae
L-017513,paid_search,not_decision_maker,6.1,mid_market_ae
L-017514,paid_search,,3.2,mid_market_ae
L-017515,paid_search,too_small,11.9,mid_market_ae
L-017516,paid_search,duplicate,3.2,mid_market_ae
L-017517,paid_search,,3.0,mid_market_ae
L-017518,paid_search,,2.8,mid_market_ae
L-017519,paid_search,,2.7,mid_market_ae
L-017520,paid_search,duplicate,2.5,mid_market_ae
L-017521,paid_search,,7.1,mid_market_ae
L-017522,paid_search,competitor_contract,3.1,mid_market_ae
L-017523,paid_search,,14.4,mid_market_ae
L-017524,paid_search,no_response,2.1,mid_market_ae
L-017525,paid_search,duplicate,8.8,mid_market_ae
L-017526,paid_search,,4.1,mid_market_ae
L-017527,paid_search,,8.6,mid_market_ae
L-017528,paid_search,,10.5,mid_market_ae
L-017529,paid_social,,4.4,smb_sdr
L-017530,paid_social,no_response,1.2,smb_sdr
L-017531,paid_social,no_budget,7.7,smb_sdr
L-017532,paid_social,,6.2,smb_sdr
L-017533,paid_social,,13.6,smb_sdr
L-017534,paid_social,,7.6,smb_sdr
L-017535,paid_social,no_response,3.7,smb_sdr
L-017536,paid_social,competitor_contract,5.4,smb_sdr
L-017537,paid_social,no_budget,3.9,smb_sdr
L-017538,paid_social,no_budget,2.2,smb_sdr
L-017539,paid_social,no_budget,6.8,smb_sdr
L-017540,paid_social,too_small,5.1,smb_sdr
L-017541,paid_social,no_response,4.5,smb_sdr
L-017542,paid_social,,6.4,smb_sdr
L-017543,paid_social,,5.8,smb_sdr
L-017544,paid_social,,3.8,smb_sdr
L-017545,paid_social,not_decision_maker,3.1,smb_sdr
L-017546,paid_social,too_small,5.2,smb_sdr
L-017547,paid_social,no_response,4.6,smb_sdr
L-017548,paid_social,not_decision_maker,2.3,smb_sdr
L-017549,paid_social,,3.2,smb_sdr
L-017550,paid_social,,9.3,smb_sdr
L-017551,paid_social,,3.6,smb_sdr
L-017552,paid_social,duplicate,8.2,smb_sdr
L-017553,paid_social,,3.9,smb_sdr
L-017554,paid_social,no_response,24.1,smb_sdr
L-017555,paid_social,too_small,6.8,smb_sdr
L-017556,paid_social,,6.3,smb_sdr
L-017557,paid_social,no_budget,13.1,smb_sdr
L-017558,paid_social,no_response,3.9,smb_sdr
L-017559,paid_social,too_small,4.0,smb_sdr
L-017560,paid_social,no_budget,6.5,smb_sdr
L-017561,paid_social,competitor_contract,2.4,smb_sdr
L-017562,paid_social,no_response,5.4,smb_sdr
L-017563,paid_social,not_decision_maker,2.0,smb_sdr
L-017564,paid_social,no_budget,8.4,smb_sdr
L-017565,paid_social,no_response,4.1,smb_sdr
L-017566,paid_social,,7.1,smb_sdr
L-017567,paid_social,,18.6,smb_sdr
L-017568,paid_social,not_decision_maker,2.3,smb_sdr
L-017569,paid_social,competitor_contract,2.9,smb_sdr
L-017570,paid_social,too_small,13.5,smb_sdr
L-017571,paid_social,,3.2,smb_sdr
L-017572,paid_social,,2.3,smb_sdr
L-017573,paid_social,no_response,9.1,smb_sdr
L-017574,paid_social,wrong_use_case,2.8,smb_sdr
L-017575,paid_social,,4.6,smb_sdr
L-017576,paid_social,too_small,3.3,smb_sdr
L-017577,paid_social,not_decision_maker,4.3,smb_sdr
L-017578,paid_social,no_response,6.0,smb_sdr
L-017579,paid_social,,8.8,smb_sdr
L-017580,paid_social,no_response,5.0,smb_sdr
L-017581,paid_social,,4.0,smb_sdr
L-017582,paid_social,,4.7,smb_sdr
L-017583,paid_social,no_response,3.2,smb_sdr
L-017584,paid_social,no_response,4.5,smb_sdr
L-017585,paid_social,no_budget,1.8,smb_sdr
L-017586,paid_social,no_response,6.3,smb_sdr
L-017587,paid_social,wrong_use_case,2.7,smb_sdr
L-017588,paid_social,,11.2,smb_sdr
L-017589,paid_social,no_response,7.4,smb_sdr
L-017590,paid_social,,4.6,smb_sdr
L-017591,paid_social,no_response,7.0,smb_sdr
L-017592,paid_social,,7.8,smb_sdr
L-017593,paid_social,too_small,2.2,smb_sdr
L-017594,paid_social,,2.6,smb_sdr
L-017595,paid_social,not_decision_maker,6.0,smb_sdr
L-017596,paid_social,competitor_contract,34.6,unassigned
L-017597,paid_social,no_response,6.3,smb_sdr
L-017598,paid_social,,2.7,smb_sdr
L-017599,paid_social,wrong_use_case,19.0,smb_sdr
L-017600,paid_social,no_response,7.3,smb_sdr
L-017601,paid_social,no_response,5.5,smb_sdr
L-017602,paid_social,,2.9,smb_sdr
L-017603,paid_social,no_budget,4.1,smb_sdr
L-017604,paid_social,,4.5,smb_sdr
L-017605,paid_social,no_response,5.0,smb_sdr
L-017606,paid_social,no_response,11.6,smb_sdr
L-017607,paid_social,wrong_use_case,6.8,smb_sdr
L-017608,paid_social,not_decision_maker,8.2,smb_sdr
L-017609,paid_social,no_budget,7.1,smb_sdr
L-017610,paid_social,no_budget,8.7,smb_sdr
L-017611,paid_social,no_budget,2.2,smb_sdr
L-017612,paid_social,no_response,8.5,smb_sdr
L-017613,paid_social,not_decision_maker,4.7,smb_sdr
L-017614,paid_social,no_response,5.4,smb_sdr
L-017615,paid_social,duplicate,7.4,smb_sdr
L-017616,paid_social,no_response,1.5,smb_sdr
L-017617,paid_social,no_response,3.6,smb_sdr
L-017618,paid_social,,1.6,smb_sdr
L-017619,paid_social,no_response,4.6,smb_sdr
L-017620,paid_social,too_small,9.0,smb_sdr
L-017621,paid_social,no_response,15.8,smb_sdr
L-017622,paid_social,,1.4,smb_sdr
L-017623,paid_social,,3.2,smb_sdr
L-017624,paid_social,not_decision_maker,11.8,smb_sdr
L-017625,paid_social,not_decision_maker,37.9,smb_sdr
L-017626,paid_social,,8.0,smb_sdr
L-017627,paid_social,,6.6,smb_sdr
L-017628,paid_social,,3.3,smb_sdr
L-017629,paid_social,,4.7,smb_sdr
L-017630,paid_social,no_response,3.5,smb_sdr
L-017631,paid_social,duplicate,8.5,smb_sdr
L-017632,paid_social,too_small,1.4,smb_sdr
L-017633,paid_social,,1.8,smb_sdr
L-017634,paid_social,no_budget,8.3,smb_sdr
L-017635,paid_social,no_response,3.2,smb_sdr
L-017636,paid_social,,2.2,smb_sdr
L-017637,paid_social,no_budget,10.7,smb_sdr
L-017638,paid_social,no_budget,3.5,smb_sdr
L-017639,paid_social,duplicate,1.2,smb_sdr
L-017640,paid_social,,17.6,smb_sdr
L-017641,paid_social,,6.1,smb_sdr
L-017642,paid_social,,14.8,smb_sdr
L-017643,paid_social,no_response,4.0,smb_sdr
L-017644,paid_social,,3.2,smb_sdr
L-017645,paid_social,,3.8,smb_sdr
L-017646,paid_social,too_small,2.8,smb_sdr
L-017647,paid_social,competitor_contract,1.6,smb_sdr
L-017648,paid_social,too_small,4.0,smb_sdr
L-017649,paid_social,,4.1,smb_sdr
L-017650,paid_social,,5.3,smb_sdr
L-017651,paid_social,too_small,2.9,smb_sdr
L-017652,paid_social,no_budget,1.7,smb_sdr
L-017653,paid_social,,3.7,smb_sdr
L-017654,paid_social,no_response,3.1,smb_sdr
L-017655,paid_social,,6.2,smb_sdr
L-017656,paid_social,no_response,2.0,smb_sdr
L-017657,paid_social,no_response,16.7,smb_sdr
L-017658,paid_social,not_decision_maker,11.9,smb_sdr
L-017659,paid_social,duplicate,3.2,smb_sdr
L-017660,paid_social,,3.9,smb_sdr
L-017661,paid_social,too_small,5.0,smb_sdr
L-017662,paid_social,,0.9,smb_sdr
L-017663,paid_social,no_budget,3.9,smb_sdr
L-017664,paid_social,no_response,3.2,smb_sdr
L-017665,paid_social,competitor_contract,6.8,smb_sdr
L-017666,paid_social,no_budget,3.9,smb_sdr
L-017667,paid_social,wrong_use_case,4.6,smb_sdr
L-017668,paid_social,,20.1,smb_sdr
L-017669,paid_social,no_response,1.8,smb_sdr
L-017670,paid_social,no_response,4.8,smb_sdr
L-017671,paid_social,not_decision_maker,4.1,smb_sdr
L-017672,paid_social,competitor_contract,4.1,smb_sdr
L-017673,paid_social,not_decision_maker,6.0,smb_sdr
L-017674,paid_social,not_decision_maker,12.6,smb_sdr
L-017675,paid_social,no_response,3.2,smb_sdr
L-017676,paid_social,too_small,3.4,smb_sdr
L-017677,paid_social,too_small,11.8,smb_sdr
L-017678,paid_social,no_response,4.1,smb_sdr
L-017679,paid_social,,1.0,smb_sdr
L-017680,paid_social,too_small,2.7,smb_sdr
L-017681,paid_social,duplicate,2.6,smb_sdr
L-017682,paid_social,duplicate,3.2,smb_sdr
L-017683,paid_social,not_decision_maker,3.9,smb_sdr
L-017684,paid_social,,5.3,smb_sdr
L-017685,paid_social,not_decision_maker,3.2,smb_sdr
L-017686,paid_social,wrong_use_case,32.8,unassigned
L-017687,paid_social,wrong_use_case,7.4,smb_sdr
L-017688,paid_social,,1.1,smb_sdr
L-017689,paid_social,no_response,7.9,smb_sdr
L-017690,paid_social,no_response,3.5,smb_sdr
L-017691,paid_social,not_decision_maker,8.4,smb_sdr
L-017692,paid_social,,5.8,smb_sdr
L-017693,paid_social,duplicate,3.4,smb_sdr
L-017694,paid_social,no_response,13.3,mid_market_ae
L-017695,paid_social,no_budget,9.4,mid_market_ae
L-017696,paid_social,too_small,9.9,mid_market_ae
L-017697,paid_social,,3.9,mid_market_ae
L-017698,paid_social,duplicate,1.6,mid_market_ae
L-017699,paid_social,too_small,3.4,mid_market_ae
L-017700,paid_social,too_small,69.8,unassigned
L-017701,paid_social,duplicate,6.9,mid_market_ae
L-017702,paid_social,too_small,5.9,mid_market_ae
L-017703,paid_social,not_decision_maker,3.6,mid_market_ae
L-017704,paid_social,too_small,25.2,unassigned
L-017705,paid_social,,7.6,mid_market_ae
L-017706,paid_social,no_response,4.4,mid_market_ae
L-017707,paid_social,duplicate,20.6,mid_market_ae
L-017708,paid_social,duplicate,2.6,mid_market_ae
L-017709,paid_social,,6.0,mid_market_ae
L-017710,paid_social,,7.2,mid_market_ae
L-017711,paid_social,,4.4,mid_market_ae
L-017712,paid_social,too_small,2.3,mid_market_ae
L-017713,paid_social,,1.3,mid_market_ae
L-017714,paid_social,duplicate,3.3,mid_market_ae
L-017715,paid_social,competitor_contract,2.4,mid_market_ae
L-017716,paid_social,,2.4,mid_market_ae
L-017717,paid_social,,2.7,mid_market_ae
L-017718,paid_social,too_small,126.3,unassigned
L-017719,paid_social,too_small,3.8,mid_market_ae
L-017720,paid_social,duplicate,3.3,mid_market_ae
L-017721,paid_social,no_response,2.4,mid_market_ae
L-017722,paid_social,no_response,6.5,mid_market_ae
L-017723,paid_social,too_small,6.6,mid_market_ae
L-017724,paid_social,no_response,4.1,mid_market_ae
L-017725,paid_social,not_decision_maker,3.4,mid_market_ae
L-017726,paid_social,duplicate,2.1,mid_market_ae
L-017727,paid_social,,4.9,mid_market_ae
L-017728,paid_social,,3.2,mid_market_ae
L-017729,organic,,7.6,smb_sdr
L-017730,organic,not_decision_maker,6.8,smb_sdr
L-017731,organic,,9.2,smb_sdr
L-017732,organic,,4.5,smb_sdr
L-017733,organic,too_small,5.7,smb_sdr
L-017734,organic,not_decision_maker,6.1,smb_sdr
L-017735,organic,duplicate,2.5,smb_sdr
L-017736,organic,not_decision_maker,3.8,smb_sdr
L-017737,organic,no_budget,2.5,smb_sdr
L-017738,organic,no_budget,17.0,smb_sdr
L-017739,organic,competitor_contract,11.5,smb_sdr
L-017740,organic,duplicate,3.9,smb_sdr
L-017741,organic,,4.6,smb_sdr
L-017742,organic,not_decision_maker,3.2,smb_sdr
L-017743,organic,,7.2,smb_sdr
L-017744,organic,,3.3,smb_sdr
L-017745,organic,too_small,6.9,smb_sdr
L-017746,organic,no_response,4.8,smb_sdr
L-017747,organic,no_response,4.4,smb_sdr
L-017748,organic,no_response,6.5,smb_sdr
L-017749,organic,too_small,2.8,smb_sdr
L-017750,organic,,5.8,smb_sdr
L-017751,organic,no_response,1.3,smb_sdr
L-017752,organic,no_response,2.2,smb_sdr
L-017753,organic,,6.6,smb_sdr
L-017754,organic,,3.0,smb_sdr
L-017755,organic,,9.6,smb_sdr
L-017756,organic,no_budget,2.9,smb_sdr
L-017757,organic,,3.3,smb_sdr
L-017758,organic,no_response,4.0,smb_sdr
L-017759,organic,no_response,7.9,smb_sdr
L-017760,organic,duplicate,6.2,smb_sdr
L-017761,organic,,4.6,smb_sdr
L-017762,organic,no_response,7.6,smb_sdr
L-017763,organic,,7.7,smb_sdr
L-017764,organic,duplicate,2.8,smb_sdr
L-017765,organic,,52.9,unassigned
L-017766,organic,no_response,4.5,smb_sdr
L-017767,organic,no_response,16.6,smb_sdr
L-017768,organic,,13.6,smb_sdr
L-017769,organic,,16.9,smb_sdr
L-017770,organic,,2.7,smb_sdr
L-017771,organic,no_budget,4.7,smb_sdr
L-017772,organic,no_response,6.8,smb_sdr
L-017773,organic,,11.9,smb_sdr
L-017774,organic,no_response,4.9,smb_sdr
L-017775,organic,no_response,3.3,smb_sdr
L-017776,organic,,3.7,smb_sdr
L-017777,organic,too_small,5.7,smb_sdr
L-017778,organic,wrong_use_case,17.1,smb_sdr
L-017779,organic,duplicate,4.8,smb_sdr
L-017780,organic,no_response,3.5,smb_sdr
L-017781,organic,no_budget,11.5,smb_sdr
L-017782,organic,not_decision_maker,6.4,smb_sdr
L-017783,organic,too_small,4.5,smb_sdr
L-017784,organic,not_decision_maker,9.0,smb_sdr
L-017785,organic,,3.1,smb_sdr
L-017786,organic,no_response,10.6,smb_sdr
L-017787,organic,too_small,5.0,smb_sdr
L-017788,organic,,5.9,smb_sdr
L-017789,organic,no_response,2.1,smb_sdr
L-017790,organic,,7.8,smb_sdr
L-017791,organic,,8.0,smb_sdr
L-017792,organic,,5.8,smb_sdr
L-017793,organic,no_budget,4.5,smb_sdr
L-017794,organic,not_decision_maker,8.7,smb_sdr
L-017795,organic,no_response,2.9,smb_sdr
L-017796,organic,,5.5,smb_sdr
L-017797,organic,,53.6,unassigned
L-017798,organic,duplicate,3.1,smb_sdr
L-017799,organic,too_small,43.9,unassigned
L-017800,organic,,4.2,smb_sdr
L-017801,organic,no_response,7.7,smb_sdr
L-017802,organic,,6.1,smb_sdr
L-017803,organic,no_budget,7.8,smb_sdr
L-017804,organic,not_decision_maker,2.5,smb_sdr
L-017805,organic,no_budget,2.0,smb_sdr
L-017806,organic,,5.6,smb_sdr
L-017807,organic,wrong_use_case,3.8,smb_sdr
L-017808,organic,duplicate,3.7,smb_sdr
L-017809,organic,,1.0,smb_sdr
L-017810,organic,too_small,5.8,smb_sdr
L-017811,organic,no_response,6.0,smb_sdr
L-017812,organic,,5.2,smb_sdr
L-017813,organic,wrong_use_case,11.4,smb_sdr
L-017814,organic,,6.2,smb_sdr
L-017815,organic,no_budget,4.5,smb_sdr
L-017816,organic,no_budget,2.7,smb_sdr
L-017817,organic,no_response,7.8,smb_sdr
L-017818,organic,no_budget,8.7,smb_sdr
L-017819,organic,,4.1,smb_sdr
L-017820,organic,,2.4,smb_sdr
L-017821,organic,,5.7,smb_sdr
L-017822,organic,not_decision_maker,5.7,smb_sdr
L-017823,organic,not_decision_maker,4.8,smb_sdr
L-017824,organic,wrong_use_case,3.9,smb_sdr
L-017825,organic,not_decision_maker,8.3,smb_sdr
L-017826,organic,not_decision_maker,7.7,smb_sdr
L-017827,organic,too_small,8.8,smb_sdr
L-017828,organic,no_response,7.1,smb_sdr
L-017829,organic,,7.1,smb_sdr
L-017830,organic,,4.4,smb_sdr
L-017831,organic,no_budget,6.3,smb_sdr
L-017832,organic,,17.6,smb_sdr
L-017833,organic,,8.6,smb_sdr
L-017834,organic,no_budget,1.1,smb_sdr
L-017835,organic,too_small,2.2,smb_sdr
L-017836,organic,no_response,6.0,smb_sdr
L-017837,organic,no_budget,4.0,smb_sdr
L-017838,organic,no_budget,3.2,smb_sdr
L-017839,organic,,4.1,smb_sdr
L-017840,organic,wrong_use_case,9.3,smb_sdr
L-017841,organic,no_response,13.8,smb_sdr
L-017842,organic,,1.7,smb_sdr
L-017843,organic,not_decision_maker,5.0,smb_sdr
L-017844,organic,no_response,7.4,smb_sdr
L-017845,organic,not_decision_maker,2.4,smb_sdr
L-017846,organic,no_response,5.2,smb_sdr
L-017847,organic,no_response,3.5,smb_sdr
L-017848,organic,duplicate,5.2,smb_sdr
L-017849,organic,no_budget,8.3,smb_sdr
L-017850,organic,,2.8,smb_sdr
L-017851,organic,,7.0,smb_sdr
L-017852,organic,too_small,11.5,smb_sdr
L-017853,organic,,5.0,smb_sdr
L-017854,organic,,5.0,smb_sdr
L-017855,organic,,2.2,smb_sdr
L-017856,organic,no_response,7.5,smb_sdr
L-017857,organic,no_response,7.1,smb_sdr
L-017858,organic,,5.9,smb_sdr
L-017859,organic,,6.0,smb_sdr
L-017860,organic,no_response,5.2,smb_sdr
L-017861,organic,duplicate,3.9,smb_sdr
L-017862,organic,no_response,6.4,smb_sdr
L-017863,organic,not_decision_maker,1.8,smb_sdr
L-017864,organic,,3.3,smb_sdr
L-017865,organic,not_decision_maker,4.7,smb_sdr
L-017866,organic,not_decision_maker,7.2,smb_sdr
L-017867,organic,no_response,3.6,smb_sdr
L-017868,organic,no_response,10.1,smb_sdr
L-017869,organic,no_response,9.6,smb_sdr
L-017870,organic,no_response,9.0,smb_sdr
L-017871,organic,,4.1,smb_sdr
L-017872,organic,not_decision_maker,82.0,unassigned
L-017873,organic,no_response,6.2,smb_sdr
L-017874,organic,,1.5,smb_sdr
L-017875,organic,,6.4,smb_sdr
L-017876,organic,too_small,3.3,smb_sdr
L-017877,organic,not_decision_maker,7.8,smb_sdr
L-017878,organic,duplicate,2.9,smb_sdr
L-017879,organic,,21.5,smb_sdr
L-017880,organic,no_budget,6.5,smb_sdr
L-017881,organic,no_response,2.9,smb_sdr
L-017882,organic,duplicate,3.3,smb_sdr
L-017883,organic,no_budget,6.9,smb_sdr
L-017884,organic,,3.0,smb_sdr
L-017885,organic,no_response,1.2,smb_sdr
L-017886,organic,no_budget,5.4,smb_sdr
L-017887,organic,too_small,8.1,smb_sdr
L-017888,organic,,3.7,smb_sdr
L-017889,organic,duplicate,4.1,smb_sdr
L-017890,organic,no_response,3.8,smb_sdr
L-017891,organic,,5.8,smb_sdr
L-017892,organic,not_decision_maker,6.5,smb_sdr
L-017893,organic,no_response,3.2,smb_sdr
L-017894,organic,competitor_contract,6.5,smb_sdr
L-017895,organic,duplicate,11.0,smb_sdr
L-017896,organic,too_small,2.6,smb_sdr
L-017897,organic,too_small,6.5,smb_sdr
L-017898,organic,no_budget,3.1,smb_sdr
L-017899,organic,not_decision_maker,3.2,smb_sdr
L-017900,organic,,2.9,smb_sdr
L-017901,organic,wrong_use_case,10.0,smb_sdr
L-017902,organic,,6.7,smb_sdr
L-017903,organic,no_response,7.6,smb_sdr
L-017904,organic,no_response,1.8,smb_sdr
L-017905,organic,too_small,7.9,smb_sdr
L-017906,organic,competitor_contract,2.0,smb_sdr
L-017907,organic,competitor_contract,6.0,smb_sdr
L-017908,organic,no_budget,2.5,smb_sdr
L-017909,organic,no_response,5.2,smb_sdr
L-017910,organic,no_budget,11.7,smb_sdr
L-017911,organic,no_budget,7.9,smb_sdr
L-017912,organic,too_small,5.6,smb_sdr
L-017913,organic,not_decision_maker,8.3,smb_sdr
L-017914,organic,not_decision_maker,2.5,smb_sdr
L-017915,organic,,7.5,smb_sdr
L-017916,organic,,3.5,smb_sdr
L-017917,organic,no_response,9.2,smb_sdr
L-017918,organic,no_response,5.7,smb_sdr
L-017919,organic,,3.6,smb_sdr
L-017920,organic,no_response,1.6,smb_sdr
L-017921,organic,duplicate,3.7,smb_sdr
L-017922,organic,,7.7,smb_sdr
L-017923,organic,not_decision_maker,5.1,smb_sdr
L-017924,organic,no_response,4.6,smb_sdr
L-017925,organic,,7.3,smb_sdr
L-017926,organic,,10.7,smb_sdr
L-017927,organic,,4.7,smb_sdr
L-017928,organic,duplicate,9.1,smb_sdr
L-017929,organic,wrong_use_case,4.0,smb_sdr
L-017930,organic,no_response,7.0,smb_sdr
L-017931,organic,not_decision_maker,13.3,smb_sdr
L-017932,organic,no_response,65.5,unassigned
L-017933,organic,no_response,3.5,smb_sdr
L-017934,organic,duplicate,2.6,smb_sdr
L-017935,organic,no_response,6.5,smb_sdr
L-017936,organic,no_response,1.6,smb_sdr
L-017937,organic,wrong_use_case,1.2,smb_sdr
L-017938,organic,no_budget,4.4,smb_sdr
L-017939,organic,,8.6,smb_sdr
L-017940,organic,,5.0,smb_sdr
L-017941,organic,,2.1,smb_sdr
L-017942,organic,not_decision_maker,1.2,smb_sdr
L-017943,organic,duplicate,4.4,smb_sdr
L-017944,organic,,16.7,smb_sdr
L-017945,organic,not_decision_maker,2.9,smb_sdr
L-017946,organic,,2.4,smb_sdr
L-017947,organic,,4.6,smb_sdr
L-017948,organic,,18.1,smb_sdr
L-017949,organic,no_response,4.3,smb_sdr
L-017950,organic,no_budget,4.9,smb_sdr
L-017951,organic,no_response,5.1,smb_sdr
L-017952,organic,no_response,6.6,smb_sdr
L-017953,organic,,10.0,smb_sdr
L-017954,organic,too_small,9.2,smb_sdr
L-017955,organic,,5.7,smb_sdr
L-017956,organic,no_response,15.4,smb_sdr
L-017957,organic,no_response,4.0,smb_sdr
L-017958,organic,,9.9,smb_sdr
L-017959,organic,no_budget,4.3,smb_sdr
L-017960,organic,no_budget,6.6,smb_sdr
L-017961,organic,,3.1,smb_sdr
L-017962,organic,duplicate,7.0,smb_sdr
L-017963,organic,,12.3,smb_sdr
L-017964,organic,,6.2,smb_sdr
L-017965,organic,no_budget,4.8,smb_sdr
L-017966,organic,not_decision_maker,10.5,smb_sdr
L-017967,organic,,9.1,smb_sdr
L-017968,organic,,3.5,smb_sdr
L-017969,organic,too_small,1.6,smb_sdr
L-017970,organic,no_response,11.6,smb_sdr
L-017971,organic,no_budget,3.0,smb_sdr
L-017972,organic,no_budget,1.1,smb_sdr
L-017973,organic,too_small,1.2,smb_sdr
L-017974,organic,not_decision_maker,3.6,smb_sdr
L-017975,organic,,3.8,smb_sdr
L-017976,organic,wrong_use_case,6.9,smb_sdr
L-017977,organic,not_decision_maker,11.3,smb_sdr
L-017978,organic,,18.1,smb_sdr
L-017979,organic,no_response,39.7,unassigned
L-017980,organic,duplicate,2.5,smb_sdr
L-017981,organic,wrong_use_case,5.1,smb_sdr
L-017982,organic,,5.4,smb_sdr
L-017983,organic,,7.7,smb_sdr
L-017984,organic,wrong_use_case,7.2,smb_sdr
L-017985,organic,not_decision_maker,8.0,smb_sdr
L-017986,organic,no_budget,1.7,smb_sdr
L-017987,organic,no_response,2.1,smb_sdr
L-017988,organic,no_response,10.7,smb_sdr
L-017989,organic,,3.1,smb_sdr
L-017990,organic,not_decision_maker,5.7,smb_sdr
L-017991,organic,,8.2,smb_sdr
L-017992,organic,no_budget,5.4,smb_sdr
L-017993,organic,,16.5,smb_sdr
L-017994,organic,,4.9,smb_sdr
L-017995,organic,,7.4,smb_sdr
L-017996,organic,wrong_use_case,3.1,smb_sdr
L-017997,organic,,9.5,smb_sdr
L-017998,organic,,4.6,smb_sdr
L-017999,organic,,3.7,smb_sdr
L-018000,organic,too_small,2.9,smb_sdr
L-018001,organic,duplicate,1.5,smb_sdr
L-018002,organic,no_budget,2.3,smb_sdr
L-018003,organic,,6.7,smb_sdr
L-018004,organic,too_small,2.5,smb_sdr
L-018005,organic,too_small,14.1,smb_sdr
L-018006,organic,no_budget,8.1,smb_sdr
L-018007,organic,,8.8,smb_sdr
L-018008,organic,no_response,6.3,smb_sdr
L-018009,organic,no_response,5.5,smb_sdr
L-018010,organic,too_small,8.6,smb_sdr
L-018011,organic,duplicate,10.5,smb_sdr
L-018012,organic,no_response,1.8,smb_sdr
L-018013,organic,no_response,5.2,smb_sdr
L-018014,organic,no_response,7.4,smb_sdr
L-018015,organic,,2.1,smb_sdr
L-018016,organic,no_response,7.7,smb_sdr
L-018017,organic,no_response,3.6,smb_sdr
L-018018,organic,no_budget,5.2,smb_sdr
L-018019,organic,no_budget,9.7,smb_sdr
L-018020,organic,duplicate,3.8,smb_sdr
L-018021,organic,duplicate,11.7,smb_sdr
L-018022,organic,no_budget,4.0,smb_sdr
L-018023,organic,wrong_use_case,3.6,smb_sdr
L-018024,organic,,4.3,smb_sdr
L-018025,organic,,6.4,smb_sdr
L-018026,organic,no_response,5.8,smb_sdr
L-018027,organic,too_small,6.1,smb_sdr
L-018028,organic,no_response,4.4,smb_sdr
L-018029,organic,no_response,6.5,smb_sdr
L-018030,organic,,2.9,smb_sdr
L-018031,organic,,4.3,smb_sdr
L-018032,organic,no_response,3.9,smb_sdr
L-018033,organic,not_decision_maker,19.6,smb_sdr
L-018034,organic,no_response,4.4,smb_sdr
L-018035,organic,no_response,6.8,smb_sdr
L-018036,organic,,3.0,smb_sdr
L-018037,organic,,0.3,smb_sdr
L-018038,organic,,6.9,smb_sdr
L-018039,organic,,2.1,smb_sdr
L-018040,organic,,7.0,smb_sdr
L-018041,organic,wrong_use_case,4.1,smb_sdr
L-018042,organic,,5.3,smb_sdr
L-018043,organic,no_budget,2.1,smb_sdr
L-018044,organic,,4.6,smb_sdr
L-018045,organic,wrong_use_case,4.5,smb_sdr
L-018046,organic,too_small,8.6,smb_sdr
L-018047,organic,not_decision_maker,4.9,smb_sdr
L-018048,organic,,2.3,smb_sdr
L-018049,organic,too_small,10.6,smb_sdr
L-018050,organic,duplicate,4.7,smb_sdr
L-018051,organic,too_small,40.6,unassigned
L-018052,organic,no_response,1.3,smb_sdr
L-018053,organic,wrong_use_case,4.1,smb_sdr
L-018054,organic,wrong_use_case,4.6,smb_sdr
L-018055,organic,too_small,10.9,smb_sdr
L-018056,organic,wrong_use_case,12.6,smb_sdr
L-018057,organic,,2.8,smb_sdr
L-018058,organic,,8.7,smb_sdr
L-018059,organic,,3.9,smb_sdr
L-018060,organic,no_response,3.2,smb_sdr
L-018061,organic,,3.1,smb_sdr
L-018062,organic,not_decision_maker,3.9,smb_sdr
L-018063,organic,,8.6,smb_sdr
L-018064,organic,,7.5,smb_sdr
L-018065,organic,wrong_use_case,10.3,smb_sdr
L-018066,organic,duplicate,12.6,smb_sdr
L-018067,organic,wrong_use_case,1.8,smb_sdr
L-018068,organic,,3.4,smb_sdr
L-018069,organic,,3.1,smb_sdr
L-018070,organic,competitor_contract,4.3,smb_sdr
L-018071,organic,,7.1,smb_sdr
L-018072,organic,too_small,3.5,smb_sdr
L-018073,organic,no_response,9.5,smb_sdr
L-018074,organic,no_budget,12.8,smb_sdr
L-018075,organic,,4.6,smb_sdr
L-018076,organic,no_response,4.8,smb_sdr
L-018077,organic,wrong_use_case,4.3,smb_sdr
L-018078,organic,,60.4,unassigned
L-018079,organic,,12.4,smb_sdr
L-018080,organic,wrong_use_case,5.7,smb_sdr
L-018081,organic,not_decision_maker,4.0,smb_sdr
L-018082,organic,duplicate,2.9,smb_sdr
L-018083,organic,no_budget,8.9,smb_sdr
L-018084,organic,,3.7,smb_sdr
L-018085,organic,no_budget,3.5,smb_sdr
L-018086,organic,,8.5,smb_sdr
L-018087,organic,,10.0,smb_sdr
L-018088,organic,not_decision_maker,12.7,smb_sdr
L-018089,organic,,4.8,smb_sdr
L-018090,organic,,4.3,smb_sdr
L-018091,organic,duplicate,1.6,smb_sdr
L-018092,organic,duplicate,8.2,smb_sdr
L-018093,organic,duplicate,4.0,smb_sdr
L-018094,organic,no_response,6.2,smb_sdr
L-018095,organic,,6.8,smb_sdr
L-018096,organic,no_budget,5.8,smb_sdr
L-018097,organic,,3.2,smb_sdr
L-018098,organic,,3.9,smb_sdr
L-018099,organic,,3.6,smb_sdr
L-018100,organic,no_budget,6.1,smb_sdr
L-018101,organic,wrong_use_case,5.0,smb_sdr
L-018102,organic,,6.1,smb_sdr
L-018103,organic,duplicate,4.3,smb_sdr
L-018104,organic,too_small,4.1,smb_sdr
L-018105,organic,,4.4,smb_sdr
L-018106,organic,,2.6,smb_sdr
L-018107,organic,,7.7,smb_sdr
L-018108,organic,,12.0,smb_sdr
L-018109,organic,,27.3,smb_sdr
L-018110,organic,no_budget,5.3,smb_sdr
L-018111,organic,,9.1,smb_sdr
L-018112,organic,no_response,1.7,smb_sdr
L-018113,organic,no_budget,9.7,smb_sdr
L-018114,organic,,4.5,smb_sdr
L-018115,organic,,3.8,smb_sdr
L-018116,organic,too_small,4.5,smb_sdr
L-018117,organic,,3.4,smb_sdr
L-018118,organic,wrong_use_case,2.5,smb_sdr
L-018119,organic,no_response,4.5,smb_sdr
L-018120,organic,,5.4,smb_sdr
L-018121,organic,,1.9,smb_sdr
L-018122,organic,,10.6,smb_sdr
L-018123,organic,no_response,2.1,smb_sdr
L-018124,organic,no_response,2.8,smb_sdr
L-018125,organic,,2.6,smb_sdr
L-018126,organic,no_response,3.6,smb_sdr
L-018127,organic,,10.3,smb_sdr
L-018128,organic,competitor_contract,90.4,unassigned
L-018129,organic,,5.0,smb_sdr
L-018130,organic,no_budget,6.4,smb_sdr
L-018131,organic,,2.5,smb_sdr
L-018132,organic,,4.0,smb_sdr
L-018133,organic,,2.2,smb_sdr
L-018134,organic,,14.1,smb_sdr
L-018135,organic,,3.5,smb_sdr
L-018136,organic,,7.2,smb_sdr
L-018137,organic,no_response,4.8,smb_sdr
L-018138,organic,wrong_use_case,3.2,smb_sdr
L-018139,organic,,18.1,smb_sdr
L-018140,organic,no_response,6.2,smb_sdr
L-018141,organic,competitor_contract,3.5,smb_sdr
L-018142,organic,,4.7,smb_sdr
L-018143,organic,,3.2,smb_sdr
L-018144,organic,,6.4,smb_sdr
L-018145,organic,,1.6,smb_sdr
L-018146,organic,,1.0,smb_sdr
L-018147,organic,,3.2,smb_sdr
L-018148,organic,no_budget,5.2,smb_sdr
L-018149,organic,competitor_contract,9.9,smb_sdr
L-018150,organic,competitor_contract,3.4,smb_sdr
L-018151,organic,no_response,7.9,smb_sdr
L-018152,organic,,38.5,unassigned
L-018153,organic,not_decision_maker,9.8,smb_sdr
L-018154,organic,duplicate,2.7,smb_sdr
L-018155,organic,too_small,4.9,smb_sdr
L-018156,organic,not_decision_maker,4.5,smb_sdr
L-018157,organic,no_response,6.9,smb_sdr
L-018158,organic,no_response,4.2,smb_sdr
L-018159,organic,no_budget,4.3,smb_sdr
L-018160,organic,,2.2,smb_sdr
L-018161,organic,,9.1,smb_sdr
L-018162,organic,,4.1,smb_sdr
L-018163,organic,no_response,16.8,smb_sdr
L-018164,organic,too_small,6.7,smb_sdr
L-018165,organic,no_budget,9.7,smb_sdr
L-018166,organic,,9.7,smb_sdr
L-018167,organic,wrong_use_case,7.0,smb_sdr
L-018168,organic,,4.3,smb_sdr
L-018169,organic,,8.2,smb_sdr
L-018170,organic,,9.7,smb_sdr
L-018171,organic,no_budget,15.0,smb_sdr
L-018172,organic,,5.1,smb_sdr
L-018173,organic,wrong_use_case,4.0,smb_sdr
L-018174,organic,,4.1,smb_sdr
L-018175,organic,no_response,2.5,smb_sdr
L-018176,organic,not_decision_maker,4.6,smb_sdr
L-018177,organic,too_small,5.4,smb_sdr
L-018178,organic,,3.1,smb_sdr
L-018179,organic,no_response,3.3,smb_sdr
L-018180,organic,no_response,6.8,smb_sdr
L-018181,organic,no_budget,7.6,smb_sdr
L-018182,organic,no_response,5.2,smb_sdr
L-018183,organic,,1.6,smb_sdr
L-018184,organic,too_small,9.4,smb_sdr
L-018185,organic,,4.2,smb_sdr
L-018186,organic,no_budget,4.9,smb_sdr
L-018187,organic,too_small,12.2,smb_sdr
L-018188,organic,no_response,62.8,unassigned
L-018189,organic,too_small,6.8,smb_sdr
L-018190,organic,too_small,1.4,mid_market_ae
L-018191,organic,,3.1,mid_market_ae
L-018192,organic,no_response,5.2,mid_market_ae
L-018193,organic,no_budget,3.7,mid_market_ae
L-018194,organic,not_decision_maker,3.2,mid_market_ae
L-018195,organic,,3.2,mid_market_ae
L-018196,organic,,5.4,mid_market_ae
L-018197,organic,,11.3,mid_market_ae
L-018198,organic,,2.7,mid_market_ae
L-018199,organic,no_budget,3.9,mid_market_ae
L-018200,organic,wrong_use_case,6.8,mid_market_ae
L-018201,organic,no_response,8.3,mid_market_ae
L-018202,organic,too_small,5.3,mid_market_ae
L-018203,organic,wrong_use_case,20.0,mid_market_ae
L-018204,organic,no_budget,8.6,mid_market_ae
L-018205,organic,,10.1,mid_market_ae
L-018206,organic,duplicate,5.2,mid_market_ae
L-018207,organic,no_response,9.6,mid_market_ae
L-018208,organic,duplicate,3.2,mid_market_ae
L-018209,organic,not_decision_maker,2.8,mid_market_ae
L-018210,organic,too_small,4.8,mid_market_ae
L-018211,organic,,61.5,unassigned
L-018212,organic,no_response,12.2,mid_market_ae
L-018213,organic,no_response,5.9,mid_market_ae
L-018214,organic,wrong_use_case,65.6,unassigned
L-018215,organic,no_response,3.0,mid_market_ae
L-018216,organic,duplicate,3.3,mid_market_ae
L-018217,organic,too_small,8.4,mid_market_ae
L-018218,organic,,7.6,mid_market_ae
L-018219,organic,no_budget,1.2,mid_market_ae
L-018220,organic,not_decision_maker,4.8,mid_market_ae
L-018221,organic,not_decision_maker,4.0,mid_market_ae
L-018222,organic,no_response,8.1,mid_market_ae
L-018223,organic,duplicate,9.9,mid_market_ae
L-018224,organic,,9.7,mid_market_ae
L-018225,organic,duplicate,3.6,mid_market_ae
L-018226,organic,too_small,4.7,mid_market_ae
L-018227,organic,duplicate,2.4,mid_market_ae
L-018228,organic,no_response,5.7,mid_market_ae
L-018229,organic,too_small,7.3,mid_market_ae
L-018230,organic,,11.3,mid_market_ae
L-018231,organic,no_budget,1.8,mid_market_ae
L-018232,organic,not_decision_maker,2.0,mid_market_ae
L-018233,organic,,2.6,mid_market_ae
L-018234,organic,competitor_contract,4.1,mid_market_ae
L-018235,organic,no_response,6.6,mid_market_ae
L-018236,organic,wrong_use_case,5.5,mid_market_ae
L-018237,organic,,5.4,mid_market_ae
L-018238,organic,too_small,5.0,mid_market_ae
L-018239,organic,,8.7,mid_market_ae
L-018240,organic,not_decision_maker,5.0,mid_market_ae
L-018241,organic,,5.0,mid_market_ae
L-018242,organic,,5.2,mid_market_ae
L-018243,organic,wrong_use_case,3.8,mid_market_ae
L-018244,organic,,6.4,mid_market_ae
L-018245,organic,wrong_use_case,5.3,mid_market_ae
L-018246,organic,not_decision_maker,8.5,mid_market_ae
L-018247,organic,not_decision_maker,6.2,mid_market_ae
L-018248,organic,,6.2,mid_market_ae
L-018249,organic,,3.5,mid_market_ae
L-018250,organic,not_decision_maker,1.6,mid_market_ae
L-018251,organic,,34.9,unassigned
L-018252,organic,,2.9,mid_market_ae
L-018253,organic,,4.4,mid_market_ae
L-018254,organic,,3.9,mid_market_ae
L-018255,organic,,5.8,mid_market_ae
L-018256,organic,,7.7,mid_market_ae
L-018257,organic,,5.1,mid_market_ae
L-018258,organic,no_response,5.6,mid_market_ae
L-018259,organic,no_response,5.5,mid_market_ae
L-018260,organic,no_budget,2.7,mid_market_ae
L-018261,organic,not_decision_maker,9.8,mid_market_ae
L-018262,organic,no_response,4.3,mid_market_ae
L-018263,organic,no_response,3.1,mid_market_ae
L-018264,organic,,2.4,mid_market_ae
L-018265,organic,not_decision_maker,3.7,mid_market_ae
L-018266,organic,no_response,10.5,mid_market_ae
L-018267,organic,,5.1,mid_market_ae
L-018268,organic,,5.7,mid_market_ae
L-018269,organic,too_small,6.0,mid_market_ae
L-018270,organic,wrong_use_case,4.2,mid_market_ae
L-018271,organic,no_budget,9.9,mid_market_ae
L-018272,organic,not_decision_maker,6.5,mid_market_ae
L-018273,organic,too_small,5.2,mid_market_ae
L-018274,organic,,4.9,mid_market_ae
L-018275,organic,,5.5,mid_market_ae
L-018276,organic,,3.8,mid_market_ae
L-018277,organic,,4.8,mid_market_ae
L-018278,organic,,1.9,mid_market_ae
L-018279,organic,wrong_use_case,3.0,mid_market_ae
L-018280,organic,,14.8,mid_market_ae
L-018281,organic,competitor_contract,1.2,mid_market_ae
L-018282,organic,no_budget,5.8,mid_market_ae
L-018283,organic,no_budget,7.7,mid_market_ae
L-018284,organic,,10.8,mid_market_ae
L-018285,organic,,9.3,mid_market_ae
L-018286,organic,wrong_use_case,3.1,mid_market_ae
L-018287,organic,no_response,8.9,mid_market_ae
L-018288,organic,,3.9,mid_market_ae
L-018289,organic,not_decision_maker,16.5,mid_market_ae
L-018290,organic,,7.6,mid_market_ae
L-018291,organic,too_small,7.4,mid_market_ae
L-018292,organic,,2.5,mid_market_ae
L-018293,organic,,12.5,mid_market_ae
L-018294,organic,no_response,1.9,mid_market_ae
L-018295,organic,,17.9,mid_market_ae
L-018296,organic,no_response,5.9,mid_market_ae
L-018297,organic,,2.4,mid_market_ae
L-018298,organic,too_small,4.0,mid_market_ae
L-018299,organic,too_small,5.3,mid_market_ae
L-018300,organic,,3.7,mid_market_ae
L-018301,organic,not_decision_maker,6.9,mid_market_ae
L-018302,organic,,4.2,mid_market_ae
L-018303,organic,too_small,1.8,mid_market_ae
L-018304,organic,,4.9,mid_market_ae
L-018305,organic,,5.8,mid_market_ae
L-018306,organic,wrong_use_case,3.7,mid_market_ae
L-018307,organic,not_decision_maker,10.4,mid_market_ae
L-018308,organic,too_small,4.0,mid_market_ae
L-018309,organic,too_small,3.0,mid_market_ae
L-018310,organic,,1.6,mid_market_ae
L-018311,organic,too_small,29.1,mid_market_ae
L-018312,organic,no_budget,7.1,mid_market_ae
L-018313,organic,,4.3,mid_market_ae
L-018314,organic,,3.1,mid_market_ae
L-018315,organic,,1.8,mid_market_ae
L-018316,organic,,4.8,mid_market_ae
L-018317,organic,wrong_use_case,19.5,mid_market_ae
L-018318,organic,,2.3,mid_market_ae
L-018319,organic,,2.7,mid_market_ae
L-018320,organic,,4.3,mid_market_ae
L-018321,organic,duplicate,2.6,mid_market_ae
L-018322,organic,not_decision_maker,7.4,mid_market_ae
L-018323,organic,not_decision_maker,4.8,mid_market_ae
L-018324,organic,,5.3,mid_market_ae
L-018325,organic,competitor_contract,7.3,mid_market_ae
L-018326,organic,wrong_use_case,5.0,mid_market_ae
L-018327,organic,,4.5,mid_market_ae
L-018328,organic,,4.2,mid_market_ae
L-018329,organic,,2.5,mid_market_ae
L-018330,organic,not_decision_maker,3.0,mid_market_ae
L-018331,organic,no_response,9.2,mid_market_ae
L-018332,organic,,3.8,mid_market_ae
L-018333,organic,,9.6,mid_market_ae
L-018334,organic,no_budget,3.2,mid_market_ae
L-018335,organic,no_response,17.6,mid_market_ae
L-018336,organic,not_decision_maker,8.6,mid_market_ae
L-018337,organic,no_response,5.6,mid_market_ae
L-018338,organic,,4.1,mid_market_ae
L-018339,organic,no_response,6.3,mid_market_ae
L-018340,organic,,5.6,mid_market_ae
L-018341,organic,,3.8,mid_market_ae
L-018342,organic,no_response,3.6,mid_market_ae
L-018343,organic,not_decision_maker,5.0,mid_market_ae
L-018344,organic,too_small,7.7,mid_market_ae
L-018345,organic,too_small,4.9,mid_market_ae
L-018346,organic,too_small,4.0,mid_market_ae
L-018347,organic,no_response,4.8,mid_market_ae
L-018348,organic,competitor_contract,6.1,mid_market_ae
L-018349,organic,no_response,17.1,mid_market_ae
L-018350,organic,,4.9,mid_market_ae
L-018351,organic,,5.3,mid_market_ae
L-018352,organic,,12.8,mid_market_ae
L-018353,organic,not_decision_maker,5.0,mid_market_ae
L-018354,organic,,11.1,mid_market_ae
L-018355,organic,wrong_use_case,9.2,mid_market_ae
L-018356,organic,not_decision_maker,3.8,mid_market_ae
L-018357,organic,no_response,2.9,mid_market_ae
L-018358,organic,,1.6,mid_market_ae
L-018359,organic,no_budget,1.3,mid_market_ae
L-018360,organic,,1.8,mid_market_ae
L-018361,organic,no_response,5.3,mid_market_ae
L-018362,organic,duplicate,5.9,mid_market_ae
L-018363,organic,no_response,5.8,mid_market_ae
L-018364,organic,no_response,2.4,mid_market_ae
L-018365,organic,,4.6,mid_market_ae
L-018366,organic,wrong_use_case,6.0,mid_market_ae
L-018367,organic,,9.1,mid_market_ae
L-018368,organic,,8.4,mid_market_ae
L-018369,organic,,5.0,mid_market_ae
L-018370,organic,not_decision_maker,3.7,mid_market_ae
L-018371,organic,wrong_use_case,4.6,mid_market_ae
L-018372,organic,no_response,4.5,mid_market_ae
L-018373,organic,not_decision_maker,2.4,mid_market_ae
L-018374,organic,,4.0,mid_market_ae
L-018375,organic,too_small,3.6,mid_market_ae
L-018376,organic,,2.6,mid_market_ae
L-018377,organic,no_response,9.6,mid_market_ae
L-018378,organic,not_decision_maker,6.7,mid_market_ae
L-018379,organic,,6.7,mid_market_ae
L-018380,organic,too_small,4.4,mid_market_ae
L-018381,organic,no_response,6.4,mid_market_ae
L-018382,organic,,7.5,mid_market_ae
L-018383,organic,no_response,11.7,mid_market_ae
L-018384,organic,not_decision_maker,3.4,mid_market_ae
L-018385,organic,competitor_contract,3.9,mid_market_ae
L-018386,organic,,5.8,mid_market_ae
L-018387,organic,no_response,6.7,mid_market_ae
L-018388,organic,too_small,3.6,mid_market_ae
L-018389,organic,,1.9,mid_market_ae
L-018390,organic,wrong_use_case,8.2,mid_market_ae
L-018391,organic,,4.6,mid_market_ae
L-018392,organic,not_decision_maker,3.2,mid_market_ae
L-018393,organic,not_decision_maker,5.3,mid_market_ae
L-018394,organic,too_small,3.6,mid_market_ae
L-018395,organic,,3.0,mid_market_ae
L-018396,organic,no_response,6.8,mid_market_ae
L-018397,organic,,1.3,mid_market_ae
L-018398,organic,,5.3,mid_market_ae
L-018399,organic,no_response,4.0,mid_market_ae
L-018400,organic,,6.8,mid_market_ae
L-018401,organic,,6.0,mid_market_ae
L-018402,organic,,4.7,mid_market_ae
L-018403,organic,,4.7,mid_market_ae
L-018404,organic,no_response,4.1,mid_market_ae
L-018405,organic,no_budget,6.3,mid_market_ae
L-018406,organic,wrong_use_case,9.9,mid_market_ae
L-018407,organic,no_response,4.9,mid_market_ae
L-018408,organic,no_budget,5.6,mid_market_ae
L-018409,webinar,student_or_researcher,7.5,smb_sdr
L-018410,webinar,no_budget,3.5,smb_sdr
L-018411,webinar,no_response,7.9,smb_sdr
L-018412,webinar,no_response,3.4,smb_sdr
L-018413,webinar,no_budget,6.3,smb_sdr
L-018414,webinar,duplicate,8.4,smb_sdr
L-018415,webinar,no_budget,4.4,smb_sdr
L-018416,webinar,no_budget,6.1,smb_sdr
L-018417,webinar,student_or_researcher,1.1,smb_sdr
L-018418,webinar,no_budget,1.5,smb_sdr
L-018419,webinar,not_decision_maker,6.4,smb_sdr
L-018420,webinar,not_decision_maker,8.3,smb_sdr
L-018421,webinar,no_budget,5.7,smb_sdr
L-018422,webinar,student_or_researcher,5.0,smb_sdr
L-018423,webinar,no_response,5.6,smb_sdr
L-018424,webinar,no_budget,8.0,smb_sdr
L-018425,webinar,wrong_use_case,7.8,smb_sdr
L-018426,webinar,duplicate,9.0,smb_sdr
L-018427,webinar,wrong_use_case,2.6,smb_sdr
L-018428,webinar,no_budget,5.4,smb_sdr
L-018429,webinar,not_decision_maker,5.9,smb_sdr
L-018430,webinar,student_or_researcher,20.6,smb_sdr
L-018431,webinar,,1.0,smb_sdr
L-018432,webinar,no_budget,5.1,smb_sdr
L-018433,webinar,not_decision_maker,6.2,smb_sdr
L-018434,webinar,student_or_researcher,5.6,smb_sdr
L-018435,webinar,no_budget,3.1,smb_sdr
L-018436,webinar,,4.3,smb_sdr
L-018437,webinar,no_budget,7.3,smb_sdr
L-018438,webinar,student_or_researcher,5.5,smb_sdr
L-018439,webinar,no_budget,1.8,smb_sdr
L-018440,webinar,no_budget,4.4,smb_sdr
L-018441,webinar,not_decision_maker,4.6,smb_sdr
L-018442,webinar,no_budget,2.8,smb_sdr
L-018443,webinar,no_budget,6.0,smb_sdr
L-018444,webinar,no_response,4.3,smb_sdr
L-018445,webinar,,79.1,unassigned
L-018446,webinar,student_or_researcher,8.1,smb_sdr
L-018447,webinar,duplicate,4.6,smb_sdr
L-018448,webinar,student_or_researcher,13.3,smb_sdr
L-018449,webinar,wrong_use_case,4.2,smb_sdr
L-018450,webinar,duplicate,1.6,smb_sdr
L-018451,webinar,no_budget,3.5,smb_sdr
L-018452,webinar,wrong_use_case,10.4,smb_sdr
L-018453,webinar,student_or_researcher,6.5,smb_sdr
L-018454,webinar,no_budget,3.8,smb_sdr
L-018455,webinar,student_or_researcher,8.1,smb_sdr
L-018456,webinar,no_budget,6.5,smb_sdr
L-018457,webinar,not_decision_maker,3.6,smb_sdr
L-018458,webinar,no_budget,5.5,smb_sdr
L-018459,webinar,not_decision_maker,3.8,smb_sdr
L-018460,webinar,no_budget,10.2,smb_sdr
L-018461,webinar,student_or_researcher,4.0,smb_sdr
L-018462,webinar,not_decision_maker,8.3,smb_sdr
L-018463,webinar,no_budget,2.8,smb_sdr
L-018464,webinar,not_decision_maker,2.4,smb_sdr
L-018465,webinar,not_decision_maker,11.7,smb_sdr
L-018466,webinar,student_or_researcher,5.8,smb_sdr
L-018467,webinar,wrong_use_case,9.4,smb_sdr
L-018468,webinar,not_decision_maker,3.3,smb_sdr
L-018469,webinar,wrong_use_case,8.7,smb_sdr
L-018470,webinar,not_decision_maker,5.8,smb_sdr
L-018471,webinar,no_response,1.8,smb_sdr
L-018472,webinar,student_or_researcher,3.1,smb_sdr
L-018473,webinar,not_decision_maker,35.1,unassigned
L-018474,webinar,student_or_researcher,4.2,smb_sdr
L-018475,webinar,not_decision_maker,8.8,smb_sdr
L-018476,webinar,no_budget,5.6,smb_sdr
L-018477,webinar,not_decision_maker,6.2,smb_sdr
L-018478,webinar,,6.4,smb_sdr
L-018479,webinar,duplicate,2.8,smb_sdr
L-018480,webinar,no_response,9.3,smb_sdr
L-018481,webinar,no_response,9.1,smb_sdr
L-018482,webinar,wrong_use_case,2.7,smb_sdr
L-018483,webinar,no_response,5.0,smb_sdr
L-018484,webinar,no_budget,4.4,smb_sdr
L-018485,webinar,no_budget,73.7,unassigned
L-018486,webinar,student_or_researcher,1.9,smb_sdr
L-018487,webinar,,12.4,smb_sdr
L-018488,webinar,duplicate,5.1,smb_sdr
L-018489,webinar,duplicate,58.6,unassigned
L-018490,webinar,wrong_use_case,4.8,smb_sdr
L-018491,webinar,not_decision_maker,5.1,smb_sdr
L-018492,webinar,not_decision_maker,7.6,smb_sdr
L-018493,webinar,not_decision_maker,16.1,smb_sdr
L-018494,webinar,not_decision_maker,2.5,smb_sdr
L-018495,webinar,,2.2,smb_sdr
L-018496,webinar,not_decision_maker,12.0,smb_sdr
L-018497,webinar,wrong_use_case,2.5,smb_sdr
L-018498,webinar,duplicate,5.0,smb_sdr
L-018499,webinar,not_decision_maker,1.2,smb_sdr
L-018500,webinar,,1.1,smb_sdr
L-018501,webinar,student_or_researcher,5.7,smb_sdr
L-018502,webinar,no_budget,4.3,smb_sdr
L-018503,webinar,not_decision_maker,2.2,smb_sdr
L-018504,webinar,no_budget,1.7,smb_sdr
L-018505,webinar,no_budget,4.4,smb_sdr
L-018506,webinar,wrong_use_case,3.7,smb_sdr
L-018507,webinar,no_budget,1.5,smb_sdr
L-018508,webinar,not_decision_maker,8.8,smb_sdr
L-018509,webinar,not_decision_maker,2.4,smb_sdr
L-018510,webinar,no_budget,3.5,smb_sdr
L-018511,webinar,no_budget,4.5,smb_sdr
L-018512,webinar,,3.0,smb_sdr
L-018513,webinar,student_or_researcher,8.3,smb_sdr
L-018514,webinar,wrong_use_case,4.4,smb_sdr
L-018515,webinar,not_decision_maker,6.4,smb_sdr
L-018516,webinar,not_decision_maker,3.9,smb_sdr
L-018517,webinar,student_or_researcher,12.2,smb_sdr
L-018518,webinar,student_or_researcher,3.7,smb_sdr
L-018519,webinar,wrong_use_case,7.7,smb_sdr
L-018520,webinar,not_decision_maker,6.5,smb_sdr
L-018521,webinar,no_budget,7.5,smb_sdr
L-018522,webinar,wrong_use_case,3.9,smb_sdr
L-018523,webinar,no_response,3.8,smb_sdr
L-018524,webinar,not_decision_maker,4.4,smb_sdr
L-018525,webinar,duplicate,4.9,smb_sdr
L-018526,webinar,not_decision_maker,1.7,smb_sdr
L-018527,webinar,wrong_use_case,9.5,smb_sdr
L-018528,webinar,no_response,1.9,smb_sdr
L-018529,webinar,student_or_researcher,4.2,smb_sdr
L-018530,webinar,wrong_use_case,4.0,smb_sdr
L-018531,webinar,not_decision_maker,4.5,smb_sdr
L-018532,webinar,student_or_researcher,7.6,smb_sdr
L-018533,webinar,student_or_researcher,3.3,smb_sdr
L-018534,webinar,not_decision_maker,6.2,smb_sdr
L-018535,webinar,wrong_use_case,6.8,smb_sdr
L-018536,webinar,student_or_researcher,2.6,smb_sdr
L-018537,webinar,no_response,2.8,smb_sdr
L-018538,webinar,not_decision_maker,5.9,smb_sdr
L-018539,webinar,not_decision_maker,0.9,smb_sdr
L-018540,webinar,no_budget,10.8,smb_sdr
L-018541,webinar,wrong_use_case,9.5,smb_sdr
L-018542,webinar,not_decision_maker,4.4,smb_sdr
L-018543,webinar,no_budget,6.8,smb_sdr
L-018544,webinar,no_budget,4.9,smb_sdr
L-018545,webinar,no_budget,2.3,smb_sdr
L-018546,webinar,not_decision_maker,2.6,smb_sdr
L-018547,webinar,duplicate,9.8,smb_sdr
L-018548,webinar,,5.5,smb_sdr
L-018549,webinar,wrong_use_case,1.1,smb_sdr
L-018550,webinar,not_decision_maker,3.9,smb_sdr
L-018551,webinar,not_decision_maker,9.4,smb_sdr
L-018552,webinar,,5.4,smb_sdr
L-018553,webinar,no_budget,7.9,smb_sdr
L-018554,webinar,,4.7,smb_sdr
L-018555,webinar,not_decision_maker,9.4,smb_sdr
L-018556,webinar,student_or_researcher,2.4,smb_sdr
L-018557,webinar,,8.4,smb_sdr
L-018558,webinar,not_decision_maker,4.2,smb_sdr
L-018559,webinar,no_response,8.3,smb_sdr
L-018560,webinar,wrong_use_case,3.9,smb_sdr
L-018561,webinar,no_budget,7.5,smb_sdr
L-018562,webinar,not_decision_maker,6.2,smb_sdr
L-018563,webinar,no_budget,3.5,smb_sdr
L-018564,webinar,wrong_use_case,4.7,smb_sdr
L-018565,webinar,not_decision_maker,7.9,smb_sdr
L-018566,webinar,no_budget,14.9,smb_sdr
L-018567,webinar,not_decision_maker,6.4,smb_sdr
L-018568,webinar,,8.0,smb_sdr
L-018569,webinar,student_or_researcher,3.7,smb_sdr
L-018570,webinar,not_decision_maker,3.9,smb_sdr
L-018571,webinar,wrong_use_case,12.9,smb_sdr
L-018572,webinar,,5.5,smb_sdr
L-018573,webinar,not_decision_maker,6.3,smb_sdr
L-018574,webinar,,96.0,unassigned
L-018575,webinar,wrong_use_case,20.2,smb_sdr
L-018576,webinar,not_decision_maker,1.8,smb_sdr
L-018577,webinar,student_or_researcher,4.3,smb_sdr
L-018578,webinar,not_decision_maker,2.3,smb_sdr
L-018579,webinar,student_or_researcher,4.0,smb_sdr
L-018580,webinar,duplicate,10.3,smb_sdr
L-018581,webinar,student_or_researcher,5.3,smb_sdr
L-018582,webinar,wrong_use_case,3.2,smb_sdr
L-018583,webinar,no_budget,2.3,smb_sdr
L-018584,webinar,,3.3,smb_sdr
L-018585,webinar,no_response,5.9,smb_sdr
L-018586,webinar,student_or_researcher,6.1,smb_sdr
L-018587,webinar,not_decision_maker,5.2,smb_sdr
L-018588,webinar,student_or_researcher,2.5,smb_sdr
L-018589,webinar,no_budget,6.5,smb_sdr
L-018590,webinar,not_decision_maker,2.3,smb_sdr
L-018591,webinar,no_budget,8.5,smb_sdr
L-018592,webinar,not_decision_maker,13.0,smb_sdr
L-018593,webinar,no_budget,1.1,smb_sdr
L-018594,webinar,not_decision_maker,83.9,unassigned
L-018595,webinar,,7.0,smb_sdr
L-018596,webinar,student_or_researcher,9.4,smb_sdr
L-018597,webinar,student_or_researcher,4.1,smb_sdr
L-018598,webinar,no_response,2.9,smb_sdr
L-018599,webinar,student_or_researcher,5.3,smb_sdr
L-018600,webinar,no_response,4.8,smb_sdr
L-018601,webinar,not_decision_maker,11.5,smb_sdr
L-018602,webinar,not_decision_maker,2.8,smb_sdr
L-018603,webinar,student_or_researcher,5.1,smb_sdr
L-018604,webinar,no_budget,7.1,smb_sdr
L-018605,webinar,no_budget,1.0,smb_sdr
L-018606,webinar,no_budget,3.3,smb_sdr
L-018607,webinar,not_decision_maker,5.6,smb_sdr
L-018608,webinar,student_or_researcher,9.3,smb_sdr
L-018609,webinar,not_decision_maker,7.6,smb_sdr
L-018610,webinar,student_or_researcher,2.4,smb_sdr
L-018611,webinar,,11.7,smb_sdr
L-018612,webinar,,7.6,smb_sdr
L-018613,webinar,wrong_use_case,9.3,smb_sdr
L-018614,webinar,,7.7,smb_sdr
L-018615,webinar,not_decision_maker,6.7,smb_sdr
L-018616,webinar,student_or_researcher,8.0,smb_sdr
L-018617,webinar,student_or_researcher,4.8,smb_sdr
L-018618,webinar,no_budget,6.1,smb_sdr
L-018619,webinar,not_decision_maker,5.9,smb_sdr
L-018620,webinar,student_or_researcher,2.3,smb_sdr
L-018621,webinar,not_decision_maker,2.3,smb_sdr
L-018622,webinar,no_budget,2.8,smb_sdr
L-018623,webinar,wrong_use_case,2.9,smb_sdr
L-018624,webinar,student_or_researcher,9.1,smb_sdr
L-018625,webinar,not_decision_maker,6.3,smb_sdr
L-018626,webinar,not_decision_maker,2.5,smb_sdr
L-018627,webinar,student_or_researcher,7.1,smb_sdr
L-018628,webinar,wrong_use_case,6.5,smb_sdr
L-018629,webinar,no_response,8.1,smb_sdr
L-018630,webinar,no_budget,4.2,smb_sdr
L-018631,webinar,student_or_researcher,2.8,smb_sdr
L-018632,webinar,no_budget,7.4,smb_sdr
L-018633,webinar,no_budget,5.1,smb_sdr
L-018634,webinar,student_or_researcher,2.9,smb_sdr
L-018635,webinar,wrong_use_case,15.1,smb_sdr
L-018636,webinar,no_budget,3.8,smb_sdr
L-018637,webinar,no_budget,6.2,smb_sdr
L-018638,webinar,no_response,7.0,smb_sdr
L-018639,webinar,no_budget,4.1,smb_sdr
L-018640,webinar,,14.0,smb_sdr
L-018641,webinar,not_decision_maker,4.5,smb_sdr
L-018642,webinar,no_budget,5.7,smb_sdr
L-018643,webinar,no_budget,3.9,smb_sdr
L-018644,webinar,student_or_researcher,6.1,smb_sdr
L-018645,webinar,wrong_use_case,5.8,smb_sdr
L-018646,webinar,not_decision_maker,6.3,smb_sdr
L-018647,webinar,not_decision_maker,4.1,smb_sdr
L-018648,webinar,,4.5,smb_sdr
L-018649,webinar,wrong_use_case,2.4,smb_sdr
L-018650,webinar,no_budget,2.7,smb_sdr
L-018651,webinar,duplicate,1.9,smb_sdr
L-018652,webinar,not_decision_maker,8.3,smb_sdr
L-018653,webinar,not_decision_maker,10.1,smb_sdr
L-018654,webinar,not_decision_maker,3.4,smb_sdr
L-018655,webinar,no_response,2.6,smb_sdr
L-018656,webinar,student_or_researcher,3.7,smb_sdr
L-018657,webinar,not_decision_maker,22.5,smb_sdr
L-018658,webinar,student_or_researcher,15.0,smb_sdr
L-018659,webinar,no_budget,3.4,smb_sdr
L-018660,webinar,not_decision_maker,9.1,smb_sdr
L-018661,webinar,no_budget,3.6,smb_sdr
L-018662,webinar,student_or_researcher,3.8,smb_sdr
L-018663,webinar,no_response,14.7,smb_sdr
L-018664,webinar,not_decision_maker,4.1,smb_sdr
L-018665,webinar,,2.5,smb_sdr
L-018666,webinar,,5.1,smb_sdr
L-018667,webinar,not_decision_maker,2.6,smb_sdr
L-018668,webinar,no_budget,3.0,smb_sdr
L-018669,webinar,not_decision_maker,5.4,smb_sdr
L-018670,webinar,student_or_researcher,2.4,smb_sdr
L-018671,webinar,no_response,3.9,smb_sdr
L-018672,webinar,no_budget,14.9,smb_sdr
L-018673,webinar,duplicate,1.8,smb_sdr
L-018674,webinar,no_budget,8.5,smb_sdr
L-018675,webinar,duplicate,7.5,smb_sdr
L-018676,webinar,,8.0,smb_sdr
L-018677,webinar,not_decision_maker,4.3,smb_sdr
L-018678,webinar,not_decision_maker,3.9,smb_sdr
L-018679,webinar,not_decision_maker,6.3,smb_sdr
L-018680,webinar,student_or_researcher,4.4,smb_sdr
L-018681,webinar,no_budget,3.3,smb_sdr
L-018682,webinar,duplicate,3.5,smb_sdr
L-018683,webinar,wrong_use_case,3.3,smb_sdr
L-018684,webinar,duplicate,6.3,smb_sdr
L-018685,webinar,,10.9,smb_sdr
L-018686,webinar,no_budget,3.7,smb_sdr
L-018687,webinar,no_budget,7.7,smb_sdr
L-018688,webinar,duplicate,2.7,smb_sdr
L-018689,webinar,student_or_researcher,7.7,smb_sdr
L-018690,webinar,not_decision_maker,1.7,smb_sdr
L-018691,webinar,wrong_use_case,2.8,smb_sdr
L-018692,webinar,wrong_use_case,3.3,smb_sdr
L-018693,webinar,not_decision_maker,4.8,smb_sdr
L-018694,webinar,student_or_researcher,4.8,smb_sdr
L-018695,webinar,no_budget,6.9,smb_sdr
L-018696,webinar,student_or_researcher,17.5,smb_sdr
L-018697,webinar,wrong_use_case,9.8,smb_sdr
L-018698,webinar,no_budget,10.1,smb_sdr
L-018699,webinar,no_budget,4.6,smb_sdr
L-018700,webinar,no_budget,7.6,smb_sdr
L-018701,webinar,student_or_researcher,4.4,smb_sdr
L-018702,webinar,not_decision_maker,2.3,smb_sdr
L-018703,webinar,no_budget,4.0,smb_sdr
L-018704,webinar,no_budget,1.0,smb_sdr
L-018705,webinar,student_or_researcher,3.9,smb_sdr
L-018706,webinar,not_decision_maker,3.5,smb_sdr
L-018707,webinar,no_response,2.6,smb_sdr
L-018708,webinar,not_decision_maker,3.7,smb_sdr
L-018709,webinar,wrong_use_case,3.6,smb_sdr
L-018710,webinar,,3.2,smb_sdr
L-018711,webinar,wrong_use_case,2.7,smb_sdr
L-018712,webinar,not_decision_maker,18.9,smb_sdr
L-018713,webinar,not_decision_maker,9.6,smb_sdr
L-018714,webinar,student_or_researcher,4.4,smb_sdr
L-018715,webinar,wrong_use_case,6.5,smb_sdr
L-018716,webinar,student_or_researcher,7.0,smb_sdr
L-018717,webinar,duplicate,2.7,smb_sdr
L-018718,webinar,wrong_use_case,3.7,smb_sdr
L-018719,webinar,not_decision_maker,4.4,smb_sdr
L-018720,webinar,,3.0,smb_sdr
L-018721,webinar,not_decision_maker,8.6,smb_sdr
L-018722,webinar,student_or_researcher,17.2,smb_sdr
L-018723,webinar,not_decision_maker,4.9,smb_sdr
L-018724,webinar,student_or_researcher,3.0,smb_sdr
L-018725,webinar,student_or_researcher,6.6,smb_sdr
L-018726,webinar,student_or_researcher,10.9,smb_sdr
L-018727,webinar,not_decision_maker,3.5,smb_sdr
L-018728,webinar,no_budget,3.6,smb_sdr
L-018729,webinar,not_decision_maker,6.8,smb_sdr
L-018730,webinar,not_decision_maker,2.6,smb_sdr
L-018731,webinar,no_budget,5.6,smb_sdr
L-018732,webinar,not_decision_maker,3.4,smb_sdr
L-018733,webinar,no_budget,16.0,smb_sdr
L-018734,webinar,student_or_researcher,3.0,smb_sdr
L-018735,webinar,not_decision_maker,6.1,smb_sdr
L-018736,webinar,not_decision_maker,5.2,smb_sdr
L-018737,webinar,no_response,11.6,smb_sdr
L-018738,webinar,wrong_use_case,6.6,smb_sdr
L-018739,webinar,no_budget,3.4,smb_sdr
L-018740,webinar,no_budget,3.8,smb_sdr
L-018741,webinar,,7.0,smb_sdr
L-018742,webinar,wrong_use_case,7.4,smb_sdr
L-018743,webinar,not_decision_maker,2.5,smb_sdr
L-018744,webinar,not_decision_maker,3.2,smb_sdr
L-018745,webinar,,9.0,smb_sdr
L-018746,webinar,,9.2,smb_sdr
L-018747,webinar,student_or_researcher,11.7,smb_sdr
L-018748,webinar,no_response,6.9,smb_sdr
L-018749,webinar,,6.7,smb_sdr
L-018750,webinar,no_response,9.5,smb_sdr
L-018751,webinar,no_budget,8.6,smb_sdr
L-018752,webinar,wrong_use_case,4.0,smb_sdr
L-018753,webinar,no_budget,8.1,smb_sdr
L-018754,webinar,no_budget,0.9,smb_sdr
L-018755,webinar,no_budget,9.2,smb_sdr
L-018756,webinar,not_decision_maker,3.6,smb_sdr
L-018757,webinar,wrong_use_case,3.2,smb_sdr
L-018758,webinar,not_decision_maker,9.4,smb_sdr
L-018759,webinar,,3.3,smb_sdr
L-018760,webinar,no_budget,8.0,smb_sdr
L-018761,webinar,no_budget,4.1,smb_sdr
L-018762,webinar,not_decision_maker,5.0,smb_sdr
L-018763,webinar,no_response,8.8,smb_sdr
L-018764,webinar,no_response,5.6,smb_sdr
L-018765,webinar,no_response,3.5,smb_sdr
L-018766,webinar,not_decision_maker,3.1,smb_sdr
L-018767,webinar,no_budget,7.2,smb_sdr
L-018768,webinar,no_budget,3.6,smb_sdr
L-018769,webinar,student_or_researcher,2.9,smb_sdr
L-018770,webinar,no_budget,5.0,smb_sdr
L-018771,webinar,,4.7,smb_sdr
L-018772,webinar,no_response,3.2,smb_sdr
L-018773,webinar,wrong_use_case,5.2,smb_sdr
L-018774,webinar,student_or_researcher,11.9,smb_sdr
L-018775,webinar,not_decision_maker,2.3,smb_sdr
L-018776,webinar,student_or_researcher,2.3,smb_sdr
L-018777,webinar,no_budget,10.8,smb_sdr
L-018778,webinar,not_decision_maker,3.2,smb_sdr
L-018779,webinar,student_or_researcher,5.5,smb_sdr
L-018780,webinar,wrong_use_case,5.2,smb_sdr
L-018781,webinar,student_or_researcher,2.0,smb_sdr
L-018782,webinar,student_or_researcher,14.0,smb_sdr
L-018783,webinar,,3.9,smb_sdr
L-018784,webinar,no_budget,16.0,smb_sdr
L-018785,webinar,no_response,1.9,smb_sdr
L-018786,webinar,student_or_researcher,1.1,smb_sdr
L-018787,webinar,student_or_researcher,2.1,smb_sdr
L-018788,webinar,no_budget,3.5,smb_sdr
L-018789,webinar,no_budget,5.2,smb_sdr
L-018790,webinar,wrong_use_case,5.5,smb_sdr
L-018791,webinar,not_decision_maker,3.2,smb_sdr
L-018792,webinar,wrong_use_case,2.9,smb_sdr
L-018793,webinar,no_budget,2.8,smb_sdr
L-018794,webinar,,7.4,smb_sdr
L-018795,webinar,no_budget,5.7,smb_sdr
L-018796,webinar,student_or_researcher,5.9,smb_sdr
L-018797,webinar,wrong_use_case,10.5,smb_sdr
L-018798,webinar,,4.2,smb_sdr
L-018799,webinar,not_decision_maker,2.4,smb_sdr
L-018800,webinar,no_budget,5.5,smb_sdr
L-018801,webinar,student_or_researcher,8.9,smb_sdr
L-018802,webinar,not_decision_maker,9.1,smb_sdr
L-018803,webinar,not_decision_maker,10.9,smb_sdr
L-018804,webinar,no_response,2.8,smb_sdr
L-018805,webinar,not_decision_maker,4.5,smb_sdr
L-018806,webinar,no_budget,6.4,smb_sdr
L-018807,webinar,,3.8,smb_sdr
L-018808,webinar,not_decision_maker,3.7,smb_sdr
L-018809,webinar,,4.1,smb_sdr
L-018810,webinar,no_response,3.7,smb_sdr
L-018811,webinar,not_decision_maker,7.0,smb_sdr
L-018812,webinar,,2.6,smb_sdr
L-018813,webinar,no_budget,3.4,smb_sdr
L-018814,webinar,not_decision_maker,7.0,smb_sdr
L-018815,webinar,,8.9,smb_sdr
L-018816,webinar,student_or_researcher,4.0,smb_sdr
L-018817,webinar,student_or_researcher,2.8,smb_sdr
L-018818,webinar,student_or_researcher,6.0,smb_sdr
L-018819,webinar,wrong_use_case,17.3,smb_sdr
L-018820,webinar,not_decision_maker,2.3,smb_sdr
L-018821,webinar,,8.6,smb_sdr
L-018822,webinar,no_budget,3.9,smb_sdr
L-018823,webinar,student_or_researcher,6.8,smb_sdr
L-018824,webinar,student_or_researcher,3.0,smb_sdr
L-018825,webinar,not_decision_maker,9.6,smb_sdr
L-018826,webinar,not_decision_maker,7.5,smb_sdr
L-018827,webinar,no_response,14.0,smb_sdr
L-018828,webinar,no_budget,7.0,smb_sdr
L-018829,webinar,no_response,6.8,smb_sdr
L-018830,webinar,no_budget,1.7,smb_sdr
L-018831,webinar,not_decision_maker,7.5,smb_sdr
L-018832,webinar,not_decision_maker,6.9,smb_sdr
L-018833,webinar,student_or_researcher,4.0,smb_sdr
L-018834,webinar,,4.1,smb_sdr
L-018835,webinar,student_or_researcher,7.8,smb_sdr
L-018836,webinar,student_or_researcher,5.4,smb_sdr
L-018837,webinar,not_decision_maker,2.4,smb_sdr
L-018838,webinar,duplicate,2.8,smb_sdr
L-018839,webinar,,5.9,smb_sdr
L-018840,webinar,duplicate,4.0,smb_sdr
L-018841,webinar,student_or_researcher,4.1,smb_sdr
L-018842,webinar,not_decision_maker,2.2,smb_sdr
L-018843,webinar,not_decision_maker,4.6,smb_sdr
L-018844,webinar,not_decision_maker,4.8,smb_sdr
L-018845,webinar,no_budget,6.4,smb_sdr
L-018846,webinar,student_or_researcher,2.5,smb_sdr
L-018847,webinar,no_budget,4.2,smb_sdr
L-018848,webinar,no_budget,2.0,smb_sdr
L-018849,webinar,student_or_researcher,2.5,smb_sdr
L-018850,webinar,no_response,4.1,smb_sdr
L-018851,webinar,student_or_researcher,2.8,smb_sdr
L-018852,webinar,no_budget,11.5,smb_sdr
L-018853,webinar,no_budget,9.0,smb_sdr
L-018854,webinar,,15.3,smb_sdr
L-018855,webinar,not_decision_maker,5.8,smb_sdr
L-018856,webinar,no_budget,3.3,smb_sdr
L-018857,webinar,no_budget,3.1,smb_sdr
L-018858,webinar,no_budget,10.7,smb_sdr
L-018859,webinar,,3.2,smb_sdr
L-018860,webinar,,6.6,smb_sdr
L-018861,webinar,not_decision_maker,8.2,smb_sdr
L-018862,webinar,no_budget,5.2,smb_sdr
L-018863,webinar,no_budget,3.6,smb_sdr
L-018864,webinar,not_decision_maker,12.0,smb_sdr
L-018865,webinar,not_decision_maker,3.6,smb_sdr
L-018866,webinar,duplicate,1.9,smb_sdr
L-018867,webinar,no_budget,8.4,smb_sdr
L-018868,webinar,no_response,3.7,smb_sdr
L-018869,webinar,no_budget,4.5,smb_sdr
L-018870,webinar,no_budget,4.5,smb_sdr
L-018871,webinar,no_budget,7.8,smb_sdr
L-018872,webinar,,7.0,smb_sdr
L-018873,webinar,no_budget,5.1,smb_sdr
L-018874,webinar,not_decision_maker,4.6,smb_sdr
L-018875,webinar,not_decision_maker,4.9,smb_sdr
L-018876,webinar,student_or_researcher,4.5,smb_sdr
L-018877,webinar,wrong_use_case,5.0,smb_sdr
L-018878,webinar,not_decision_maker,9.9,smb_sdr
L-018879,webinar,no_budget,2.3,smb_sdr
L-018880,webinar,duplicate,7.7,smb_sdr
L-018881,webinar,no_response,3.2,smb_sdr
L-018882,webinar,student_or_researcher,2.1,smb_sdr
L-018883,webinar,no_budget,3.1,smb_sdr
L-018884,webinar,no_budget,3.0,smb_sdr
L-018885,webinar,no_response,2.0,smb_sdr
L-018886,webinar,no_response,7.5,smb_sdr
L-018887,webinar,student_or_researcher,3.0,smb_sdr
L-018888,webinar,student_or_researcher,8.0,smb_sdr
L-018889,webinar,not_decision_maker,4.8,smb_sdr
L-018890,webinar,wrong_use_case,7.1,smb_sdr
L-018891,webinar,student_or_researcher,8.7,smb_sdr
L-018892,webinar,not_decision_maker,2.6,smb_sdr
L-018893,webinar,student_or_researcher,4.4,smb_sdr
L-018894,webinar,no_budget,7.3,smb_sdr
L-018895,webinar,wrong_use_case,8.0,smb_sdr
L-018896,webinar,not_decision_maker,3.8,smb_sdr
L-018897,webinar,student_or_researcher,1.5,smb_sdr
L-018898,webinar,student_or_researcher,3.7,smb_sdr
L-018899,webinar,no_budget,3.3,smb_sdr
L-018900,webinar,not_decision_maker,5.1,smb_sdr
L-018901,webinar,student_or_researcher,6.6,smb_sdr
L-018902,webinar,not_decision_maker,4.1,smb_sdr
L-018903,webinar,no_response,2.6,smb_sdr
L-018904,webinar,no_budget,11.3,smb_sdr
L-018905,webinar,no_budget,6.2,smb_sdr
L-018906,webinar,student_or_researcher,5.9,smb_sdr
L-018907,webinar,no_budget,3.3,smb_sdr
L-018908,webinar,no_response,8.5,smb_sdr
L-018909,webinar,no_budget,4.2,smb_sdr
L-018910,webinar,student_or_researcher,5.4,smb_sdr
L-018911,webinar,,8.8,smb_sdr
L-018912,webinar,no_budget,9.5,smb_sdr
L-018913,webinar,wrong_use_case,7.9,smb_sdr
L-018914,webinar,no_budget,4.5,smb_sdr
L-018915,webinar,student_or_researcher,15.3,smb_sdr
L-018916,webinar,,10.6,smb_sdr
L-018917,webinar,no_response,3.7,smb_sdr
L-018918,webinar,student_or_researcher,3.2,smb_sdr
L-018919,webinar,not_decision_maker,3.4,smb_sdr
L-018920,webinar,not_decision_maker,4.1,smb_sdr
L-018921,webinar,student_or_researcher,4.1,smb_sdr
L-018922,webinar,student_or_researcher,1.5,smb_sdr
L-018923,webinar,no_budget,15.1,smb_sdr
L-018924,webinar,student_or_researcher,11.6,smb_sdr
L-018925,webinar,,3.9,smb_sdr
L-018926,webinar,not_decision_maker,2.3,smb_sdr
L-018927,webinar,not_decision_maker,2.2,smb_sdr
L-018928,webinar,no_budget,4.3,smb_sdr
L-018929,webinar,,4.5,smb_sdr
L-018930,webinar,no_budget,3.5,smb_sdr
L-018931,webinar,not_decision_maker,11.0,smb_sdr
L-018932,webinar,wrong_use_case,5.2,smb_sdr
L-018933,webinar,student_or_researcher,19.6,smb_sdr
L-018934,webinar,no_response,3.6,smb_sdr
L-018935,webinar,duplicate,5.5,smb_sdr
L-018936,webinar,not_decision_maker,9.8,smb_sdr
L-018937,webinar,no_response,3.3,smb_sdr
L-018938,webinar,no_budget,3.1,smb_sdr
L-018939,webinar,duplicate,10.4,smb_sdr
L-018940,webinar,wrong_use_case,10.3,smb_sdr
L-018941,webinar,not_decision_maker,1.8,smb_sdr
L-018942,webinar,not_decision_maker,15.6,smb_sdr
L-018943,webinar,no_budget,3.7,smb_sdr
L-018944,webinar,no_budget,4.5,smb_sdr
L-018945,webinar,no_budget,6.4,smb_sdr
L-018946,webinar,wrong_use_case,3.7,smb_sdr
L-018947,webinar,not_decision_maker,6.6,smb_sdr
L-018948,webinar,not_decision_maker,3.7,smb_sdr
L-018949,webinar,not_decision_maker,7.8,smb_sdr
L-018950,webinar,not_decision_maker,5.7,smb_sdr
L-018951,webinar,student_or_researcher,3.6,smb_sdr
L-018952,webinar,no_budget,1.5,smb_sdr
L-018953,webinar,no_budget,5.3,smb_sdr
L-018954,webinar,not_decision_maker,7.2,smb_sdr
L-018955,webinar,student_or_researcher,5.7,smb_sdr
L-018956,webinar,no_budget,3.0,smb_sdr
L-018957,webinar,,4.7,smb_sdr
L-018958,webinar,not_decision_maker,5.3,smb_sdr
L-018959,webinar,not_decision_maker,2.0,smb_sdr
L-018960,webinar,student_or_researcher,3.8,smb_sdr
L-018961,webinar,not_decision_maker,3.8,smb_sdr
L-018962,webinar,no_budget,7.5,smb_sdr
L-018963,webinar,no_response,13.7,smb_sdr
L-018964,webinar,not_decision_maker,7.9,smb_sdr
L-018965,webinar,no_response,4.0,smb_sdr
L-018966,webinar,no_budget,16.8,smb_sdr
L-018967,webinar,no_budget,57.4,unassigned
L-018968,webinar,student_or_researcher,4.1,smb_sdr
L-018969,webinar,no_budget,3.7,smb_sdr
L-018970,webinar,not_decision_maker,10.9,smb_sdr
L-018971,webinar,student_or_researcher,14.7,smb_sdr
L-018972,webinar,not_decision_maker,4.0,smb_sdr
L-018973,webinar,wrong_use_case,8.8,smb_sdr
L-018974,webinar,not_decision_maker,3.2,smb_sdr
L-018975,webinar,no_response,5.7,smb_sdr
L-018976,webinar,not_decision_maker,12.6,smb_sdr
L-018977,webinar,student_or_researcher,4.9,smb_sdr
L-018978,webinar,no_budget,7.8,smb_sdr
L-018979,webinar,no_response,4.5,smb_sdr
L-018980,webinar,,6.5,smb_sdr
L-018981,webinar,not_decision_maker,11.4,smb_sdr
L-018982,webinar,no_budget,5.8,smb_sdr
L-018983,webinar,no_budget,3.4,smb_sdr
L-018984,webinar,no_response,11.5,smb_sdr
L-018985,webinar,not_decision_maker,2.1,smb_sdr
L-018986,webinar,not_decision_maker,16.9,smb_sdr
L-018987,webinar,no_response,4.4,smb_sdr
L-018988,webinar,duplicate,5.3,smb_sdr
L-018989,webinar,no_response,8.1,smb_sdr
L-018990,webinar,not_decision_maker,5.8,smb_sdr
L-018991,webinar,no_response,5.3,smb_sdr
L-018992,webinar,not_decision_maker,5.4,smb_sdr
L-018993,webinar,student_or_researcher,10.5,smb_sdr
L-018994,webinar,student_or_researcher,20.8,smb_sdr
L-018995,webinar,student_or_researcher,7.2,smb_sdr
L-018996,webinar,student_or_researcher,5.3,smb_sdr
L-018997,webinar,no_budget,3.8,smb_sdr
L-018998,webinar,not_decision_maker,3.4,smb_sdr
L-018999,webinar,no_response,3.9,smb_sdr
L-019000,webinar,no_budget,11.5,smb_sdr
L-019001,webinar,student_or_researcher,6.7,smb_sdr
L-019002,webinar,not_decision_maker,5.4,smb_sdr
L-019003,webinar,no_response,2.6,smb_sdr
L-019004,webinar,,7.3,smb_sdr
L-019005,webinar,no_budget,3.6,smb_sdr
L-019006,webinar,no_budget,6.0,smb_sdr
L-019007,webinar,,14.5,smb_sdr
L-019008,webinar,wrong_use_case,6.5,smb_sdr
L-019009,webinar,student_or_researcher,9.3,smb_sdr
L-019010,webinar,,6.7,smb_sdr
L-019011,webinar,,10.4,smb_sdr
L-019012,webinar,duplicate,4.4,smb_sdr
L-019013,webinar,not_decision_maker,3.7,smb_sdr
L-019014,webinar,no_budget,11.4,smb_sdr
L-019015,webinar,no_budget,5.1,smb_sdr
L-019016,webinar,student_or_researcher,4.7,smb_sdr
L-019017,webinar,no_budget,11.0,smb_sdr
L-019018,webinar,not_decision_maker,3.2,smb_sdr
L-019019,webinar,no_budget,7.6,smb_sdr
L-019020,webinar,no_budget,6.0,smb_sdr
L-019021,webinar,student_or_researcher,3.3,smb_sdr
L-019022,webinar,,5.4,smb_sdr
L-019023,webinar,no_budget,3.8,smb_sdr
L-019024,webinar,no_budget,2.2,smb_sdr
L-019025,webinar,no_budget,2.2,smb_sdr
L-019026,webinar,student_or_researcher,5.1,smb_sdr
L-019027,webinar,not_decision_maker,3.5,smb_sdr
L-019028,webinar,not_decision_maker,1.6,smb_sdr
L-019029,webinar,no_budget,7.5,smb_sdr
L-019030,webinar,wrong_use_case,4.2,smb_sdr
L-019031,webinar,no_budget,10.3,smb_sdr
L-019032,webinar,student_or_researcher,21.6,smb_sdr
L-019033,webinar,student_or_researcher,3.9,smb_sdr
L-019034,webinar,wrong_use_case,3.1,smb_sdr
L-019035,webinar,wrong_use_case,2.6,smb_sdr
L-019036,webinar,not_decision_maker,4.0,smb_sdr
L-019037,webinar,,3.9,smb_sdr
L-019038,webinar,wrong_use_case,3.1,smb_sdr
L-019039,webinar,,3.8,smb_sdr
L-019040,webinar,duplicate,5.9,smb_sdr
L-019041,webinar,no_budget,14.1,smb_sdr
L-019042,webinar,wrong_use_case,10.7,smb_sdr
L-019043,webinar,no_response,3.5,smb_sdr
L-019044,webinar,no_budget,5.2,smb_sdr
L-019045,webinar,no_budget,2.6,smb_sdr
L-019046,webinar,no_response,9.6,smb_sdr
L-019047,webinar,student_or_researcher,3.3,smb_sdr
L-019048,webinar,not_decision_maker,5.1,smb_sdr
L-019049,webinar,no_budget,1.9,smb_sdr
L-019050,webinar,not_decision_maker,5.8,smb_sdr
L-019051,webinar,wrong_use_case,4.0,smb_sdr
L-019052,webinar,no_budget,3.1,smb_sdr
L-019053,webinar,no_budget,10.2,smb_sdr
L-019054,webinar,no_response,1.2,smb_sdr
L-019055,webinar,no_budget,5.4,smb_sdr
L-019056,webinar,not_decision_maker,14.4,smb_sdr
L-019057,webinar,not_decision_maker,2.6,smb_sdr
L-019058,webinar,no_budget,14.1,smb_sdr
L-019059,webinar,duplicate,5.4,smb_sdr
L-019060,webinar,no_budget,4.9,smb_sdr
L-019061,webinar,duplicate,4.9,smb_sdr
L-019062,webinar,no_budget,10.4,smb_sdr
L-019063,webinar,not_decision_maker,11.1,smb_sdr
L-019064,webinar,no_response,3.1,smb_sdr
L-019065,webinar,no_budget,9.1,smb_sdr
L-019066,webinar,not_decision_maker,4.2,smb_sdr
L-019067,webinar,,8.3,smb_sdr
L-019068,webinar,no_response,5.9,smb_sdr
L-019069,webinar,no_budget,3.6,smb_sdr
L-019070,webinar,no_response,3.3,smb_sdr
L-019071,webinar,not_decision_maker,4.2,smb_sdr
L-019072,webinar,no_budget,5.0,smb_sdr
L-019073,webinar,not_decision_maker,2.6,smb_sdr
L-019074,webinar,wrong_use_case,11.4,smb_sdr
L-019075,webinar,not_decision_maker,6.2,smb_sdr
L-019076,webinar,wrong_use_case,2.3,smb_sdr
L-019077,webinar,not_decision_maker,8.5,smb_sdr
L-019078,webinar,duplicate,13.6,smb_sdr
L-019079,webinar,not_decision_maker,10.0,smb_sdr
L-019080,webinar,not_decision_maker,1.9,smb_sdr
L-019081,webinar,student_or_researcher,16.5,smb_sdr
L-019082,webinar,no_budget,1.8,smb_sdr
L-019083,webinar,not_decision_maker,4.4,smb_sdr
L-019084,webinar,student_or_researcher,7.7,smb_sdr
L-019085,webinar,,10.5,smb_sdr
L-019086,webinar,student_or_researcher,9.8,smb_sdr
L-019087,webinar,not_decision_maker,2.4,smb_sdr
L-019088,webinar,wrong_use_case,9.2,smb_sdr
L-019089,webinar,duplicate,7.9,smb_sdr
L-019090,webinar,not_decision_maker,1.8,smb_sdr
L-019091,webinar,no_budget,8.7,smb_sdr
L-019092,webinar,wrong_use_case,4.7,smb_sdr
L-019093,webinar,no_budget,3.3,smb_sdr
L-019094,webinar,not_decision_maker,4.7,smb_sdr
L-019095,webinar,no_budget,5.3,smb_sdr
L-019096,webinar,student_or_researcher,4.2,smb_sdr
L-019097,webinar,,4.1,smb_sdr
L-019098,webinar,no_budget,8.0,smb_sdr
L-019099,webinar,duplicate,1.5,smb_sdr
L-019100,webinar,not_decision_maker,11.1,smb_sdr
L-019101,webinar,no_budget,5.5,smb_sdr
L-019102,webinar,student_or_researcher,7.8,smb_sdr
L-019103,webinar,student_or_researcher,3.1,smb_sdr
L-019104,webinar,not_decision_maker,3.8,smb_sdr
L-019105,webinar,no_budget,4.3,smb_sdr
L-019106,webinar,no_budget,10.9,smb_sdr
L-019107,webinar,no_budget,5.2,smb_sdr
L-019108,webinar,no_budget,10.2,smb_sdr
L-019109,webinar,not_decision_maker,2.9,smb_sdr
L-019110,webinar,,2.1,smb_sdr
L-019111,webinar,not_decision_maker,4.8,smb_sdr
L-019112,webinar,wrong_use_case,4.7,smb_sdr
L-019113,webinar,wrong_use_case,4.2,smb_sdr
L-019114,webinar,student_or_researcher,2.8,smb_sdr
L-019115,webinar,not_decision_maker,2.1,smb_sdr
L-019116,webinar,no_response,1.6,smb_sdr
L-019117,webinar,no_budget,8.0,smb_sdr
L-019118,webinar,not_decision_maker,8.1,smb_sdr
L-019119,webinar,duplicate,6.2,smb_sdr
L-019120,webinar,not_decision_maker,8.6,smb_sdr
L-019121,webinar,student_or_researcher,4.8,smb_sdr
L-019122,webinar,duplicate,5.8,smb_sdr
L-019123,webinar,wrong_use_case,6.9,smb_sdr
L-019124,webinar,,6.1,smb_sdr
L-019125,webinar,wrong_use_case,7.6,smb_sdr
L-019126,webinar,no_budget,6.2,smb_sdr
L-019127,webinar,not_decision_maker,4.2,smb_sdr
L-019128,webinar,no_budget,2.9,smb_sdr
L-019129,webinar,,8.4,smb_sdr
L-019130,webinar,no_response,4.0,smb_sdr
L-019131,webinar,no_response,9.7,smb_sdr
L-019132,webinar,student_or_researcher,3.3,smb_sdr
L-019133,webinar,duplicate,3.7,smb_sdr
L-019134,webinar,duplicate,4.0,smb_sdr
L-019135,webinar,,6.9,smb_sdr
L-019136,webinar,,5.6,smb_sdr
L-019137,webinar,no_budget,6.0,smb_sdr
L-019138,webinar,not_decision_maker,3.6,smb_sdr
L-019139,webinar,no_response,3.0,smb_sdr
L-019140,webinar,not_decision_maker,8.6,smb_sdr
L-019141,webinar,student_or_researcher,7.7,smb_sdr
L-019142,webinar,no_budget,1.7,smb_sdr
L-019143,webinar,no_budget,3.0,smb_sdr
L-019144,webinar,not_decision_maker,9.9,smb_sdr
L-019145,webinar,no_budget,5.3,smb_sdr
L-019146,webinar,,5.7,smb_sdr
L-019147,webinar,no_budget,3.7,smb_sdr
L-019148,webinar,student_or_researcher,4.1,smb_sdr
L-019149,webinar,not_decision_maker,1.7,smb_sdr
L-019150,webinar,not_decision_maker,3.9,smb_sdr
L-019151,webinar,student_or_researcher,3.0,smb_sdr
L-019152,webinar,no_response,6.0,smb_sdr
L-019153,webinar,student_or_researcher,3.4,smb_sdr
L-019154,webinar,wrong_use_case,7.7,smb_sdr
L-019155,webinar,,1.6,smb_sdr
L-019156,webinar,student_or_researcher,6.3,smb_sdr
L-019157,webinar,not_decision_maker,2.8,smb_sdr
L-019158,webinar,duplicate,3.2,smb_sdr
L-019159,webinar,student_or_researcher,4.0,smb_sdr
L-019160,webinar,student_or_researcher,12.8,smb_sdr
L-019161,webinar,no_budget,5.4,smb_sdr
L-019162,webinar,not_decision_maker,4.6,smb_sdr
L-019163,webinar,no_budget,3.2,smb_sdr
L-019164,webinar,,7.0,smb_sdr
L-019165,webinar,not_decision_maker,3.2,smb_sdr
L-019166,webinar,not_decision_maker,2.8,smb_sdr
L-019167,webinar,,2.6,smb_sdr
L-019168,webinar,no_response,5.9,smb_sdr
L-019169,webinar,no_budget,6.5,smb_sdr
L-019170,webinar,student_or_researcher,3.6,smb_sdr
L-019171,webinar,no_budget,4.5,smb_sdr
L-019172,webinar,,2.3,smb_sdr
L-019173,webinar,no_budget,3.1,smb_sdr
L-019174,webinar,no_response,6.0,smb_sdr
L-019175,webinar,no_response,2.8,smb_sdr
L-019176,webinar,no_response,13.7,smb_sdr
L-019177,webinar,no_response,7.0,smb_sdr
L-019178,webinar,not_decision_maker,3.1,smb_sdr
L-019179,webinar,wrong_use_case,5.3,smb_sdr
L-019180,webinar,student_or_researcher,5.9,smb_sdr
L-019181,webinar,,15.3,smb_sdr
L-019182,webinar,student_or_researcher,9.0,smb_sdr
L-019183,webinar,,3.4,smb_sdr
L-019184,webinar,wrong_use_case,27.3,smb_sdr
L-019185,webinar,duplicate,2.5,smb_sdr
L-019186,webinar,wrong_use_case,2.2,smb_sdr
L-019187,webinar,,2.2,smb_sdr
L-019188,webinar,no_budget,62.5,unassigned
L-019189,webinar,wrong_use_case,4.6,smb_sdr
L-019190,webinar,,6.1,smb_sdr
L-019191,webinar,not_decision_maker,3.8,smb_sdr
L-019192,webinar,no_response,2.7,smb_sdr
L-019193,webinar,no_budget,5.1,smb_sdr
L-019194,webinar,no_budget,23.3,smb_sdr
L-019195,webinar,not_decision_maker,6.8,smb_sdr
L-019196,webinar,no_response,4.0,smb_sdr
L-019197,webinar,no_budget,5.4,smb_sdr
L-019198,webinar,no_response,11.8,smb_sdr
L-019199,webinar,no_budget,5.6,smb_sdr
L-019200,webinar,not_decision_maker,2.2,smb_sdr
L-019201,webinar,not_decision_maker,0.9,smb_sdr
L-019202,webinar,no_response,11.2,smb_sdr
L-019203,webinar,no_budget,8.1,smb_sdr
L-019204,webinar,not_decision_maker,4.6,smb_sdr
L-019205,webinar,wrong_use_case,5.3,smb_sdr
L-019206,webinar,no_budget,1.6,smb_sdr
L-019207,webinar,no_budget,8.8,smb_sdr
L-019208,webinar,,2.7,smb_sdr
L-019209,webinar,no_budget,5.5,smb_sdr
L-019210,webinar,not_decision_maker,2.9,smb_sdr
L-019211,webinar,not_decision_maker,5.0,smb_sdr
L-019212,webinar,not_decision_maker,19.4,smb_sdr
L-019213,webinar,no_budget,14.1,smb_sdr
L-019214,webinar,no_budget,2.2,smb_sdr
L-019215,webinar,,3.6,smb_sdr
L-019216,webinar,student_or_researcher,7.8,smb_sdr
L-019217,webinar,student_or_researcher,68.9,unassigned
L-019218,webinar,,8.2,smb_sdr
L-019219,webinar,duplicate,12.3,smb_sdr
L-019220,webinar,wrong_use_case,8.0,smb_sdr
L-019221,webinar,,3.8,smb_sdr
L-019222,webinar,not_decision_maker,2.2,smb_sdr
L-019223,webinar,no_budget,4.2,smb_sdr
L-019224,webinar,wrong_use_case,5.6,smb_sdr
L-019225,webinar,duplicate,10.8,smb_sdr
L-019226,webinar,wrong_use_case,2.3,smb_sdr
L-019227,webinar,not_decision_maker,7.8,smb_sdr
L-019228,webinar,,9.7,smb_sdr
L-019229,webinar,student_or_researcher,12.7,smb_sdr
L-019230,webinar,wrong_use_case,11.8,smb_sdr
L-019231,webinar,no_budget,3.8,smb_sdr
L-019232,webinar,student_or_researcher,5.5,smb_sdr
L-019233,webinar,student_or_researcher,6.6,smb_sdr
L-019234,webinar,no_budget,4.2,smb_sdr
L-019235,webinar,not_decision_maker,2.1,smb_sdr
L-019236,webinar,wrong_use_case,3.5,smb_sdr
L-019237,webinar,no_budget,4.6,smb_sdr
L-019238,webinar,duplicate,4.4,smb_sdr
L-019239,webinar,,2.2,smb_sdr
L-019240,webinar,no_response,10.2,smb_sdr
L-019241,webinar,no_budget,6.2,smb_sdr
L-019242,webinar,,2.9,smb_sdr
L-019243,webinar,not_decision_maker,3.5,smb_sdr
L-019244,webinar,no_response,20.1,smb_sdr
L-019245,webinar,not_decision_maker,9.5,smb_sdr
L-019246,webinar,no_budget,3.3,smb_sdr
L-019247,webinar,student_or_researcher,23.3,unassigned
L-019248,webinar,wrong_use_case,5.5,smb_sdr
L-019249,webinar,student_or_researcher,2.3,smb_sdr
L-019250,webinar,wrong_use_case,5.1,smb_sdr
L-019251,webinar,student_or_researcher,2.9,smb_sdr
L-019252,webinar,no_budget,12.9,smb_sdr
L-019253,webinar,no_response,3.4,smb_sdr
L-019254,webinar,not_decision_maker,8.6,smb_sdr
L-019255,webinar,no_budget,4.1,smb_sdr
L-019256,webinar,,2.7,smb_sdr
L-019257,webinar,no_budget,2.8,smb_sdr
L-019258,webinar,not_decision_maker,5.7,smb_sdr
L-019259,webinar,no_budget,6.8,smb_sdr
L-019260,webinar,not_decision_maker,12.0,smb_sdr
L-019261,webinar,not_decision_maker,11.8,smb_sdr
L-019262,webinar,wrong_use_case,9.4,smb_sdr
L-019263,webinar,not_decision_maker,2.9,smb_sdr
L-019264,webinar,student_or_researcher,5.4,smb_sdr
L-019265,webinar,no_response,5.3,smb_sdr
L-019266,webinar,not_decision_maker,3.1,smb_sdr
L-019267,webinar,,2.4,smb_sdr
L-019268,webinar,not_decision_maker,5.6,smb_sdr
L-019269,webinar,student_or_researcher,2.4,smb_sdr
L-019270,webinar,duplicate,5.6,smb_sdr
L-019271,webinar,no_budget,3.9,smb_sdr
L-019272,webinar,duplicate,8.5,smb_sdr
L-019273,webinar,duplicate,8.6,smb_sdr
L-019274,webinar,no_budget,5.5,smb_sdr
L-019275,webinar,wrong_use_case,5.0,smb_sdr
L-019276,webinar,student_or_researcher,8.7,smb_sdr
L-019277,webinar,,13.2,smb_sdr
L-019278,webinar,not_decision_maker,8.5,smb_sdr
L-019279,webinar,student_or_researcher,7.3,smb_sdr
L-019280,webinar,wrong_use_case,11.9,smb_sdr
L-019281,webinar,not_decision_maker,2.3,smb_sdr
L-019282,webinar,no_budget,1.6,smb_sdr
L-019283,webinar,no_response,4.1,smb_sdr
L-019284,webinar,,11.5,smb_sdr
L-019285,webinar,no_response,12.0,smb_sdr
L-019286,webinar,no_budget,4.9,smb_sdr
L-019287,webinar,not_decision_maker,10.4,smb_sdr
L-019288,webinar,wrong_use_case,19.1,smb_sdr
L-019289,webinar,,4.0,smb_sdr
L-019290,webinar,not_decision_maker,5.9,smb_sdr
L-019291,webinar,,9.2,smb_sdr
L-019292,webinar,not_decision_maker,7.5,smb_sdr
L-019293,webinar,,7.5,smb_sdr
L-019294,webinar,no_budget,12.0,smb_sdr
L-019295,webinar,,10.2,smb_sdr
L-019296,webinar,not_decision_maker,2.8,smb_sdr
L-019297,webinar,no_budget,5.9,smb_sdr
L-019298,webinar,student_or_researcher,7.9,smb_sdr
L-019299,webinar,no_response,2.4,smb_sdr
L-019300,webinar,no_budget,6.2,smb_sdr
L-019301,webinar,no_budget,5.8,smb_sdr
L-019302,webinar,no_budget,9.5,smb_sdr
L-019303,webinar,student_or_researcher,2.9,smb_sdr
L-019304,webinar,student_or_researcher,5.5,smb_sdr
L-019305,webinar,no_response,11.2,smb_sdr
L-019306,webinar,,6.6,smb_sdr
L-019307,webinar,,7.0,smb_sdr
L-019308,webinar,wrong_use_case,3.8,smb_sdr
L-019309,webinar,student_or_researcher,2.2,smb_sdr
L-019310,webinar,duplicate,3.8,smb_sdr
L-019311,webinar,no_budget,9.2,smb_sdr
L-019312,webinar,duplicate,2.3,smb_sdr
L-019313,webinar,student_or_researcher,3.7,smb_sdr
L-019314,webinar,not_decision_maker,4.6,smb_sdr
L-019315,webinar,not_decision_maker,8.4,smb_sdr
L-019316,webinar,student_or_researcher,2.6,smb_sdr
L-019317,webinar,student_or_researcher,3.5,mid_market_ae
L-019318,webinar,student_or_researcher,2.4,mid_market_ae
L-019319,webinar,student_or_researcher,12.9,mid_market_ae
L-019320,webinar,student_or_researcher,3.9,mid_market_ae
L-019321,webinar,not_decision_maker,2.2,mid_market_ae
L-019322,webinar,student_or_researcher,6.6,mid_market_ae
L-019323,webinar,,15.8,mid_market_ae
L-019324,webinar,student_or_researcher,4.8,mid_market_ae
L-019325,webinar,,3.2,mid_market_ae
L-019326,webinar,no_response,3.7,mid_market_ae
L-019327,webinar,no_budget,2.7,mid_market_ae
L-019328,webinar,,7.8,mid_market_ae
L-019329,webinar,duplicate,3.7,mid_market_ae
L-019330,webinar,no_budget,4.5,mid_market_ae
L-019331,webinar,student_or_researcher,2.7,mid_market_ae
L-019332,webinar,not_decision_maker,6.3,mid_market_ae
L-019333,webinar,student_or_researcher,19.2,mid_market_ae
L-019334,webinar,not_decision_maker,3.7,mid_market_ae
L-019335,webinar,no_budget,2.6,mid_market_ae
L-019336,webinar,not_decision_maker,7.6,mid_market_ae
L-019337,webinar,not_decision_maker,7.3,mid_market_ae
L-019338,webinar,no_budget,3.2,mid_market_ae
L-019339,webinar,not_decision_maker,4.8,mid_market_ae
L-019340,webinar,wrong_use_case,13.0,mid_market_ae
L-019341,webinar,,5.0,mid_market_ae
L-019342,webinar,no_budget,54.6,unassigned
L-019343,webinar,duplicate,4.2,mid_market_ae
L-019344,webinar,not_decision_maker,1.1,mid_market_ae
L-019345,webinar,wrong_use_case,2.1,mid_market_ae
L-019346,webinar,wrong_use_case,3.3,mid_market_ae
L-019347,webinar,not_decision_maker,2.4,mid_market_ae
L-019348,webinar,no_budget,3.6,mid_market_ae
L-019349,webinar,not_decision_maker,8.9,mid_market_ae
L-019350,webinar,wrong_use_case,9.5,mid_market_ae
L-019351,webinar,not_decision_maker,13.6,mid_market_ae
L-019352,webinar,not_decision_maker,2.4,mid_market_ae
L-019353,webinar,not_decision_maker,12.1,mid_market_ae
L-019354,webinar,,4.0,mid_market_ae
L-019355,webinar,wrong_use_case,5.7,mid_market_ae
L-019356,webinar,wrong_use_case,3.5,mid_market_ae
L-019357,webinar,student_or_researcher,4.4,mid_market_ae
L-019358,webinar,no_budget,5.0,mid_market_ae
L-019359,webinar,student_or_researcher,3.5,mid_market_ae
L-019360,webinar,not_decision_maker,3.2,mid_market_ae
L-019361,webinar,student_or_researcher,2.1,mid_market_ae
L-019362,webinar,no_budget,5.2,mid_market_ae
L-019363,webinar,student_or_researcher,13.7,mid_market_ae
L-019364,webinar,not_decision_maker,7.2,mid_market_ae
L-019365,webinar,no_budget,3.8,mid_market_ae
L-019366,webinar,no_budget,3.7,mid_market_ae
L-019367,webinar,not_decision_maker,4.5,mid_market_ae
L-019368,webinar,student_or_researcher,10.3,mid_market_ae
L-019369,webinar,no_budget,204.8,unassigned
L-019370,webinar,not_decision_maker,9.5,mid_market_ae
L-019371,webinar,student_or_researcher,6.4,mid_market_ae
L-019372,webinar,student_or_researcher,2.2,mid_market_ae
L-019373,webinar,student_or_researcher,1.5,mid_market_ae
L-019374,webinar,student_or_researcher,3.5,mid_market_ae
L-019375,webinar,no_budget,10.3,mid_market_ae
L-019376,webinar,no_response,3.6,mid_market_ae
L-019377,webinar,no_budget,7.3,mid_market_ae
L-019378,webinar,not_decision_maker,3.5,mid_market_ae
L-019379,webinar,,2.6,mid_market_ae
L-019380,webinar,no_budget,9.3,mid_market_ae
L-019381,webinar,duplicate,8.3,mid_market_ae
L-019382,webinar,student_or_researcher,5.7,mid_market_ae
L-019383,webinar,student_or_researcher,4.7,mid_market_ae
L-019384,webinar,student_or_researcher,1.6,mid_market_ae
L-019385,webinar,student_or_researcher,5.6,mid_market_ae
L-019386,webinar,not_decision_maker,2.1,mid_market_ae
L-019387,webinar,no_budget,20.3,mid_market_ae
L-019388,webinar,student_or_researcher,6.5,mid_market_ae
L-019389,webinar,not_decision_maker,15.7,mid_market_ae
L-019390,webinar,not_decision_maker,8.0,mid_market_ae
L-019391,webinar,not_decision_maker,4.4,mid_market_ae
L-019392,webinar,no_response,79.7,unassigned
L-019393,webinar,student_or_researcher,6.3,mid_market_ae
L-019394,webinar,no_response,1.9,mid_market_ae
L-019395,webinar,not_decision_maker,4.5,mid_market_ae
L-019396,webinar,,4.0,mid_market_ae
L-019397,webinar,no_budget,4.1,mid_market_ae
L-019398,webinar,,2.8,mid_market_ae
L-019399,webinar,no_budget,10.7,mid_market_ae
L-019400,webinar,no_budget,8.2,mid_market_ae
L-019401,webinar,student_or_researcher,7.0,mid_market_ae
L-019402,webinar,no_response,4.3,mid_market_ae
L-019403,webinar,student_or_researcher,1.7,mid_market_ae
L-019404,webinar,student_or_researcher,3.1,mid_market_ae
L-019405,webinar,,6.4,mid_market_ae
L-019406,webinar,not_decision_maker,15.0,mid_market_ae
L-019407,webinar,not_decision_maker,2.2,mid_market_ae
L-019408,webinar,no_response,8.3,mid_market_ae
L-019409,webinar,no_budget,8.6,mid_market_ae
L-019410,webinar,not_decision_maker,2.0,mid_market_ae
L-019411,webinar,no_budget,4.5,mid_market_ae
L-019412,webinar,no_response,40.3,unassigned
L-019413,webinar,not_decision_maker,5.7,mid_market_ae
L-019414,webinar,no_budget,7.0,mid_market_ae
L-019415,webinar,not_decision_maker,5.9,mid_market_ae
L-019416,webinar,not_decision_maker,2.3,mid_market_ae
L-019417,webinar,,4.7,mid_market_ae
L-019418,webinar,no_budget,6.5,mid_market_ae
L-019419,webinar,wrong_use_case,4.5,mid_market_ae
L-019420,webinar,no_budget,2.3,mid_market_ae
L-019421,webinar,no_budget,12.6,mid_market_ae
L-019422,webinar,,5.0,mid_market_ae
L-019423,webinar,wrong_use_case,2.1,mid_market_ae
L-019424,webinar,student_or_researcher,14.9,mid_market_ae
L-019425,webinar,student_or_researcher,2.8,mid_market_ae
L-019426,webinar,,6.8,mid_market_ae
L-019427,webinar,no_response,7.2,mid_market_ae
L-019428,webinar,student_or_researcher,15.5,mid_market_ae
L-019429,webinar,student_or_researcher,5.2,mid_market_ae
L-019430,webinar,no_response,2.4,mid_market_ae
L-019431,webinar,no_budget,5.5,mid_market_ae
L-019432,webinar,,2.9,mid_market_ae
L-019433,webinar,no_response,1.9,mid_market_ae
L-019434,webinar,no_budget,8.2,mid_market_ae
L-019435,webinar,duplicate,6.6,mid_market_ae
L-019436,webinar,duplicate,4.2,mid_market_ae
L-019437,webinar,student_or_researcher,9.9,mid_market_ae
L-019438,webinar,student_or_researcher,3.3,mid_market_ae
L-019439,webinar,wrong_use_case,6.3,mid_market_ae
L-019440,webinar,not_decision_maker,3.9,mid_market_ae
L-019441,webinar,,3.7,mid_market_ae
L-019442,webinar,no_budget,3.8,mid_market_ae
L-019443,webinar,not_decision_maker,3.1,mid_market_ae
L-019444,webinar,student_or_researcher,3.4,mid_market_ae
L-019445,webinar,no_response,1.9,mid_market_ae
L-019446,webinar,student_or_researcher,5.2,mid_market_ae
L-019447,webinar,no_response,3.1,mid_market_ae
L-019448,webinar,no_budget,4.6,mid_market_ae
L-019449,webinar,duplicate,5.4,mid_market_ae
L-019450,webinar,no_budget,3.0,mid_market_ae
L-019451,webinar,,6.2,mid_market_ae
L-019452,webinar,not_decision_maker,3.5,mid_market_ae
L-019453,webinar,wrong_use_case,9.7,mid_market_ae
L-019454,webinar,student_or_researcher,1.7,mid_market_ae
L-019455,webinar,wrong_use_case,2.0,mid_market_ae
L-019456,webinar,not_decision_maker,6.2,mid_market_ae
L-019457,webinar,,6.5,mid_market_ae
L-019458,webinar,not_decision_maker,4.8,mid_market_ae
L-019459,webinar,,17.9,mid_market_ae
L-019460,webinar,student_or_researcher,5.8,mid_market_ae
L-019461,webinar,not_decision_maker,4.6,mid_market_ae
L-019462,webinar,not_decision_maker,3.1,mid_market_ae
L-019463,webinar,student_or_researcher,11.9,mid_market_ae
L-019464,webinar,duplicate,3.5,mid_market_ae
L-019465,webinar,no_response,2.1,mid_market_ae
L-019466,webinar,no_budget,5.3,mid_market_ae
L-019467,webinar,no_budget,7.8,mid_market_ae
L-019468,webinar,,7.3,mid_market_ae
L-019469,webinar,not_decision_maker,4.6,mid_market_ae
L-019470,webinar,not_decision_maker,5.9,mid_market_ae
L-019471,webinar,not_decision_maker,3.5,mid_market_ae
L-019472,webinar,not_decision_maker,3.3,mid_market_ae
L-019473,webinar,student_or_researcher,2.2,mid_market_ae
L-019474,webinar,wrong_use_case,3.0,mid_market_ae
L-019475,webinar,no_budget,2.2,mid_market_ae
L-019476,webinar,no_budget,9.4,mid_market_ae
L-019477,webinar,,9.4,mid_market_ae
L-019478,webinar,no_budget,12.4,mid_market_ae
L-019479,webinar,wrong_use_case,3.3,mid_market_ae
L-019480,webinar,not_decision_maker,1.9,mid_market_ae
L-019481,webinar,no_response,5.1,mid_market_ae
L-019482,webinar,wrong_use_case,6.8,mid_market_ae
L-019483,webinar,duplicate,11.3,mid_market_ae
L-019484,webinar,no_budget,7.9,mid_market_ae
L-019485,webinar,no_response,6.1,mid_market_ae
L-019486,webinar,student_or_researcher,36.2,mid_market_ae
L-019487,webinar,wrong_use_case,9.2,mid_market_ae
L-019488,webinar,not_decision_maker,3.6,mid_market_ae
L-019489,webinar,no_budget,2.0,mid_market_ae
L-019490,webinar,no_response,4.7,mid_market_ae
L-019491,webinar,duplicate,1.3,mid_market_ae
L-019492,webinar,no_budget,3.7,mid_market_ae
L-019493,webinar,no_response,5.1,mid_market_ae
L-019494,webinar,student_or_researcher,2.8,mid_market_ae
L-019495,webinar,not_decision_maker,12.1,mid_market_ae
L-019496,webinar,no_budget,7.7,mid_market_ae
L-019497,webinar,no_budget,5.6,mid_market_ae
L-019498,webinar,wrong_use_case,6.4,mid_market_ae
L-019499,webinar,no_response,5.0,mid_market_ae
L-019500,webinar,,5.5,mid_market_ae
L-019501,webinar,student_or_researcher,6.1,mid_market_ae
L-019502,webinar,wrong_use_case,7.3,mid_market_ae
L-019503,webinar,not_decision_maker,4.7,mid_market_ae
L-019504,webinar,not_decision_maker,6.8,mid_market_ae
L-019505,webinar,not_decision_maker,1.9,mid_market_ae
L-019506,webinar,no_budget,3.8,mid_market_ae
L-019507,webinar,,2.3,mid_market_ae
L-019508,webinar,not_decision_maker,4.9,mid_market_ae
L-019509,webinar,not_decision_maker,11.1,mid_market_ae
L-019510,webinar,student_or_researcher,6.1,mid_market_ae
L-019511,webinar,,2.1,mid_market_ae
L-019512,webinar,no_budget,7.7,mid_market_ae
L-019513,webinar,student_or_researcher,3.7,mid_market_ae
L-019514,webinar,no_budget,2.2,mid_market_ae
L-019515,webinar,wrong_use_case,5.0,mid_market_ae
L-019516,webinar,wrong_use_case,5.1,mid_market_ae
L-019517,webinar,not_decision_maker,103.9,unassigned
L-019518,webinar,no_budget,8.1,mid_market_ae
L-019519,webinar,not_decision_maker,4.9,mid_market_ae
L-019520,webinar,no_response,12.3,mid_market_ae
L-019521,webinar,wrong_use_case,8.2,mid_market_ae
L-019522,webinar,not_decision_maker,3.9,mid_market_ae
L-019523,webinar,no_budget,6.6,mid_market_ae
L-019524,webinar,no_budget,2.1,mid_market_ae
L-019525,webinar,no_budget,7.8,mid_market_ae
L-019526,webinar,no_response,14.6,mid_market_ae
L-019527,webinar,not_decision_maker,3.0,mid_market_ae
L-019528,webinar,,3.0,mid_market_ae
L-019529,webinar,no_response,90.8,unassigned
L-019530,webinar,,3.6,mid_market_ae
L-019531,webinar,no_budget,5.7,mid_market_ae
L-019532,webinar,no_budget,6.5,mid_market_ae
L-019533,webinar,,6.8,mid_market_ae
L-019534,webinar,not_decision_maker,2.8,mid_market_ae
L-019535,webinar,no_budget,4.4,mid_market_ae
L-019536,webinar,student_or_researcher,9.5,mid_market_ae
L-019537,webinar,not_decision_maker,13.0,mid_market_ae
L-019538,webinar,,1.8,mid_market_ae
L-019539,webinar,not_decision_maker,3.0,mid_market_ae
L-019540,webinar,no_budget,11.5,mid_market_ae
L-019541,webinar,not_decision_maker,4.7,mid_market_ae
L-019542,webinar,not_decision_maker,1.7,mid_market_ae
L-019543,webinar,student_or_researcher,9.7,mid_market_ae
L-019544,webinar,no_budget,3.6,mid_market_ae
L-019545,webinar,,2.7,mid_market_ae
L-019546,webinar,no_budget,8.4,mid_market_ae
L-019547,webinar,no_budget,2.4,mid_market_ae
L-019548,webinar,no_budget,16.7,mid_market_ae
L-019549,webinar,no_budget,13.8,mid_market_ae
L-019550,webinar,no_budget,9.3,mid_market_ae
L-019551,webinar,not_decision_maker,5.7,mid_market_ae
L-019552,webinar,,5.6,mid_market_ae
L-019553,webinar,no_budget,15.4,mid_market_ae
L-019554,webinar,student_or_researcher,12.9,mid_market_ae
L-019555,webinar,duplicate,15.6,mid_market_ae
L-019556,webinar,,3.0,mid_market_ae
L-019557,webinar,student_or_researcher,1.8,mid_market_ae
L-019558,webinar,not_decision_maker,7.2,mid_market_ae
L-019559,webinar,not_decision_maker,4.0,mid_market_ae
L-019560,webinar,,11.4,mid_market_ae
L-019561,webinar,wrong_use_case,2.8,mid_market_ae
L-019562,webinar,no_response,3.2,mid_market_ae
L-019563,webinar,no_budget,5.1,mid_market_ae
L-019564,webinar,duplicate,10.3,mid_market_ae
L-019565,webinar,not_decision_maker,10.0,mid_market_ae
L-019566,webinar,not_decision_maker,2.1,mid_market_ae
L-019567,webinar,student_or_researcher,3.4,mid_market_ae
L-019568,webinar,duplicate,6.4,mid_market_ae
L-019569,webinar,,6.5,mid_market_ae
L-019570,webinar,not_decision_maker,2.9,mid_market_ae
L-019571,webinar,no_response,4.3,mid_market_ae
L-019572,webinar,not_decision_maker,2.9,mid_market_ae
L-019573,webinar,wrong_use_case,1.7,mid_market_ae
L-019574,webinar,no_budget,2.7,mid_market_ae
L-019575,webinar,no_budget,6.7,mid_market_ae
L-019576,webinar,not_decision_maker,7.7,mid_market_ae
L-019577,webinar,no_budget,1.3,mid_market_ae
L-019578,webinar,,72.2,unassigned
L-019579,webinar,no_budget,2.5,mid_market_ae
L-019580,webinar,no_response,6.5,mid_market_ae
L-019581,webinar,student_or_researcher,4.7,mid_market_ae
L-019582,webinar,not_decision_maker,8.3,mid_market_ae
L-019583,webinar,student_or_researcher,7.6,mid_market_ae
L-019584,webinar,student_or_researcher,1.3,mid_market_ae
L-019585,webinar,not_decision_maker,5.0,mid_market_ae
L-019586,webinar,duplicate,5.4,mid_market_ae
L-019587,webinar,wrong_use_case,3.1,mid_market_ae
L-019588,webinar,,4.1,mid_market_ae
L-019589,webinar,student_or_researcher,8.3,mid_market_ae
L-019590,webinar,no_budget,6.4,mid_market_ae
L-019591,webinar,not_decision_maker,1.6,mid_market_ae
L-019592,webinar,no_budget,3.4,mid_market_ae
L-019593,webinar,no_budget,6.1,mid_market_ae
L-019594,webinar,not_decision_maker,6.5,mid_market_ae
L-019595,webinar,wrong_use_case,5.9,mid_market_ae
L-019596,webinar,no_budget,8.3,mid_market_ae
L-019597,webinar,no_budget,6.7,mid_market_ae
L-019598,webinar,,3.9,mid_market_ae
L-019599,webinar,no_response,7.0,mid_market_ae
L-019600,webinar,not_decision_maker,3.9,mid_market_ae
L-019601,webinar,,2.0,mid_market_ae
L-019602,webinar,wrong_use_case,2.2,mid_market_ae
L-019603,webinar,no_budget,4.0,mid_market_ae
L-019604,webinar,wrong_use_case,5.1,mid_market_ae
L-019605,webinar,wrong_use_case,5.5,mid_market_ae
L-019606,webinar,wrong_use_case,2.3,mid_market_ae
L-019607,webinar,not_decision_maker,5.0,mid_market_ae
L-019608,webinar,no_budget,7.3,mid_market_ae
L-019609,webinar,not_decision_maker,6.4,mid_market_ae
L-019610,webinar,not_decision_maker,9.5,mid_market_ae
L-019611,webinar,no_budget,5.5,mid_market_ae
L-019612,webinar,not_decision_maker,9.8,mid_market_ae
L-019613,webinar,wrong_use_case,3.0,mid_market_ae
L-019614,webinar,no_budget,4.0,mid_market_ae
L-019615,webinar,no_response,8.5,mid_market_ae
L-019616,webinar,student_or_researcher,5.9,mid_market_ae
L-019617,webinar,not_decision_maker,4.7,mid_market_ae
L-019618,webinar,,4.5,mid_market_ae
L-019619,webinar,wrong_use_case,9.4,mid_market_ae
L-019620,webinar,no_budget,5.6,mid_market_ae
L-019621,webinar,wrong_use_case,45.8,unassigned
L-019622,webinar,student_or_researcher,4.2,mid_market_ae
L-019623,webinar,student_or_researcher,2.9,mid_market_ae
L-019624,webinar,not_decision_maker,5.0,mid_market_ae
L-019625,webinar,wrong_use_case,3.2,mid_market_ae
L-019626,webinar,student_or_researcher,6.1,mid_market_ae
L-019627,webinar,no_response,3.9,mid_market_ae
L-019628,webinar,no_budget,13.2,mid_market_ae
L-019629,webinar,no_budget,4.8,mid_market_ae
L-019630,webinar,not_decision_maker,1.8,mid_market_ae
L-019631,webinar,,7.6,mid_market_ae
L-019632,webinar,no_budget,4.7,mid_market_ae
L-019633,webinar,no_response,8.4,mid_market_ae
L-019634,webinar,duplicate,4.9,mid_market_ae
L-019635,webinar,not_decision_maker,3.2,mid_market_ae
L-019636,webinar,,8.9,mid_market_ae
L-019637,webinar,not_decision_maker,4.0,mid_market_ae
L-019638,webinar,,8.3,mid_market_ae
L-019639,webinar,student_or_researcher,8.0,mid_market_ae
L-019640,webinar,no_budget,2.8,mid_market_ae
L-019641,webinar,not_decision_maker,60.9,unassigned
L-019642,webinar,,3.9,mid_market_ae
L-019643,webinar,no_response,2.8,mid_market_ae
L-019644,webinar,not_decision_maker,5.5,mid_market_ae
L-019645,webinar,no_budget,5.4,mid_market_ae
L-019646,webinar,no_budget,5.3,mid_market_ae
L-019647,webinar,not_decision_maker,3.0,mid_market_ae
L-019648,webinar,wrong_use_case,6.4,mid_market_ae
L-019649,webinar,not_decision_maker,4.4,mid_market_ae
L-019650,webinar,student_or_researcher,3.6,mid_market_ae
L-019651,webinar,no_budget,3.5,mid_market_ae
L-019652,webinar,,7.4,mid_market_ae
L-019653,webinar,no_budget,3.6,mid_market_ae
L-019654,webinar,no_response,2.8,mid_market_ae
L-019655,webinar,no_response,6.7,mid_market_ae
L-019656,webinar,student_or_researcher,4.4,mid_market_ae
L-019657,webinar,wrong_use_case,2.6,mid_market_ae
L-019658,webinar,no_response,10.5,mid_market_ae
L-019659,webinar,no_budget,6.6,mid_market_ae
L-019660,webinar,,1.4,mid_market_ae
L-019661,webinar,no_budget,5.9,mid_market_ae
L-019662,webinar,not_decision_maker,2.0,mid_market_ae
L-019663,webinar,no_budget,9.0,mid_market_ae
L-019664,webinar,no_budget,6.1,mid_market_ae
L-019665,webinar,student_or_researcher,6.4,mid_market_ae
L-019666,webinar,not_decision_maker,10.5,mid_market_ae
L-019667,webinar,not_decision_maker,8.1,mid_market_ae
L-019668,webinar,no_budget,4.4,mid_market_ae
L-019669,webinar,not_decision_maker,4.8,mid_market_ae
L-019670,webinar,student_or_researcher,5.5,mid_market_ae
L-019671,webinar,no_budget,2.6,mid_market_ae
L-019672,webinar,no_budget,2.4,mid_market_ae
L-019673,webinar,no_budget,0.9,mid_market_ae
L-019674,webinar,not_decision_maker,10.3,mid_market_ae
L-019675,webinar,not_decision_maker,3.4,mid_market_ae
L-019676,webinar,not_decision_maker,2.8,mid_market_ae
L-019677,webinar,not_decision_maker,20.9,mid_market_ae
L-019678,webinar,no_response,3.5,mid_market_ae
L-019679,webinar,no_budget,8.9,mid_market_ae
L-019680,webinar,,2.2,mid_market_ae
L-019681,webinar,no_response,14.3,mid_market_ae
L-019682,webinar,,8.8,mid_market_ae
L-019683,webinar,not_decision_maker,8.5,mid_market_ae
L-019684,webinar,wrong_use_case,2.4,mid_market_ae
L-019685,webinar,not_decision_maker,2.4,mid_market_ae
L-019686,webinar,not_decision_maker,3.7,mid_market_ae
L-019687,webinar,not_decision_maker,3.9,mid_market_ae
L-019688,webinar,no_budget,5.8,mid_market_ae
L-019689,webinar,not_decision_maker,7.7,mid_market_ae
L-019690,webinar,student_or_researcher,9.1,mid_market_ae
L-019691,webinar,wrong_use_case,8.3,mid_market_ae
L-019692,webinar,no_budget,7.4,mid_market_ae
L-019693,webinar,not_decision_maker,1.6,mid_market_ae
L-019694,webinar,not_decision_maker,6.1,mid_market_ae
L-019695,webinar,,7.6,mid_market_ae
L-019696,webinar,not_decision_maker,7.8,mid_market_ae
L-019697,webinar,no_budget,10.8,mid_market_ae
L-019698,webinar,not_decision_maker,4.3,mid_market_ae
L-019699,webinar,no_budget,12.2,mid_market_ae
L-019700,webinar,not_decision_maker,8.4,mid_market_ae
L-019701,webinar,not_decision_maker,14.1,mid_market_ae
L-019702,webinar,not_decision_maker,10.3,mid_market_ae
L-019703,webinar,no_budget,5.2,mid_market_ae
L-019704,webinar,no_response,5.1,mid_market_ae
L-019705,webinar,not_decision_maker,4.7,mid_market_ae
L-019706,webinar,,2.7,mid_market_ae
L-019707,webinar,no_budget,11.4,mid_market_ae
L-019708,webinar,not_decision_maker,5.0,mid_market_ae
L-019709,webinar,no_budget,2.9,mid_market_ae
L-019710,webinar,no_budget,10.1,mid_market_ae
L-019711,webinar,not_decision_maker,5.3,mid_market_ae
L-019712,webinar,student_or_researcher,2.9,mid_market_ae
L-019713,webinar,student_or_researcher,2.7,mid_market_ae
L-019714,webinar,no_budget,5.0,mid_market_ae
L-019715,webinar,wrong_use_case,16.1,mid_market_ae
L-019716,webinar,no_budget,10.8,mid_market_ae
L-019717,webinar,no_budget,4.4,mid_market_ae
L-019718,webinar,no_budget,12.8,mid_market_ae
L-019719,webinar,no_response,2.6,mid_market_ae
L-019720,webinar,,7.0,mid_market_ae
L-019721,webinar,no_budget,3.5,mid_market_ae
L-019722,webinar,wrong_use_case,3.7,mid_market_ae
L-019723,webinar,no_response,4.1,mid_market_ae
L-019724,webinar,no_response,1.4,mid_market_ae
L-019725,webinar,not_decision_maker,2.3,mid_market_ae
L-019726,webinar,duplicate,3.1,mid_market_ae
L-019727,webinar,no_budget,2.8,mid_market_ae
L-019728,webinar,student_or_researcher,5.6,mid_market_ae
L-019729,webinar,not_decision_maker,3.5,mid_market_ae
L-019730,webinar,not_decision_maker,6.1,mid_market_ae
L-019731,webinar,wrong_use_case,8.2,mid_market_ae
L-019732,webinar,no_budget,12.9,mid_market_ae
L-019733,webinar,,3.8,mid_market_ae
L-019734,webinar,student_or_researcher,1.8,mid_market_ae
L-019735,webinar,not_decision_maker,7.7,mid_market_ae
L-019736,webinar,student_or_researcher,6.0,mid_market_ae
L-019737,webinar,student_or_researcher,4.1,mid_market_ae
L-019738,webinar,student_or_researcher,4.3,mid_market_ae
L-019739,webinar,not_decision_maker,4.5,mid_market_ae
L-019740,webinar,student_or_researcher,3.6,mid_market_ae
L-019741,webinar,wrong_use_case,6.6,mid_market_ae
L-019742,webinar,not_decision_maker,4.8,mid_market_ae
L-019743,webinar,wrong_use_case,2.3,mid_market_ae
L-019744,webinar,no_budget,11.6,mid_market_ae
L-019745,webinar,not_decision_maker,5.8,mid_market_ae
L-019746,webinar,student_or_researcher,14.8,mid_market_ae
L-019747,webinar,no_budget,4.4,mid_market_ae
L-019748,webinar,wrong_use_case,5.3,mid_market_ae
L-019749,webinar,not_decision_maker,4.4,mid_market_ae
L-019750,webinar,no_budget,4.9,mid_market_ae
L-019751,webinar,no_budget,4.1,mid_market_ae
L-019752,webinar,wrong_use_case,10.4,mid_market_ae
L-019753,webinar,,4.5,mid_market_ae
L-019754,webinar,student_or_researcher,3.1,mid_market_ae
L-019755,webinar,not_decision_maker,5.0,mid_market_ae
L-019756,webinar,no_budget,5.5,mid_market_ae
L-019757,webinar,no_budget,8.1,mid_market_ae
L-019758,webinar,student_or_researcher,3.6,mid_market_ae
L-019759,webinar,no_budget,7.6,mid_market_ae
L-019760,webinar,no_budget,12.7,mid_market_ae
L-019761,webinar,wrong_use_case,2.1,mid_market_ae
L-019762,webinar,not_decision_maker,4.1,mid_market_ae
L-019763,webinar,,15.3,mid_market_ae
L-019764,webinar,,12.4,mid_market_ae
L-019765,webinar,not_decision_maker,7.5,mid_market_ae
L-019766,webinar,student_or_researcher,2.2,mid_market_ae
L-019767,webinar,wrong_use_case,4.1,mid_market_ae
L-019768,webinar,no_response,7.7,mid_market_ae
L-019769,webinar,no_budget,6.3,mid_market_ae
L-019770,webinar,duplicate,11.2,mid_market_ae
L-019771,webinar,wrong_use_case,5.4,mid_market_ae
L-019772,webinar,no_budget,4.1,mid_market_ae
L-019773,webinar,not_decision_maker,14.3,mid_market_ae
L-019774,webinar,not_decision_maker,5.7,mid_market_ae
L-019775,webinar,duplicate,4.5,mid_market_ae
L-019776,webinar,wrong_use_case,2.1,mid_market_ae
L-019777,webinar,no_budget,7.5,mid_market_ae
L-019778,webinar,no_budget,6.9,mid_market_ae
L-019779,webinar,no_response,72.4,unassigned
L-019780,webinar,no_budget,8.4,mid_market_ae
L-019781,webinar,no_budget,4.2,mid_market_ae
L-019782,webinar,wrong_use_case,7.4,mid_market_ae
L-019783,webinar,not_decision_maker,8.0,mid_market_ae
L-019784,webinar,no_response,4.7,mid_market_ae
L-019785,webinar,no_budget,8.7,mid_market_ae
L-019786,webinar,student_or_researcher,56.1,unassigned
L-019787,webinar,not_decision_maker,4.0,mid_market_ae
L-019788,webinar,wrong_use_case,6.4,mid_market_ae
L-019789,webinar,wrong_use_case,4.6,mid_market_ae
L-019790,webinar,student_or_researcher,4.2,mid_market_ae
L-019791,webinar,no_budget,8.6,mid_market_ae
L-019792,webinar,wrong_use_case,4.2,mid_market_ae
L-019793,webinar,no_budget,3.2,mid_market_ae
L-019794,webinar,no_budget,1.4,mid_market_ae
L-019795,webinar,not_decision_maker,3.6,mid_market_ae
L-019796,webinar,,5.9,mid_market_ae
L-019797,webinar,,4.5,mid_market_ae
L-019798,webinar,student_or_researcher,7.3,mid_market_ae
L-019799,webinar,,4.0,mid_market_ae
L-019800,webinar,duplicate,1.8,mid_market_ae
L-019801,webinar,no_budget,6.1,mid_market_ae
L-019802,webinar,,6.3,mid_market_ae
L-019803,webinar,duplicate,7.6,mid_market_ae
L-019804,webinar,no_budget,5.6,mid_market_ae
L-019805,webinar,duplicate,8.7,mid_market_ae
L-019806,webinar,student_or_researcher,5.9,mid_market_ae
L-019807,webinar,no_response,3.6,mid_market_ae
L-019808,webinar,no_budget,4.4,mid_market_ae
L-019809,webinar,no_budget,8.6,mid_market_ae
L-019810,webinar,student_or_researcher,4.1,mid_market_ae
L-019811,webinar,,2.4,mid_market_ae
L-019812,webinar,no_budget,6.8,mid_market_ae
L-019813,webinar,,5.8,mid_market_ae
L-019814,webinar,no_budget,2.0,mid_market_ae
L-019815,webinar,,6.2,mid_market_ae
L-019816,webinar,no_budget,3.2,mid_market_ae
L-019817,webinar,no_budget,4.6,mid_market_ae
L-019818,partner,,46.4,partner_team
L-019819,partner,duplicate,25.8,partner_team
L-019820,partner,,20.2,partner_team
L-019821,partner,competitor_contract,8.8,partner_team
L-019822,partner,no_budget,26.5,partner_team
L-019823,partner,,27.3,partner_team
L-019824,partner,too_small,48.0,partner_team
L-019825,partner,,42.0,partner_team
L-019826,partner,not_decision_maker,20.5,partner_team
L-019827,partner,,13.8,partner_team
L-019828,partner,,12.1,partner_team
L-019829,partner,wrong_use_case,37.2,partner_team
L-019830,partner,,14.3,partner_team
L-019831,partner,,15.6,partner_team
L-019832,partner,too_small,11.3,partner_team
L-019833,partner,too_small,64.5,partner_team
L-019834,partner,no_response,25.6,partner_team
L-019835,partner,,23.3,partner_team
L-019836,partner,too_small,25.2,partner_team
L-019837,partner,,14.6,partner_team
L-019838,partner,wrong_use_case,36.3,partner_team
L-019839,partner,wrong_use_case,18.5,partner_team
L-019840,partner,duplicate,21.9,partner_team
L-019841,partner,,90.8,partner_team
L-019842,partner,no_budget,14.4,partner_team
L-019843,partner,,26.8,partner_team
L-019844,partner,duplicate,63.0,partner_team
L-019845,partner,not_decision_maker,17.2,partner_team
L-019846,partner,duplicate,14.8,partner_team
L-019847,partner,no_response,20.9,partner_team
L-019848,partner,no_response,12.8,partner_team
L-019849,partner,wrong_use_case,47.9,partner_team
L-019850,partner,,22.6,partner_team
L-019851,partner,,29.2,partner_team
L-019852,partner,duplicate,21.7,partner_team
L-019853,partner,no_response,21.3,partner_team
L-019854,partner,,16.1,partner_team
L-019855,partner,,60.0,partner_team
L-019856,partner,no_budget,19.8,partner_team
L-019857,partner,,11.2,partner_team
L-019858,partner,,20.9,partner_team
L-019859,partner,,28.4,partner_team
L-019860,partner,not_decision_maker,21.8,partner_team
L-019861,partner,,46.4,partner_team
L-019862,partner,no_response,5.1,partner_team
L-019863,partner,,9.9,partner_team
L-019864,partner,too_small,17.8,partner_team
L-019865,partner,too_small,11.6,partner_team
L-019866,partner,no_response,36.7,partner_team
L-019867,partner,no_response,22.6,partner_team
L-019868,partner,duplicate,12.1,partner_team
L-019869,partner,duplicate,33.0,partner_team
L-019870,partner,not_decision_maker,34.7,partner_team
L-019871,partner,,24.3,partner_team
L-019872,partner,no_response,11.5,partner_team
L-019873,partner,no_budget,14.1,partner_team
L-019874,partner,,12.1,partner_team
L-019875,partner,,21.9,partner_team
L-019876,partner,no_response,29.0,partner_team
L-019877,partner,wrong_use_case,24.5,partner_team
L-019878,partner,no_budget,16.0,partner_team
L-019879,partner,,47.6,partner_team
L-019880,partner,no_budget,23.0,partner_team
L-019881,partner,not_decision_maker,13.6,partner_team
L-019882,partner,,13.7,partner_team
L-019883,partner,no_budget,31.3,partner_team
L-019884,partner,not_decision_maker,24.2,partner_team
L-019885,partner,,17.5,partner_team
L-019886,partner,,31.1,partner_team
L-019887,partner,no_response,23.2,partner_team
L-019888,partner,,15.4,partner_team
L-019889,partner,no_budget,12.4,partner_team
L-019890,partner,,18.7,partner_team
L-019891,partner,too_small,16.3,partner_team
L-019892,partner,,16.4,partner_team
L-019893,partner,,8.5,partner_team
L-019894,partner,,24.0,partner_team
L-019895,partner,not_decision_maker,27.9,partner_team
L-019896,partner,not_decision_maker,17.1,partner_team
L-019897,partner,no_response,42.6,partner_team
L-019898,partner,no_budget,16.3,partner_team
L-019899,partner,no_response,31.0,partner_team
L-019900,partner,,21.3,partner_team
L-019901,partner,no_response,11.8,partner_team
L-019902,partner,duplicate,13.6,partner_team
L-019903,partner,,12.3,partner_team
L-019904,partner,no_response,16.0,partner_team
L-019905,partner,duplicate,24.9,partner_team
L-019906,partner,,10.0,partner_team
L-019907,partner,,36.9,partner_team
L-019908,partner,no_response,24.6,partner_team
L-019909,partner,,22.8,partner_team
L-019910,partner,too_small,8.9,partner_team
L-019911,partner,no_response,42.8,partner_team
L-019912,partner,,38.7,partner_team
L-019913,partner,,12.3,partner_team
L-019914,partner,wrong_use_case,37.0,partner_team
L-019915,partner,,17.4,partner_team
L-019916,partner,no_response,12.8,partner_team
L-019917,partner,,22.8,partner_team
L-019918,partner,,16.3,partner_team
L-019919,partner,no_budget,12.6,partner_team
L-019920,partner,,16.0,partner_team
L-019921,partner,no_response,35.0,partner_team
L-019922,partner,no_response,9.5,partner_team
L-019923,partner,,22.3,partner_team
L-019924,partner,competitor_contract,9.1,partner_team
L-019925,partner,wrong_use_case,8.9,partner_team
L-019926,partner,not_decision_maker,14.7,partner_team
L-019927,partner,,15.4,partner_team
L-019928,partner,,47.8,partner_team
L-019929,partner,,10.7,partner_team
L-019930,partner,,25.4,partner_team
L-019931,partner,no_response,27.6,partner_team
L-019932,partner,,18.4,partner_team
L-019933,partner,,38.0,partner_team
L-019934,partner,,20.6,partner_team
L-019935,partner,duplicate,28.6,partner_team
L-019936,partner,,15.1,partner_team
L-019937,partner,too_small,14.3,partner_team
L-019938,partner,wrong_use_case,57.8,partner_team
L-019939,partner,,44.6,partner_team
L-019940,partner,not_decision_maker,32.5,partner_team
L-019941,partner,,32.1,partner_team
L-019942,partner,no_response,31.1,partner_team
L-019943,partner,,11.6,partner_team
L-019944,partner,no_budget,19.5,partner_team
L-019945,partner,competitor_contract,59.0,partner_team
L-019946,partner,too_small,29.9,partner_team
L-019947,partner,not_decision_maker,10.8,partner_team
L-019948,partner,,24.8,partner_team
L-019949,partner,,29.1,partner_team
L-019950,partner,no_response,15.1,partner_team
L-019951,partner,competitor_contract,16.8,partner_team
L-019952,partner,wrong_use_case,12.9,partner_team
L-019953,partner,,22.7,partner_team
L-019954,partner,,14.7,partner_team
L-019955,partner,no_response,23.4,partner_team
L-019956,partner,,13.5,partner_team
L-019957,partner,no_response,19.2,partner_team
L-019958,partner,,28.5,partner_team
L-019959,partner,,12.1,partner_team
L-019960,partner,,58.5,partner_team
L-019961,partner,no_response,12.1,partner_team
L-019962,partner,no_response,8.0,partner_team
L-019963,partner,,22.8,partner_team
L-019964,partner,wrong_use_case,46.8,partner_team
L-019965,partner,not_decision_maker,8.9,partner_team
L-019966,partner,,13.9,partner_team
L-019967,partner,no_budget,12.2,partner_team
L-019968,partner,too_small,7.9,partner_team
L-019969,partner,no_response,21.6,partner_team
L-019970,partner,no_response,72.3,partner_team
L-019971,partner,no_response,24.9,partner_team
L-019972,partner,,14.3,partner_team
L-019973,partner,,26.4,partner_team
L-019974,partner,,17.8,partner_team
L-019975,partner,,11.1,partner_team
L-019976,partner,,28.6,partner_team
L-019977,partner,,64.2,partner_team
L-019978,partner,no_budget,33.9,partner_team
L-019979,partner,not_decision_maker,16.2,partner_team
L-019980,partner,not_decision_maker,15.8,partner_team
L-019981,partner,,19.1,partner_team
L-019982,partner,no_budget,22.0,partner_team
L-019983,partner,,31.4,partner_team
L-019984,partner,,21.3,partner_team
L-019985,partner,,24.9,partner_team
L-019986,partner,,11.4,partner_team
L-019987,partner,no_response,35.9,partner_team
L-019988,partner,,18.0,partner_team
L-019989,partner,,32.9,partner_team
L-019990,partner,,22.6,partner_team
L-019991,partner,no_budget,10.2,partner_team
L-019992,partner,,13.1,partner_team
L-019993,partner,no_response,37.1,partner_team
L-019994,partner,,14.7,partner_team
L-019995,partner,,16.0,partner_team
L-019996,partner,too_small,52.0,partner_team
L-019997,partner,,9.6,partner_team
L-019998,partner,,29.9,partner_team
L-019999,partner,,27.1,partner_team
L-020000,partner,wrong_use_case,12.8,partner_team
L-020001,partner,not_decision_maker,14.7,partner_team
L-020002,partner,,31.5,partner_team
L-020003,partner,,22.7,partner_team
L-020004,partner,,33.0,partner_team
L-020005,partner,no_response,17.0,partner_team
L-020006,partner,wrong_use_case,14.7,partner_team
L-020007,partner,,22.9,partner_team
L-020008,partner,not_decision_maker,26.6,partner_team
L-020009,partner,,22.0,partner_team
L-020010,partner,,23.5,partner_team
L-020011,partner,,33.4,partner_team
L-020012,partner,duplicate,21.8,partner_team
L-020013,partner,,16.4,partner_team
L-020014,partner,,24.3,partner_team
L-020015,partner,,13.7,partner_team
L-020016,partner,no_response,6.9,partner_team
L-020017,partner,wrong_use_case,14.2,partner_team
L-020018,partner,,42.9,partner_team
L-020019,partner,not_decision_maker,26.6,partner_team
L-020020,partner,,41.8,partner_team
L-020021,partner,no_response,18.2,partner_team
L-020022,partner,duplicate,36.9,partner_team
L-020023,partner,,17.5,partner_team
L-020024,partner,duplicate,11.4,partner_team
L-020025,partner,duplicate,13.4,partner_team
L-020026,partner,,13.8,partner_team
L-020027,partner,,21.0,partner_team
L-020028,partner,,38.7,partner_team
L-020029,partner,,16.4,partner_team
L-020030,partner,not_decision_maker,15.9,partner_team
L-020031,partner,,29.3,partner_team
L-020032,partner,competitor_contract,30.6,partner_team
L-020033,partner,too_small,22.0,partner_team
L-020034,partner,wrong_use_case,20.9,partner_team
L-020035,partner,wrong_use_case,16.5,partner_team
L-020036,partner,no_response,23.5,partner_team
L-020037,partner,too_small,10.9,partner_team
L-020038,partner,,28.9,partner_team
L-020039,partner,competitor_contract,15.3,partner_team
L-020040,partner,no_response,14.3,partner_team
L-020041,email,,6.1,smb_sdr
L-020042,email,,5.2,smb_sdr
L-020043,email,no_response,2.8,smb_sdr
L-020044,email,,6.3,smb_sdr
L-020045,email,,6.2,smb_sdr
L-020046,email,no_response,6.4,smb_sdr
L-020047,email,too_small,6.4,smb_sdr
L-020048,email,no_response,4.2,smb_sdr
L-020049,email,no_response,2.0,smb_sdr
L-020050,email,duplicate,1.0,smb_sdr
L-020051,email,,7.0,smb_sdr
L-020052,email,no_response,24.1,smb_sdr
L-020053,email,too_small,87.0,unassigned
L-020054,email,,3.2,smb_sdr
L-020055,email,not_decision_maker,7.5,smb_sdr
L-020056,email,no_response,3.8,smb_sdr
L-020057,email,no_budget,5.0,smb_sdr
L-020058,email,no_budget,6.1,smb_sdr
L-020059,email,no_response,5.5,smb_sdr
L-020060,email,no_response,5.4,smb_sdr
L-020061,email,no_response,1.5,smb_sdr
L-020062,email,no_budget,5.9,smb_sdr
L-020063,email,too_small,8.7,smb_sdr
L-020064,email,,5.6,smb_sdr
L-020065,email,,4.8,smb_sdr
L-020066,email,competitor_contract,6.1,smb_sdr
L-020067,email,not_decision_maker,5.5,smb_sdr
L-020068,email,no_response,2.8,smb_sdr
L-020069,email,,5.8,smb_sdr
L-020070,email,no_response,3.1,smb_sdr
L-020071,email,too_small,3.1,smb_sdr
L-020072,email,not_decision_maker,8.8,smb_sdr
L-020073,email,,5.0,smb_sdr
L-020074,email,no_response,3.9,smb_sdr
L-020075,email,duplicate,2.9,smb_sdr
L-020076,email,too_small,11.7,smb_sdr
L-020077,email,,4.7,smb_sdr
L-020078,email,,4.6,smb_sdr
L-020079,email,no_response,4.3,smb_sdr
L-020080,email,,5.8,smb_sdr
L-020081,email,no_response,8.3,smb_sdr
L-020082,email,,6.9,smb_sdr
L-020083,email,,17.9,smb_sdr
L-020084,email,duplicate,8.3,smb_sdr
L-020085,email,,10.7,smb_sdr
L-020086,email,,5.2,smb_sdr
L-020087,email,,11.8,smb_sdr
L-020088,email,no_budget,3.9,smb_sdr
L-020089,email,no_budget,5.1,smb_sdr
L-020090,email,too_small,2.9,smb_sdr
L-020091,email,,2.6,smb_sdr
L-020092,email,,5.9,smb_sdr
L-020093,email,wrong_use_case,3.3,smb_sdr
L-020094,email,,8.5,smb_sdr
L-020095,email,,6.5,smb_sdr
L-020096,email,no_budget,9.9,smb_sdr
L-020097,email,duplicate,6.4,smb_sdr
L-020098,email,not_decision_maker,7.8,smb_sdr
L-020099,email,too_small,4.3,smb_sdr
L-020100,email,,2.2,smb_sdr
L-020101,email,too_small,4.2,smb_sdr
L-020102,email,no_budget,3.3,smb_sdr
L-020103,email,no_response,6.1,smb_sdr
L-020104,email,no_response,3.2,smb_sdr
L-020105,email,too_small,4.7,smb_sdr
L-020106,email,too_small,6.5,smb_sdr
L-020107,email,,4.0,smb_sdr
L-020108,email,not_decision_maker,7.0,smb_sdr
L-020109,email,no_response,9.0,smb_sdr
L-020110,email,,7.8,smb_sdr
L-020111,email,not_decision_maker,4.8,smb_sdr
L-020112,email,duplicate,5.4,smb_sdr
L-020113,email,,12.0,smb_sdr
L-020114,email,,1.6,smb_sdr
L-020115,email,,5.6,smb_sdr
L-020116,email,not_decision_maker,41.1,smb_sdr
L-020117,email,,2.6,smb_sdr
L-020118,email,no_response,14.8,smb_sdr
L-020119,email,no_budget,29.3,smb_sdr
L-020120,email,no_response,1.8,smb_sdr
L-020121,email,too_small,4.0,smb_sdr
L-020122,email,duplicate,2.5,smb_sdr
L-020123,email,competitor_contract,3.7,smb_sdr
L-020124,email,,14.8,smb_sdr
L-020125,email,,6.6,smb_sdr
L-020126,email,,5.3,smb_sdr
L-020127,email,,2.8,smb_sdr
L-020128,email,,3.8,smb_sdr
L-020129,email,competitor_contract,2.9,smb_sdr
L-020130,email,wrong_use_case,4.7,smb_sdr
L-020131,email,too_small,3.1,smb_sdr
L-020132,email,no_response,9.1,smb_sdr
L-020133,email,,3.8,smb_sdr
L-020134,email,,8.2,smb_sdr
L-020135,email,not_decision_maker,2.8,smb_sdr
L-020136,email,,5.6,smb_sdr
L-020137,email,,10.1,smb_sdr
L-020138,email,,1.8,smb_sdr
L-020139,email,,8.8,smb_sdr
L-020140,email,not_decision_maker,6.3,smb_sdr
L-020141,email,,5.5,smb_sdr
L-020142,email,,6.5,smb_sdr
L-020143,email,,8.5,smb_sdr
L-020144,email,no_response,2.7,smb_sdr
L-020145,email,too_small,1.6,smb_sdr
L-020146,email,no_response,9.1,smb_sdr
L-020147,email,no_response,4.5,smb_sdr
L-020148,email,too_small,3.9,smb_sdr
L-020149,email,,6.2,smb_sdr
L-020150,email,too_small,4.1,smb_sdr
L-020151,email,,2.6,smb_sdr
L-020152,email,no_response,5.8,smb_sdr
L-020153,email,too_small,8.8,smb_sdr
L-020154,email,too_small,6.9,smb_sdr
L-020155,email,,1.9,smb_sdr
L-020156,email,duplicate,5.6,smb_sdr
L-020157,email,no_response,10.6,smb_sdr
L-020158,email,no_budget,23.6,smb_sdr
L-020159,email,,10.0,smb_sdr
L-020160,email,duplicate,18.4,smb_sdr
L-020161,email,no_budget,1.8,smb_sdr
L-020162,email,no_response,31.5,unassigned
L-020163,email,,4.2,smb_sdr
L-020164,email,,0.9,smb_sdr
L-020165,email,no_budget,4.6,smb_sdr
L-020166,email,,5.7,smb_sdr
L-020167,email,no_budget,2.5,smb_sdr
L-020168,email,no_budget,4.0,smb_sdr
L-020169,email,too_small,4.8,smb_sdr
L-020170,email,not_decision_maker,4.7,smb_sdr
L-020171,email,no_response,6.0,smb_sdr
L-020172,email,competitor_contract,3.8,smb_sdr
L-020173,email,no_response,63.5,unassigned
L-020174,email,no_response,6.2,smb_sdr
L-020175,email,no_budget,1.6,smb_sdr
L-020176,email,no_response,5.7,smb_sdr
L-020177,email,,4.1,smb_sdr
L-020178,email,,2.3,smb_sdr
L-020179,email,no_response,2.3,smb_sdr
L-020180,email,competitor_contract,4.9,smb_sdr
L-020181,email,,2.5,smb_sdr
L-020182,email,no_response,6.5,smb_sdr
L-020183,email,wrong_use_case,3.8,smb_sdr
L-020184,email,,5.3,smb_sdr
L-020185,email,wrong_use_case,5.1,smb_sdr
L-020186,email,,13.2,smb_sdr
L-020187,email,,5.1,smb_sdr
L-020188,email,no_budget,6.6,smb_sdr
L-020189,email,,8.5,smb_sdr
L-020190,email,no_response,5.3,smb_sdr
L-020191,email,,13.7,smb_sdr
L-020192,email,too_small,3.8,smb_sdr
L-020193,email,,4.6,smb_sdr
L-020194,email,,16.4,smb_sdr
L-020195,email,no_response,5.5,smb_sdr
L-020196,email,duplicate,5.9,smb_sdr
L-020197,email,too_small,6.5,smb_sdr
L-020198,email,duplicate,7.4,smb_sdr
L-020199,email,competitor_contract,5.6,smb_sdr
L-020200,email,duplicate,1.5,smb_sdr
L-020201,email,no_response,3.4,smb_sdr
L-020202,email,competitor_contract,7.3,smb_sdr
L-020203,email,,6.9,smb_sdr
L-020204,email,wrong_use_case,5.2,smb_sdr
L-020205,email,no_budget,9.7,smb_sdr
L-020206,email,,2.3,smb_sdr
L-020207,email,,5.6,smb_sdr
L-020208,email,,8.7,smb_sdr
L-020209,email,,6.5,smb_sdr
L-020210,email,duplicate,5.2,smb_sdr
L-020211,email,,7.2,smb_sdr
L-020212,email,not_decision_maker,3.6,smb_sdr
L-020213,email,,8.5,smb_sdr
L-020214,email,,3.6,smb_sdr
L-020215,email,no_response,11.7,smb_sdr
L-020216,email,not_decision_maker,5.8,smb_sdr
L-020217,email,no_response,5.1,mid_market_ae
L-020218,email,no_response,13.3,mid_market_ae
L-020219,email,no_response,6.3,mid_market_ae
L-020220,email,,6.2,mid_market_ae
L-020221,email,competitor_contract,2.4,mid_market_ae
L-020222,email,duplicate,5.6,mid_market_ae
L-020223,email,,4.8,mid_market_ae
L-020224,email,duplicate,3.8,mid_market_ae
L-020225,email,,3.8,mid_market_ae
L-020226,email,,2.4,mid_market_ae
L-020227,email,no_response,8.8,mid_market_ae
L-020228,email,no_budget,2.4,mid_market_ae
L-020229,email,,5.3,mid_market_ae
L-020230,email,not_decision_maker,9.6,mid_market_ae
L-020231,email,,11.7,mid_market_ae
L-020232,email,duplicate,5.1,mid_market_ae
L-020233,email,no_response,3.9,mid_market_ae
L-020234,email,no_response,4.5,mid_market_ae
L-020235,email,not_decision_maker,5.0,mid_market_ae
L-020236,email,competitor_contract,1.9,mid_market_ae
L-020237,email,,3.4,mid_market_ae
L-020238,email,not_decision_maker,9.6,mid_market_ae
L-020239,email,,6.0,mid_market_ae
L-020240,email,not_decision_maker,12.6,mid_market_ae
L-020241,email,,14.4,mid_market_ae
L-020242,email,no_budget,12.8,mid_market_ae
L-020243,email,no_budget,23.0,mid_market_ae
L-020244,email,not_decision_maker,4.8,mid_market_ae
L-020245,email,not_decision_maker,5.9,mid_market_ae
L-020246,email,no_budget,8.0,mid_market_ae
L-020247,email,,5.8,mid_market_ae
L-020248,email,,3.3,mid_market_ae
L-020249,email,,5.9,mid_market_ae
L-020250,email,no_response,4.4,mid_market_ae
L-020251,email,too_small,6.4,mid_market_ae
L-020252,email,duplicate,13.7,mid_market_ae
L-020253,email,no_response,4.6,mid_market_ae
L-020254,email,no_response,5.8,mid_market_ae
L-020255,email,wrong_use_case,1.8,mid_market_ae
L-020256,email,no_budget,13.2,mid_market_ae
L-020257,email,too_small,5.1,mid_market_ae
L-020258,email,too_small,4.7,mid_market_ae
L-020259,email,no_response,3.5,mid_market_ae
L-020260,email,no_budget,4.2,mid_market_ae
L-020261,email,duplicate,1.9,mid_market_ae
L-020262,email,too_small,8.8,mid_market_ae
L-020263,email,,12.4,mid_market_ae
L-020264,email,no_response,8.2,mid_market_ae
L-020265,email,no_response,3.8,mid_market_ae
L-020266,email,,3.8,mid_market_ae
L-020267,email,wrong_use_case,9.0,mid_market_ae
L-020268,email,wrong_use_case,2.8,mid_market_ae
L-020269,email,no_budget,60.8,unassigned
L-020270,email,,5.2,mid_market_ae
L-020271,email,no_budget,2.4,mid_market_ae
L-020272,email,,21.5,mid_market_ae
L-020273,email,not_decision_maker,7.0,mid_market_ae
L-020274,email,not_decision_maker,3.7,mid_market_ae
L-020275,email,wrong_use_case,4.5,mid_market_ae
L-020276,email,no_response,4.9,mid_market_ae
L-020277,email,,43.2,unassigned
L-020278,email,no_response,5.5,mid_market_ae
L-020279,email,not_decision_maker,9.0,mid_market_ae
L-020280,email,,11.9,mid_market_ae
L-020281,email,,8.9,mid_market_ae
L-020282,email,wrong_use_case,7.5,mid_market_ae
L-020283,email,,5.7,mid_market_ae
L-020284,email,,5.3,mid_market_ae
L-020285,email,,8.0,mid_market_ae
L-020286,email,no_response,2.5,mid_market_ae
L-020287,email,,8.9,mid_market_ae
L-020288,email,not_decision_maker,6.3,mid_market_ae
L-020289,email,no_budget,8.9,mid_market_ae
L-020290,email,,3.7,mid_market_ae
L-020291,email,,5.2,mid_market_ae
