date,page,source,device,sessions,exits,scroll_75,cta_clicks,form_starts,form_completes,rage_clicks,avg_load_ms
2026-03-01,home,paid_search,desktop,124,42,37,17,0,0,1,1204
2026-03-01,home,paid_search,mobile,86,35,26,7,0,0,1,2285
2026-03-01,home,paid_social,desktop,71,32,17,17,0,0,0,1296
2026-03-01,home,paid_social,mobile,104,49,23,10,0,0,1,1943
2026-03-01,home,organic,desktop,268,110,69,41,0,0,0,1235
2026-03-01,home,organic,mobile,96,33,32,7,0,0,1,1962
2026-03-01,home,webinar,desktop,50,20,15,4,0,0,2,1196
2026-03-01,home,webinar,mobile,32,13,7,4,0,0,0,2369
2026-03-01,home,partner,desktop,21,9,5,3,0,0,0,1430
2026-03-01,home,partner,mobile,21,6,5,3,0,0,0,1924
2026-03-01,home,email,desktop,46,20,12,3,0,0,0,1205
2026-03-01,home,email,mobile,34,15,6,3,0,0,0,1946
2026-03-01,pricing,paid_search,desktop,166,72,46,18,0,0,1,1352
2026-03-01,pricing,paid_search,mobile,78,27,28,7,0,0,2,2134
2026-03-01,pricing,paid_social,desktop,50,23,10,7,0,0,1,1341
2026-03-01,pricing,paid_social,mobile,52,26,12,4,0,0,1,1941
2026-03-01,pricing,organic,desktop,98,37,24,12,0,0,0,1180
2026-03-01,pricing,organic,mobile,71,33,14,3,0,0,0,2010
2026-03-01,pricing,webinar,desktop,27,11,2,1,0,0,0,1379
2026-03-01,pricing,webinar,mobile,16,8,2,1,0,0,0,2489
2026-03-01,pricing,partner,desktop,13,5,4,0,0,0,1,1172
2026-03-01,pricing,partner,mobile,7,2,2,0,0,0,0,2309
2026-03-01,pricing,email,desktop,26,12,5,2,0,0,0,1367
2026-03-01,pricing,email,mobile,12,5,5,1,0,0,0,1951
2026-03-01,demo,paid_search,desktop,95,33,27,7,31,20,0,1454
2026-03-01,demo,paid_search,mobile,53,18,18,5,20,7,2,4873
2026-03-01,demo,paid_social,desktop,25,4,9,1,6,2,0,1427
2026-03-01,demo,paid_social,mobile,53,20,13,5,21,5,3,5087
2026-03-01,demo,organic,desktop,108,37,34,10,33,20,0,1603
2026-03-01,demo,organic,mobile,54,21,16,7,16,4,4,5072
2026-03-01,demo,webinar,desktop,21,7,8,1,7,4,0,1416
2026-03-01,demo,webinar,mobile,9,2,2,0,4,2,0,4587
2026-03-01,demo,partner,desktop,8,1,6,3,0,0,1,1392
2026-03-01,demo,partner,mobile,5,2,3,1,1,0,0,4911
2026-03-01,demo,email,desktop,14,4,3,3,2,2,0,1369
2026-03-01,demo,email,mobile,10,5,2,0,7,2,0,5113
2026-03-01,features,paid_search,desktop,79,26,31,11,0,0,0,1484
2026-03-01,features,paid_search,mobile,43,15,20,5,0,0,0,1851
2026-03-01,features,paid_social,desktop,43,14,12,8,0,0,0,1242
2026-03-01,features,paid_social,mobile,37,19,10,5,0,0,1,2392
2026-03-01,features,organic,desktop,106,35,39,10,0,0,3,1313
2026-03-01,features,organic,mobile,45,14,15,3,0,0,0,2301
2026-03-01,features,webinar,desktop,33,17,7,3,0,0,0,1196
2026-03-01,features,webinar,mobile,11,3,4,1,0,0,0,2176
2026-03-01,features,partner,desktop,10,5,3,1,0,0,1,1274
2026-03-01,features,partner,mobile,7,2,2,2,0,0,0,2095
2026-03-01,features,email,desktop,24,10,7,4,0,0,0,1267
2026-03-01,features,email,mobile,20,6,6,1,0,0,0,2375
2026-03-01,compare,paid_search,desktop,50,23,13,10,0,0,0,1250
2026-03-01,compare,paid_search,mobile,37,24,8,5,0,0,0,2292
2026-03-01,compare,paid_social,desktop,27,8,12,0,0,0,0,1307
2026-03-01,compare,paid_social,mobile,27,13,5,5,0,0,0,2401
2026-03-01,compare,organic,desktop,75,22,26,10,0,0,0,1366
2026-03-01,compare,organic,mobile,31,13,9,3,0,0,0,1881
2026-03-01,compare,webinar,desktop,15,5,4,0,0,0,0,1314
2026-03-01,compare,webinar,mobile,7,4,2,1,0,0,0,2073
2026-03-01,compare,partner,desktop,7,1,3,0,0,0,0,1366
2026-03-01,compare,partner,mobile,1,0,1,0,0,0,0,2131
2026-03-01,compare,email,desktop,10,6,2,3,0,0,0,1143
2026-03-01,compare,email,mobile,4,1,2,1,0,0,0,2045
2026-03-02,home,paid_search,desktop,276,113,73,32,0,0,0,1254
2026-03-02,home,paid_search,mobile,165,63,44,14,0,0,1,2100
2026-03-02,home,paid_social,desktop,173,73,43,17,0,0,2,1334
2026-03-02,home,paid_social,mobile,264,126,62,24,0,0,0,2223
2026-03-02,home,organic,desktop,549,210,141,62,0,0,2,1360
2026-03-02,home,organic,mobile,341,147,79,48,0,0,1,1696
2026-03-02,home,webinar,desktop,130,67,30,20,0,0,0,1356
2026-03-02,home,webinar,mobile,65,29,14,4,0,0,2,2331
2026-03-02,home,partner,desktop,75,33,20,7,0,0,0,1318
2026-03-02,home,partner,mobile,33,18,5,5,0,0,0,1999
2026-03-02,home,email,desktop,132,53,41,20,0,0,0,1211
2026-03-02,home,email,mobile,125,57,31,12,0,0,3,2251
2026-03-02,pricing,paid_search,desktop,467,212,105,50,0,0,1,1336
2026-03-02,pricing,paid_search,mobile,198,101,44,17,0,0,3,2006
2026-03-02,pricing,paid_social,desktop,87,30,26,13,0,0,2,1318
2026-03-02,pricing,paid_social,mobile,158,57,45,16,0,0,0,2034
2026-03-02,pricing,organic,desktop,366,144,113,41,0,0,1,1255
2026-03-02,pricing,organic,mobile,192,99,36,14,0,0,1,2107
2026-03-02,pricing,webinar,desktop,72,25,20,9,0,0,0,1320
2026-03-02,pricing,webinar,mobile,41,19,7,3,0,0,0,1975
2026-03-02,pricing,partner,desktop,43,21,7,6,0,0,0,1264
2026-03-02,pricing,partner,mobile,14,4,5,0,0,0,0,2389
2026-03-02,pricing,email,desktop,72,31,18,10,0,0,0,1205
2026-03-02,pricing,email,mobile,56,21,18,10,0,0,0,2137
2026-03-02,demo,paid_search,desktop,267,81,80,38,86,61,0,1467
2026-03-02,demo,paid_search,mobile,152,64,36,17,53,13,1,4576
2026-03-02,demo,paid_social,desktop,83,19,24,13,33,19,1,1341
2026-03-02,demo,paid_social,mobile,94,42,30,13,29,7,1,4528
2026-03-02,demo,organic,desktop,235,60,73,20,67,39,0,1288
2026-03-02,demo,organic,mobile,132,50,56,9,61,9,6,5353
2026-03-02,demo,webinar,desktop,64,19,21,5,27,12,1,1351
2026-03-02,demo,webinar,mobile,28,12,5,3,12,3,2,4797
2026-03-02,demo,partner,desktop,22,3,9,1,8,6,0,1299
2026-03-02,demo,partner,mobile,10,2,5,2,2,0,0,4946
2026-03-02,demo,email,desktop,35,12,8,7,10,7,0,1335
2026-03-02,demo,email,mobile,50,17,15,2,18,4,1,5085
2026-03-02,features,paid_search,desktop,192,64,54,26,0,0,0,1205
2026-03-02,features,paid_search,mobile,127,44,32,8,0,0,0,2371
2026-03-02,features,paid_social,desktop,105,41,27,8,0,0,1,1239
2026-03-02,features,paid_social,mobile,152,59,38,16,0,0,2,2154
2026-03-02,features,organic,desktop,304,107,84,41,0,0,0,1336
2026-03-02,features,organic,mobile,148,61,46,11,0,0,1,2247
2026-03-02,features,webinar,desktop,84,32,22,6,0,0,0,1149
2026-03-02,features,webinar,mobile,40,12,13,6,0,0,0,1944
2026-03-02,features,partner,desktop,50,17,15,6,0,0,0,1262
2026-03-02,features,partner,mobile,17,6,4,0,0,0,0,2288
2026-03-02,features,email,desktop,62,20,15,7,0,0,0,1280
2026-03-02,features,email,mobile,62,13,21,5,0,0,0,2384
2026-03-02,compare,paid_search,desktop,121,50,22,14,0,0,0,1512
2026-03-02,compare,paid_search,mobile,65,30,15,8,0,0,1,2094
2026-03-02,compare,paid_social,desktop,50,21,11,3,0,0,1,1522
2026-03-02,compare,paid_social,mobile,83,34,23,11,0,0,0,2041
2026-03-02,compare,organic,desktop,144,63,38,11,0,0,1,1325
2026-03-02,compare,organic,mobile,91,50,15,4,0,0,1,2160
2026-03-02,compare,webinar,desktop,17,8,0,3,0,0,0,1445
2026-03-02,compare,webinar,mobile,16,9,5,2,0,0,0,2283
2026-03-02,compare,partner,desktop,13,5,5,0,0,0,0,1295
2026-03-02,compare,partner,mobile,12,3,2,0,0,0,1,2002
2026-03-02,compare,email,desktop,28,9,8,5,0,0,0,1341
2026-03-02,compare,email,mobile,19,12,2,0,0,0,1,2207
2026-03-03,home,paid_search,desktop,321,123,85,27,0,0,1,1430
2026-03-03,home,paid_search,mobile,180,79,52,21,0,0,1,2376
2026-03-03,home,paid_social,desktop,179,71,54,17,0,0,1,1273
2026-03-03,home,paid_social,mobile,298,118,82,37,0,0,2,2010
2026-03-03,home,organic,desktop,608,257,158,85,0,0,3,1350
2026-03-03,home,organic,mobile,254,119,63,29,0,0,0,1884
2026-03-03,home,webinar,desktop,127,52,36,17,0,0,0,1463
2026-03-03,home,webinar,mobile,48,18,11,3,0,0,0,1964
2026-03-03,home,partner,desktop,76,34,15,9,0,0,0,1312
2026-03-03,home,partner,mobile,33,17,7,3,0,0,0,1874
2026-03-03,home,email,desktop,132,54,34,12,0,0,1,1227
2026-03-03,home,email,mobile,93,52,16,10,0,0,1,2208
2026-03-03,pricing,paid_search,desktop,395,179,97,36,0,0,3,1200
2026-03-03,pricing,paid_search,mobile,237,104,62,24,0,0,2,2035
2026-03-03,pricing,paid_social,desktop,108,43,32,9,0,0,0,1476
2026-03-03,pricing,paid_social,mobile,161,67,40,14,0,0,1,2180
2026-03-03,pricing,organic,desktop,363,148,100,43,0,0,1,1262
2026-03-03,pricing,organic,mobile,171,80,42,17,0,0,1,1869
2026-03-03,pricing,webinar,desktop,74,26,22,11,0,0,0,1429
2026-03-03,pricing,webinar,mobile,39,7,15,5,0,0,1,2386
2026-03-03,pricing,partner,desktop,37,12,10,6,0,0,0,1069
2026-03-03,pricing,partner,mobile,20,5,5,0,0,0,0,1865
2026-03-03,pricing,email,desktop,57,24,14,6,0,0,0,1389
2026-03-03,pricing,email,mobile,50,23,9,3,0,0,1,1987
2026-03-03,demo,paid_search,desktop,266,77,87,31,64,36,1,1507
2026-03-03,demo,paid_search,mobile,134,56,35,16,52,12,7,4588
2026-03-03,demo,paid_social,desktop,83,22,25,12,33,24,0,1552
2026-03-03,demo,paid_social,mobile,122,37,41,18,49,10,1,4274
2026-03-03,demo,organic,desktop,218,64,62,29,70,48,0,1370
2026-03-03,demo,organic,mobile,136,45,39,10,47,6,3,4695
2026-03-03,demo,webinar,desktop,39,5,15,6,12,8,1,1477
2026-03-03,demo,webinar,mobile,21,6,9,0,10,5,0,4804
2026-03-03,demo,partner,desktop,20,3,6,4,4,3,0,1370
2026-03-03,demo,partner,mobile,13,4,4,0,5,1,0,4659
2026-03-03,demo,email,desktop,49,17,16,6,21,15,0,1183
2026-03-03,demo,email,mobile,50,15,11,8,17,2,1,4630
2026-03-03,features,paid_search,desktop,178,60,51,20,0,0,0,1216
2026-03-03,features,paid_search,mobile,106,32,32,11,0,0,0,2182
2026-03-03,features,paid_social,desktop,100,34,27,13,0,0,2,1233
2026-03-03,features,paid_social,mobile,160,66,40,16,0,0,0,2219
2026-03-03,features,organic,desktop,330,122,98,32,0,0,0,1249
2026-03-03,features,organic,mobile,159,58,53,17,0,0,1,2071
2026-03-03,features,webinar,desktop,59,24,17,9,0,0,0,1299
2026-03-03,features,webinar,mobile,52,20,17,7,0,0,0,1990
2026-03-03,features,partner,desktop,35,16,10,6,0,0,0,1311
2026-03-03,features,partner,mobile,21,5,5,2,0,0,0,1844
2026-03-03,features,email,desktop,53,16,19,10,0,0,0,1348
2026-03-03,features,email,mobile,56,19,20,5,0,0,1,2126
2026-03-03,compare,paid_search,desktop,107,46,26,14,0,0,0,1351
2026-03-03,compare,paid_search,mobile,78,43,19,9,0,0,1,2296
2026-03-03,compare,paid_social,desktop,56,26,15,3,0,0,1,1503
2026-03-03,compare,paid_social,mobile,64,33,15,9,0,0,0,2051
2026-03-03,compare,organic,desktop,159,70,40,14,0,0,0,1222
2026-03-03,compare,organic,mobile,77,34,23,10,0,0,0,2029
2026-03-03,compare,webinar,desktop,43,19,10,5,0,0,0,1455
2026-03-03,compare,webinar,mobile,20,11,5,3,0,0,1,1934
2026-03-03,compare,partner,desktop,16,6,5,1,0,0,0,1566
2026-03-03,compare,partner,mobile,8,3,1,1,0,0,0,2122
2026-03-03,compare,email,desktop,34,11,11,5,0,0,0,1337
2026-03-03,compare,email,mobile,25,10,6,2,0,0,0,2362
2026-03-04,home,paid_search,desktop,311,120,88,28,0,0,0,1263
2026-03-04,home,paid_search,mobile,144,67,37,22,0,0,0,2167
2026-03-04,home,paid_social,desktop,204,91,51,28,0,0,0,1429
2026-03-04,home,paid_social,mobile,222,103,44,20,0,0,1,1938
2026-03-04,home,organic,desktop,493,212,130,73,0,0,2,1131
2026-03-04,home,organic,mobile,277,121,57,30,0,0,0,2136
2026-03-04,home,webinar,desktop,138,57,35,17,0,0,0,1178
2026-03-04,home,webinar,mobile,75,35,17,8,0,0,0,2171
2026-03-04,home,partner,desktop,74,31,26,6,0,0,0,1282
2026-03-04,home,partner,mobile,39,15,12,5,0,0,0,2270
2026-03-04,home,email,desktop,128,55,28,12,0,0,0,1396
2026-03-04,home,email,mobile,82,36,27,7,0,0,0,1834
2026-03-04,pricing,paid_search,desktop,350,173,84,33,0,0,2,1259
2026-03-04,pricing,paid_search,mobile,225,105,45,18,0,0,2,1902
2026-03-04,pricing,paid_social,desktop,102,27,33,14,0,0,0,1342
2026-03-04,pricing,paid_social,mobile,146,67,33,15,0,0,2,1902
2026-03-04,pricing,organic,desktop,311,135,76,38,0,0,2,1410
2026-03-04,pricing,organic,mobile,170,76,38,24,0,0,2,1829
2026-03-04,pricing,webinar,desktop,89,34,28,6,0,0,0,1289
2026-03-04,pricing,webinar,mobile,45,13,14,6,0,0,0,1970
2026-03-04,pricing,partner,desktop,45,22,10,9,0,0,2,1254
2026-03-04,pricing,partner,mobile,19,9,3,1,0,0,0,2014
2026-03-04,pricing,email,desktop,61,28,11,5,0,0,1,1301
2026-03-04,pricing,email,mobile,54,23,16,10,0,0,0,1915
2026-03-04,demo,paid_search,desktop,279,87,98,27,82,53,1,1347
2026-03-04,demo,paid_search,mobile,137,58,35,13,55,13,5,5464
2026-03-04,demo,paid_social,desktop,81,21,30,10,26,17,0,1407
2026-03-04,demo,paid_social,mobile,109,39,29,11,36,4,3,5416
2026-03-04,demo,organic,desktop,217,51,75,26,56,38,1,1391
2026-03-04,demo,organic,mobile,133,45,40,14,58,9,0,4598
2026-03-04,demo,webinar,desktop,58,14,20,7,21,8,0,1269
2026-03-04,demo,webinar,mobile,33,16,7,6,14,3,1,4992
2026-03-04,demo,partner,desktop,31,10,10,5,10,9,0,1573
2026-03-04,demo,partner,mobile,10,4,2,1,2,1,0,5218
2026-03-04,demo,email,desktop,44,11,15,5,13,7,1,1474
2026-03-04,demo,email,mobile,32,14,9,5,12,5,1,5310
2026-03-04,features,paid_search,desktop,184,67,54,20,0,0,0,1379
2026-03-04,features,paid_search,mobile,108,55,19,16,0,0,0,2261
2026-03-04,features,paid_social,desktop,98,36,25,9,0,0,1,1387
2026-03-04,features,paid_social,mobile,164,62,44,16,0,0,0,2252
2026-03-04,features,organic,desktop,308,92,93,49,0,0,1,1192
2026-03-04,features,organic,mobile,166,68,49,17,0,0,1,2007
2026-03-04,features,webinar,desktop,75,26,20,5,0,0,0,1491
2026-03-04,features,webinar,mobile,38,12,13,5,0,0,0,2000
2026-03-04,features,partner,desktop,37,14,9,6,0,0,0,1190
2026-03-04,features,partner,mobile,15,9,2,0,0,0,0,2193
2026-03-04,features,email,desktop,59,17,27,8,0,0,0,1283
2026-03-04,features,email,mobile,70,22,21,6,0,0,0,2360
2026-03-04,compare,paid_search,desktop,117,60,24,16,0,0,0,1156
2026-03-04,compare,paid_search,mobile,56,23,14,3,0,0,0,1902
2026-03-04,compare,paid_social,desktop,48,21,13,6,0,0,0,1504
2026-03-04,compare,paid_social,mobile,72,31,20,11,0,0,0,1950
2026-03-04,compare,organic,desktop,159,63,33,28,0,0,1,1239
2026-03-04,compare,organic,mobile,90,30,33,12,0,0,1,2050
2026-03-04,compare,webinar,desktop,34,16,8,2,0,0,0,1066
2026-03-04,compare,webinar,mobile,20,12,4,2,0,0,0,2186
2026-03-04,compare,partner,desktop,14,4,6,2,0,0,1,1160
2026-03-04,compare,partner,mobile,5,2,1,0,0,0,0,2201
2026-03-04,compare,email,desktop,33,14,9,4,0,0,0,1141
2026-03-04,compare,email,mobile,27,14,5,0,0,0,0,2221
2026-03-05,home,paid_search,desktop,337,134,90,44,0,0,2,1278
2026-03-05,home,paid_search,mobile,164,66,43,18,0,0,3,2072
2026-03-05,home,paid_social,desktop,162,66,41,18,0,0,0,1364
2026-03-05,home,paid_social,mobile,309,138,80,37,0,0,0,2250
2026-03-05,home,organic,desktop,683,249,196,76,0,0,4,1309
2026-03-05,home,organic,mobile,297,129,66,39,0,0,1,2098
2026-03-05,home,webinar,desktop,104,39,30,15,0,0,0,1247
2026-03-05,home,webinar,mobile,83,34,24,8,0,0,0,2167
2026-03-05,home,partner,desktop,50,21,15,4,0,0,0,1446
2026-03-05,home,partner,mobile,37,18,9,4,0,0,0,2189
2026-03-05,home,email,desktop,116,43,37,13,0,0,0,1182
2026-03-05,home,email,mobile,89,38,23,14,0,0,1,2103
2026-03-05,pricing,paid_search,desktop,336,146,96,37,0,0,0,1232
2026-03-05,pricing,paid_search,mobile,192,97,47,25,0,0,1,1915
2026-03-05,pricing,paid_social,desktop,98,43,19,14,0,0,0,1271
2026-03-05,pricing,paid_social,mobile,173,72,57,16,0,0,0,2168
2026-03-05,pricing,organic,desktop,375,132,114,38,0,0,2,1369
2026-03-05,pricing,organic,mobile,167,81,40,24,0,0,1,2182
2026-03-05,pricing,webinar,desktop,73,25,19,9,0,0,0,1228
2026-03-05,pricing,webinar,mobile,44,18,11,6,0,0,0,1946
2026-03-05,pricing,partner,desktop,39,14,10,3,0,0,0,1166
2026-03-05,pricing,partner,mobile,13,3,4,1,0,0,0,2079
2026-03-05,pricing,email,desktop,66,23,15,5,0,0,0,1358
2026-03-05,pricing,email,mobile,58,28,14,6,0,0,0,2178
2026-03-05,demo,paid_search,desktop,216,62,62,31,64,44,2,1295
2026-03-05,demo,paid_search,mobile,123,37,37,17,47,8,2,5427
2026-03-05,demo,paid_social,desktop,61,17,17,5,19,9,0,1426
2026-03-05,demo,paid_social,mobile,115,47,32,12,42,9,2,5088
2026-03-05,demo,organic,desktop,208,61,53,33,61,37,0,1460
2026-03-05,demo,organic,mobile,146,53,51,12,54,8,5,4258
2026-03-05,demo,webinar,desktop,55,11,19,4,16,7,0,1482
2026-03-05,demo,webinar,mobile,40,17,8,2,22,7,1,5367
2026-03-05,demo,partner,desktop,35,9,10,4,10,6,0,1291
2026-03-05,demo,partner,mobile,28,12,9,8,13,3,1,4438
2026-03-05,demo,email,desktop,43,18,10,8,15,10,1,1447
2026-03-05,demo,email,mobile,29,11,7,2,10,2,1,4831
2026-03-05,features,paid_search,desktop,200,70,60,28,0,0,0,1354
2026-03-05,features,paid_search,mobile,118,44,27,7,0,0,1,1927
2026-03-05,features,paid_social,desktop,88,37,26,11,0,0,0,1372
2026-03-05,features,paid_social,mobile,172,60,48,24,0,0,1,1837
2026-03-05,features,organic,desktop,246,100,59,28,0,0,1,1266
2026-03-05,features,organic,mobile,145,64,42,15,0,0,0,2153
2026-03-05,features,webinar,desktop,83,33,26,11,0,0,0,1225
2026-03-05,features,webinar,mobile,32,11,9,6,0,0,0,2112
2026-03-05,features,partner,desktop,46,14,12,6,0,0,1,1411
2026-03-05,features,partner,mobile,22,7,7,5,0,0,0,1966
2026-03-05,features,email,desktop,75,28,28,9,0,0,2,1261
2026-03-05,features,email,mobile,51,20,11,5,0,0,0,1712
2026-03-05,compare,paid_search,desktop,132,53,35,20,0,0,1,1317
2026-03-05,compare,paid_search,mobile,74,39,16,11,0,0,0,2318
2026-03-05,compare,paid_social,desktop,60,26,18,8,0,0,0,1194
2026-03-05,compare,paid_social,mobile,89,34,23,7,0,0,0,2019
2026-03-05,compare,organic,desktop,181,74,45,10,0,0,0,1406
2026-03-05,compare,organic,mobile,98,53,20,6,0,0,0,2343
2026-03-05,compare,webinar,desktop,27,10,6,2,0,0,0,1294
2026-03-05,compare,webinar,mobile,21,13,4,1,0,0,0,1946
2026-03-05,compare,partner,desktop,25,10,6,3,0,0,0,1254
2026-03-05,compare,partner,mobile,13,5,5,1,0,0,0,2190
2026-03-05,compare,email,desktop,18,9,2,0,0,0,0,1231
2026-03-05,compare,email,mobile,21,12,4,4,0,0,0,2019
2026-03-06,home,paid_search,desktop,365,133,97,51,0,0,1,1224
2026-03-06,home,paid_search,mobile,174,75,47,19,0,0,1,2257
2026-03-06,home,paid_social,desktop,161,65,41,30,0,0,0,1316
2026-03-06,home,paid_social,mobile,284,109,82,29,0,0,2,2007
2026-03-06,home,organic,desktop,570,220,160,65,0,0,2,1310
2026-03-06,home,organic,mobile,323,133,90,46,0,0,2,2177
2026-03-06,home,webinar,desktop,135,59,25,18,0,0,1,1131
2026-03-06,home,webinar,mobile,72,39,16,11,0,0,0,2173
2026-03-06,home,partner,desktop,68,24,18,10,0,0,0,1433
2026-03-06,home,partner,mobile,32,13,11,4,0,0,0,1975
2026-03-06,home,email,desktop,90,39,18,10,0,0,0,1223
2026-03-06,home,email,mobile,82,41,16,13,0,0,0,2285
2026-03-06,pricing,paid_search,desktop,417,187,122,38,0,0,2,1104
2026-03-06,pricing,paid_search,mobile,174,84,42,16,0,0,1,2480
2026-03-06,pricing,paid_social,desktop,98,42,21,15,0,0,0,1190
2026-03-06,pricing,paid_social,mobile,113,38,38,9,0,0,1,2020
2026-03-06,pricing,organic,desktop,347,135,101,51,0,0,1,1201
2026-03-06,pricing,organic,mobile,171,54,55,19,0,0,1,1900
2026-03-06,pricing,webinar,desktop,71,35,17,5,0,0,1,1337
2026-03-06,pricing,webinar,mobile,38,18,12,6,0,0,1,2183
2026-03-06,pricing,partner,desktop,33,15,12,3,0,0,1,1228
2026-03-06,pricing,partner,mobile,20,8,8,3,0,0,0,1859
2026-03-06,pricing,email,desktop,51,20,11,6,0,0,0,1251
2026-03-06,pricing,email,mobile,56,16,23,3,0,0,0,2179
2026-03-06,demo,paid_search,desktop,275,78,96,32,97,56,0,1398
2026-03-06,demo,paid_search,mobile,130,36,47,12,42,8,3,4898
2026-03-06,demo,paid_social,desktop,90,32,28,9,33,21,0,1363
2026-03-06,demo,paid_social,mobile,130,49,38,12,49,14,2,3928
2026-03-06,demo,organic,desktop,283,79,93,36,69,49,1,1219
2026-03-06,demo,organic,mobile,107,43,34,12,35,8,2,5209
2026-03-06,demo,webinar,desktop,55,18,14,8,19,13,0,1426
2026-03-06,demo,webinar,mobile,17,9,5,3,7,2,1,4389
2026-03-06,demo,partner,desktop,24,8,7,3,10,6,0,1389
2026-03-06,demo,partner,mobile,19,6,3,2,8,2,0,5486
2026-03-06,demo,email,desktop,41,16,12,6,14,11,0,1333
2026-03-06,demo,email,mobile,36,20,8,1,13,2,1,4803
2026-03-06,features,paid_search,desktop,191,77,49,25,0,0,0,1365
2026-03-06,features,paid_search,mobile,121,42,37,10,0,0,0,1993
2026-03-06,features,paid_social,desktop,89,31,27,8,0,0,2,1567
2026-03-06,features,paid_social,mobile,148,55,41,19,0,0,2,2075
2026-03-06,features,organic,desktop,343,119,102,52,0,0,2,1422
2026-03-06,features,organic,mobile,161,69,44,20,0,0,1,2230
2026-03-06,features,webinar,desktop,72,22,23,7,0,0,0,1383
2026-03-06,features,webinar,mobile,42,12,15,4,0,0,0,2214
2026-03-06,features,partner,desktop,34,9,8,7,0,0,0,1136
2026-03-06,features,partner,mobile,12,5,5,0,0,0,0,1870
2026-03-06,features,email,desktop,64,19,15,8,0,0,0,1463
2026-03-06,features,email,mobile,50,21,14,3,0,0,1,1939
2026-03-06,compare,paid_search,desktop,140,48,38,10,0,0,0,1493
2026-03-06,compare,paid_search,mobile,50,34,7,3,0,0,0,1867
2026-03-06,compare,paid_social,desktop,47,19,13,5,0,0,0,1260
2026-03-06,compare,paid_social,mobile,89,36,18,11,0,0,0,2130
2026-03-06,compare,organic,desktop,178,87,44,17,0,0,0,1262
2026-03-06,compare,organic,mobile,87,48,17,10,0,0,0,2231
2026-03-06,compare,webinar,desktop,37,11,12,9,0,0,0,1505
2026-03-06,compare,webinar,mobile,19,6,9,2,0,0,0,1977
2026-03-06,compare,partner,desktop,19,6,8,0,0,0,0,1199
2026-03-06,compare,partner,mobile,11,6,3,0,0,0,0,2170
2026-03-06,compare,email,desktop,31,16,11,1,0,0,0,1350
2026-03-06,compare,email,mobile,26,15,4,3,0,0,0,1934
2026-03-07,home,paid_search,desktop,145,60,40,22,0,0,0,1478
2026-03-07,home,paid_search,mobile,67,29,19,9,0,0,0,1965
2026-03-07,home,paid_social,desktop,50,16,17,2,0,0,0,1376
2026-03-07,home,paid_social,mobile,84,27,27,11,0,0,1,2107
2026-03-07,home,organic,desktop,217,90,59,26,0,0,0,1409
2026-03-07,home,organic,mobile,116,37,39,16,0,0,0,1933
2026-03-07,home,webinar,desktop,41,17,10,4,0,0,0,1364
2026-03-07,home,webinar,mobile,30,10,10,3,0,0,0,1764
2026-03-07,home,partner,desktop,23,13,5,7,0,0,1,1287
2026-03-07,home,partner,mobile,11,4,3,1,0,0,1,1994
2026-03-07,home,email,desktop,42,17,13,3,0,0,0,1345
2026-03-07,home,email,mobile,36,21,6,8,0,0,0,2413
2026-03-07,pricing,paid_search,desktop,180,76,42,23,0,0,0,1216
2026-03-07,pricing,paid_search,mobile,87,36,26,5,0,0,1,2146
2026-03-07,pricing,paid_social,desktop,45,19,13,4,0,0,0,1249
2026-03-07,pricing,paid_social,mobile,48,22,9,8,0,0,0,2337
2026-03-07,pricing,organic,desktop,133,46,33,13,0,0,2,1341
2026-03-07,pricing,organic,mobile,81,36,14,7,0,0,1,2035
2026-03-07,pricing,webinar,desktop,30,14,5,3,0,0,0,1383
2026-03-07,pricing,webinar,mobile,18,10,4,1,0,0,0,1922
2026-03-07,pricing,partner,desktop,12,2,4,1,0,0,0,1328
2026-03-07,pricing,partner,mobile,6,4,1,0,0,0,1,2066
2026-03-07,pricing,email,desktop,18,10,3,2,0,0,0,1373
2026-03-07,pricing,email,mobile,18,7,7,2,0,0,0,1775
2026-03-07,demo,paid_search,desktop,116,50,37,7,30,21,1,1314
2026-03-07,demo,paid_search,mobile,43,13,16,2,18,5,2,4692
2026-03-07,demo,paid_social,desktop,24,7,8,3,4,2,0,1226
2026-03-07,demo,paid_social,mobile,44,18,11,3,16,5,4,4116
2026-03-07,demo,organic,desktop,79,21,27,7,15,11,0,1528
2026-03-07,demo,organic,mobile,43,17,14,2,15,5,1,4736
2026-03-07,demo,webinar,desktop,19,4,8,3,5,4,0,1554
2026-03-07,demo,webinar,mobile,10,6,0,0,1,1,1,4792
2026-03-07,demo,partner,desktop,13,5,4,1,3,3,0,1533
2026-03-07,demo,partner,mobile,7,1,2,1,2,0,0,4370
2026-03-07,demo,email,desktop,14,1,6,1,6,4,0,1476
2026-03-07,demo,email,mobile,20,14,4,3,7,1,2,4250
2026-03-07,features,paid_search,desktop,75,26,28,15,0,0,0,1344
2026-03-07,features,paid_search,mobile,38,15,6,4,0,0,0,2482
2026-03-07,features,paid_social,desktop,41,20,8,10,0,0,0,1265
2026-03-07,features,paid_social,mobile,54,26,9,4,0,0,0,2154
2026-03-07,features,organic,desktop,114,36,40,16,0,0,1,1272
2026-03-07,features,organic,mobile,57,31,9,6,0,0,0,2164
2026-03-07,features,webinar,desktop,25,6,6,3,0,0,0,1294
2026-03-07,features,webinar,mobile,18,7,6,4,0,0,0,2501
2026-03-07,features,partner,desktop,9,4,1,3,0,0,0,1339
2026-03-07,features,partner,mobile,13,3,4,0,0,0,0,1953
2026-03-07,features,email,desktop,32,11,7,2,0,0,0,1236
2026-03-07,features,email,mobile,14,4,5,1,0,0,0,2333
2026-03-07,compare,paid_search,desktop,47,15,11,5,0,0,0,1269
2026-03-07,compare,paid_search,mobile,25,8,6,3,0,0,0,2312
2026-03-07,compare,paid_social,desktop,16,6,6,3,0,0,0,1401
2026-03-07,compare,paid_social,mobile,32,16,3,8,0,0,0,2041
2026-03-07,compare,organic,desktop,56,33,6,6,0,0,0,1238
2026-03-07,compare,organic,mobile,28,17,6,2,0,0,0,2189
2026-03-07,compare,webinar,desktop,16,9,2,3,0,0,0,1189
2026-03-07,compare,webinar,mobile,6,4,0,1,0,0,0,2299
2026-03-07,compare,partner,desktop,13,3,1,0,0,0,0,1237
2026-03-07,compare,partner,mobile,7,3,2,1,0,0,0,2076
2026-03-07,compare,email,desktop,10,6,2,2,0,0,0,1338
2026-03-07,compare,email,mobile,8,6,2,0,0,0,0,2169
2026-03-08,home,paid_search,desktop,143,62,30,17,0,0,1,1198
2026-03-08,home,paid_search,mobile,71,33,12,3,0,0,0,1769
2026-03-08,home,paid_social,desktop,62,33,11,6,0,0,0,1237
2026-03-08,home,paid_social,mobile,95,48,17,6,0,0,1,2152
2026-03-08,home,organic,desktop,212,96,57,34,0,0,0,1401
2026-03-08,home,organic,mobile,101,42,19,12,0,0,0,1860
2026-03-08,home,webinar,desktop,54,17,17,13,0,0,0,1293
2026-03-08,home,webinar,mobile,37,21,6,6,0,0,0,1820
2026-03-08,home,partner,desktop,28,12,8,3,0,0,0,1052
2026-03-08,home,partner,mobile,11,5,3,1,0,0,0,2469
2026-03-08,home,email,desktop,42,24,5,6,0,0,0,1248
2026-03-08,home,email,mobile,40,12,16,3,0,0,0,2128
2026-03-08,pricing,paid_search,desktop,174,82,45,12,0,0,1,1381
2026-03-08,pricing,paid_search,mobile,77,36,19,10,0,0,0,2400
2026-03-08,pricing,paid_social,desktop,35,15,11,5,0,0,0,1277
2026-03-08,pricing,paid_social,mobile,55,23,14,10,0,0,0,1978
2026-03-08,pricing,organic,desktop,126,54,33,17,0,0,0,1237
2026-03-08,pricing,organic,mobile,62,25,19,5,0,0,0,2057
2026-03-08,pricing,webinar,desktop,27,9,5,2,0,0,0,1299
2026-03-08,pricing,webinar,mobile,16,9,4,1,0,0,0,2100
2026-03-08,pricing,partner,desktop,17,4,7,1,0,0,0,1236
2026-03-08,pricing,partner,mobile,12,8,1,1,0,0,0,1915
2026-03-08,pricing,email,desktop,23,3,7,2,0,0,0,1472
2026-03-08,pricing,email,mobile,21,8,6,4,0,0,0,2093
2026-03-08,demo,paid_search,desktop,100,34,29,14,24,13,1,1300
2026-03-08,demo,paid_search,mobile,65,21,19,5,22,4,2,4053
2026-03-08,demo,paid_social,desktop,26,8,10,3,9,4,0,1423
2026-03-08,demo,paid_social,mobile,46,16,9,8,21,7,1,4699
2026-03-08,demo,organic,desktop,116,31,40,10,31,19,0,1300
2026-03-08,demo,organic,mobile,52,17,16,8,22,5,2,5096
2026-03-08,demo,webinar,desktop,18,8,3,1,8,4,0,1262
2026-03-08,demo,webinar,mobile,12,6,3,1,7,2,0,4836
2026-03-08,demo,partner,desktop,16,6,2,2,3,2,0,1455
2026-03-08,demo,partner,mobile,11,2,5,2,4,1,0,4382
2026-03-08,demo,email,desktop,15,5,2,1,3,2,0,1412
2026-03-08,demo,email,mobile,23,6,7,5,7,0,1,4694
2026-03-08,features,paid_search,desktop,77,19,25,9,0,0,0,1360
2026-03-08,features,paid_search,mobile,40,13,12,3,0,0,0,2223
2026-03-08,features,paid_social,desktop,29,10,9,2,0,0,0,1041
2026-03-08,features,paid_social,mobile,44,19,12,4,0,0,0,2173
2026-03-08,features,organic,desktop,142,53,50,15,0,0,0,1346
2026-03-08,features,organic,mobile,71,26,22,10,0,0,0,2398
2026-03-08,features,webinar,desktop,32,11,6,3,0,0,0,1373
2026-03-08,features,webinar,mobile,20,6,8,1,0,0,0,2132
2026-03-08,features,partner,desktop,15,5,4,1,0,0,0,1258
2026-03-08,features,partner,mobile,7,4,2,1,0,0,0,1905
2026-03-08,features,email,desktop,23,6,12,2,0,0,0,1341
2026-03-08,features,email,mobile,23,11,7,4,0,0,0,1997
2026-03-08,compare,paid_search,desktop,50,30,8,4,0,0,0,1225
2026-03-08,compare,paid_search,mobile,33,20,6,4,0,0,1,2071
2026-03-08,compare,paid_social,desktop,27,10,5,1,0,0,0,1338
2026-03-08,compare,paid_social,mobile,33,9,12,2,0,0,0,2273
2026-03-08,compare,organic,desktop,81,35,21,16,0,0,0,1322
2026-03-08,compare,organic,mobile,26,13,6,4,0,0,0,2145
2026-03-08,compare,webinar,desktop,18,6,4,2,0,0,0,1261
2026-03-08,compare,webinar,mobile,9,2,4,0,0,0,0,2022
2026-03-08,compare,partner,desktop,5,3,0,0,0,0,0,1272
2026-03-08,compare,partner,mobile,5,2,1,0,0,0,0,2133
2026-03-08,compare,email,desktop,19,7,4,2,0,0,0,1175
2026-03-08,compare,email,mobile,15,11,2,0,0,0,0,1936
2026-03-09,home,paid_search,desktop,314,125,82,42,0,0,1,1401
2026-03-09,home,paid_search,mobile,196,77,45,28,0,0,2,2111
2026-03-09,home,paid_social,desktop,187,65,53,24,0,0,2,1012
2026-03-09,home,paid_social,mobile,272,106,83,30,0,0,0,2182
2026-03-09,home,organic,desktop,654,304,152,95,0,0,2,1305
2026-03-09,home,organic,mobile,307,140,78,41,0,0,1,2132
2026-03-09,home,webinar,desktop,135,54,38,13,0,0,1,1298
2026-03-09,home,webinar,mobile,61,25,19,8,0,0,0,2383
2026-03-09,home,partner,desktop,82,32,21,12,0,0,0,1297
2026-03-09,home,partner,mobile,35,15,8,2,0,0,0,1709
2026-03-09,home,email,desktop,119,50,30,19,0,0,1,1447
2026-03-09,home,email,mobile,85,37,27,9,0,0,1,2273
2026-03-09,pricing,paid_search,desktop,431,213,95,41,0,0,5,1230
2026-03-09,pricing,paid_search,mobile,194,82,45,16,0,0,1,2011
2026-03-09,pricing,paid_social,desktop,92,36,32,11,0,0,1,1399
2026-03-09,pricing,paid_social,mobile,135,54,41,16,0,0,1,2553
2026-03-09,pricing,organic,desktop,365,128,106,34,0,0,2,1356
2026-03-09,pricing,organic,mobile,144,57,44,15,0,0,0,1979
2026-03-09,pricing,webinar,desktop,68,27,17,10,0,0,0,1368
2026-03-09,pricing,webinar,mobile,40,19,8,3,0,0,1,1981
2026-03-09,pricing,partner,desktop,40,15,8,5,0,0,0,1219
2026-03-09,pricing,partner,mobile,19,7,7,3,0,0,0,2070
2026-03-09,pricing,email,desktop,68,26,21,8,0,0,0,1383
2026-03-09,pricing,email,mobile,62,28,12,9,0,0,0,2271
2026-03-09,demo,paid_search,desktop,263,75,96,27,81,51,0,1248
2026-03-09,demo,paid_search,mobile,162,66,43,22,58,10,3,4551
2026-03-09,demo,paid_social,desktop,56,22,13,8,8,1,0,1212
2026-03-09,demo,paid_social,mobile,130,48,33,13,53,8,6,5209
2026-03-09,demo,organic,desktop,250,81,60,27,71,41,0,1442
2026-03-09,demo,organic,mobile,124,45,42,10,46,12,3,4946
2026-03-09,demo,webinar,desktop,75,23,19,8,21,9,0,1401
2026-03-09,demo,webinar,mobile,32,12,8,3,10,1,1,4900
2026-03-09,demo,partner,desktop,40,17,10,5,5,2,0,1432
2026-03-09,demo,partner,mobile,19,9,3,1,8,2,2,4931
2026-03-09,demo,email,desktop,27,14,8,0,5,4,0,1306
2026-03-09,demo,email,mobile,41,18,11,6,13,3,1,5141
2026-03-09,features,paid_search,desktop,188,75,52,26,0,0,0,1427
2026-03-09,features,paid_search,mobile,107,48,29,9,0,0,0,2142
2026-03-09,features,paid_social,desktop,116,47,36,15,0,0,0,1276
2026-03-09,features,paid_social,mobile,147,59,43,19,0,0,0,2420
2026-03-09,features,organic,desktop,345,113,109,44,0,0,1,1377
2026-03-09,features,organic,mobile,157,66,39,15,0,0,0,1828
2026-03-09,features,webinar,desktop,89,37,21,9,0,0,0,1368
2026-03-09,features,webinar,mobile,62,30,15,6,0,0,0,2292
2026-03-09,features,partner,desktop,44,19,11,6,0,0,0,1283
2026-03-09,features,partner,mobile,16,5,4,3,0,0,0,1883
2026-03-09,features,email,desktop,77,24,29,8,0,0,1,1429
2026-03-09,features,email,mobile,47,14,14,5,0,0,0,2151
2026-03-09,compare,paid_search,desktop,104,51,24,19,0,0,0,1429
2026-03-09,compare,paid_search,mobile,75,36,19,12,0,0,2,2138
2026-03-09,compare,paid_social,desktop,41,20,10,2,0,0,0,1124
2026-03-09,compare,paid_social,mobile,89,49,13,12,0,0,0,2224
2026-03-09,compare,organic,desktop,177,83,46,22,0,0,0,1372
2026-03-09,compare,organic,mobile,97,47,27,12,0,0,1,1939
2026-03-09,compare,webinar,desktop,35,11,15,5,0,0,0,1564
2026-03-09,compare,webinar,mobile,20,10,4,2,0,0,1,1946
2026-03-09,compare,partner,desktop,16,9,4,3,0,0,0,1225
2026-03-09,compare,partner,mobile,12,4,2,2,0,0,0,2364
2026-03-09,compare,email,desktop,35,20,8,5,0,0,0,1161
2026-03-09,compare,email,mobile,24,15,2,4,0,0,1,2085
2026-03-10,home,paid_search,desktop,337,145,83,31,0,0,2,1229
2026-03-10,home,paid_search,mobile,166,74,42,13,0,0,3,2098
2026-03-10,home,paid_social,desktop,147,55,46,19,0,0,0,1196
2026-03-10,home,paid_social,mobile,272,101,67,31,0,0,0,2437
2026-03-10,home,organic,desktop,580,218,156,81,0,0,1,1207
2026-03-10,home,organic,mobile,281,115,70,37,0,0,0,2225
2026-03-10,home,webinar,desktop,125,42,34,13,0,0,0,1150
2026-03-10,home,webinar,mobile,82,31,25,8,0,0,0,2071
2026-03-10,home,partner,desktop,56,25,15,4,0,0,0,1439
2026-03-10,home,partner,mobile,31,14,6,3,0,0,0,2126
2026-03-10,home,email,desktop,101,45,25,11,0,0,1,1439
2026-03-10,home,email,mobile,78,38,13,9,0,0,0,2069
2026-03-10,pricing,paid_search,desktop,373,191,90,44,0,0,1,1369
2026-03-10,pricing,paid_search,mobile,248,108,61,27,0,0,3,2134
2026-03-10,pricing,paid_social,desktop,107,28,30,16,0,0,0,1200
2026-03-10,pricing,paid_social,mobile,126,58,27,16,0,0,0,2297
2026-03-10,pricing,organic,desktop,344,125,109,47,0,0,2,1215
2026-03-10,pricing,organic,mobile,202,81,59,19,0,0,0,2180
2026-03-10,pricing,webinar,desktop,74,20,18,9,0,0,1,1283
2026-03-10,pricing,webinar,mobile,44,21,11,4,0,0,1,2154
2026-03-10,pricing,partner,desktop,39,15,13,4,0,0,0,1305
2026-03-10,pricing,partner,mobile,27,16,3,6,0,0,0,2449
2026-03-10,pricing,email,desktop,63,22,18,9,0,0,0,1375
2026-03-10,pricing,email,mobile,51,20,18,6,0,0,1,2039
2026-03-10,demo,paid_search,desktop,318,119,72,43,88,57,0,1378
2026-03-10,demo,paid_search,mobile,144,59,40,27,50,12,2,4802
2026-03-10,demo,paid_social,desktop,65,17,22,6,21,15,1,1355
2026-03-10,demo,paid_social,mobile,86,35,26,12,29,6,4,4312
2026-03-10,demo,organic,desktop,208,65,62,20,59,36,0,1631
2026-03-10,demo,organic,mobile,143,68,38,18,47,6,4,5159
2026-03-10,demo,webinar,desktop,59,14,16,7,20,13,0,1327
2026-03-10,demo,webinar,mobile,25,11,4,2,6,2,0,4883
2026-03-10,demo,partner,desktop,24,5,8,4,8,7,0,1542
2026-03-10,demo,partner,mobile,17,5,4,0,9,1,0,4633
2026-03-10,demo,email,desktop,59,21,16,2,19,8,2,1198
2026-03-10,demo,email,mobile,29,11,12,1,11,3,0,4483
2026-03-10,features,paid_search,desktop,207,73,64,17,0,0,0,1178
2026-03-10,features,paid_search,mobile,92,39,26,15,0,0,0,2091
2026-03-10,features,paid_social,desktop,113,35,44,10,0,0,0,1165
2026-03-10,features,paid_social,mobile,159,59,50,21,0,0,0,2243
2026-03-10,features,organic,desktop,372,113,107,50,0,0,1,1320
2026-03-10,features,organic,mobile,169,60,56,16,0,0,0,2215
2026-03-10,features,webinar,desktop,74,28,15,11,0,0,0,1362
2026-03-10,features,webinar,mobile,51,18,16,6,0,0,0,1917
2026-03-10,features,partner,desktop,40,10,14,6,0,0,0,1068
2026-03-10,features,partner,mobile,23,7,4,4,0,0,0,2242
2026-03-10,features,email,desktop,64,18,20,3,0,0,0,1226
2026-03-10,features,email,mobile,49,16,15,6,0,0,0,2217
2026-03-10,compare,paid_search,desktop,143,68,28,10,0,0,0,1287
2026-03-10,compare,paid_search,mobile,75,37,22,12,0,0,0,2134
2026-03-10,compare,paid_social,desktop,58,27,18,6,0,0,0,1398
2026-03-10,compare,paid_social,mobile,80,33,25,7,0,0,0,1969
2026-03-10,compare,organic,desktop,142,69,25,13,0,0,1,1224
2026-03-10,compare,organic,mobile,76,40,16,10,0,0,0,2326
2026-03-10,compare,webinar,desktop,46,22,12,8,0,0,0,1397
2026-03-10,compare,webinar,mobile,18,5,5,0,0,0,0,2170
2026-03-10,compare,partner,desktop,20,10,3,6,0,0,0,1160
2026-03-10,compare,partner,mobile,2,0,2,0,0,0,0,2064
2026-03-10,compare,email,desktop,38,18,9,6,0,0,0,1192
2026-03-10,compare,email,mobile,30,11,6,1,0,0,0,1993
2026-03-11,home,paid_search,desktop,352,136,105,45,0,0,1,1215
2026-03-11,home,paid_search,mobile,218,86,61,20,0,0,0,1923
2026-03-11,home,paid_social,desktop,199,75,61,29,0,0,0,1298
2026-03-11,home,paid_social,mobile,270,101,74,32,0,0,2,1951
2026-03-11,home,organic,desktop,508,206,124,64,0,0,3,1251
2026-03-11,home,organic,mobile,311,126,86,22,0,0,2,1958
2026-03-11,home,webinar,desktop,140,66,28,18,0,0,0,1436
2026-03-11,home,webinar,mobile,87,38,22,8,0,0,0,2139
2026-03-11,home,partner,desktop,74,30,20,9,0,0,0,1352
2026-03-11,home,partner,mobile,42,13,16,6,0,0,1,2077
2026-03-11,home,email,desktop,116,38,34,10,0,0,0,1297
2026-03-11,home,email,mobile,92,39,27,14,0,0,2,2139
2026-03-11,pricing,paid_search,desktop,467,235,88,52,0,0,0,1458
2026-03-11,pricing,paid_search,mobile,217,97,52,23,0,0,1,2285
2026-03-11,pricing,paid_social,desktop,101,37,26,22,0,0,0,1311
2026-03-11,pricing,paid_social,mobile,152,65,40,15,0,0,2,1942
2026-03-11,pricing,organic,desktop,332,125,90,31,0,0,2,1371
2026-03-11,pricing,organic,mobile,193,94,46,13,0,0,0,2020
2026-03-11,pricing,webinar,desktop,65,14,20,5,0,0,1,1254
2026-03-11,pricing,webinar,mobile,36,14,7,7,0,0,0,2069
2026-03-11,pricing,partner,desktop,35,12,10,7,0,0,0,1315
2026-03-11,pricing,partner,mobile,23,12,7,4,0,0,0,2263
2026-03-11,pricing,email,desktop,53,28,16,10,0,0,0,1197
2026-03-11,pricing,email,mobile,51,23,16,6,0,0,0,2191
2026-03-11,demo,paid_search,desktop,258,89,81,24,82,60,0,1366
2026-03-11,demo,paid_search,mobile,176,71,47,22,74,12,4,5973
2026-03-11,demo,paid_social,desktop,86,24,22,12,29,17,0,1385
2026-03-11,demo,paid_social,mobile,118,39,36,13,39,5,6,5212
2026-03-11,demo,organic,desktop,259,77,80,26,81,50,1,1595
2026-03-11,demo,organic,mobile,131,43,46,12,49,11,3,4414
2026-03-11,demo,webinar,desktop,49,18,10,3,10,9,1,1398
2026-03-11,demo,webinar,mobile,31,10,10,2,11,2,1,4993
2026-03-11,demo,partner,desktop,37,9,14,4,11,6,0,1301
2026-03-11,demo,partner,mobile,22,7,9,1,10,2,0,4645
2026-03-11,demo,email,desktop,44,14,8,2,11,7,0,1368
2026-03-11,demo,email,mobile,53,19,19,5,18,7,0,5106
2026-03-11,features,paid_search,desktop,276,98,83,30,0,0,1,1469
2026-03-11,features,paid_search,mobile,108,50,27,12,0,0,0,2069
2026-03-11,features,paid_social,desktop,100,44,29,6,0,0,2,1201
2026-03-11,features,paid_social,mobile,121,48,27,10,0,0,1,2465
2026-03-11,features,organic,desktop,337,115,116,38,0,0,0,1359
2026-03-11,features,organic,mobile,167,74,47,14,0,0,0,2233
2026-03-11,features,webinar,desktop,76,19,28,6,0,0,1,1126
2026-03-11,features,webinar,mobile,21,9,6,1,0,0,0,1829
2026-03-11,features,partner,desktop,41,16,14,6,0,0,0,1262
2026-03-11,features,partner,mobile,17,7,3,0,0,0,0,2198
2026-03-11,features,email,desktop,77,24,23,7,0,0,1,1303
2026-03-11,features,email,mobile,45,18,8,5,0,0,0,1996
2026-03-11,compare,paid_search,desktop,123,48,38,13,0,0,0,1184
2026-03-11,compare,paid_search,mobile,65,38,12,7,0,0,0,2243
2026-03-11,compare,paid_social,desktop,62,24,17,14,0,0,0,1354
2026-03-11,compare,paid_social,mobile,85,51,15,8,0,0,0,1992
2026-03-11,compare,organic,desktop,156,72,34,23,0,0,1,1292
2026-03-11,compare,organic,mobile,83,38,20,3,0,0,0,1961
2026-03-11,compare,webinar,desktop,17,6,4,1,0,0,0,1211
2026-03-11,compare,webinar,mobile,25,13,6,2,0,0,0,2134
2026-03-11,compare,partner,desktop,21,11,7,3,0,0,0,1511
2026-03-11,compare,partner,mobile,14,9,4,4,0,0,1,2151
2026-03-11,compare,email,desktop,32,19,8,4,0,0,0,1361
2026-03-11,compare,email,mobile,27,17,6,3,0,0,0,2055
2026-03-12,home,paid_search,desktop,364,147,106,48,0,0,1,1276
2026-03-12,home,paid_search,mobile,148,71,35,19,0,0,0,2201
2026-03-12,home,paid_social,desktop,174,80,41,16,0,0,2,1325
2026-03-12,home,paid_social,mobile,265,108,71,37,0,0,0,2191
2026-03-12,home,organic,desktop,605,241,186,69,0,0,3,1178
2026-03-12,home,organic,mobile,275,123,57,19,0,0,0,2080
2026-03-12,home,webinar,desktop,134,53,40,15,0,0,2,1299
2026-03-12,home,webinar,mobile,60,24,12,8,0,0,1,2200
2026-03-12,home,partner,desktop,56,19,21,5,0,0,1,1338
2026-03-12,home,partner,mobile,33,15,9,4,0,0,1,1982
2026-03-12,home,email,desktop,113,47,26,13,0,0,2,1418
2026-03-12,home,email,mobile,91,34,28,21,0,0,0,2328
2026-03-12,pricing,paid_search,desktop,435,198,109,52,0,0,1,1240
2026-03-12,pricing,paid_search,mobile,215,99,49,18,0,0,0,1935
2026-03-12,pricing,paid_social,desktop,105,42,33,15,0,0,2,1228
2026-03-12,pricing,paid_social,mobile,161,60,39,21,0,0,1,1988
2026-03-12,pricing,organic,desktop,310,129,77,33,0,0,1,1299
2026-03-12,pricing,organic,mobile,180,56,59,16,0,0,0,2277
2026-03-12,pricing,webinar,desktop,81,33,21,13,0,0,0,1290
2026-03-12,pricing,webinar,mobile,44,17,13,4,0,0,0,2302
2026-03-12,pricing,partner,desktop,44,21,8,4,0,0,0,1473
2026-03-12,pricing,partner,mobile,17,6,9,2,0,0,0,2272
2026-03-12,pricing,email,desktop,79,37,20,13,0,0,1,1402
2026-03-12,pricing,email,mobile,50,25,12,10,0,0,0,2251
2026-03-12,demo,paid_search,desktop,262,82,91,27,84,58,0,1408
2026-03-12,demo,paid_search,mobile,138,59,41,22,50,11,3,4381
2026-03-12,demo,paid_social,desktop,80,23,28,7,25,14,1,1529
2026-03-12,demo,paid_social,mobile,118,40,29,9,47,7,4,5130
2026-03-12,demo,organic,desktop,224,68,63,24,72,41,0,1243
2026-03-12,demo,organic,mobile,133,53,43,15,53,11,3,4726
2026-03-12,demo,webinar,desktop,59,18,20,6,24,14,0,1399
2026-03-12,demo,webinar,mobile,27,8,9,3,11,0,1,4648
2026-03-12,demo,partner,desktop,19,8,5,3,6,4,0,1507
2026-03-12,demo,partner,mobile,12,6,4,2,3,1,0,5113
2026-03-12,demo,email,desktop,46,21,12,10,18,10,0,1480
2026-03-12,demo,email,mobile,45,15,16,6,16,3,0,4725
2026-03-12,features,paid_search,desktop,184,61,55,19,0,0,0,1223
2026-03-12,features,paid_search,mobile,112,41,37,6,0,0,0,2312
2026-03-12,features,paid_social,desktop,120,34,38,15,0,0,0,1207
2026-03-12,features,paid_social,mobile,184,56,55,19,0,0,1,1859
2026-03-12,features,organic,desktop,346,131,94,46,0,0,0,1281
2026-03-12,features,organic,mobile,145,55,44,15,0,0,1,2074
2026-03-12,features,webinar,desktop,77,23,18,9,0,0,0,1324
2026-03-12,features,webinar,mobile,58,21,12,7,0,0,0,2239
2026-03-12,features,partner,desktop,33,8,8,5,0,0,0,1398
2026-03-12,features,partner,mobile,15,7,4,1,0,0,0,2214
2026-03-12,features,email,desktop,76,31,17,5,0,0,1,1245
2026-03-12,features,email,mobile,56,29,9,6,0,0,0,2114
2026-03-12,compare,paid_search,desktop,135,58,31,21,0,0,1,1297
2026-03-12,compare,paid_search,mobile,62,32,13,10,0,0,1,2361
2026-03-12,compare,paid_social,desktop,55,30,19,11,0,0,0,1199
2026-03-12,compare,paid_social,mobile,73,42,14,10,0,0,0,2014
2026-03-12,compare,organic,desktop,134,56,29,18,0,0,1,1497
2026-03-12,compare,organic,mobile,90,46,20,10,0,0,0,2331
2026-03-12,compare,webinar,desktop,39,23,9,4,0,0,0,1304
2026-03-12,compare,webinar,mobile,14,6,4,3,0,0,0,2070
2026-03-12,compare,partner,desktop,23,13,4,1,0,0,0,1397
2026-03-12,compare,partner,mobile,7,1,2,1,0,0,0,2281
2026-03-12,compare,email,desktop,35,18,6,4,0,0,0,1300
2026-03-12,compare,email,mobile,22,7,8,3,0,0,0,2428
2026-03-13,home,paid_search,desktop,310,107,90,41,0,0,1,1286
2026-03-13,home,paid_search,mobile,210,100,44,27,0,0,1,2132
2026-03-13,home,paid_social,desktop,197,84,46,23,0,0,2,1457
2026-03-13,home,paid_social,mobile,196,86,48,25,0,0,0,2078
2026-03-13,home,organic,desktop,636,253,176,66,0,0,2,1489
2026-03-13,home,organic,mobile,293,119,79,40,0,0,1,2232
2026-03-13,home,webinar,desktop,129,55,29,15,0,0,0,1237
2026-03-13,home,webinar,mobile,75,25,23,8,0,0,0,2350
2026-03-13,home,partner,desktop,78,33,15,8,0,0,0,1249
2026-03-13,home,partner,mobile,34,18,7,1,0,0,1,1908
2026-03-13,home,email,desktop,80,34,24,13,0,0,2,1303
2026-03-13,home,email,mobile,81,31,22,7,0,0,0,1999
2026-03-13,pricing,paid_search,desktop,445,209,107,40,0,0,0,1274
2026-03-13,pricing,paid_search,mobile,204,99,48,14,0,0,2,2025
2026-03-13,pricing,paid_social,desktop,101,44,23,14,0,0,0,1211
2026-03-13,pricing,paid_social,mobile,164,67,46,22,0,0,0,1826
2026-03-13,pricing,organic,desktop,327,141,91,44,0,0,0,1385
2026-03-13,pricing,organic,mobile,151,55,34,15,0,0,0,2204
2026-03-13,pricing,webinar,desktop,56,24,10,4,0,0,0,1364
2026-03-13,pricing,webinar,mobile,34,10,7,4,0,0,0,2146
2026-03-13,pricing,partner,desktop,38,17,9,7,0,0,0,1210
2026-03-13,pricing,partner,mobile,23,8,5,2,0,0,0,2170
2026-03-13,pricing,email,desktop,73,35,15,7,0,0,0,1238
2026-03-13,pricing,email,mobile,68,30,16,8,0,0,0,1978
2026-03-13,demo,paid_search,desktop,274,72,96,32,84,46,1,1182
2026-03-13,demo,paid_search,mobile,112,45,35,17,47,14,2,5181
2026-03-13,demo,paid_social,desktop,56,15,15,9,16,11,2,1315
2026-03-13,demo,paid_social,mobile,145,52,41,19,53,9,5,5036
2026-03-13,demo,organic,desktop,236,85,77,31,62,39,2,1250
2026-03-13,demo,organic,mobile,120,47,28,15,36,4,1,4519
2026-03-13,demo,webinar,desktop,60,17,18,8,14,7,0,1529
2026-03-13,demo,webinar,mobile,30,8,14,3,10,3,0,5137
2026-03-13,demo,partner,desktop,36,12,12,1,12,5,0,1541
2026-03-13,demo,partner,mobile,13,4,4,0,7,1,0,4625
2026-03-13,demo,email,desktop,51,11,11,4,16,11,0,1283
2026-03-13,demo,email,mobile,40,16,7,5,12,1,1,4972
2026-03-13,features,paid_search,desktop,216,68,73,22,0,0,1,1137
2026-03-13,features,paid_search,mobile,149,66,43,16,0,0,0,1998
2026-03-13,features,paid_social,desktop,123,52,32,15,0,0,1,1222
2026-03-13,features,paid_social,mobile,115,52,29,15,0,0,1,2355
2026-03-13,features,organic,desktop,342,123,92,47,0,0,0,1232
2026-03-13,features,organic,mobile,160,61,48,14,0,0,1,2128
2026-03-13,features,webinar,desktop,79,19,34,11,0,0,0,1164
2026-03-13,features,webinar,mobile,38,18,8,4,0,0,0,2278
2026-03-13,features,partner,desktop,48,14,15,4,0,0,0,1375
2026-03-13,features,partner,mobile,21,7,4,3,0,0,0,2030
2026-03-13,features,email,desktop,74,30,25,8,0,0,1,1405
2026-03-13,features,email,mobile,58,20,11,8,0,0,0,2338
2026-03-13,compare,paid_search,desktop,146,72,31,15,0,0,0,1254
2026-03-13,compare,paid_search,mobile,73,36,13,8,0,0,1,2289
2026-03-13,compare,paid_social,desktop,49,23,10,5,0,0,0,1299
2026-03-13,compare,paid_social,mobile,54,27,11,8,0,0,0,1873
2026-03-13,compare,organic,desktop,122,53,24,14,0,0,0,1339
2026-03-13,compare,organic,mobile,61,22,14,5,0,0,0,2013
2026-03-13,compare,webinar,desktop,33,17,5,6,0,0,0,1166
2026-03-13,compare,webinar,mobile,16,8,3,4,0,0,0,2138
2026-03-13,compare,partner,desktop,23,11,6,2,0,0,0,1341
2026-03-13,compare,partner,mobile,12,4,3,3,0,0,0,2434
2026-03-13,compare,email,desktop,42,20,10,5,0,0,0,1286
2026-03-13,compare,email,mobile,28,9,10,4,0,0,0,1892
2026-03-14,home,paid_search,desktop,131,55,29,13,0,0,2,1253
2026-03-14,home,paid_search,mobile,65,29,17,5,0,0,0,2277
2026-03-14,home,paid_social,desktop,72,30,20,9,0,0,0,1498
2026-03-14,home,paid_social,mobile,92,42,20,9,0,0,0,2249
2026-03-14,home,organic,desktop,231,91,61,12,0,0,1,1345
2026-03-14,home,organic,mobile,126,48,41,8,0,0,0,2028
2026-03-14,home,webinar,desktop,51,27,12,7,0,0,0,1248
2026-03-14,home,webinar,mobile,35,12,11,3,0,0,1,2186
2026-03-14,home,partner,desktop,29,9,6,1,0,0,0,1323
2026-03-14,home,partner,mobile,20,10,5,2,0,0,0,1839
2026-03-14,home,email,desktop,34,21,1,2,0,0,1,1171
2026-03-14,home,email,mobile,29,12,9,1,0,0,0,2060
2026-03-14,pricing,paid_search,desktop,184,85,36,21,0,0,1,1306
2026-03-14,pricing,paid_search,mobile,87,43,18,4,0,0,0,1996
2026-03-14,pricing,paid_social,desktop,39,17,11,4,0,0,0,1336
2026-03-14,pricing,paid_social,mobile,53,22,16,5,0,0,0,2145
2026-03-14,pricing,organic,desktop,103,42,29,19,0,0,0,1341
2026-03-14,pricing,organic,mobile,60,21,11,2,0,0,0,2248
2026-03-14,pricing,webinar,desktop,36,15,10,4,0,0,0,1186
2026-03-14,pricing,webinar,mobile,10,5,2,2,0,0,0,2121
2026-03-14,pricing,partner,desktop,12,5,4,3,0,0,0,1322
2026-03-14,pricing,partner,mobile,7,4,2,0,0,0,0,2218
2026-03-14,pricing,email,desktop,30,12,9,4,0,0,0,1299
2026-03-14,pricing,email,mobile,25,13,4,2,0,0,1,1958
2026-03-14,demo,paid_search,desktop,100,40,28,13,32,21,0,1393
2026-03-14,demo,paid_search,mobile,54,24,17,3,19,1,1,4790
2026-03-14,demo,paid_social,desktop,27,9,6,2,10,3,0,1408
2026-03-14,demo,paid_social,mobile,47,19,15,5,16,4,2,5354
2026-03-14,demo,organic,desktop,103,32,27,7,29,19,1,1336
2026-03-14,demo,organic,mobile,51,26,16,4,13,3,1,4900
2026-03-14,demo,webinar,desktop,30,5,17,1,10,6,0,1193
2026-03-14,demo,webinar,mobile,17,4,5,4,5,2,0,4480
2026-03-14,demo,partner,desktop,10,4,4,1,5,4,0,1343
2026-03-14,demo,partner,mobile,9,3,2,1,3,1,0,4664
2026-03-14,demo,email,desktop,17,7,3,3,2,0,0,1515
2026-03-14,demo,email,mobile,11,4,3,1,4,3,0,5190
2026-03-14,features,paid_search,desktop,66,32,18,5,0,0,0,1095
2026-03-14,features,paid_search,mobile,45,14,9,3,0,0,0,2063
2026-03-14,features,paid_social,desktop,41,20,9,6,0,0,0,1404
2026-03-14,features,paid_social,mobile,68,27,19,12,0,0,0,2142
2026-03-14,features,organic,desktop,149,57,48,17,0,0,0,1286
2026-03-14,features,organic,mobile,79,34,16,7,0,0,1,2022
2026-03-14,features,webinar,desktop,30,9,8,6,0,0,0,994
2026-03-14,features,webinar,mobile,17,7,5,1,0,0,0,2103
2026-03-14,features,partner,desktop,11,3,4,0,0,0,0,1122
2026-03-14,features,partner,mobile,8,4,1,0,0,0,0,2063
2026-03-14,features,email,desktop,22,9,6,4,0,0,0,1433
2026-03-14,features,email,mobile,19,5,6,4,0,0,0,2202
2026-03-14,compare,paid_search,desktop,53,25,9,8,0,0,0,1205
2026-03-14,compare,paid_search,mobile,32,12,6,8,0,0,0,2119
2026-03-14,compare,paid_social,desktop,21,14,3,1,0,0,0,1435
2026-03-14,compare,paid_social,mobile,21,8,8,2,0,0,0,2054
2026-03-14,compare,organic,desktop,71,32,17,10,0,0,0,1345
2026-03-14,compare,organic,mobile,35,16,9,8,0,0,0,2170
2026-03-14,compare,webinar,desktop,16,9,4,4,0,0,0,1314
2026-03-14,compare,webinar,mobile,11,8,1,1,0,0,1,2042
2026-03-14,compare,partner,desktop,5,2,0,2,0,0,0,1534
2026-03-14,compare,partner,mobile,2,1,0,0,0,0,0,2359
2026-03-14,compare,email,desktop,15,5,1,0,0,0,0,1312
2026-03-14,compare,email,mobile,14,6,6,0,0,0,0,2047
2026-03-15,home,paid_search,desktop,120,60,35,27,0,0,0,1350
2026-03-15,home,paid_search,mobile,82,37,18,14,0,0,0,2434
2026-03-15,home,paid_social,desktop,65,30,16,9,0,0,1,1336
2026-03-15,home,paid_social,mobile,130,59,32,16,0,0,1,2281
2026-03-15,home,organic,desktop,221,75,68,27,0,0,0,1215
2026-03-15,home,organic,mobile,110,45,31,15,0,0,1,2186
2026-03-15,home,webinar,desktop,43,16,12,4,0,0,0,1465
2026-03-15,home,webinar,mobile,20,8,6,1,0,0,0,2276
2026-03-15,home,partner,desktop,28,15,9,3,0,0,1,1438
2026-03-15,home,partner,mobile,17,10,5,1,0,0,0,2071
2026-03-15,home,email,desktop,41,20,5,5,0,0,0,1250
2026-03-15,home,email,mobile,46,20,11,9,0,0,0,2277
2026-03-15,pricing,paid_search,desktop,143,85,32,12,0,0,0,1229
2026-03-15,pricing,paid_search,mobile,85,31,31,8,0,0,0,2356
2026-03-15,pricing,paid_social,desktop,46,16,15,8,0,0,0,1407
2026-03-15,pricing,paid_social,mobile,44,23,8,5,0,0,0,2429
2026-03-15,pricing,organic,desktop,113,45,26,9,0,0,1,1253
2026-03-15,pricing,organic,mobile,80,29,21,10,0,0,1,1943
2026-03-15,pricing,webinar,desktop,38,13,10,5,0,0,0,1374
2026-03-15,pricing,webinar,mobile,19,7,6,1,0,0,0,2148
2026-03-15,pricing,partner,desktop,13,5,4,2,0,0,0,1203
2026-03-15,pricing,partner,mobile,12,6,3,2,0,0,0,2238
2026-03-15,pricing,email,desktop,20,10,7,4,0,0,0,1485
2026-03-15,pricing,email,mobile,20,7,7,3,0,0,0,2403
2026-03-15,demo,paid_search,desktop,97,37,26,12,33,19,0,1393
2026-03-15,demo,paid_search,mobile,45,20,14,6,11,1,1,4323
2026-03-15,demo,paid_social,desktop,28,5,9,1,10,7,0,1331
2026-03-15,demo,paid_social,mobile,39,18,9,5,16,4,0,4448
2026-03-15,demo,organic,desktop,80,25,19,8,26,20,0,1315
2026-03-15,demo,organic,mobile,54,14,22,3,19,6,2,4894
2026-03-15,demo,webinar,desktop,26,9,6,3,9,5,0,1309
2026-03-15,demo,webinar,mobile,9,6,0,0,3,1,0,4160
2026-03-15,demo,partner,desktop,14,4,6,4,4,2,0,1294
2026-03-15,demo,partner,mobile,5,0,4,0,0,0,0,5370
2026-03-15,demo,email,desktop,21,5,9,5,6,6,1,1484
2026-03-15,demo,email,mobile,5,2,1,1,3,1,0,4400
2026-03-15,features,paid_search,desktop,77,31,30,12,0,0,0,1356
2026-03-15,features,paid_search,mobile,38,11,11,4,0,0,0,2103
2026-03-15,features,paid_social,desktop,38,11,10,3,0,0,0,1272
2026-03-15,features,paid_social,mobile,59,27,12,6,0,0,0,2050
2026-03-15,features,organic,desktop,113,33,32,20,0,0,0,1442
2026-03-15,features,organic,mobile,81,34,23,7,0,0,0,1951
2026-03-15,features,webinar,desktop,18,7,5,1,0,0,0,1321
2026-03-15,features,webinar,mobile,17,10,3,3,0,0,0,2023
2026-03-15,features,partner,desktop,16,5,6,2,0,0,0,1170
2026-03-15,features,partner,mobile,8,5,2,0,0,0,0,2274
2026-03-15,features,email,desktop,30,15,6,1,0,0,0,1433
2026-03-15,features,email,mobile,15,8,3,3,0,0,0,2116
2026-03-15,compare,paid_search,desktop,62,27,20,6,0,0,0,1394
2026-03-15,compare,paid_search,mobile,22,10,4,0,0,0,0,2018
2026-03-15,compare,paid_social,desktop,21,7,3,6,0,0,0,1379
2026-03-15,compare,paid_social,mobile,23,12,4,4,0,0,0,2096
2026-03-15,compare,organic,desktop,68,31,18,9,0,0,0,1224
2026-03-15,compare,organic,mobile,30,18,3,4,0,0,0,2080
2026-03-15,compare,webinar,desktop,9,7,0,0,0,0,0,1300
2026-03-15,compare,webinar,mobile,11,5,2,1,0,0,0,2181
2026-03-15,compare,partner,desktop,7,3,1,1,0,0,0,1052
2026-03-15,compare,partner,mobile,4,2,2,0,0,0,0,2031
2026-03-15,compare,email,desktop,13,9,2,2,0,0,0,1427
2026-03-15,compare,email,mobile,10,2,5,1,0,0,0,2083
2026-03-16,home,paid_search,desktop,273,119,71,33,0,0,2,1168
2026-03-16,home,paid_search,mobile,202,96,45,32,0,0,0,2271
2026-03-16,home,paid_social,desktop,153,49,45,19,0,0,0,1361
2026-03-16,home,paid_social,mobile,276,123,62,30,0,0,3,1969
2026-03-16,home,organic,desktop,581,215,168,70,0,0,4,1161
2026-03-16,home,organic,mobile,291,119,83,25,0,0,1,2220
2026-03-16,home,webinar,desktop,131,52,44,18,0,0,0,1262
2026-03-16,home,webinar,mobile,74,40,20,8,0,0,0,1608
2026-03-16,home,partner,desktop,77,30,22,8,0,0,1,1174
2026-03-16,home,partner,mobile,42,18,13,4,0,0,0,2037
2026-03-16,home,email,desktop,99,44,28,16,0,0,1,1487
2026-03-16,home,email,mobile,101,43,24,12,0,0,0,2221
2026-03-16,pricing,paid_search,desktop,354,169,79,36,0,0,0,1138
2026-03-16,pricing,paid_search,mobile,221,115,49,15,0,0,1,1979
2026-03-16,pricing,paid_social,desktop,107,41,33,11,0,0,1,1450
2026-03-16,pricing,paid_social,mobile,169,74,39,17,0,0,1,1906
2026-03-16,pricing,organic,desktop,312,119,89,33,0,0,1,1375
2026-03-16,pricing,organic,mobile,163,72,43,19,0,0,1,1955
2026-03-16,pricing,webinar,desktop,62,25,13,3,0,0,0,1260
2026-03-16,pricing,webinar,mobile,45,9,15,2,0,0,0,1797
2026-03-16,pricing,partner,desktop,29,9,7,7,0,0,0,1270
2026-03-16,pricing,partner,mobile,24,11,3,1,0,0,0,2049
2026-03-16,pricing,email,desktop,58,15,25,8,0,0,0,1260
2026-03-16,pricing,email,mobile,62,25,15,8,0,0,0,2434
2026-03-16,demo,paid_search,desktop,274,91,84,40,83,49,1,1494
2026-03-16,demo,paid_search,mobile,154,51,53,19,56,13,7,4471
2026-03-16,demo,paid_social,desktop,88,22,36,12,26,16,0,1291
2026-03-16,demo,paid_social,mobile,124,37,34,13,53,10,2,5116
2026-03-16,demo,organic,desktop,189,45,61,16,47,31,0,1276
2026-03-16,demo,organic,mobile,98,31,28,11,35,5,2,4625
2026-03-16,demo,webinar,desktop,58,25,15,6,16,7,0,1515
2026-03-16,demo,webinar,mobile,22,8,9,2,8,3,0,4635
2026-03-16,demo,partner,desktop,26,12,5,4,7,5,0,1322
2026-03-16,demo,partner,mobile,15,7,3,2,6,2,0,4531
2026-03-16,demo,email,desktop,47,14,15,7,18,10,0,1301
2026-03-16,demo,email,mobile,34,16,5,5,9,1,0,5206
2026-03-16,features,paid_search,desktop,191,73,57,28,0,0,2,1319
2026-03-16,features,paid_search,mobile,128,51,33,22,0,0,0,2052
2026-03-16,features,paid_social,desktop,105,41,28,11,0,0,2,1282
2026-03-16,features,paid_social,mobile,160,56,44,18,0,0,0,2218
2026-03-16,features,organic,desktop,308,105,91,35,0,0,1,1247
2026-03-16,features,organic,mobile,194,63,66,21,0,0,0,2098
2026-03-16,features,webinar,desktop,71,23,18,8,0,0,0,1202
2026-03-16,features,webinar,mobile,44,13,15,4,0,0,1,2362
2026-03-16,features,partner,desktop,41,14,12,5,0,0,0,1343
2026-03-16,features,partner,mobile,16,6,4,3,0,0,0,1882
2026-03-16,features,email,desktop,55,19,16,3,0,0,0,1239
2026-03-16,features,email,mobile,64,29,16,8,0,0,0,1990
2026-03-16,compare,paid_search,desktop,144,71,32,18,0,0,1,1279
2026-03-16,compare,paid_search,mobile,71,38,16,7,0,0,0,2407
2026-03-16,compare,paid_social,desktop,56,31,8,8,0,0,0,1251
2026-03-16,compare,paid_social,mobile,70,28,19,15,0,0,0,2067
2026-03-16,compare,organic,desktop,153,70,35,20,0,0,1,1222
2026-03-16,compare,organic,mobile,102,46,25,13,0,0,0,2121
2026-03-16,compare,webinar,desktop,27,8,6,2,0,0,0,1227
2026-03-16,compare,webinar,mobile,22,10,6,4,0,0,0,1970
2026-03-16,compare,partner,desktop,24,9,6,1,0,0,0,1247
2026-03-16,compare,partner,mobile,14,7,5,2,0,0,0,2111
2026-03-16,compare,email,desktop,31,12,5,6,0,0,0,1279
2026-03-16,compare,email,mobile,33,16,5,5,0,0,0,2087
2026-03-17,home,paid_search,desktop,397,164,101,49,0,0,3,1385
2026-03-17,home,paid_search,mobile,180,71,62,25,0,0,0,1886
2026-03-17,home,paid_social,desktop,220,91,46,20,0,0,0,1315
2026-03-17,home,paid_social,mobile,243,105,55,23,0,0,1,2292
2026-03-17,home,organic,desktop,609,250,167,70,0,0,2,1413
2026-03-17,home,organic,mobile,393,135,106,43,0,0,0,2124
2026-03-17,home,webinar,desktop,113,40,35,17,0,0,0,1365
2026-03-17,home,webinar,mobile,51,22,14,6,0,0,0,2304
2026-03-17,home,partner,desktop,65,27,12,8,0,0,0,1218
2026-03-17,home,partner,mobile,38,16,12,2,0,0,2,2034
2026-03-17,home,email,desktop,129,46,29,12,0,0,0,1237
2026-03-17,home,email,mobile,84,39,19,6,0,0,0,2059
2026-03-17,pricing,paid_search,desktop,458,221,102,47,0,0,2,1211
2026-03-17,pricing,paid_search,mobile,265,124,57,23,0,0,1,2023
2026-03-17,pricing,paid_social,desktop,104,48,27,11,0,0,0,1353
2026-03-17,pricing,paid_social,mobile,149,72,34,10,0,0,0,2032
2026-03-17,pricing,organic,desktop,372,163,90,34,0,0,1,1313
2026-03-17,pricing,organic,mobile,171,70,57,17,0,0,0,1969
2026-03-17,pricing,webinar,desktop,76,29,16,13,0,0,0,1381
2026-03-17,pricing,webinar,mobile,53,23,12,10,0,0,0,1839
2026-03-17,pricing,partner,desktop,41,21,11,4,0,0,0,1275
2026-03-17,pricing,partner,mobile,19,8,3,3,0,0,0,2258
2026-03-17,pricing,email,desktop,63,22,22,10,0,0,0,1265
2026-03-17,pricing,email,mobile,51,22,14,7,0,0,0,1955
2026-03-17,demo,paid_search,desktop,279,101,83,34,63,42,0,1524
2026-03-17,demo,paid_search,mobile,139,68,40,15,53,11,4,4513
2026-03-17,demo,paid_social,desktop,76,21,23,7,23,13,0,1366
2026-03-17,demo,paid_social,mobile,142,53,37,17,50,11,6,4666
2026-03-17,demo,organic,desktop,272,81,94,31,101,56,0,1345
2026-03-17,demo,organic,mobile,134,44,50,10,51,8,4,5229
2026-03-17,demo,webinar,desktop,48,13,17,12,16,9,1,1231
2026-03-17,demo,webinar,mobile,32,12,8,2,10,3,1,4536
2026-03-17,demo,partner,desktop,40,10,13,7,14,10,1,1386
2026-03-17,demo,partner,mobile,11,7,1,2,1,1,0,4995
2026-03-17,demo,email,desktop,59,21,18,7,20,11,0,1271
2026-03-17,demo,email,mobile,51,13,9,2,18,2,0,5038
2026-03-17,features,paid_search,desktop,201,77,64,27,0,0,2,1343
2026-03-17,features,paid_search,mobile,124,47,35,14,0,0,1,1873
2026-03-17,features,paid_social,desktop,105,33,39,14,0,0,0,1238
2026-03-17,features,paid_social,mobile,162,64,48,18,0,0,0,2056
2026-03-17,features,organic,desktop,375,117,125,43,0,0,1,1417
2026-03-17,features,organic,mobile,179,54,56,22,0,0,2,2313
2026-03-17,features,webinar,desktop,81,28,18,11,0,0,0,1380
2026-03-17,features,webinar,mobile,46,10,17,5,0,0,1,2007
2026-03-17,features,partner,desktop,43,13,13,2,0,0,0,1325
2026-03-17,features,partner,mobile,28,9,8,3,0,0,1,2147
2026-03-17,features,email,desktop,49,18,16,6,0,0,0,1178
2026-03-17,features,email,mobile,39,14,11,4,0,0,0,2070
2026-03-17,compare,paid_search,desktop,147,60,35,17,0,0,0,1457
2026-03-17,compare,paid_search,mobile,77,33,21,11,0,0,1,1912
2026-03-17,compare,paid_social,desktop,49,19,14,8,0,0,1,1333
2026-03-17,compare,paid_social,mobile,66,38,6,10,0,0,0,2104
2026-03-17,compare,organic,desktop,141,67,37,17,0,0,2,1206
2026-03-17,compare,organic,mobile,97,47,24,13,0,0,2,2221
2026-03-17,compare,webinar,desktop,28,13,7,2,0,0,0,1243
2026-03-17,compare,webinar,mobile,13,9,3,0,0,0,1,2303
2026-03-17,compare,partner,desktop,16,7,5,2,0,0,0,1540
2026-03-17,compare,partner,mobile,14,4,4,3,0,0,0,2110
2026-03-17,compare,email,desktop,35,11,13,5,0,0,0,1489
2026-03-17,compare,email,mobile,24,14,4,5,0,0,0,2121
2026-03-18,home,paid_search,desktop,302,119,62,29,0,0,2,1075
2026-03-18,home,paid_search,mobile,174,61,50,24,0,0,0,2050
2026-03-18,home,paid_social,desktop,174,59,56,22,0,0,0,1294
2026-03-18,home,paid_social,mobile,218,94,60,21,0,0,1,2396
2026-03-18,home,organic,desktop,568,207,155,66,0,0,2,1312
2026-03-18,home,organic,mobile,332,139,102,28,0,0,3,1733
2026-03-18,home,webinar,desktop,94,32,23,8,0,0,0,1345
2026-03-18,home,webinar,mobile,61,27,16,4,0,0,0,2117
2026-03-18,home,partner,desktop,63,23,22,9,0,0,0,1281
2026-03-18,home,partner,mobile,41,17,11,8,0,0,0,2099
2026-03-18,home,email,desktop,105,46,24,9,0,0,1,1420
2026-03-18,home,email,mobile,75,30,27,6,0,0,0,2127
2026-03-18,pricing,paid_search,desktop,442,206,115,47,0,0,0,1320
2026-03-18,pricing,paid_search,mobile,253,137,52,17,0,0,1,2016
2026-03-18,pricing,paid_social,desktop,108,29,28,7,0,0,0,1169
2026-03-18,pricing,paid_social,mobile,141,64,30,6,0,0,0,2132
2026-03-18,pricing,organic,desktop,306,130,75,46,0,0,2,1242
2026-03-18,pricing,organic,mobile,195,79,67,27,0,0,2,2125
2026-03-18,pricing,webinar,desktop,64,30,20,7,0,0,0,1090
2026-03-18,pricing,webinar,mobile,43,13,15,6,0,0,0,2118
2026-03-18,pricing,partner,desktop,41,12,14,9,0,0,0,1294
2026-03-18,pricing,partner,mobile,17,7,6,2,0,0,0,2111
2026-03-18,pricing,email,desktop,79,33,18,12,0,0,0,1324
2026-03-18,pricing,email,mobile,54,24,9,10,0,0,1,2181
2026-03-18,demo,paid_search,desktop,280,89,87,39,87,51,1,1463
2026-03-18,demo,paid_search,mobile,157,65,34,21,44,7,3,4728
2026-03-18,demo,paid_social,desktop,73,23,25,5,21,10,1,1505
2026-03-18,demo,paid_social,mobile,111,39,30,18,44,6,4,4769
2026-03-18,demo,organic,desktop,293,93,82,36,79,46,0,1249
2026-03-18,demo,organic,mobile,151,57,48,15,58,14,4,5070
2026-03-18,demo,webinar,desktop,53,10,24,6,22,10,0,1378
2026-03-18,demo,webinar,mobile,36,12,6,7,14,3,0,4658
2026-03-18,demo,partner,desktop,26,6,11,3,9,5,0,1565
2026-03-18,demo,partner,mobile,13,4,4,0,5,1,1,4716
2026-03-18,demo,email,desktop,49,7,18,6,12,6,0,1433
2026-03-18,demo,email,mobile,43,18,11,4,18,6,0,5200
2026-03-18,features,paid_search,desktop,178,56,61,26,0,0,0,1245
2026-03-18,features,paid_search,mobile,127,49,38,17,0,0,2,2224
2026-03-18,features,paid_social,desktop,113,37,30,16,0,0,0,1318
2026-03-18,features,paid_social,mobile,140,57,34,17,0,0,1,2320
2026-03-18,features,organic,desktop,285,97,81,31,0,0,2,1242
2026-03-18,features,organic,mobile,209,76,58,25,0,0,0,1993
2026-03-18,features,webinar,desktop,79,34,18,8,0,0,0,1330
2026-03-18,features,webinar,mobile,45,19,12,1,0,0,0,1937
2026-03-18,features,partner,desktop,36,14,8,4,0,0,1,1430
2026-03-18,features,partner,mobile,16,3,5,1,0,0,0,2053
2026-03-18,features,email,desktop,74,28,21,6,0,0,0,1479
2026-03-18,features,email,mobile,54,22,15,9,0,0,0,1933
2026-03-18,compare,paid_search,desktop,105,60,16,12,0,0,1,1409
2026-03-18,compare,paid_search,mobile,70,26,19,8,0,0,1,2058
2026-03-18,compare,paid_social,desktop,40,20,9,3,0,0,0,1238
2026-03-18,compare,paid_social,mobile,85,33,26,14,0,0,0,2175
2026-03-18,compare,organic,desktop,167,78,39,19,0,0,0,1315
2026-03-18,compare,organic,mobile,113,54,33,13,0,0,0,2194
2026-03-18,compare,webinar,desktop,35,12,11,2,0,0,0,1227
2026-03-18,compare,webinar,mobile,25,15,5,3,0,0,0,1840
2026-03-18,compare,partner,desktop,15,4,6,0,0,0,0,1368
2026-03-18,compare,partner,mobile,10,2,5,1,0,0,0,1987
2026-03-18,compare,email,desktop,44,17,9,8,0,0,0,1305
2026-03-18,compare,email,mobile,19,8,4,0,0,0,0,2203
2026-03-19,home,paid_search,desktop,286,112,85,26,0,0,0,1316
2026-03-19,home,paid_search,mobile,189,81,45,17,0,0,1,2067
2026-03-19,home,paid_social,desktop,153,61,46,17,0,0,4,1242
2026-03-19,home,paid_social,mobile,272,119,67,40,0,0,2,2284
2026-03-19,home,organic,desktop,466,171,141,55,0,0,1,1380
2026-03-19,home,organic,mobile,307,117,85,34,0,0,1,2294
2026-03-19,home,webinar,desktop,124,47,34,13,0,0,0,1184
2026-03-19,home,webinar,mobile,78,33,19,9,0,0,0,1991
2026-03-19,home,partner,desktop,68,24,17,8,0,0,0,1260
2026-03-19,home,partner,mobile,41,16,11,3,0,0,0,2158
2026-03-19,home,email,desktop,109,41,33,8,0,0,1,1475
2026-03-19,home,email,mobile,94,48,16,10,0,0,1,2110
2026-03-19,pricing,paid_search,desktop,443,200,112,43,0,0,3,1255
2026-03-19,pricing,paid_search,mobile,192,97,45,12,0,0,0,2142
2026-03-19,pricing,paid_social,desktop,98,38,22,12,0,0,0,1158
2026-03-19,pricing,paid_social,mobile,136,63,34,11,0,0,0,1745
2026-03-19,pricing,organic,desktop,378,147,104,51,0,0,5,1177
2026-03-19,pricing,organic,mobile,194,85,52,27,0,0,1,2030
2026-03-19,pricing,webinar,desktop,78,33,23,10,0,0,0,1345
2026-03-19,pricing,webinar,mobile,36,20,9,3,0,0,0,2287
2026-03-19,pricing,partner,desktop,34,9,11,6,0,0,0,1438
2026-03-19,pricing,partner,mobile,32,14,8,5,0,0,1,2251
2026-03-19,pricing,email,desktop,54,19,16,8,0,0,0,1164
2026-03-19,pricing,email,mobile,42,18,6,5,0,0,0,2063
2026-03-19,demo,paid_search,desktop,327,104,109,37,107,66,0,1559
2026-03-19,demo,paid_search,mobile,172,59,47,25,65,14,7,4261
2026-03-19,demo,paid_social,desktop,61,19,19,10,22,15,0,1401
2026-03-19,demo,paid_social,mobile,109,39,33,11,41,7,3,4809
2026-03-19,demo,organic,desktop,270,89,72,39,91,57,0,1489
2026-03-19,demo,organic,mobile,120,43,34,18,44,12,4,3719
2026-03-19,demo,webinar,desktop,67,22,21,8,12,7,0,1468
2026-03-19,demo,webinar,mobile,33,10,9,5,11,3,1,4333
2026-03-19,demo,partner,desktop,21,10,4,2,4,3,0,1497
2026-03-19,demo,partner,mobile,14,6,4,2,5,0,0,4316
2026-03-19,demo,email,desktop,57,23,19,6,15,10,0,1412
2026-03-19,demo,email,mobile,44,16,11,3,20,3,1,4046
2026-03-19,features,paid_search,desktop,269,93,90,30,0,0,2,1192
2026-03-19,features,paid_search,mobile,104,45,24,7,0,0,1,2180
2026-03-19,features,paid_social,desktop,105,33,37,14,0,0,0,1229
2026-03-19,features,paid_social,mobile,185,63,50,18,0,0,0,2200
2026-03-19,features,organic,desktop,283,108,79,37,0,0,0,1331
2026-03-19,features,organic,mobile,157,65,38,19,0,0,2,2073
2026-03-19,features,webinar,desktop,78,33,20,5,0,0,0,1075
2026-03-19,features,webinar,mobile,43,16,15,4,0,0,1,2126
2026-03-19,features,partner,desktop,38,14,13,3,0,0,0,1373
2026-03-19,features,partner,mobile,16,4,5,2,0,0,0,2184
2026-03-19,features,email,desktop,49,17,13,3,0,0,1,1211
2026-03-19,features,email,mobile,43,14,13,7,0,0,0,2138
2026-03-19,compare,paid_search,desktop,133,61,36,11,0,0,0,1279
2026-03-19,compare,paid_search,mobile,69,31,23,11,0,0,1,2122
2026-03-19,compare,paid_social,desktop,55,26,14,9,0,0,1,1425
2026-03-19,compare,paid_social,mobile,60,31,13,9,0,0,1,2145
2026-03-19,compare,organic,desktop,175,75,51,23,0,0,0,1245
2026-03-19,compare,organic,mobile,76,31,22,14,0,0,0,2188
2026-03-19,compare,webinar,desktop,38,16,6,6,0,0,0,1309
2026-03-19,compare,webinar,mobile,16,6,4,1,0,0,0,2266
2026-03-19,compare,partner,desktop,16,8,2,3,0,0,0,1184
2026-03-19,compare,partner,mobile,9,4,3,3,0,0,0,1901
2026-03-19,compare,email,desktop,41,19,12,7,0,0,0,1274
2026-03-19,compare,email,mobile,25,14,6,3,0,0,0,1807
2026-03-20,home,paid_search,desktop,373,140,106,56,0,0,1,1255
2026-03-20,home,paid_search,mobile,188,72,52,17,0,0,0,2130
2026-03-20,home,paid_social,desktop,175,71,49,17,0,0,0,1413
2026-03-20,home,paid_social,mobile,332,151,72,40,0,0,1,2036
2026-03-20,home,organic,desktop,585,227,164,72,0,0,4,1389
2026-03-20,home,organic,mobile,315,135,71,30,0,0,1,2134
2026-03-20,home,webinar,desktop,156,61,40,12,0,0,1,1285
2026-03-20,home,webinar,mobile,69,34,12,9,0,0,0,1933
2026-03-20,home,partner,desktop,58,23,10,1,0,0,0,1237
2026-03-20,home,partner,mobile,39,19,11,2,0,0,0,2006
2026-03-20,home,email,desktop,137,62,32,21,0,0,0,1266
2026-03-20,home,email,mobile,75,30,21,11,0,0,0,2007
2026-03-20,pricing,paid_search,desktop,426,169,105,40,0,0,2,1386
2026-03-20,pricing,paid_search,mobile,210,93,53,13,0,0,0,2073
2026-03-20,pricing,paid_social,desktop,96,40,28,10,0,0,1,1468
2026-03-20,pricing,paid_social,mobile,161,74,43,21,0,0,0,1945
2026-03-20,pricing,organic,desktop,288,107,74,40,0,0,2,1381
2026-03-20,pricing,organic,mobile,167,68,39,15,0,0,0,1906
2026-03-20,pricing,webinar,desktop,101,42,31,10,0,0,0,1272
2026-03-20,pricing,webinar,mobile,30,12,8,2,0,0,0,2056
2026-03-20,pricing,partner,desktop,32,20,5,2,0,0,0,1276
2026-03-20,pricing,partner,mobile,25,11,4,4,0,0,0,2277
2026-03-20,pricing,email,desktop,50,17,17,5,0,0,0,1308
2026-03-20,pricing,email,mobile,60,26,15,7,0,0,1,2377
2026-03-20,demo,paid_search,desktop,272,103,93,40,78,54,1,1538
2026-03-20,demo,paid_search,mobile,128,44,41,22,44,10,6,4761
2026-03-20,demo,paid_social,desktop,94,34,29,9,26,18,0,1508
2026-03-20,demo,paid_social,mobile,139,55,35,21,47,11,4,4333
2026-03-20,demo,organic,desktop,262,67,92,32,66,40,2,1389
2026-03-20,demo,organic,mobile,134,48,44,19,58,4,5,4730
2026-03-20,demo,webinar,desktop,58,15,19,5,18,8,0,1445
2026-03-20,demo,webinar,mobile,33,13,11,4,16,1,0,5021
2026-03-20,demo,partner,desktop,22,6,7,3,8,7,0,1303
2026-03-20,demo,partner,mobile,18,6,7,3,6,3,1,4942
2026-03-20,demo,email,desktop,52,13,18,8,22,15,1,1536
2026-03-20,demo,email,mobile,45,14,12,6,17,4,1,5056
2026-03-20,features,paid_search,desktop,193,64,68,21,0,0,0,1336
2026-03-20,features,paid_search,mobile,83,34,19,12,0,0,0,2239
2026-03-20,features,paid_social,desktop,98,38,23,10,0,0,1,1066
2026-03-20,features,paid_social,mobile,137,60,36,19,0,0,1,1797
2026-03-20,features,organic,desktop,324,110,95,40,0,0,1,1461
2026-03-20,features,organic,mobile,192,72,45,20,0,0,3,2196
2026-03-20,features,webinar,desktop,57,22,15,8,0,0,0,1326
2026-03-20,features,webinar,mobile,31,12,9,4,0,0,0,2116
2026-03-20,features,partner,desktop,46,10,17,4,0,0,0,1294
2026-03-20,features,partner,mobile,24,11,7,2,0,0,0,2165
2026-03-20,features,email,desktop,67,26,18,10,0,0,1,1325
2026-03-20,features,email,mobile,56,23,10,3,0,0,0,2033
2026-03-20,compare,paid_search,desktop,132,58,32,21,0,0,0,1321
2026-03-20,compare,paid_search,mobile,66,34,15,10,0,0,0,2131
2026-03-20,compare,paid_social,desktop,68,32,17,3,0,0,0,1238
2026-03-20,compare,paid_social,mobile,86,41,16,12,0,0,0,2272
2026-03-20,compare,organic,desktop,128,63,29,6,0,0,1,1238
2026-03-20,compare,organic,mobile,94,43,24,9,0,0,0,1982
2026-03-20,compare,webinar,desktop,39,16,10,3,0,0,0,1254
2026-03-20,compare,webinar,mobile,15,7,4,3,0,0,0,1868
2026-03-20,compare,partner,desktop,14,6,6,0,0,0,0,1285
2026-03-20,compare,partner,mobile,11,7,1,1,0,0,0,2031
2026-03-20,compare,email,desktop,37,18,10,6,0,0,0,1359
2026-03-20,compare,email,mobile,28,10,7,0,0,0,0,2081
2026-03-21,home,paid_search,desktop,110,41,22,11,0,0,0,1137
2026-03-21,home,paid_search,mobile,66,25,20,17,0,0,1,2027
2026-03-21,home,paid_social,desktop,84,29,25,13,0,0,0,1160
2026-03-21,home,paid_social,mobile,99,36,29,12,0,0,0,2256
2026-03-21,home,organic,desktop,230,86,58,27,0,0,1,1401
2026-03-21,home,organic,mobile,132,47,43,17,0,0,2,2158
2026-03-21,home,webinar,desktop,75,35,17,8,0,0,1,1368
2026-03-21,home,webinar,mobile,22,10,3,0,0,0,0,2113
2026-03-21,home,partner,desktop,21,13,1,2,0,0,0,1326
2026-03-21,home,partner,mobile,11,3,3,1,0,0,0,2000
2026-03-21,home,email,desktop,42,19,10,5,0,0,0,1264
2026-03-21,home,email,mobile,36,15,12,4,0,0,0,2217
2026-03-21,pricing,paid_search,desktop,183,86,45,27,0,0,0,1211
2026-03-21,pricing,paid_search,mobile,75,38,18,1,0,0,2,2122
2026-03-21,pricing,paid_social,desktop,44,26,8,5,0,0,0,1239
2026-03-21,pricing,paid_social,mobile,61,30,9,4,0,0,0,1995
2026-03-21,pricing,organic,desktop,138,56,28,15,0,0,0,1406
2026-03-21,pricing,organic,mobile,63,32,12,6,0,0,0,2181
2026-03-21,pricing,webinar,desktop,20,10,4,0,0,0,0,1325
2026-03-21,pricing,webinar,mobile,13,7,3,0,0,0,0,1945
2026-03-21,pricing,partner,desktop,18,8,6,3,0,0,1,1300
2026-03-21,pricing,partner,mobile,5,1,2,0,0,0,0,2051
2026-03-21,pricing,email,desktop,24,6,6,5,0,0,0,1181
2026-03-21,pricing,email,mobile,20,8,3,6,0,0,0,2183
2026-03-21,demo,paid_search,desktop,126,35,45,20,40,24,0,1448
2026-03-21,demo,paid_search,mobile,47,26,9,6,13,1,1,4081
2026-03-21,demo,paid_social,desktop,38,9,11,5,10,8,1,1380
2026-03-21,demo,paid_social,mobile,42,11,13,6,8,1,0,5397
2026-03-21,demo,organic,desktop,102,37,26,5,24,15,0,1424
2026-03-21,demo,organic,mobile,50,16,15,3,17,4,3,5395
2026-03-21,demo,webinar,desktop,22,10,4,0,12,6,1,1436
2026-03-21,demo,webinar,mobile,9,2,2,2,3,1,0,4993
2026-03-21,demo,partner,desktop,13,3,3,0,6,5,0,1379
2026-03-21,demo,partner,mobile,11,1,5,3,6,2,0,4491
2026-03-21,demo,email,desktop,16,3,7,2,4,2,0,1303
2026-03-21,demo,email,mobile,22,7,7,7,4,1,0,5182
2026-03-21,features,paid_search,desktop,76,28,31,11,0,0,1,1278
2026-03-21,features,paid_search,mobile,26,6,9,1,0,0,0,2021
2026-03-21,features,paid_social,desktop,41,14,10,5,0,0,0,1476
2026-03-21,features,paid_social,mobile,59,23,19,4,0,0,1,2423
2026-03-21,features,organic,desktop,138,52,33,11,0,0,0,1320
2026-03-21,features,organic,mobile,69,31,17,8,0,0,0,1840
2026-03-21,features,webinar,desktop,18,9,2,2,0,0,1,1290
2026-03-21,features,webinar,mobile,18,5,8,2,0,0,0,1943
2026-03-21,features,partner,desktop,14,4,6,1,0,0,0,1185
2026-03-21,features,partner,mobile,5,3,2,0,0,0,0,2310
2026-03-21,features,email,desktop,23,6,8,0,0,0,0,1182
2026-03-21,features,email,mobile,12,6,2,3,0,0,0,1994
2026-03-21,compare,paid_search,desktop,54,32,7,5,0,0,0,1281
2026-03-21,compare,paid_search,mobile,24,12,6,1,0,0,0,1923
2026-03-21,compare,paid_social,desktop,18,5,5,2,0,0,0,1243
2026-03-21,compare,paid_social,mobile,31,7,10,4,0,0,0,1930
2026-03-21,compare,organic,desktop,79,28,15,10,0,0,1,1179
2026-03-21,compare,organic,mobile,38,21,11,3,0,0,1,2080
2026-03-21,compare,webinar,desktop,22,10,7,2,0,0,0,1296
2026-03-21,compare,webinar,mobile,8,4,2,1,0,0,0,1886
2026-03-21,compare,partner,desktop,6,3,2,0,0,0,0,1174
2026-03-21,compare,partner,mobile,4,4,0,0,0,0,0,1899
2026-03-21,compare,email,desktop,16,8,5,1,0,0,0,1174
2026-03-21,compare,email,mobile,9,6,1,1,0,0,0,2078
2026-03-22,home,paid_search,desktop,138,49,36,20,0,0,2,1325
2026-03-22,home,paid_search,mobile,63,32,11,7,0,0,1,2024
2026-03-22,home,paid_social,desktop,62,26,17,7,0,0,1,1422
2026-03-22,home,paid_social,mobile,98,40,29,8,0,0,0,2310
2026-03-22,home,organic,desktop,233,118,52,29,0,0,3,1122
2026-03-22,home,organic,mobile,116,51,34,12,0,0,0,2115
2026-03-22,home,webinar,desktop,56,19,18,5,0,0,0,1124
2026-03-22,home,webinar,mobile,18,11,4,2,0,0,0,2115
2026-03-22,home,partner,desktop,28,10,6,4,0,0,0,1398
2026-03-22,home,partner,mobile,16,5,6,1,0,0,0,2153
2026-03-22,home,email,desktop,41,13,10,6,0,0,0,1216
2026-03-22,home,email,mobile,48,15,14,7,0,0,0,2280
2026-03-22,pricing,paid_search,desktop,176,92,36,19,0,0,1,1222
2026-03-22,pricing,paid_search,mobile,73,33,24,7,0,0,0,2133
2026-03-22,pricing,paid_social,desktop,47,14,16,4,0,0,0,1205
2026-03-22,pricing,paid_social,mobile,59,28,9,6,0,0,0,2148
2026-03-22,pricing,organic,desktop,150,67,42,22,0,0,1,1270
2026-03-22,pricing,organic,mobile,75,27,20,11,0,0,0,1813
2026-03-22,pricing,webinar,desktop,26,11,5,5,0,0,0,1259
2026-03-22,pricing,webinar,mobile,14,6,3,3,0,0,0,2212
2026-03-22,pricing,partner,desktop,15,9,2,3,0,0,0,1422
2026-03-22,pricing,partner,mobile,9,3,4,1,0,0,0,2035
2026-03-22,pricing,email,desktop,26,13,7,2,0,0,0,1406
2026-03-22,pricing,email,mobile,23,12,7,5,0,0,0,2011
2026-03-22,demo,paid_search,desktop,96,33,21,14,33,19,0,1630
2026-03-22,demo,paid_search,mobile,59,18,13,2,18,6,2,4527
2026-03-22,demo,paid_social,desktop,29,13,8,2,5,4,0,1406
2026-03-22,demo,paid_social,mobile,50,21,14,6,22,6,2,4337
2026-03-22,demo,organic,desktop,94,25,27,13,30,17,0,1376
2026-03-22,demo,organic,mobile,56,23,18,3,17,3,1,5028
2026-03-22,demo,webinar,desktop,18,2,8,2,4,2,0,1715
2026-03-22,demo,webinar,mobile,8,2,4,1,4,2,1,4541
2026-03-22,demo,partner,desktop,8,3,2,1,1,0,0,1157
2026-03-22,demo,partner,mobile,4,2,0,0,2,0,0,5247
2026-03-22,demo,email,desktop,28,9,11,1,8,5,0,1405
2026-03-22,demo,email,mobile,13,6,4,1,6,1,0,5314
2026-03-22,features,paid_search,desktop,73,31,19,6,0,0,0,1183
2026-03-22,features,paid_search,mobile,56,15,15,7,0,0,1,2438
2026-03-22,features,paid_social,desktop,38,11,10,5,0,0,0,1238
2026-03-22,features,paid_social,mobile,56,19,14,1,0,0,0,2067
2026-03-22,features,organic,desktop,106,33,30,19,0,0,0,1311
2026-03-22,features,organic,mobile,83,32,22,8,0,0,0,1910
2026-03-22,features,webinar,desktop,28,5,9,2,0,0,0,1264
2026-03-22,features,webinar,mobile,16,10,2,2,0,0,0,1813
2026-03-22,features,partner,desktop,10,1,3,1,0,0,0,1365
2026-03-22,features,partner,mobile,11,4,3,3,0,0,0,2024
2026-03-22,features,email,desktop,26,8,8,6,0,0,0,1023
2026-03-22,features,email,mobile,18,7,7,3,0,0,0,2036
2026-03-22,compare,paid_search,desktop,61,27,13,9,0,0,0,1330
2026-03-22,compare,paid_search,mobile,27,16,7,2,0,0,1,2153
2026-03-22,compare,paid_social,desktop,31,15,6,3,0,0,0,1478
2026-03-22,compare,paid_social,mobile,31,14,12,3,0,0,0,2131
2026-03-22,compare,organic,desktop,72,27,22,8,0,0,0,1274
2026-03-22,compare,organic,mobile,35,22,8,4,0,0,0,2077
2026-03-22,compare,webinar,desktop,17,8,6,2,0,0,0,1470
2026-03-22,compare,webinar,mobile,14,7,3,1,0,0,0,1943
2026-03-22,compare,partner,desktop,6,2,2,1,0,0,0,1255
2026-03-22,compare,partner,mobile,2,2,0,1,0,0,0,2223
2026-03-22,compare,email,desktop,16,9,2,2,0,0,1,1321
2026-03-22,compare,email,mobile,11,5,2,1,0,0,0,1917
2026-03-23,home,paid_search,desktop,334,133,93,47,0,0,2,1325
2026-03-23,home,paid_search,mobile,194,82,52,22,0,0,1,2398
2026-03-23,home,paid_social,desktop,201,84,62,21,0,0,0,1291
2026-03-23,home,paid_social,mobile,268,102,91,25,0,0,1,2028
2026-03-23,home,organic,desktop,522,203,147,53,0,0,3,1300
2026-03-23,home,organic,mobile,361,155,93,45,0,0,0,2067
2026-03-23,home,webinar,desktop,139,54,35,11,0,0,1,1528
2026-03-23,home,webinar,mobile,72,31,19,4,0,0,0,2248
2026-03-23,home,partner,desktop,56,17,17,9,0,0,0,1082
2026-03-23,home,partner,mobile,41,17,14,6,0,0,0,2322
2026-03-23,home,email,desktop,92,28,26,8,0,0,1,1251
2026-03-23,home,email,mobile,93,36,22,10,0,0,0,2140
2026-03-23,pricing,paid_search,desktop,373,156,95,46,0,0,1,1400
2026-03-23,pricing,paid_search,mobile,264,116,73,24,0,0,1,2346
2026-03-23,pricing,paid_social,desktop,106,41,27,12,0,0,0,1343
2026-03-23,pricing,paid_social,mobile,141,51,47,15,0,0,0,2107
2026-03-23,pricing,organic,desktop,322,126,85,33,0,0,0,1261
2026-03-23,pricing,organic,mobile,167,63,45,18,0,0,1,2102
2026-03-23,pricing,webinar,desktop,86,35,23,7,0,0,0,1492
2026-03-23,pricing,webinar,mobile,41,17,11,1,0,0,2,1856
2026-03-23,pricing,partner,desktop,26,10,6,3,0,0,0,1282
2026-03-23,pricing,partner,mobile,21,7,4,3,0,0,0,2225
2026-03-23,pricing,email,desktop,44,15,10,7,0,0,0,1525
2026-03-23,pricing,email,mobile,42,22,8,2,0,0,0,2421
2026-03-23,demo,paid_search,desktop,274,75,84,27,93,61,2,1438
2026-03-23,demo,paid_search,mobile,135,45,39,11,47,15,2,5109
2026-03-23,demo,paid_social,desktop,76,25,23,6,24,14,0,1513
2026-03-23,demo,paid_social,mobile,109,44,28,17,45,7,1,4699
2026-03-23,demo,organic,desktop,221,78,70,21,66,37,0,1500
2026-03-23,demo,organic,mobile,147,58,42,16,41,7,3,4626
2026-03-23,demo,webinar,desktop,48,14,13,9,13,10,0,1260
2026-03-23,demo,webinar,mobile,33,11,12,2,9,3,1,5075
2026-03-23,demo,partner,desktop,29,11,12,3,9,5,0,1405
2026-03-23,demo,partner,mobile,16,4,6,5,4,2,0,5177
2026-03-23,demo,email,desktop,50,18,10,5,10,6,0,1444
2026-03-23,demo,email,mobile,44,16,15,6,10,3,2,4521
2026-03-23,features,paid_search,desktop,203,68,63,26,0,0,0,1447
2026-03-23,features,paid_search,mobile,96,31,30,12,0,0,0,2228
2026-03-23,features,paid_social,desktop,106,45,27,12,0,0,0,1389
2026-03-23,features,paid_social,mobile,134,48,44,17,0,0,0,1926
2026-03-23,features,organic,desktop,305,104,97,41,0,0,2,1237
2026-03-23,features,organic,mobile,182,66,54,18,0,0,2,2028
2026-03-23,features,webinar,desktop,69,23,21,10,0,0,1,1306
2026-03-23,features,webinar,mobile,33,14,9,4,0,0,1,2464
2026-03-23,features,partner,desktop,29,6,10,3,0,0,0,1168
2026-03-23,features,partner,mobile,17,9,1,1,0,0,0,2123
2026-03-23,features,email,desktop,57,19,17,4,0,0,0,1206
2026-03-23,features,email,mobile,58,30,8,4,0,0,1,1961
2026-03-23,compare,paid_search,desktop,115,51,28,13,0,0,0,1272
2026-03-23,compare,paid_search,mobile,63,32,9,7,0,0,0,2188
2026-03-23,compare,paid_social,desktop,58,25,15,11,0,0,0,1050
2026-03-23,compare,paid_social,mobile,61,28,14,5,0,0,1,1858
2026-03-23,compare,organic,desktop,162,81,34,14,0,0,1,1248
2026-03-23,compare,organic,mobile,80,42,16,8,0,0,0,2066
2026-03-23,compare,webinar,desktop,34,15,6,4,0,0,0,1205
2026-03-23,compare,webinar,mobile,18,8,5,2,0,0,0,2043
2026-03-23,compare,partner,desktop,20,14,2,4,0,0,1,1261
2026-03-23,compare,partner,mobile,14,5,3,1,0,0,0,2198
2026-03-23,compare,email,desktop,33,14,9,1,0,0,0,1331
2026-03-23,compare,email,mobile,28,11,9,5,0,0,0,2091
2026-03-24,home,paid_search,desktop,323,127,95,30,0,0,3,1426
2026-03-24,home,paid_search,mobile,207,78,55,20,0,0,1,2247
2026-03-24,home,paid_social,desktop,179,71,51,21,0,0,0,1274
2026-03-24,home,paid_social,mobile,197,97,45,29,0,0,1,1881
2026-03-24,home,organic,desktop,608,252,168,62,0,0,4,1281
2026-03-24,home,organic,mobile,380,160,96,38,0,0,0,1859
2026-03-24,home,webinar,desktop,131,50,38,12,0,0,2,1362
2026-03-24,home,webinar,mobile,79,38,21,7,0,0,0,2427
2026-03-24,home,partner,desktop,55,18,9,9,0,0,0,1343
2026-03-24,home,partner,mobile,39,18,8,5,0,0,0,2255
2026-03-24,home,email,desktop,97,34,29,15,0,0,2,1203
2026-03-24,home,email,mobile,87,35,25,8,0,0,0,2132
2026-03-24,pricing,paid_search,desktop,337,165,78,30,0,0,3,1283
2026-03-24,pricing,paid_search,mobile,210,113,45,24,0,0,2,1955
2026-03-24,pricing,paid_social,desktop,95,33,32,12,0,0,1,1285
2026-03-24,pricing,paid_social,mobile,178,78,41,20,0,0,1,1910
2026-03-24,pricing,organic,desktop,369,146,98,49,0,0,1,1391
2026-03-24,pricing,organic,mobile,180,79,51,20,0,0,3,2021
2026-03-24,pricing,webinar,desktop,59,27,11,5,0,0,0,1212
2026-03-24,pricing,webinar,mobile,28,9,10,1,0,0,1,2134
2026-03-24,pricing,partner,desktop,36,13,14,5,0,0,1,1375
2026-03-24,pricing,partner,mobile,18,10,6,3,0,0,0,2271
2026-03-24,pricing,email,desktop,67,27,15,4,0,0,1,1228
2026-03-24,pricing,email,mobile,54,21,16,8,0,0,1,2102
2026-03-24,demo,paid_search,desktop,245,91,72,36,62,40,2,1519
2026-03-24,demo,paid_search,mobile,132,42,37,19,49,8,2,4403
2026-03-24,demo,paid_social,desktop,60,19,23,5,16,12,1,1409
2026-03-24,demo,paid_social,mobile,117,52,31,15,43,7,2,4830
2026-03-24,demo,organic,desktop,226,67,66,29,63,44,0,1290
2026-03-24,demo,organic,mobile,138,60,39,17,51,14,4,5234
2026-03-24,demo,webinar,desktop,56,14,17,4,17,10,0,1367
2026-03-24,demo,webinar,mobile,29,9,7,3,11,2,1,5301
2026-03-24,demo,partner,desktop,32,9,11,0,10,7,0,1282
2026-03-24,demo,partner,mobile,7,2,1,3,4,1,1,3863
2026-03-24,demo,email,desktop,39,12,13,3,9,8,0,1338
2026-03-24,demo,email,mobile,49,21,12,9,17,2,3,4963
2026-03-24,features,paid_search,desktop,234,76,73,32,0,0,0,1248
2026-03-24,features,paid_search,mobile,119,44,34,10,0,0,0,2117
2026-03-24,features,paid_social,desktop,123,38,32,14,0,0,0,1297
2026-03-24,features,paid_social,mobile,137,53,34,16,0,0,1,1950
2026-03-24,features,organic,desktop,296,103,89,31,0,0,1,1591
2026-03-24,features,organic,mobile,200,73,69,20,0,0,1,2082
2026-03-24,features,webinar,desktop,81,25,30,6,0,0,0,1233
2026-03-24,features,webinar,mobile,40,14,17,5,0,0,0,2548
2026-03-24,features,partner,desktop,27,12,4,3,0,0,0,1205
2026-03-24,features,partner,mobile,19,6,7,3,0,0,1,2122
2026-03-24,features,email,desktop,62,20,25,11,0,0,1,1242
2026-03-24,features,email,mobile,61,30,14,5,0,0,0,1899
2026-03-24,compare,paid_search,desktop,131,52,40,17,0,0,1,1400
2026-03-24,compare,paid_search,mobile,72,37,18,7,0,0,0,2109
2026-03-24,compare,paid_social,desktop,48,15,16,6,0,0,0,1172
2026-03-24,compare,paid_social,mobile,98,41,25,8,0,0,1,2441
2026-03-24,compare,organic,desktop,163,69,48,17,0,0,0,1307
2026-03-24,compare,organic,mobile,71,36,8,10,0,0,0,2327
2026-03-24,compare,webinar,desktop,35,15,9,3,0,0,0,1449
2026-03-24,compare,webinar,mobile,19,8,6,2,0,0,0,1847
2026-03-24,compare,partner,desktop,22,9,8,4,0,0,0,1383
2026-03-24,compare,partner,mobile,8,6,2,0,0,0,0,2287
2026-03-24,compare,email,desktop,30,12,7,4,0,0,0,1321
2026-03-24,compare,email,mobile,19,10,4,1,0,0,1,2286
2026-03-25,home,paid_search,desktop,358,141,106,45,0,0,2,1257
2026-03-25,home,paid_search,mobile,194,81,47,19,0,0,1,2380
2026-03-25,home,paid_social,desktop,173,75,46,16,0,0,0,1254
2026-03-25,home,paid_social,mobile,247,109,63,28,0,0,1,2377
2026-03-25,home,organic,desktop,593,235,156,83,0,0,1,1356
2026-03-25,home,organic,mobile,310,153,66,28,0,0,2,2180
2026-03-25,home,webinar,desktop,115,40,35,17,0,0,1,1172
2026-03-25,home,webinar,mobile,93,48,19,17,0,0,0,2364
2026-03-25,home,partner,desktop,69,29,25,4,0,0,0,1212
2026-03-25,home,partner,mobile,41,19,11,4,0,0,1,2404
2026-03-25,home,email,desktop,119,45,30,10,0,0,0,1346
2026-03-25,home,email,mobile,92,40,29,10,0,0,0,2187
2026-03-25,pricing,paid_search,desktop,394,188,94,40,0,0,2,1254
2026-03-25,pricing,paid_search,mobile,222,105,55,20,0,0,4,2046
2026-03-25,pricing,paid_social,desktop,77,32,24,13,0,0,0,1132
2026-03-25,pricing,paid_social,mobile,152,73,37,14,0,0,0,2252
2026-03-25,pricing,organic,desktop,336,119,93,45,0,0,1,1348
2026-03-25,pricing,organic,mobile,222,92,48,21,0,0,1,2385
2026-03-25,pricing,webinar,desktop,73,31,20,10,0,0,0,1279
2026-03-25,pricing,webinar,mobile,56,27,12,5,0,0,0,2460
2026-03-25,pricing,partner,desktop,37,13,11,6,0,0,0,1202
2026-03-25,pricing,partner,mobile,21,10,7,3,0,0,0,2164
2026-03-25,pricing,email,desktop,65,26,19,8,0,0,0,1382
2026-03-25,pricing,email,mobile,64,28,19,8,0,0,0,2201
2026-03-25,demo,paid_search,desktop,247,82,70,21,83,49,0,1367
2026-03-25,demo,paid_search,mobile,144,59,41,13,55,9,6,4308
2026-03-25,demo,paid_social,desktop,76,21,19,8,24,14,0,1413
2026-03-25,demo,paid_social,mobile,121,58,33,16,49,13,4,4625
2026-03-25,demo,organic,desktop,259,75,84,30,77,47,1,1623
2026-03-25,demo,organic,mobile,118,51,28,15,41,8,5,5043
2026-03-25,demo,webinar,desktop,77,15,29,10,24,17,1,1424
2026-03-25,demo,webinar,mobile,22,10,5,4,10,1,0,5393
2026-03-25,demo,partner,desktop,35,16,6,4,8,5,0,1496
2026-03-25,demo,partner,mobile,12,5,3,0,6,2,0,4101
2026-03-25,demo,email,desktop,46,15,18,5,14,6,0,1522
2026-03-25,demo,email,mobile,38,17,10,3,15,3,1,5011
2026-03-25,features,paid_search,desktop,170,64,40,19,0,0,3,1352
2026-03-25,features,paid_search,mobile,119,37,42,13,0,0,0,2112
2026-03-25,features,paid_social,desktop,87,43,17,9,0,0,0,1255
2026-03-25,features,paid_social,mobile,152,44,59,13,0,0,0,1937
2026-03-25,features,organic,desktop,384,118,116,42,0,0,1,1394
2026-03-25,features,organic,mobile,178,80,42,17,0,0,0,2032
2026-03-25,features,webinar,desktop,62,23,17,9,0,0,0,1237
2026-03-25,features,webinar,mobile,39,12,8,5,0,0,1,2629
2026-03-25,features,partner,desktop,34,18,10,6,0,0,0,1258
2026-03-25,features,partner,mobile,24,6,8,2,0,0,0,2004
2026-03-25,features,email,desktop,61,22,18,8,0,0,4,1371
2026-03-25,features,email,mobile,56,16,16,11,0,0,0,2057
2026-03-25,compare,paid_search,desktop,163,66,44,17,0,0,0,1460
2026-03-25,compare,paid_search,mobile,69,31,15,12,0,0,1,2198
2026-03-25,compare,paid_social,desktop,48,19,16,4,0,0,0,1321
2026-03-25,compare,paid_social,mobile,87,38,30,7,0,0,0,2240
2026-03-25,compare,organic,desktop,199,89,46,27,0,0,0,1348
2026-03-25,compare,organic,mobile,85,38,26,16,0,0,1,1979
2026-03-25,compare,webinar,desktop,37,18,7,6,0,0,1,1342
2026-03-25,compare,webinar,mobile,22,12,7,0,0,0,0,1908
2026-03-25,compare,partner,desktop,20,11,4,1,0,0,0,1175
2026-03-25,compare,partner,mobile,11,7,1,2,0,0,0,2003
2026-03-25,compare,email,desktop,23,8,8,4,0,0,0,1278
2026-03-25,compare,email,mobile,34,19,4,3,0,0,0,2122
2026-03-26,home,paid_search,desktop,330,118,104,29,0,0,2,1014
2026-03-26,home,paid_search,mobile,206,97,48,19,0,0,1,2031
2026-03-26,home,paid_social,desktop,145,57,31,17,0,0,1,1142
2026-03-26,home,paid_social,mobile,276,131,60,34,0,0,2,2203
2026-03-26,home,organic,desktop,606,256,161,75,0,0,2,1254
2026-03-26,home,organic,mobile,325,148,81,35,0,0,1,2064
2026-03-26,home,webinar,desktop,135,51,46,10,0,0,0,1191
2026-03-26,home,webinar,mobile,72,36,14,11,0,0,0,2201
2026-03-26,home,partner,desktop,60,18,21,10,0,0,0,1150
2026-03-26,home,partner,mobile,35,14,12,5,0,0,0,2048
2026-03-26,home,email,desktop,120,53,29,18,0,0,2,1245
2026-03-26,home,email,mobile,96,48,28,10,0,0,1,2389
2026-03-26,pricing,paid_search,desktop,406,192,90,41,0,0,1,1102
2026-03-26,pricing,paid_search,mobile,176,74,42,20,0,0,0,2364
2026-03-26,pricing,paid_social,desktop,99,43,19,12,0,0,0,1267
2026-03-26,pricing,paid_social,mobile,171,65,43,23,0,0,0,2062
2026-03-26,pricing,organic,desktop,345,145,103,48,0,0,1,1429
2026-03-26,pricing,organic,mobile,190,69,57,25,0,0,1,2254
2026-03-26,pricing,webinar,desktop,70,26,32,3,0,0,0,1322
2026-03-26,pricing,webinar,mobile,48,22,11,10,0,0,0,2197
2026-03-26,pricing,partner,desktop,50,20,17,4,0,0,0,1117
2026-03-26,pricing,partner,mobile,19,7,7,1,0,0,0,1914
2026-03-26,pricing,email,desktop,62,22,19,6,0,0,0,1357
2026-03-26,pricing,email,mobile,55,22,16,10,0,0,1,1927
2026-03-26,demo,paid_search,desktop,276,78,82,36,96,56,1,1406
2026-03-26,demo,paid_search,mobile,131,46,32,13,46,11,4,4657
2026-03-26,demo,paid_social,desktop,71,26,18,11,26,21,1,1253
2026-03-26,demo,paid_social,mobile,123,52,25,9,45,11,7,5213
2026-03-26,demo,organic,desktop,229,63,76,31,68,36,0,1484
2026-03-26,demo,organic,mobile,135,50,39,17,65,20,7,4750
2026-03-26,demo,webinar,desktop,52,18,13,5,17,10,0,1587
2026-03-26,demo,webinar,mobile,22,12,6,3,8,2,2,4230
2026-03-26,demo,partner,desktop,32,10,12,5,13,9,0,1303
2026-03-26,demo,partner,mobile,16,6,6,0,8,1,0,4521
2026-03-26,demo,email,desktop,49,15,15,10,13,9,0,1369
2026-03-26,demo,email,mobile,37,15,11,3,16,4,2,4737
2026-03-26,features,paid_search,desktop,218,69,57,28,0,0,0,1393
2026-03-26,features,paid_search,mobile,123,47,30,15,0,0,0,2482
2026-03-26,features,paid_social,desktop,133,49,41,13,0,0,0,1367
2026-03-26,features,paid_social,mobile,124,42,35,10,0,0,0,2111
2026-03-26,features,organic,desktop,350,122,100,44,0,0,2,1457
2026-03-26,features,organic,mobile,183,71,50,23,0,0,0,2135
2026-03-26,features,webinar,desktop,70,26,22,10,0,0,0,1309
2026-03-26,features,webinar,mobile,29,10,7,3,0,0,0,2159
2026-03-26,features,partner,desktop,28,14,7,2,0,0,0,1338
2026-03-26,features,partner,mobile,20,7,5,0,0,0,0,2261
2026-03-26,features,email,desktop,58,23,14,5,0,0,1,1082
2026-03-26,features,email,mobile,40,19,9,4,0,0,0,2194
2026-03-26,compare,paid_search,desktop,137,57,43,14,0,0,0,1324
2026-03-26,compare,paid_search,mobile,87,39,19,5,0,0,1,2069
2026-03-26,compare,paid_social,desktop,45,18,13,3,0,0,0,1402
2026-03-26,compare,paid_social,mobile,61,32,12,7,0,0,0,2239
2026-03-26,compare,organic,desktop,178,81,52,19,0,0,1,1244
2026-03-26,compare,organic,mobile,83,34,21,12,0,0,0,2115
2026-03-26,compare,webinar,desktop,43,15,14,3,0,0,0,1365
2026-03-26,compare,webinar,mobile,17,9,5,1,0,0,0,2078
2026-03-26,compare,partner,desktop,23,9,8,2,0,0,0,1211
2026-03-26,compare,partner,mobile,9,3,3,1,0,0,0,2125
2026-03-26,compare,email,desktop,24,12,6,5,0,0,0,1453
2026-03-26,compare,email,mobile,31,15,7,4,0,0,0,2067
2026-03-27,home,paid_search,desktop,383,151,101,45,0,0,2,1357
2026-03-27,home,paid_search,mobile,162,77,48,21,0,0,1,2506
2026-03-27,home,paid_social,desktop,174,69,49,30,0,0,0,1074
2026-03-27,home,paid_social,mobile,225,94,57,23,0,0,0,2246
2026-03-27,home,organic,desktop,662,290,155,78,0,0,5,1218
2026-03-27,home,organic,mobile,286,140,69,41,0,0,1,1994
2026-03-27,home,webinar,desktop,147,57,35,9,0,0,0,1271
2026-03-27,home,webinar,mobile,53,25,14,6,0,0,0,1976
2026-03-27,home,partner,desktop,78,43,15,8,0,0,0,1364
2026-03-27,home,partner,mobile,35,14,11,4,0,0,1,1893
2026-03-27,home,email,desktop,91,49,21,8,0,0,0,1385
2026-03-27,home,email,mobile,98,46,21,12,0,0,0,2282
2026-03-27,pricing,paid_search,desktop,403,177,98,42,0,0,2,1134
2026-03-27,pricing,paid_search,mobile,234,97,70,23,0,0,1,1849
2026-03-27,pricing,paid_social,desktop,90,50,14,13,0,0,1,1244
2026-03-27,pricing,paid_social,mobile,159,67,41,22,0,0,1,2281
2026-03-27,pricing,organic,desktop,375,140,111,56,0,0,1,1224
2026-03-27,pricing,organic,mobile,188,90,45,26,0,0,2,2132
2026-03-27,pricing,webinar,desktop,64,27,16,8,0,0,0,1147
2026-03-27,pricing,webinar,mobile,38,12,10,0,0,0,0,1963
2026-03-27,pricing,partner,desktop,31,19,8,4,0,0,0,1191
2026-03-27,pricing,partner,mobile,32,14,7,3,0,0,1,1966
2026-03-27,pricing,email,desktop,63,25,19,4,0,0,0,1289
2026-03-27,pricing,email,mobile,40,16,10,3,0,0,0,2129
2026-03-27,demo,paid_search,desktop,275,78,91,31,72,49,2,1435
2026-03-27,demo,paid_search,mobile,152,50,51,25,55,8,3,4329
2026-03-27,demo,paid_social,desktop,78,22,26,8,25,12,0,1557
2026-03-27,demo,paid_social,mobile,107,38,32,11,34,6,1,4692
2026-03-27,demo,organic,desktop,239,66,74,30,57,35,0,1533
2026-03-27,demo,organic,mobile,128,47,37,21,42,6,7,5102
2026-03-27,demo,webinar,desktop,59,17,13,6,20,14,0,1470
2026-03-27,demo,webinar,mobile,23,7,7,2,6,1,0,5334
2026-03-27,demo,partner,desktop,43,15,9,5,12,8,0,1317
2026-03-27,demo,partner,mobile,12,2,4,0,3,0,0,5014
2026-03-27,demo,email,desktop,48,15,18,3,16,10,0,1117
2026-03-27,demo,email,mobile,37,16,9,4,11,1,1,4912
2026-03-27,features,paid_search,desktop,206,62,76,33,0,0,0,1352
2026-03-27,features,paid_search,mobile,112,37,24,12,0,0,0,1967
2026-03-27,features,paid_social,desktop,91,36,29,10,0,0,0,1314
2026-03-27,features,paid_social,mobile,122,48,29,9,0,0,1,1806
2026-03-27,features,organic,desktop,364,123,92,45,0,0,2,1186
2026-03-27,features,organic,mobile,158,68,48,14,0,0,0,2097
2026-03-27,features,webinar,desktop,85,24,28,13,0,0,1,1167
2026-03-27,features,webinar,mobile,24,6,6,4,0,0,0,2432
2026-03-27,features,partner,desktop,36,13,12,2,0,0,0,1358
2026-03-27,features,partner,mobile,13,6,3,4,0,0,0,2086
2026-03-27,features,email,desktop,76,30,21,7,0,0,1,1324
2026-03-27,features,email,mobile,63,26,18,7,0,0,0,2169
2026-03-27,compare,paid_search,desktop,155,69,44,17,0,0,3,1180
2026-03-27,compare,paid_search,mobile,78,44,14,9,0,0,0,2186
2026-03-27,compare,paid_social,desktop,45,24,8,5,0,0,1,1342
2026-03-27,compare,paid_social,mobile,85,42,22,17,0,0,1,2000
2026-03-27,compare,organic,desktop,184,87,42,28,0,0,1,1351
2026-03-27,compare,organic,mobile,89,42,20,8,0,0,0,2059
2026-03-27,compare,webinar,desktop,29,14,7,3,0,0,0,1354
2026-03-27,compare,webinar,mobile,22,12,4,4,0,0,0,2304
2026-03-27,compare,partner,desktop,17,9,3,2,0,0,0,1298
2026-03-27,compare,partner,mobile,5,4,1,1,0,0,0,2415
2026-03-27,compare,email,desktop,32,12,8,4,0,0,0,1257
2026-03-27,compare,email,mobile,27,11,9,6,0,0,0,1925
2026-03-28,home,paid_search,desktop,145,58,46,17,0,0,1,1324
2026-03-28,home,paid_search,mobile,58,26,14,6,0,0,0,1927
2026-03-28,home,paid_social,desktop,68,35,17,6,0,0,0,1345
2026-03-28,home,paid_social,mobile,99,36,27,9,0,0,0,1907
2026-03-28,home,organic,desktop,205,80,52,33,0,0,0,1375
2026-03-28,home,organic,mobile,119,53,30,14,0,0,0,2062
2026-03-28,home,webinar,desktop,76,29,20,9,0,0,0,1485
2026-03-28,home,webinar,mobile,19,8,2,3,0,0,0,2366
2026-03-28,home,partner,desktop,26,13,6,5,0,0,0,1413
2026-03-28,home,partner,mobile,13,5,6,1,0,0,0,1933
2026-03-28,home,email,desktop,62,29,19,10,0,0,0,1214
2026-03-28,home,email,mobile,40,21,11,3,0,0,1,2121
2026-03-28,pricing,paid_search,desktop,165,75,45,13,0,0,1,1362
2026-03-28,pricing,paid_search,mobile,92,46,27,3,0,0,0,2100
2026-03-28,pricing,paid_social,desktop,42,16,14,3,0,0,0,1280
2026-03-28,pricing,paid_social,mobile,68,29,15,9,0,0,0,2195
2026-03-28,pricing,organic,desktop,131,55,37,17,0,0,2,1451
2026-03-28,pricing,organic,mobile,73,30,15,10,0,0,0,2412
2026-03-28,pricing,webinar,desktop,23,9,8,3,0,0,0,1483
2026-03-28,pricing,webinar,mobile,22,10,4,2,0,0,0,1804
2026-03-28,pricing,partner,desktop,18,4,5,1,0,0,0,989
2026-03-28,pricing,partner,mobile,7,1,1,0,0,0,0,2210
2026-03-28,pricing,email,desktop,21,9,5,4,0,0,0,1411
2026-03-28,pricing,email,mobile,18,9,4,2,0,0,0,2268
2026-03-28,demo,paid_search,desktop,94,26,29,12,22,16,1,1509
2026-03-28,demo,paid_search,mobile,49,23,14,8,21,5,4,5210
2026-03-28,demo,paid_social,desktop,33,12,6,5,4,3,0,1402
2026-03-28,demo,paid_social,mobile,48,17,20,6,18,4,0,4954
2026-03-28,demo,organic,desktop,107,35,35,18,35,23,0,1479
2026-03-28,demo,organic,mobile,47,21,13,4,12,2,3,5089
2026-03-28,demo,webinar,desktop,15,4,5,5,3,2,0,1370
2026-03-28,demo,webinar,mobile,13,6,4,3,5,1,0,4409
2026-03-28,demo,partner,desktop,8,2,4,1,2,2,0,1229
2026-03-28,demo,partner,mobile,6,0,3,0,2,1,0,4652
2026-03-28,demo,email,desktop,25,5,4,1,2,1,0,1263
2026-03-28,demo,email,mobile,14,3,6,1,8,1,0,4792
2026-03-28,features,paid_search,desktop,60,22,20,6,0,0,0,1387
2026-03-28,features,paid_search,mobile,43,9,18,3,0,0,0,2156
2026-03-28,features,paid_social,desktop,34,14,9,4,0,0,0,1296
2026-03-28,features,paid_social,mobile,54,21,14,11,0,0,0,2195
2026-03-28,features,organic,desktop,111,38,37,12,0,0,0,1201
2026-03-28,features,organic,mobile,76,34,21,7,0,0,0,2236
2026-03-28,features,webinar,desktop,32,17,8,3,0,0,0,1326
2026-03-28,features,webinar,mobile,11,8,2,0,0,0,0,2005
2026-03-28,features,partner,desktop,20,9,6,1,0,0,0,1387
2026-03-28,features,partner,mobile,11,4,3,0,0,0,0,1583
2026-03-28,features,email,desktop,26,12,6,5,0,0,0,1304
2026-03-28,features,email,mobile,16,6,6,3,0,0,0,2028
2026-03-28,compare,paid_search,desktop,62,31,14,9,0,0,0,1224
2026-03-28,compare,paid_search,mobile,26,10,6,1,0,0,0,2013
2026-03-28,compare,paid_social,desktop,19,7,5,5,0,0,0,1356
2026-03-28,compare,paid_social,mobile,36,15,8,7,0,0,0,2041
2026-03-28,compare,organic,desktop,58,24,13,8,0,0,0,1431
2026-03-28,compare,organic,mobile,32,18,7,7,0,0,0,1876
2026-03-28,compare,webinar,desktop,9,4,0,2,0,0,0,1315
2026-03-28,compare,webinar,mobile,9,6,1,0,0,0,0,1928
2026-03-28,compare,partner,desktop,8,5,2,1,0,0,0,1450
2026-03-28,compare,partner,mobile,3,0,1,0,0,0,0,2198
2026-03-28,compare,email,desktop,11,3,7,1,0,0,1,1192
2026-03-28,compare,email,mobile,8,5,2,1,0,0,0,2212
2026-03-29,home,paid_search,desktop,126,48,42,16,0,0,0,1428
2026-03-29,home,paid_search,mobile,100,51,21,11,0,0,0,2071
2026-03-29,home,paid_social,desktop,86,27,27,18,0,0,0,1298
2026-03-29,home,paid_social,mobile,97,41,24,9,0,0,0,2162
2026-03-29,home,organic,desktop,237,93,70,34,0,0,0,1299
2026-03-29,home,organic,mobile,130,54,37,16,0,0,0,2305
2026-03-29,home,webinar,desktop,44,11,17,2,0,0,0,1326
2026-03-29,home,webinar,mobile,26,11,8,3,0,0,0,2178
2026-03-29,home,partner,desktop,26,12,6,1,0,0,1,1365
2026-03-29,home,partner,mobile,15,3,6,0,0,0,0,2155
2026-03-29,home,email,desktop,53,20,12,7,0,0,0,1309
2026-03-29,home,email,mobile,30,12,7,5,0,0,0,2048
2026-03-29,pricing,paid_search,desktop,137,53,44,15,0,0,0,1336
2026-03-29,pricing,paid_search,mobile,78,27,27,6,0,0,0,2169
2026-03-29,pricing,paid_social,desktop,38,16,9,1,0,0,0,1343
2026-03-29,pricing,paid_social,mobile,51,22,12,5,0,0,0,1810
2026-03-29,pricing,organic,desktop,132,58,39,13,0,0,0,1358
2026-03-29,pricing,organic,mobile,52,19,11,8,0,0,0,2158
2026-03-29,pricing,webinar,desktop,29,6,10,3,0,0,0,1370
2026-03-29,pricing,webinar,mobile,20,13,3,4,0,0,1,1889
2026-03-29,pricing,partner,desktop,15,9,2,0,0,0,0,1293
2026-03-29,pricing,partner,mobile,4,3,0,0,0,0,0,2165
2026-03-29,pricing,email,desktop,19,5,6,0,0,0,0,1318
2026-03-29,pricing,email,mobile,21,5,7,6,0,0,0,2223
2026-03-29,demo,paid_search,desktop,103,29,32,12,34,25,0,1393
2026-03-29,demo,paid_search,mobile,49,15,13,7,14,4,3,4245
2026-03-29,demo,paid_social,desktop,33,7,12,2,11,5,0,1101
2026-03-29,demo,paid_social,mobile,30,13,7,1,12,5,0,4412
2026-03-29,demo,organic,desktop,89,26,29,9,26,17,0,1297
2026-03-29,demo,organic,mobile,42,16,11,2,11,2,5,5212
2026-03-29,demo,webinar,desktop,23,7,8,0,5,3,0,1528
2026-03-29,demo,webinar,mobile,11,5,0,0,4,1,0,5162
2026-03-29,demo,partner,desktop,14,7,3,1,3,3,0,1393
2026-03-29,demo,partner,mobile,6,1,0,0,3,1,1,4183
2026-03-29,demo,email,desktop,23,4,10,3,4,3,0,1345
2026-03-29,demo,email,mobile,16,6,7,2,5,3,0,5459
2026-03-29,features,paid_search,desktop,75,26,22,7,0,0,1,1197
2026-03-29,features,paid_search,mobile,39,15,6,4,0,0,0,2194
2026-03-29,features,paid_social,desktop,49,17,13,11,0,0,0,1299
2026-03-29,features,paid_social,mobile,69,27,15,8,0,0,1,2042
2026-03-29,features,organic,desktop,140,37,42,20,0,0,1,1278
2026-03-29,features,organic,mobile,64,26,18,10,0,0,0,2256
2026-03-29,features,webinar,desktop,22,3,9,1,0,0,0,1132
2026-03-29,features,webinar,mobile,19,4,5,1,0,0,0,2134
2026-03-29,features,partner,desktop,9,3,2,0,0,0,0,1082
2026-03-29,features,partner,mobile,5,2,1,0,0,0,0,2052
2026-03-29,features,email,desktop,23,8,6,5,0,0,0,1364
2026-03-29,features,email,mobile,24,8,6,4,0,0,0,2224
2026-03-29,compare,paid_search,desktop,42,18,14,5,0,0,0,1342
2026-03-29,compare,paid_search,mobile,22,11,2,2,0,0,1,2069
2026-03-29,compare,paid_social,desktop,17,11,3,4,0,0,0,1358
2026-03-29,compare,paid_social,mobile,27,12,10,3,0,0,0,2400
2026-03-29,compare,organic,desktop,56,27,19,6,0,0,0,1355
2026-03-29,compare,organic,mobile,26,7,8,1,0,0,0,1713
2026-03-29,compare,webinar,desktop,15,7,4,1,0,0,0,1336
2026-03-29,compare,webinar,mobile,7,4,2,0,0,0,0,2285
2026-03-29,compare,partner,desktop,7,3,1,0,0,0,0,1318
2026-03-29,compare,partner,mobile,5,3,1,0,0,0,0,1981
2026-03-29,compare,email,desktop,8,4,4,1,0,0,0,1430
2026-03-29,compare,email,mobile,13,4,6,1,0,0,0,2081
2026-03-30,home,paid_search,desktop,344,137,85,30,0,0,0,1170
2026-03-30,home,paid_search,mobile,200,94,49,16,0,0,2,2099
2026-03-30,home,paid_social,desktop,176,79,42,21,0,0,1,1395
2026-03-30,home,paid_social,mobile,260,112,64,30,0,0,2,2104
2026-03-30,home,organic,desktop,503,202,134,68,0,0,1,1235
2026-03-30,home,organic,mobile,296,133,76,29,0,0,0,2202
2026-03-30,home,webinar,desktop,141,64,41,15,0,0,1,1369
2026-03-30,home,webinar,mobile,72,23,21,5,0,0,0,1942
2026-03-30,home,partner,desktop,50,23,17,7,0,0,0,1263
2026-03-30,home,partner,mobile,33,15,8,4,0,0,0,1965
2026-03-30,home,email,desktop,110,54,27,12,0,0,0,1320
2026-03-30,home,email,mobile,91,41,28,4,0,0,0,2382
2026-03-30,pricing,paid_search,desktop,394,177,84,37,0,0,2,1451
2026-03-30,pricing,paid_search,mobile,254,132,45,21,0,0,0,2109
2026-03-30,pricing,paid_social,desktop,105,39,39,11,0,0,1,1137
2026-03-30,pricing,paid_social,mobile,167,72,33,21,0,0,1,2107
2026-03-30,pricing,organic,desktop,299,112,72,39,0,0,1,1276
2026-03-30,pricing,organic,mobile,195,90,50,22,0,0,1,1933
2026-03-30,pricing,webinar,desktop,69,27,23,6,0,0,1,1402
2026-03-30,pricing,webinar,mobile,36,16,7,3,0,0,0,2259
2026-03-30,pricing,partner,desktop,39,15,10,7,0,0,1,1305
2026-03-30,pricing,partner,mobile,26,9,10,7,0,0,0,2068
2026-03-30,pricing,email,desktop,59,23,16,5,0,0,1,1202
2026-03-30,pricing,email,mobile,58,25,16,8,0,0,1,2158
2026-03-30,demo,paid_search,desktop,240,66,75,26,55,31,0,1479
2026-03-30,demo,paid_search,mobile,137,69,39,11,54,8,7,5026
2026-03-30,demo,paid_social,desktop,84,29,23,7,27,15,0,1422
2026-03-30,demo,paid_social,mobile,114,45,35,16,44,6,5,5481
2026-03-30,demo,organic,desktop,272,69,90,42,74,48,2,1446
2026-03-30,demo,organic,mobile,128,50,40,5,48,10,5,4692
2026-03-30,demo,webinar,desktop,61,20,20,8,17,13,1,1335
2026-03-30,demo,webinar,mobile,29,11,12,1,11,5,0,4387
2026-03-30,demo,partner,desktop,31,7,12,3,9,8,1,1641
2026-03-30,demo,partner,mobile,15,4,4,2,6,3,0,5114
2026-03-30,demo,email,desktop,56,14,23,9,12,10,3,1547
2026-03-30,demo,email,mobile,31,12,10,3,13,2,1,4864
2026-03-30,features,paid_search,desktop,187,69,57,23,0,0,1,1329
2026-03-30,features,paid_search,mobile,129,47,40,17,0,0,1,1952
2026-03-30,features,paid_social,desktop,96,30,26,10,0,0,0,1270
2026-03-30,features,paid_social,mobile,137,44,38,16,0,0,0,2048
2026-03-30,features,organic,desktop,293,111,76,38,0,0,2,1196
2026-03-30,features,organic,mobile,185,71,55,18,0,0,1,2186
2026-03-30,features,webinar,desktop,76,24,20,9,0,0,0,1679
2026-03-30,features,webinar,mobile,42,19,15,2,0,0,0,1884
2026-03-30,features,partner,desktop,48,19,10,7,0,0,0,1357
2026-03-30,features,partner,mobile,23,9,5,2,0,0,1,2013
2026-03-30,features,email,desktop,60,23,16,9,0,0,0,1329
2026-03-30,features,email,mobile,58,21,19,4,0,0,0,2382
2026-03-30,compare,paid_search,desktop,149,70,33,20,0,0,0,1122
2026-03-30,compare,paid_search,mobile,83,35,21,14,0,0,0,1909
2026-03-30,compare,paid_social,desktop,34,15,11,7,0,0,0,1268
2026-03-30,compare,paid_social,mobile,88,34,24,14,0,0,0,2105
2026-03-30,compare,organic,desktop,151,81,34,15,0,0,0,1232
2026-03-30,compare,organic,mobile,95,43,27,10,0,0,0,2055
2026-03-30,compare,webinar,desktop,33,20,5,8,0,0,0,1395
2026-03-30,compare,webinar,mobile,12,7,2,0,0,0,1,1906
2026-03-30,compare,partner,desktop,25,11,7,5,0,0,0,1236
2026-03-30,compare,partner,mobile,12,5,2,2,0,0,0,1979
2026-03-30,compare,email,desktop,26,7,4,2,0,0,0,1423
2026-03-30,compare,email,mobile,23,13,8,1,0,0,0,2039
2026-03-31,home,paid_search,desktop,368,139,91,55,0,0,0,1241
2026-03-31,home,paid_search,mobile,208,94,46,24,0,0,0,2057
2026-03-31,home,paid_social,desktop,128,50,39,13,0,0,1,1304
2026-03-31,home,paid_social,mobile,274,107,74,35,0,0,0,2315
2026-03-31,home,organic,desktop,572,243,140,67,0,0,1,1346
2026-03-31,home,organic,mobile,306,134,73,31,0,0,1,2424
2026-03-31,home,webinar,desktop,117,47,31,12,0,0,0,1246
2026-03-31,home,webinar,mobile,73,35,17,12,0,0,0,2249
2026-03-31,home,partner,desktop,51,18,14,8,0,0,0,1448
2026-03-31,home,partner,mobile,31,11,5,3,0,0,0,1890
2026-03-31,home,email,desktop,106,43,25,17,0,0,1,1154
2026-03-31,home,email,mobile,75,29,19,9,0,0,1,2029
2026-03-31,pricing,paid_search,desktop,423,193,109,41,0,0,2,1489
2026-03-31,pricing,paid_search,mobile,216,113,45,18,0,0,1,2130
2026-03-31,pricing,paid_social,desktop,92,46,20,12,0,0,0,1331
2026-03-31,pricing,paid_social,mobile,140,63,39,11,0,0,1,2059
2026-03-31,pricing,organic,desktop,328,140,87,31,0,0,0,1350
2026-03-31,pricing,organic,mobile,163,78,38,19,0,0,0,2124
2026-03-31,pricing,webinar,desktop,70,26,18,6,0,0,1,1158
2026-03-31,pricing,webinar,mobile,34,8,12,6,0,0,0,1719
2026-03-31,pricing,partner,desktop,38,16,10,6,0,0,0,1432
2026-03-31,pricing,partner,mobile,22,9,8,4,0,0,0,1696
2026-03-31,pricing,email,desktop,65,27,21,8,0,0,0,1248
2026-03-31,pricing,email,mobile,53,26,10,6,0,0,0,2002
2026-03-31,demo,paid_search,desktop,281,85,92,28,75,49,2,1374
2026-03-31,demo,paid_search,mobile,118,42,29,19,41,11,4,4774
2026-03-31,demo,paid_social,desktop,88,32,27,11,32,15,0,1553
2026-03-31,demo,paid_social,mobile,107,43,32,9,47,10,5,4929
2026-03-31,demo,organic,desktop,231,68,77,42,64,39,1,1547
2026-03-31,demo,organic,mobile,126,52,33,14,43,13,4,4635
2026-03-31,demo,webinar,desktop,63,17,19,6,13,9,0,1380
2026-03-31,demo,webinar,mobile,25,10,6,5,10,3,0,4345
2026-03-31,demo,partner,desktop,26,4,11,4,9,8,0,1352
2026-03-31,demo,partner,mobile,17,7,4,2,5,0,0,4970
2026-03-31,demo,email,desktop,42,16,14,4,17,10,0,1172
2026-03-31,demo,email,mobile,41,15,11,7,12,2,0,4926
2026-03-31,features,paid_search,desktop,204,66,61,22,0,0,2,1165
2026-03-31,features,paid_search,mobile,118,44,37,12,0,0,0,1977
2026-03-31,features,paid_social,desktop,127,34,44,14,0,0,0,1407
2026-03-31,features,paid_social,mobile,158,50,55,25,0,0,0,1931
2026-03-31,features,organic,desktop,322,114,96,33,0,0,1,1214
2026-03-31,features,organic,mobile,144,59,34,24,0,0,1,2228
2026-03-31,features,webinar,desktop,71,22,18,10,0,0,1,1312
2026-03-31,features,webinar,mobile,42,19,8,3,0,0,1,1824
2026-03-31,features,partner,desktop,33,9,11,3,0,0,0,1264
2026-03-31,features,partner,mobile,18,7,4,3,0,0,0,2032
2026-03-31,features,email,desktop,74,25,28,12,0,0,0,1298
2026-03-31,features,email,mobile,41,15,11,3,0,0,0,2120
2026-03-31,compare,paid_search,desktop,123,57,26,16,0,0,0,1233
2026-03-31,compare,paid_search,mobile,62,27,20,11,0,0,1,2611
2026-03-31,compare,paid_social,desktop,50,21,16,7,0,0,0,1262
2026-03-31,compare,paid_social,mobile,93,47,18,9,0,0,0,2166
2026-03-31,compare,organic,desktop,191,89,54,23,0,0,1,1096
2026-03-31,compare,organic,mobile,83,41,19,11,0,0,1,1995
2026-03-31,compare,webinar,desktop,50,19,16,2,0,0,1,1303
2026-03-31,compare,webinar,mobile,19,8,8,4,0,0,0,1886
2026-03-31,compare,partner,desktop,17,7,7,1,0,0,0,1256
2026-03-31,compare,partner,mobile,7,5,1,2,0,0,0,2135
2026-03-31,compare,email,desktop,26,10,7,8,0,0,0,1155
2026-03-31,compare,email,mobile,21,12,5,0,0,0,0,1987
2026-04-01,home,paid_search,desktop,335,116,88,33,0,0,2,1302
2026-04-01,home,paid_search,mobile,162,63,45,15,0,0,0,2209
2026-04-01,home,paid_social,desktop,178,74,42,18,0,0,0,1366
2026-04-01,home,paid_social,mobile,247,105,66,23,0,0,1,2100
2026-04-01,home,organic,desktop,556,208,148,65,0,0,0,1283
2026-04-01,home,organic,mobile,308,142,82,30,0,0,1,2334
2026-04-01,home,webinar,desktop,121,44,25,16,0,0,0,1481
2026-04-01,home,webinar,mobile,66,25,20,9,0,0,1,2393
2026-04-01,home,partner,desktop,64,23,20,6,0,0,0,1322
2026-04-01,home,partner,mobile,42,13,15,5,0,0,0,2059
2026-04-01,home,email,desktop,108,47,26,12,0,0,0,1309
2026-04-01,home,email,mobile,102,47,26,15,0,0,1,1916
2026-04-01,pricing,paid_search,desktop,420,187,95,41,0,0,2,1235
2026-04-01,pricing,paid_search,mobile,239,136,44,15,0,0,0,2050
2026-04-01,pricing,paid_social,desktop,87,43,17,13,0,0,0,1336
2026-04-01,pricing,paid_social,mobile,124,48,33,9,0,0,0,2229
2026-04-01,pricing,organic,desktop,331,137,92,41,0,0,4,1449
2026-04-01,pricing,organic,mobile,218,97,51,25,0,0,0,2379
2026-04-01,pricing,webinar,desktop,77,36,20,7,0,0,0,1262
2026-04-01,pricing,webinar,mobile,47,19,14,4,0,0,1,2128
2026-04-01,pricing,partner,desktop,33,11,12,5,0,0,0,1432
2026-04-01,pricing,partner,mobile,16,9,2,1,0,0,0,2129
2026-04-01,pricing,email,desktop,68,26,15,11,0,0,0,1186
2026-04-01,pricing,email,mobile,48,20,9,5,0,0,1,2269
2026-04-01,demo,paid_search,desktop,247,73,66,43,73,49,0,1340
2026-04-01,demo,paid_search,mobile,136,50,28,16,42,7,2,4266
2026-04-01,demo,paid_social,desktop,77,26,21,6,25,19,0,1310
2026-04-01,demo,paid_social,mobile,128,56,35,16,46,7,1,4989
2026-04-01,demo,organic,desktop,250,73,86,31,76,44,0,1426
2026-04-01,demo,organic,mobile,150,66,41,12,51,17,2,4613
2026-04-01,demo,webinar,desktop,56,15,19,3,13,10,0,1675
2026-04-01,demo,webinar,mobile,20,6,4,3,5,1,0,4353
2026-04-01,demo,partner,desktop,35,10,16,4,11,8,0,1333
2026-04-01,demo,partner,mobile,17,5,7,2,11,3,1,4691
2026-04-01,demo,email,desktop,71,27,27,8,24,12,0,1248
2026-04-01,demo,email,mobile,30,11,7,5,11,1,1,4657
2026-04-01,features,paid_search,desktop,207,69,66,20,0,0,0,1135
2026-04-01,features,paid_search,mobile,104,44,20,8,0,0,1,2206
2026-04-01,features,paid_social,desktop,125,37,48,14,0,0,0,1323
2026-04-01,features,paid_social,mobile,170,66,52,19,0,0,0,2134
2026-04-01,features,organic,desktop,258,91,68,32,0,0,1,1434
2026-04-01,features,organic,mobile,216,81,57,27,0,0,1,2094
2026-04-01,features,webinar,desktop,87,23,28,12,0,0,0,1130
2026-04-01,features,webinar,mobile,36,12,14,4,0,0,0,2033
2026-04-01,features,partner,desktop,37,16,10,4,0,0,0,1381
2026-04-01,features,partner,mobile,28,7,10,4,0,0,0,1964
2026-04-01,features,email,desktop,56,18,19,14,0,0,0,1314
2026-04-01,features,email,mobile,41,20,9,4,0,0,0,1969
2026-04-01,compare,paid_search,desktop,118,52,36,12,0,0,0,1212
2026-04-01,compare,paid_search,mobile,82,44,13,9,0,0,1,2109
2026-04-01,compare,paid_social,desktop,59,27,11,5,0,0,1,1409
2026-04-01,compare,paid_social,mobile,73,32,20,4,0,0,0,2004
2026-04-01,compare,organic,desktop,178,76,51,29,0,0,1,1434
2026-04-01,compare,organic,mobile,97,40,28,9,0,0,1,2075
2026-04-01,compare,webinar,desktop,33,12,11,4,0,0,0,1251
2026-04-01,compare,webinar,mobile,31,14,10,1,0,0,0,1949
2026-04-01,compare,partner,desktop,27,16,3,4,0,0,0,1308
2026-04-01,compare,partner,mobile,14,8,4,1,0,0,0,2107
2026-04-01,compare,email,desktop,30,12,9,2,0,0,0,1258
2026-04-01,compare,email,mobile,41,19,12,3,0,0,0,1930
2026-04-02,home,paid_search,desktop,308,122,80,38,0,0,0,1071
2026-04-02,home,paid_search,mobile,196,84,54,26,0,0,1,2045
2026-04-02,home,paid_social,desktop,216,88,57,29,0,0,0,1297
2026-04-02,home,paid_social,mobile,279,114,72,33,0,0,0,2340
2026-04-02,home,organic,desktop,643,299,157,78,0,0,6,1302
2026-04-02,home,organic,mobile,293,137,72,25,0,0,1,2280
2026-04-02,home,webinar,desktop,124,49,36,14,0,0,0,1234
2026-04-02,home,webinar,mobile,80,38,17,11,0,0,1,1939
2026-04-02,home,partner,desktop,85,32,28,8,0,0,1,976
2026-04-02,home,partner,mobile,35,19,12,1,0,0,0,2045
2026-04-02,home,email,desktop,116,43,36,17,0,0,0,1407
2026-04-02,home,email,mobile,78,26,23,12,0,0,0,1741
2026-04-02,pricing,paid_search,desktop,345,161,79,21,0,0,0,1289
2026-04-02,pricing,paid_search,mobile,174,81,49,14,0,0,0,2214
2026-04-02,pricing,paid_social,desktop,102,41,34,11,0,0,0,1175
2026-04-02,pricing,paid_social,mobile,178,72,48,19,0,0,1,2189
2026-04-02,pricing,organic,desktop,378,150,100,39,0,0,2,1222
2026-04-02,pricing,organic,mobile,144,64,34,18,0,0,0,2376
2026-04-02,pricing,webinar,desktop,76,30,21,12,0,0,0,1175
2026-04-02,pricing,webinar,mobile,32,13,9,4,0,0,0,2256
2026-04-02,pricing,partner,desktop,38,20,8,3,0,0,0,1076
2026-04-02,pricing,partner,mobile,18,7,7,3,0,0,0,2248
2026-04-02,pricing,email,desktop,67,26,17,7,0,0,0,1277
2026-04-02,pricing,email,mobile,66,28,12,8,0,0,0,2169
2026-04-02,demo,paid_search,desktop,232,73,67,24,63,41,0,1219
2026-04-02,demo,paid_search,mobile,164,55,55,17,57,15,9,4622
2026-04-02,demo,paid_social,desktop,57,22,13,8,16,8,1,1483
2026-04-02,demo,paid_social,mobile,130,62,27,16,56,14,4,4762
2026-04-02,demo,organic,desktop,291,80,99,37,87,58,0,1319
2026-04-02,demo,organic,mobile,153,64,42,7,57,15,4,5346
2026-04-02,demo,webinar,desktop,57,20,16,7,21,14,0,1404
2026-04-02,demo,webinar,mobile,35,13,12,6,10,3,1,5118
2026-04-02,demo,partner,desktop,33,10,14,4,9,5,1,1229
2026-04-02,demo,partner,mobile,11,4,4,1,4,2,0,4696
2026-04-02,demo,email,desktop,54,20,14,6,15,11,2,1307
2026-04-02,demo,email,mobile,50,17,9,3,17,3,0,4591
2026-04-02,features,paid_search,desktop,195,77,51,22,0,0,1,1540
2026-04-02,features,paid_search,mobile,124,36,39,17,0,0,0,2229
2026-04-02,features,paid_social,desktop,118,51,27,20,0,0,0,1289
2026-04-02,features,paid_social,mobile,130,56,34,11,0,0,0,2042
2026-04-02,features,organic,desktop,311,103,97,49,0,0,2,1152
2026-04-02,features,organic,mobile,162,65,40,15,0,0,0,1909
2026-04-02,features,webinar,desktop,57,15,18,3,0,0,0,1368
2026-04-02,features,webinar,mobile,52,22,9,7,0,0,0,2063
2026-04-02,features,partner,desktop,45,13,13,7,0,0,0,1250
2026-04-02,features,partner,mobile,16,7,3,4,0,0,0,1695
2026-04-02,features,email,desktop,70,26,22,4,0,0,1,1277
2026-04-02,features,email,mobile,57,16,15,12,0,0,0,2541
2026-04-02,compare,paid_search,desktop,130,64,26,12,0,0,0,1365
2026-04-02,compare,paid_search,mobile,77,36,21,9,0,0,0,2020
2026-04-02,compare,paid_social,desktop,59,30,14,7,0,0,0,1318
2026-04-02,compare,paid_social,mobile,86,39,22,5,0,0,1,1988
2026-04-02,compare,organic,desktop,193,81,46,24,0,0,1,1492
2026-04-02,compare,organic,mobile,66,34,15,6,0,0,0,2255
2026-04-02,compare,webinar,desktop,40,18,10,7,0,0,0,1328
2026-04-02,compare,webinar,mobile,31,13,12,3,0,0,0,1987
2026-04-02,compare,partner,desktop,12,7,2,0,0,0,0,1374
2026-04-02,compare,partner,mobile,5,4,1,1,0,0,0,2174
2026-04-02,compare,email,desktop,40,21,6,9,0,0,0,1356
2026-04-02,compare,email,mobile,27,13,6,4,0,0,0,2194
2026-04-03,home,paid_search,desktop,374,142,101,48,0,0,0,1290
2026-04-03,home,paid_search,mobile,170,80,40,17,0,0,2,1825
2026-04-03,home,paid_social,desktop,154,63,37,13,0,0,0,1314
2026-04-03,home,paid_social,mobile,319,137,78,31,0,0,1,2013
2026-04-03,home,organic,desktop,582,233,162,71,0,0,4,1159
2026-04-03,home,organic,mobile,300,127,84,27,0,0,0,1801
2026-04-03,home,webinar,desktop,133,46,48,20,0,0,1,1276
2026-04-03,home,webinar,mobile,82,33,22,8,0,0,0,1887
2026-04-03,home,partner,desktop,86,41,30,4,0,0,0,1120
2026-04-03,home,partner,mobile,32,8,9,2,0,0,0,2250
2026-04-03,home,email,desktop,102,47,27,10,0,0,3,1416
2026-04-03,home,email,mobile,98,37,25,13,0,0,1,2230
2026-04-03,pricing,paid_search,desktop,384,199,89,27,0,0,1,1420
2026-04-03,pricing,paid_search,mobile,186,102,42,16,0,0,0,1887
2026-04-03,pricing,paid_social,desktop,85,24,31,7,0,0,0,1281
2026-04-03,pricing,paid_social,mobile,182,85,44,24,0,0,0,2099
2026-04-03,pricing,organic,desktop,333,136,93,38,0,0,4,1336
2026-04-03,pricing,organic,mobile,144,57,36,14,0,0,2,2110
2026-04-03,pricing,webinar,desktop,58,17,15,11,0,0,0,1128
2026-04-03,pricing,webinar,mobile,31,14,3,4,0,0,0,1996
2026-04-03,pricing,partner,desktop,44,19,5,4,0,0,0,1309
2026-04-03,pricing,partner,mobile,22,6,10,2,0,0,0,2028
2026-04-03,pricing,email,desktop,63,30,18,7,0,0,1,1369
2026-04-03,pricing,email,mobile,48,17,13,8,0,0,0,2174
2026-04-03,demo,paid_search,desktop,273,88,79,34,88,52,2,1595
2026-04-03,demo,paid_search,mobile,136,51,47,11,47,10,3,5009
2026-04-03,demo,paid_social,desktop,82,24,26,7,22,18,0,1532
2026-04-03,demo,paid_social,mobile,111,39,36,11,39,11,8,4501
2026-04-03,demo,organic,desktop,254,53,89,31,83,53,1,1565
2026-04-03,demo,organic,mobile,126,44,35,15,50,7,6,5293
2026-04-03,demo,webinar,desktop,49,12,18,4,9,5,0,1373
2026-04-03,demo,webinar,mobile,47,22,13,4,16,3,3,4640
2026-04-03,demo,partner,desktop,27,9,8,2,7,5,0,1367
2026-04-03,demo,partner,mobile,17,9,5,1,6,3,1,4200
2026-04-03,demo,email,desktop,63,24,20,8,19,14,0,1297
2026-04-03,demo,email,mobile,42,15,9,6,12,2,1,4988
2026-04-03,features,paid_search,desktop,243,65,82,30,0,0,3,1427
2026-04-03,features,paid_search,mobile,125,50,33,12,0,0,2,2242
2026-04-03,features,paid_social,desktop,74,31,25,9,0,0,1,1197
2026-04-03,features,paid_social,mobile,158,46,61,22,0,0,0,2303
2026-04-03,features,organic,desktop,322,106,97,37,0,0,0,1403
2026-04-03,features,organic,mobile,172,64,47,19,0,0,0,2145
2026-04-03,features,webinar,desktop,75,24,24,14,0,0,0,1432
2026-04-03,features,webinar,mobile,39,13,8,4,0,0,1,2503
2026-04-03,features,partner,desktop,38,11,18,2,0,0,1,1279
2026-04-03,features,partner,mobile,18,9,2,3,0,0,0,2038
2026-04-03,features,email,desktop,62,20,18,6,0,0,0,1243
2026-04-03,features,email,mobile,56,26,10,5,0,0,0,2036
2026-04-03,compare,paid_search,desktop,136,54,42,24,0,0,0,1388
2026-04-03,compare,paid_search,mobile,69,29,19,5,0,0,2,1849
2026-04-03,compare,paid_social,desktop,67,29,20,7,0,0,0,1143
2026-04-03,compare,paid_social,mobile,69,43,14,12,0,0,0,2170
2026-04-03,compare,organic,desktop,140,57,32,22,0,0,1,1282
2026-04-03,compare,organic,mobile,64,26,14,2,0,0,1,2282
2026-04-03,compare,webinar,desktop,49,23,12,8,0,0,0,1157
2026-04-03,compare,webinar,mobile,28,17,6,1,0,0,0,2025
2026-04-03,compare,partner,desktop,17,6,6,2,0,0,1,1277
2026-04-03,compare,partner,mobile,5,3,0,1,0,0,0,2221
2026-04-03,compare,email,desktop,26,16,3,3,0,0,0,1285
2026-04-03,compare,email,mobile,23,9,9,7,0,0,0,1957
2026-04-04,home,paid_search,desktop,156,82,40,19,0,0,0,1342
2026-04-04,home,paid_search,mobile,80,30,21,6,0,0,0,2101
2026-04-04,home,paid_social,desktop,68,20,19,4,0,0,0,1246
2026-04-04,home,paid_social,mobile,108,45,23,13,0,0,0,1888
2026-04-04,home,organic,desktop,196,63,66,22,0,0,2,1397
2026-04-04,home,organic,mobile,102,47,22,13,0,0,1,2046
2026-04-04,home,webinar,desktop,37,20,8,5,0,0,0,1299
2026-04-04,home,webinar,mobile,19,12,2,2,0,0,0,2196
2026-04-04,home,partner,desktop,31,9,7,3,0,0,0,1199
2026-04-04,home,partner,mobile,14,6,3,1,0,0,0,2206
2026-04-04,home,email,desktop,49,19,15,6,0,0,0,1376
2026-04-04,home,email,mobile,38,18,7,3,0,0,0,1980
2026-04-04,pricing,paid_search,desktop,157,73,37,7,0,0,0,1254
2026-04-04,pricing,paid_search,mobile,84,37,19,10,0,0,1,1960
2026-04-04,pricing,paid_social,desktop,34,15,11,6,0,0,1,1270
2026-04-04,pricing,paid_social,mobile,74,35,14,10,0,0,0,2194
2026-04-04,pricing,organic,desktop,138,68,33,15,0,0,0,1164
2026-04-04,pricing,organic,mobile,64,22,19,7,0,0,0,2100
2026-04-04,pricing,webinar,desktop,28,12,6,1,0,0,0,1324
2026-04-04,pricing,webinar,mobile,20,15,1,5,0,0,2,2181
2026-04-04,pricing,partner,desktop,14,11,1,1,0,0,0,1171
2026-04-04,pricing,partner,mobile,12,8,4,2,0,0,0,2003
2026-04-04,pricing,email,desktop,26,8,7,3,0,0,0,1291
2026-04-04,pricing,email,mobile,18,10,4,0,0,0,0,1965
2026-04-04,demo,paid_search,desktop,109,30,38,15,39,24,0,1221
2026-04-04,demo,paid_search,mobile,62,19,24,5,23,2,3,5243
2026-04-04,demo,paid_social,desktop,26,7,8,4,6,4,1,1362
2026-04-04,demo,paid_social,mobile,40,15,15,6,14,4,2,4695
2026-04-04,demo,organic,desktop,82,31,28,9,29,16,0,1403
2026-04-04,demo,organic,mobile,66,34,18,10,19,4,1,5285
2026-04-04,demo,webinar,desktop,30,7,9,3,13,5,0,1501
2026-04-04,demo,webinar,mobile,12,3,5,1,4,0,0,4924
2026-04-04,demo,partner,desktop,10,1,3,3,3,1,0,1197
2026-04-04,demo,partner,mobile,7,3,1,1,2,0,0,5454
2026-04-04,demo,email,desktop,20,9,5,3,6,4,0,1399
2026-04-04,demo,email,mobile,14,7,3,0,6,0,0,4035
2026-04-04,features,paid_search,desktop,80,29,24,5,0,0,0,1393
2026-04-04,features,paid_search,mobile,55,29,11,7,0,0,0,1932
2026-04-04,features,paid_social,desktop,39,15,7,4,0,0,0,1223
2026-04-04,features,paid_social,mobile,57,26,12,3,0,0,0,1960
2026-04-04,features,organic,desktop,127,51,27,10,0,0,0,1036
2026-04-04,features,organic,mobile,51,21,10,2,0,0,1,2036
2026-04-04,features,webinar,desktop,24,6,6,3,0,0,0,1401
2026-04-04,features,webinar,mobile,13,5,1,2,0,0,0,2092
2026-04-04,features,partner,desktop,16,6,4,3,0,0,1,1243
2026-04-04,features,partner,mobile,9,3,2,0,0,0,0,1989
2026-04-04,features,email,desktop,26,6,11,4,0,0,0,1258
2026-04-04,features,email,mobile,20,10,6,5,0,0,1,1893
2026-04-04,compare,paid_search,desktop,50,20,13,8,0,0,0,1344
2026-04-04,compare,paid_search,mobile,20,13,3,2,0,0,0,2237
2026-04-04,compare,paid_social,desktop,22,9,6,3,0,0,0,1391
2026-04-04,compare,paid_social,mobile,22,15,2,1,0,0,0,2215
2026-04-04,compare,organic,desktop,64,31,16,10,0,0,1,1348
2026-04-04,compare,organic,mobile,54,28,13,4,0,0,0,2047
2026-04-04,compare,webinar,desktop,17,7,3,2,0,0,0,1358
2026-04-04,compare,webinar,mobile,9,3,2,1,0,0,0,2149
2026-04-04,compare,partner,desktop,8,6,1,1,0,0,1,1136
2026-04-04,compare,partner,mobile,5,2,3,1,0,0,0,2007
2026-04-04,compare,email,desktop,6,0,1,1,0,0,0,1344
2026-04-04,compare,email,mobile,13,7,1,1,0,0,0,2149
2026-04-05,home,paid_search,desktop,138,61,36,21,0,0,1,1234
2026-04-05,home,paid_search,mobile,81,39,20,4,0,0,1,2052
2026-04-05,home,paid_social,desktop,66,27,12,5,0,0,0,1263
2026-04-05,home,paid_social,mobile,108,41,25,18,0,0,1,2105
2026-04-05,home,organic,desktop,200,88,49,27,0,0,0,1402
2026-04-05,home,organic,mobile,105,50,23,8,0,0,0,2381
2026-04-05,home,webinar,desktop,64,24,21,7,0,0,1,1343
2026-04-05,home,webinar,mobile,31,11,12,0,0,0,0,1735
2026-04-05,home,partner,desktop,27,5,12,3,0,0,1,1196
2026-04-05,home,partner,mobile,13,8,2,4,0,0,0,2087
2026-04-05,home,email,desktop,40,13,12,5,0,0,0,1433
2026-04-05,home,email,mobile,51,29,10,6,0,0,1,2342
2026-04-05,pricing,paid_search,desktop,145,76,35,17,0,0,1,1430
2026-04-05,pricing,paid_search,mobile,82,40,20,7,0,0,0,2008
2026-04-05,pricing,paid_social,desktop,26,10,7,4,0,0,0,1274
2026-04-05,pricing,paid_social,mobile,39,19,12,3,0,0,0,2265
2026-04-05,pricing,organic,desktop,138,53,40,17,0,0,0,1059
2026-04-05,pricing,organic,mobile,82,34,15,11,0,0,0,1991
2026-04-05,pricing,webinar,desktop,43,17,12,5,0,0,0,1461
2026-04-05,pricing,webinar,mobile,13,8,3,1,0,0,0,2165
2026-04-05,pricing,partner,desktop,16,5,7,1,0,0,0,1290
2026-04-05,pricing,partner,mobile,8,3,4,0,0,0,0,2140
2026-04-05,pricing,email,desktop,25,9,7,5,0,0,2,1513
2026-04-05,pricing,email,mobile,27,16,5,1,0,0,0,2167
2026-04-05,demo,paid_search,desktop,115,30,37,15,34,22,1,1507
2026-04-05,demo,paid_search,mobile,73,31,20,10,29,6,3,5218
2026-04-05,demo,paid_social,desktop,33,10,9,2,12,9,0,1706
2026-04-05,demo,paid_social,mobile,54,19,19,4,20,3,1,4796
2026-04-05,demo,organic,desktop,88,15,35,8,33,23,0,1451
2026-04-05,demo,organic,mobile,59,13,21,7,15,1,1,5081
2026-04-05,demo,webinar,desktop,28,10,6,2,12,7,0,1293
2026-04-05,demo,webinar,mobile,13,5,4,1,4,2,0,5489
2026-04-05,demo,partner,desktop,9,2,3,1,5,3,0,1370
2026-04-05,demo,partner,mobile,7,4,1,0,2,0,0,4455
2026-04-05,demo,email,desktop,20,9,5,0,7,4,0,1430
2026-04-05,demo,email,mobile,16,8,5,0,10,1,0,4297
2026-04-05,features,paid_search,desktop,76,28,23,13,0,0,1,1263
2026-04-05,features,paid_search,mobile,40,17,9,7,0,0,0,2167
2026-04-05,features,paid_social,desktop,32,11,9,4,0,0,0,1125
2026-04-05,features,paid_social,mobile,64,19,20,3,0,0,1,2135
2026-04-05,features,organic,desktop,130,45,36,16,0,0,1,1177
2026-04-05,features,organic,mobile,87,32,20,13,0,0,0,2124
2026-04-05,features,webinar,desktop,31,16,5,6,0,0,1,1320
2026-04-05,features,webinar,mobile,8,3,2,1,0,0,0,2094
2026-04-05,features,partner,desktop,14,4,9,0,0,0,0,1295
2026-04-05,features,partner,mobile,9,2,3,0,0,0,0,2304
2026-04-05,features,email,desktop,26,12,5,7,0,0,0,1095
2026-04-05,features,email,mobile,25,8,6,4,0,0,0,2077
2026-04-05,compare,paid_search,desktop,57,28,12,8,0,0,0,1358
2026-04-05,compare,paid_search,mobile,26,11,6,2,0,0,0,2401
2026-04-05,compare,paid_social,desktop,21,12,6,1,0,0,0,1240
2026-04-05,compare,paid_social,mobile,25,12,6,2,0,0,0,2101
2026-04-05,compare,organic,desktop,68,30,22,6,0,0,0,1449
2026-04-05,compare,organic,mobile,30,19,4,2,0,0,0,2068
2026-04-05,compare,webinar,desktop,12,9,0,2,0,0,0,1412
2026-04-05,compare,webinar,mobile,5,3,2,0,0,0,0,2245
2026-04-05,compare,partner,desktop,9,4,3,0,0,0,0,1441
2026-04-05,compare,partner,mobile,4,3,1,0,0,0,0,1999
2026-04-05,compare,email,desktop,12,7,1,3,0,0,0,1244
2026-04-05,compare,email,mobile,3,2,0,0,0,0,0,1806
2026-04-06,home,paid_search,desktop,345,151,85,30,0,0,1,1242
2026-04-06,home,paid_search,mobile,169,69,57,21,0,0,0,2149
2026-04-06,home,paid_social,desktop,127,52,33,17,0,0,0,1424
2026-04-06,home,paid_social,mobile,229,99,61,20,0,0,1,2143
2026-04-06,home,organic,desktop,625,253,173,77,0,0,2,1353
2026-04-06,home,organic,mobile,278,119,74,27,0,0,2,1932
2026-04-06,home,webinar,desktop,129,56,34,17,0,0,4,1089
2026-04-06,home,webinar,mobile,86,41,20,9,0,0,0,2314
2026-04-06,home,partner,desktop,64,27,17,10,0,0,0,1371
2026-04-06,home,partner,mobile,40,21,10,8,0,0,0,2250
2026-04-06,home,email,desktop,105,48,24,12,0,0,0,1138
2026-04-06,home,email,mobile,86,37,23,9,0,0,0,1981
2026-04-06,pricing,paid_search,desktop,399,201,82,28,0,0,2,1203
2026-04-06,pricing,paid_search,mobile,218,104,53,20,0,0,1,2038
2026-04-06,pricing,paid_social,desktop,108,38,31,15,0,0,0,1368
2026-04-06,pricing,paid_social,mobile,143,60,41,15,0,0,0,2250
2026-04-06,pricing,organic,desktop,309,124,91,41,0,0,2,1363
2026-04-06,pricing,organic,mobile,199,89,46,25,0,0,1,1988
2026-04-06,pricing,webinar,desktop,80,24,24,9,0,0,0,1293
2026-04-06,pricing,webinar,mobile,45,18,14,6,0,0,1,2173
2026-04-06,pricing,partner,desktop,45,17,13,5,0,0,0,1167
2026-04-06,pricing,partner,mobile,13,3,6,2,0,0,0,2027
2026-04-06,pricing,email,desktop,57,15,22,6,0,0,1,1289
2026-04-06,pricing,email,mobile,50,14,17,9,0,0,0,2144
2026-04-06,demo,paid_search,desktop,275,79,93,38,95,56,1,1443
2026-04-06,demo,paid_search,mobile,123,43,44,10,50,7,5,4180
2026-04-06,demo,paid_social,desktop,73,19,29,8,20,11,0,1255
2026-04-06,demo,paid_social,mobile,121,50,34,18,46,9,3,4326
2026-04-06,demo,organic,desktop,226,55,81,30,77,49,3,1481
2026-04-06,demo,organic,mobile,137,52,45,14,54,14,5,4442
2026-04-06,demo,webinar,desktop,45,21,13,5,15,10,0,1328
2026-04-06,demo,webinar,mobile,35,14,10,1,17,1,0,4136
2026-04-06,demo,partner,desktop,30,11,11,3,7,6,0,1477
2026-04-06,demo,partner,mobile,21,7,3,3,6,3,1,4775
2026-04-06,demo,email,desktop,48,12,14,9,16,9,1,1610
2026-04-06,demo,email,mobile,46,15,11,6,16,4,2,3695
2026-04-06,features,paid_search,desktop,211,77,54,17,0,0,3,1159
2026-04-06,features,paid_search,mobile,102,40,31,10,0,0,0,2164
2026-04-06,features,paid_social,desktop,109,41,29,16,0,0,1,1485
2026-04-06,features,paid_social,mobile,155,56,49,21,0,0,0,1885
2026-04-06,features,organic,desktop,295,100,81,35,0,0,0,1087
2026-04-06,features,organic,mobile,196,75,54,20,0,0,0,2083
2026-04-06,features,webinar,desktop,70,30,14,12,0,0,0,1224
2026-04-06,features,webinar,mobile,36,14,10,4,0,0,1,2142
2026-04-06,features,partner,desktop,37,16,10,3,0,0,0,1477
2026-04-06,features,partner,mobile,24,11,8,3,0,0,0,2009
2026-04-06,features,email,desktop,65,26,17,9,0,0,0,1273
2026-04-06,features,email,mobile,56,18,20,5,0,0,0,2047
2026-04-06,compare,paid_search,desktop,119,68,24,20,0,0,1,1357
2026-04-06,compare,paid_search,mobile,68,25,19,10,0,0,0,2078
2026-04-06,compare,paid_social,desktop,51,23,13,7,0,0,1,1201
2026-04-06,compare,paid_social,mobile,70,27,17,7,0,0,0,2278
2026-04-06,compare,organic,desktop,143,77,33,9,0,0,0,1159
2026-04-06,compare,organic,mobile,107,59,22,7,0,0,0,2019
2026-04-06,compare,webinar,desktop,38,17,12,6,0,0,0,1270
2026-04-06,compare,webinar,mobile,25,14,4,5,0,0,0,1862
2026-04-06,compare,partner,desktop,19,8,3,1,0,0,0,1414
2026-04-06,compare,partner,mobile,8,6,1,0,0,0,0,1986
2026-04-06,compare,email,desktop,32,16,7,5,0,0,0,1193
2026-04-06,compare,email,mobile,21,8,5,2,0,0,0,2352
2026-04-07,home,paid_search,desktop,360,151,85,48,0,0,1,1323
2026-04-07,home,paid_search,mobile,179,77,41,17,0,0,1,1980
2026-04-07,home,paid_social,desktop,148,64,39,14,0,0,2,1285
2026-04-07,home,paid_social,mobile,319,124,85,37,0,0,5,2121
2026-04-07,home,organic,desktop,604,220,159,62,0,0,2,1309
2026-04-07,home,organic,mobile,290,101,83,30,0,0,2,2160
2026-04-07,home,webinar,desktop,124,49,38,12,0,0,1,1309
2026-04-07,home,webinar,mobile,67,30,16,2,0,0,0,2382
2026-04-07,home,partner,desktop,62,20,18,5,0,0,0,1340
2026-04-07,home,partner,mobile,25,15,2,2,0,0,0,2167
2026-04-07,home,email,desktop,100,45,31,10,0,0,0,1185
2026-04-07,home,email,mobile,97,35,36,8,0,0,0,2097
2026-04-07,pricing,paid_search,desktop,442,214,93,44,0,0,2,1147
2026-04-07,pricing,paid_search,mobile,247,120,44,27,0,0,1,2219
2026-04-07,pricing,paid_social,desktop,99,33,32,14,0,0,1,1322
2026-04-07,pricing,paid_social,mobile,168,63,44,15,0,0,1,2129
2026-04-07,pricing,organic,desktop,349,137,90,34,0,0,2,1395
2026-04-07,pricing,organic,mobile,174,71,48,21,0,0,2,2305
2026-04-07,pricing,webinar,desktop,75,33,19,4,0,0,0,1125
2026-04-07,pricing,webinar,mobile,58,32,11,6,0,0,0,2017
2026-04-07,pricing,partner,desktop,23,11,8,4,0,0,0,1310
2026-04-07,pricing,partner,mobile,13,5,4,5,0,0,0,1909
2026-04-07,pricing,email,desktop,75,26,18,6,0,0,0,1349
2026-04-07,pricing,email,mobile,67,30,19,6,0,0,0,2205
2026-04-07,demo,paid_search,desktop,285,84,102,27,85,60,0,1357
2026-04-07,demo,paid_search,mobile,130,50,35,14,45,10,3,5056
2026-04-07,demo,paid_social,desktop,53,12,18,9,17,9,0,1398
2026-04-07,demo,paid_social,mobile,113,43,37,14,50,8,0,4399
2026-04-07,demo,organic,desktop,247,75,77,34,91,53,0,1382
2026-04-07,demo,organic,mobile,115,43,31,15,35,7,6,4195
2026-04-07,demo,webinar,desktop,46,9,16,9,10,7,0,1398
2026-04-07,demo,webinar,mobile,34,12,10,5,9,2,2,5048
2026-04-07,demo,partner,desktop,18,2,9,0,4,2,0,1472
2026-04-07,demo,partner,mobile,21,6,11,3,8,0,1,4703
2026-04-07,demo,email,desktop,57,21,15,3,21,14,0,1369
2026-04-07,demo,email,mobile,35,18,9,2,6,2,1,5134
2026-04-07,features,paid_search,desktop,198,70,62,31,0,0,0,1231
2026-04-07,features,paid_search,mobile,106,41,27,17,0,0,0,1940
2026-04-07,features,paid_social,desktop,113,40,36,9,0,0,0,1469
2026-04-07,features,paid_social,mobile,157,55,50,16,0,0,2,1991
2026-04-07,features,organic,desktop,318,120,77,47,0,0,1,1178
2026-04-07,features,organic,mobile,209,82,55,28,0,0,1,2169
2026-04-07,features,webinar,desktop,73,27,14,11,0,0,0,1195
2026-04-07,features,webinar,mobile,43,25,6,5,0,0,0,2279
2026-04-07,features,partner,desktop,32,10,14,6,0,0,0,1251
2026-04-07,features,partner,mobile,14,2,4,0,0,0,0,2031
2026-04-07,features,email,desktop,54,21,17,4,0,0,1,1347
2026-04-07,features,email,mobile,37,14,11,5,0,0,0,2375
2026-04-07,compare,paid_search,desktop,142,70,33,9,0,0,1,1335
2026-04-07,compare,paid_search,mobile,77,31,14,9,0,0,1,2148
2026-04-07,compare,paid_social,desktop,49,23,7,6,0,0,0,1298
2026-04-07,compare,paid_social,mobile,93,55,21,11,0,0,0,2423
2026-04-07,compare,organic,desktop,174,88,45,17,0,0,0,1354
2026-04-07,compare,organic,mobile,79,33,23,13,0,0,1,1931
2026-04-07,compare,webinar,desktop,48,19,12,7,0,0,0,1176
2026-04-07,compare,webinar,mobile,10,5,1,0,0,0,2,2190
2026-04-07,compare,partner,desktop,20,7,6,3,0,0,0,1338
2026-04-07,compare,partner,mobile,6,3,0,0,0,0,0,2056
2026-04-07,compare,email,desktop,32,9,6,5,0,0,1,1149
2026-04-07,compare,email,mobile,27,15,5,3,0,0,0,2151
2026-04-08,home,paid_search,desktop,309,126,82,36,0,0,1,1236
2026-04-08,home,paid_search,mobile,177,61,53,18,0,0,0,1959
2026-04-08,home,paid_social,desktop,174,81,45,33,0,0,2,1407
2026-04-08,home,paid_social,mobile,264,110,65,28,0,0,0,2041
2026-04-08,home,organic,desktop,645,262,175,67,0,0,1,1226
2026-04-08,home,organic,mobile,272,116,69,26,0,0,2,2084
2026-04-08,home,webinar,desktop,140,43,42,22,0,0,0,1274
2026-04-08,home,webinar,mobile,74,33,19,9,0,0,0,2206
2026-04-08,home,partner,desktop,71,28,16,8,0,0,0,1285
2026-04-08,home,partner,mobile,36,17,10,4,0,0,0,2044
2026-04-08,home,email,desktop,111,41,32,15,0,0,0,1438
2026-04-08,home,email,mobile,111,53,22,18,0,0,0,2177
2026-04-08,pricing,paid_search,desktop,423,231,101,39,0,0,1,1386
2026-04-08,pricing,paid_search,mobile,201,102,38,15,0,0,1,2238
2026-04-08,pricing,paid_social,desktop,99,37,32,11,0,0,2,1263
2026-04-08,pricing,paid_social,mobile,160,74,39,17,0,0,0,2088
2026-04-08,pricing,organic,desktop,327,121,98,41,0,0,0,1304
2026-04-08,pricing,organic,mobile,188,87,42,25,0,0,0,2393
2026-04-08,pricing,webinar,desktop,74,26,20,16,0,0,0,1118
2026-04-08,pricing,webinar,mobile,31,16,7,6,0,0,0,2075
2026-04-08,pricing,partner,desktop,29,11,7,2,0,0,0,1317
2026-04-08,pricing,partner,mobile,25,11,6,2,0,0,0,1881
2026-04-08,pricing,email,desktop,59,21,19,4,0,0,1,1118
2026-04-08,pricing,email,mobile,50,25,14,7,0,0,1,1999
2026-04-08,demo,paid_search,desktop,313,95,103,31,94,58,2,1435
2026-04-08,demo,paid_search,mobile,155,60,43,15,65,16,3,5084
2026-04-08,demo,paid_social,desktop,91,27,24,13,37,22,0,1536
2026-04-08,demo,paid_social,mobile,98,35,24,8,30,5,3,4935
2026-04-08,demo,organic,desktop,244,69,72,37,80,49,1,1345
2026-04-08,demo,organic,mobile,143,52,43,11,59,10,2,4796
2026-04-08,demo,webinar,desktop,43,11,16,2,11,5,0,1343
2026-04-08,demo,webinar,mobile,28,11,7,1,12,3,0,4936
2026-04-08,demo,partner,desktop,33,4,13,3,11,8,0,1359
2026-04-08,demo,partner,mobile,15,6,5,2,6,3,0,4745
2026-04-08,demo,email,desktop,40,11,9,4,12,6,0,1467
2026-04-08,demo,email,mobile,26,10,5,3,12,3,0,4491
2026-04-08,features,paid_search,desktop,202,88,45,25,0,0,0,1409
2026-04-08,features,paid_search,mobile,120,40,42,15,0,0,0,1891
2026-04-08,features,paid_social,desktop,95,27,31,13,0,0,0,1327
2026-04-08,features,paid_social,mobile,125,49,28,13,0,0,0,1964
2026-04-08,features,organic,desktop,326,113,101,41,0,0,1,1428
2026-04-08,features,organic,mobile,183,74,45,17,0,0,0,2068
2026-04-08,features,webinar,desktop,72,26,19,6,0,0,0,1304
2026-04-08,features,webinar,mobile,41,15,12,4,0,0,0,2064
2026-04-08,features,partner,desktop,37,19,10,10,0,0,1,1341
2026-04-08,features,partner,mobile,15,3,8,1,0,0,1,2070
2026-04-08,features,email,desktop,48,15,18,9,0,0,0,1142
2026-04-08,features,email,mobile,52,18,14,6,0,0,0,2059
2026-04-08,compare,paid_search,desktop,142,55,38,11,0,0,0,1395
2026-04-08,compare,paid_search,mobile,87,40,25,12,0,0,1,2113
2026-04-08,compare,paid_social,desktop,45,20,13,7,0,0,0,1107
2026-04-08,compare,paid_social,mobile,83,38,20,11,0,0,1,2122
2026-04-08,compare,organic,desktop,141,65,40,13,0,0,1,1299
2026-04-08,compare,organic,mobile,103,53,16,5,0,0,1,2206
2026-04-08,compare,webinar,desktop,35,21,9,6,0,0,0,1388
2026-04-08,compare,webinar,mobile,21,9,8,3,0,0,0,1970
2026-04-08,compare,partner,desktop,21,10,6,3,0,0,0,1277
2026-04-08,compare,partner,mobile,11,2,3,2,0,0,0,1949
2026-04-08,compare,email,desktop,29,15,4,4,0,0,0,1287
2026-04-08,compare,email,mobile,26,14,2,3,0,0,0,2019
2026-04-09,home,paid_search,desktop,338,145,84,46,0,0,1,1279
2026-04-09,home,paid_search,mobile,166,58,52,15,0,0,2,2034
2026-04-09,home,paid_social,desktop,157,60,43,23,0,0,0,1358
2026-04-09,home,paid_social,mobile,257,118,58,31,0,0,0,2400
2026-04-09,home,organic,desktop,535,215,135,57,0,0,2,1266
2026-04-09,home,organic,mobile,328,147,72,38,0,0,3,2205
2026-04-09,home,webinar,desktop,103,41,35,9,0,0,0,1242
2026-04-09,home,webinar,mobile,79,27,23,11,0,0,0,1527
2026-04-09,home,partner,desktop,54,28,9,7,0,0,0,1318
2026-04-09,home,partner,mobile,35,11,12,4,0,0,0,2130
2026-04-09,home,email,desktop,118,55,29,10,0,0,1,1488
2026-04-09,home,email,mobile,94,37,25,9,0,0,0,2195
2026-04-09,pricing,paid_search,desktop,418,241,82,36,0,0,3,1263
2026-04-09,pricing,paid_search,mobile,221,108,49,14,0,0,2,1808
2026-04-09,pricing,paid_social,desktop,101,37,29,10,0,0,0,1327
2026-04-09,pricing,paid_social,mobile,154,79,34,19,0,0,1,2252
2026-04-09,pricing,organic,desktop,294,121,82,26,0,0,1,1568
2026-04-09,pricing,organic,mobile,164,68,47,21,0,0,1,2117
2026-04-09,pricing,webinar,desktop,82,37,20,7,0,0,0,1379
2026-04-09,pricing,webinar,mobile,42,18,13,5,0,0,0,2109
2026-04-09,pricing,partner,desktop,34,16,10,2,0,0,0,1368
2026-04-09,pricing,partner,mobile,26,6,9,3,0,0,0,2152
2026-04-09,pricing,email,desktop,57,19,20,9,0,0,0,1163
2026-04-09,pricing,email,mobile,45,21,11,5,0,0,0,2107
2026-04-09,demo,paid_search,desktop,267,79,75,32,73,37,1,1371
2026-04-09,demo,paid_search,mobile,117,39,30,11,43,9,5,4867
2026-04-09,demo,paid_social,desktop,64,18,23,5,15,9,0,1496
2026-04-09,demo,paid_social,mobile,132,62,26,15,45,11,8,5109
2026-04-09,demo,organic,desktop,231,81,69,27,65,34,1,1355
2026-04-09,demo,organic,mobile,138,49,46,14,44,13,5,4868
2026-04-09,demo,webinar,desktop,64,16,23,6,18,10,0,1322
2026-04-09,demo,webinar,mobile,31,10,10,8,15,5,1,4334
2026-04-09,demo,partner,desktop,24,4,11,2,10,7,1,1331
2026-04-09,demo,partner,mobile,12,3,6,1,6,1,2,4713
2026-04-09,demo,email,desktop,40,9,12,2,11,6,0,1446
2026-04-09,demo,email,mobile,49,25,13,5,17,1,2,5895
2026-04-09,features,paid_search,desktop,158,63,55,19,0,0,1,1343
2026-04-09,features,paid_search,mobile,100,32,36,10,0,0,2,1915
2026-04-09,features,paid_social,desktop,84,38,30,5,0,0,0,1320
2026-04-09,features,paid_social,mobile,129,44,35,14,0,0,0,2068
2026-04-09,features,organic,desktop,364,133,116,42,0,0,1,1430
2026-04-09,features,organic,mobile,185,68,61,27,0,0,1,1999
2026-04-09,features,webinar,desktop,67,23,24,7,0,0,0,1337
2026-04-09,features,webinar,mobile,32,12,10,3,0,0,0,2284
2026-04-09,features,partner,desktop,37,10,13,4,0,0,0,1293
2026-04-09,features,partner,mobile,17,10,3,3,0,0,0,1994
2026-04-09,features,email,desktop,66,17,21,6,0,0,0,1393
2026-04-09,features,email,mobile,57,24,17,10,0,0,0,2061
2026-04-09,compare,paid_search,desktop,138,61,31,19,0,0,0,1469
2026-04-09,compare,paid_search,mobile,84,36,22,6,0,0,0,2079
2026-04-09,compare,paid_social,desktop,56,31,11,8,0,0,0,1288
2026-04-09,compare,paid_social,mobile,92,52,19,12,0,0,0,2201
2026-04-09,compare,organic,desktop,161,81,32,21,0,0,1,1323
2026-04-09,compare,organic,mobile,106,57,23,11,0,0,0,1907
2026-04-09,compare,webinar,desktop,45,20,8,7,0,0,0,1235
2026-04-09,compare,webinar,mobile,16,7,2,3,0,0,0,2000
2026-04-09,compare,partner,desktop,24,8,7,1,0,0,1,1161
2026-04-09,compare,partner,mobile,12,5,5,1,0,0,0,1969
2026-04-09,compare,email,desktop,34,15,9,4,0,0,0,1325
2026-04-09,compare,email,mobile,30,18,6,7,0,0,0,2210
2026-04-10,home,paid_search,desktop,323,140,72,34,0,0,1,1287
2026-04-10,home,paid_search,mobile,182,77,56,15,0,0,3,2246
2026-04-10,home,paid_social,desktop,202,85,52,25,0,0,3,1214
2026-04-10,home,paid_social,mobile,299,127,81,25,0,0,0,2411
2026-04-10,home,organic,desktop,613,253,171,60,0,0,2,1435
2026-04-10,home,organic,mobile,320,140,85,37,0,0,0,2222
2026-04-10,home,webinar,desktop,132,59,30,19,0,0,1,1337
2026-04-10,home,webinar,mobile,85,40,20,10,0,0,1,1815
2026-04-10,home,partner,desktop,69,33,14,10,0,0,3,1452
2026-04-10,home,partner,mobile,52,17,17,0,0,0,0,1976
2026-04-10,home,email,desktop,109,49,32,19,0,0,0,1285
2026-04-10,home,email,mobile,107,49,27,9,0,0,0,2018
2026-04-10,pricing,paid_search,desktop,352,185,76,35,0,0,1,1281
2026-04-10,pricing,paid_search,mobile,241,113,65,18,0,0,0,2098
2026-04-10,pricing,paid_social,desktop,119,40,38,11,0,0,1,1528
2026-04-10,pricing,paid_social,mobile,144,68,38,9,0,0,1,2070
2026-04-10,pricing,organic,desktop,357,125,115,56,0,0,1,1284
2026-04-10,pricing,organic,mobile,159,69,38,13,0,0,1,2198
2026-04-10,pricing,webinar,desktop,75,35,16,8,0,0,0,1328
2026-04-10,pricing,webinar,mobile,51,17,15,6,0,0,0,2217
2026-04-10,pricing,partner,desktop,30,15,7,5,0,0,0,1457
2026-04-10,pricing,partner,mobile,22,7,7,2,0,0,0,2038
2026-04-10,pricing,email,desktop,58,30,13,8,0,0,0,1438
2026-04-10,pricing,email,mobile,34,13,9,2,0,0,0,2103
2026-04-10,demo,paid_search,desktop,282,78,97,32,72,42,1,1333
2026-04-10,demo,paid_search,mobile,129,55,37,18,54,12,2,4491
2026-04-10,demo,paid_social,desktop,73,21,19,7,20,11,1,1465
2026-04-10,demo,paid_social,mobile,149,50,45,12,51,15,4,4962
2026-04-10,demo,organic,desktop,242,84,70,21,60,38,1,1380
2026-04-10,demo,organic,mobile,121,43,31,10,42,7,5,4978
2026-04-10,demo,webinar,desktop,67,27,17,6,24,11,0,1343
2026-04-10,demo,webinar,mobile,37,13,13,5,14,5,1,5434
2026-04-10,demo,partner,desktop,31,9,9,0,4,3,0,1327
2026-04-10,demo,partner,mobile,17,8,5,2,8,0,0,4815
2026-04-10,demo,email,desktop,45,14,14,9,9,6,0,1194
2026-04-10,demo,email,mobile,37,20,6,7,17,2,1,5339
2026-04-10,features,paid_search,desktop,173,61,58,22,0,0,0,1450
2026-04-10,features,paid_search,mobile,94,33,27,9,0,0,0,2069
2026-04-10,features,paid_social,desktop,114,42,36,12,0,0,1,1297
2026-04-10,features,paid_social,mobile,140,63,37,16,0,0,0,1880
2026-04-10,features,organic,desktop,295,108,82,37,0,0,1,1252
2026-04-10,features,organic,mobile,160,67,42,18,0,0,0,2099
2026-04-10,features,webinar,desktop,96,30,27,10,0,0,0,1284
2026-04-10,features,webinar,mobile,47,23,11,9,0,0,1,1777
2026-04-10,features,partner,desktop,22,6,6,2,0,0,0,1298
2026-04-10,features,partner,mobile,24,10,7,3,0,0,0,2013
2026-04-10,features,email,desktop,56,19,17,9,0,0,0,1168
2026-04-10,features,email,mobile,51,19,20,8,0,0,1,1903
2026-04-10,compare,paid_search,desktop,141,58,31,13,0,0,0,1177
2026-04-10,compare,paid_search,mobile,84,43,13,11,0,0,0,2204
2026-04-10,compare,paid_social,desktop,46,20,9,6,0,0,0,1491
2026-04-10,compare,paid_social,mobile,79,36,17,8,0,0,0,2667
2026-04-10,compare,organic,desktop,151,73,42,22,0,0,2,1238
2026-04-10,compare,organic,mobile,81,29,25,8,0,0,0,1829
2026-04-10,compare,webinar,desktop,28,13,7,1,0,0,0,1233
2026-04-10,compare,webinar,mobile,16,6,3,0,0,0,0,1907
2026-04-10,compare,partner,desktop,16,7,4,2,0,0,0,1035
2026-04-10,compare,partner,mobile,7,6,0,1,0,0,0,2180
2026-04-10,compare,email,desktop,37,13,6,6,0,0,0,1231
2026-04-10,compare,email,mobile,16,7,4,3,0,0,0,2094
2026-04-11,home,paid_search,desktop,145,54,47,19,0,0,1,1287
2026-04-11,home,paid_search,mobile,63,28,15,7,0,0,0,1997
2026-04-11,home,paid_social,desktop,68,30,18,6,0,0,1,1031
2026-04-11,home,paid_social,mobile,101,38,27,12,0,0,0,1918
2026-04-11,home,organic,desktop,224,82,69,27,0,0,0,1156
2026-04-11,home,organic,mobile,117,45,35,14,0,0,0,1930
2026-04-11,home,webinar,desktop,75,35,16,9,0,0,1,1230
2026-04-11,home,webinar,mobile,36,18,6,4,0,0,0,2148
2026-04-11,home,partner,desktop,28,13,9,4,0,0,0,1268
2026-04-11,home,partner,mobile,15,6,9,3,0,0,0,1973
2026-04-11,home,email,desktop,50,19,11,6,0,0,0,1289
2026-04-11,home,email,mobile,46,18,12,7,0,0,0,2079
2026-04-11,pricing,paid_search,desktop,167,82,41,16,0,0,1,1418
2026-04-11,pricing,paid_search,mobile,97,51,22,7,0,0,0,2563
2026-04-11,pricing,paid_social,desktop,47,21,16,5,0,0,0,1112
2026-04-11,pricing,paid_social,mobile,65,37,12,9,0,0,0,2192
2026-04-11,pricing,organic,desktop,137,63,26,16,0,0,1,1118
2026-04-11,pricing,organic,mobile,65,34,15,9,0,0,1,2183
2026-04-11,pricing,webinar,desktop,31,7,13,4,0,0,0,1103
2026-04-11,pricing,webinar,mobile,14,4,2,0,0,0,0,2023
2026-04-11,pricing,partner,desktop,19,6,7,2,0,0,0,1188
2026-04-11,pricing,partner,mobile,14,6,2,1,0,0,0,2090
2026-04-11,pricing,email,desktop,26,13,7,4,0,0,1,1210
2026-04-11,pricing,email,mobile,33,17,11,5,0,0,0,2072
2026-04-11,demo,paid_search,desktop,116,41,36,10,31,25,0,1359
2026-04-11,demo,paid_search,mobile,65,18,21,8,19,4,2,5083
2026-04-11,demo,paid_social,desktop,37,17,7,5,11,8,0,1367
2026-04-11,demo,paid_social,mobile,58,19,11,9,14,3,1,5496
2026-04-11,demo,organic,desktop,93,24,31,11,34,21,0,1342
2026-04-11,demo,organic,mobile,48,25,11,2,20,5,2,4937
2026-04-11,demo,webinar,desktop,16,4,5,0,3,3,0,1243
2026-04-11,demo,webinar,mobile,12,3,3,1,5,1,1,4731
2026-04-11,demo,partner,desktop,16,9,5,3,5,2,0,1321
2026-04-11,demo,partner,mobile,5,1,2,2,0,0,0,5081
2026-04-11,demo,email,desktop,15,2,11,1,4,2,0,1438
2026-04-11,demo,email,mobile,14,5,5,2,4,2,0,4801
2026-04-11,features,paid_search,desktop,83,25,30,12,0,0,0,1217
2026-04-11,features,paid_search,mobile,41,18,8,2,0,0,1,2216
2026-04-11,features,paid_social,desktop,41,17,10,5,0,0,0,1337
2026-04-11,features,paid_social,mobile,70,28,15,4,0,0,0,2334
2026-04-11,features,organic,desktop,121,41,35,14,0,0,0,935
2026-04-11,features,organic,mobile,59,28,15,9,0,0,0,2201
2026-04-11,features,webinar,desktop,28,7,8,5,0,0,0,1343
2026-04-11,features,webinar,mobile,11,1,4,2,0,0,0,2074
2026-04-11,features,partner,desktop,11,3,2,3,0,0,0,1398
2026-04-11,features,partner,mobile,11,6,1,1,0,0,0,2206
2026-04-11,features,email,desktop,21,9,4,2,0,0,0,1233
2026-04-11,features,email,mobile,20,7,5,1,0,0,0,1879
2026-04-11,compare,paid_search,desktop,54,24,13,5,0,0,0,1345
2026-04-11,compare,paid_search,mobile,26,14,5,3,0,0,0,2221
2026-04-11,compare,paid_social,desktop,19,7,4,3,0,0,0,1154
2026-04-11,compare,paid_social,mobile,25,11,5,1,0,0,0,2070
2026-04-11,compare,organic,desktop,69,36,14,11,0,0,2,1197
2026-04-11,compare,organic,mobile,26,8,5,2,0,0,0,2249
2026-04-11,compare,webinar,desktop,17,10,1,1,0,0,0,1372
2026-04-11,compare,webinar,mobile,13,5,5,1,0,0,0,2047
2026-04-11,compare,partner,desktop,5,2,1,0,0,0,0,1252
2026-04-11,compare,partner,mobile,7,3,1,1,0,0,0,2178
2026-04-11,compare,email,desktop,10,6,1,2,0,0,0,1300
2026-04-11,compare,email,mobile,9,5,1,1,0,0,0,2023
2026-04-12,home,paid_search,desktop,131,59,25,16,0,0,0,1092
2026-04-12,home,paid_search,mobile,79,36,19,7,0,0,1,1935
2026-04-12,home,paid_social,desktop,63,29,13,6,0,0,0,1420
2026-04-12,home,paid_social,mobile,103,40,30,17,0,0,0,2375
2026-04-12,home,organic,desktop,225,77,64,22,0,0,0,1260
2026-04-12,home,organic,mobile,127,51,36,13,0,0,2,2133
2026-04-12,home,webinar,desktop,61,23,15,10,0,0,1,1272
2026-04-12,home,webinar,mobile,18,5,6,2,0,0,0,2002
2026-04-12,home,partner,desktop,31,16,11,7,0,0,0,1233
2026-04-12,home,partner,mobile,15,5,4,4,0,0,0,1815
2026-04-12,home,email,desktop,45,19,11,8,0,0,0,1297
2026-04-12,home,email,mobile,43,20,11,4,0,0,0,2149
2026-04-12,pricing,paid_search,desktop,152,73,42,18,0,0,1,1261
2026-04-12,pricing,paid_search,mobile,72,35,17,7,0,0,1,2282
2026-04-12,pricing,paid_social,desktop,46,19,13,8,0,0,0,1196
2026-04-12,pricing,paid_social,mobile,50,23,12,4,0,0,0,1959
2026-04-12,pricing,organic,desktop,134,54,43,11,0,0,1,1164
2026-04-12,pricing,organic,mobile,80,30,24,9,0,0,1,2356
2026-04-12,pricing,webinar,desktop,33,10,12,4,0,0,0,1213
2026-04-12,pricing,webinar,mobile,6,4,0,1,0,0,0,2080
2026-04-12,pricing,partner,desktop,11,3,5,3,0,0,0,1204
2026-04-12,pricing,partner,mobile,5,2,2,1,0,0,0,2234
2026-04-12,pricing,email,desktop,22,9,3,1,0,0,0,1373
2026-04-12,pricing,email,mobile,20,10,3,1,0,0,0,2104
2026-04-12,demo,paid_search,desktop,97,39,41,13,26,16,0,1400
2026-04-12,demo,paid_search,mobile,52,22,7,6,24,11,0,4906
2026-04-12,demo,paid_social,desktop,24,5,12,1,5,3,0,1428
2026-04-12,demo,paid_social,mobile,30,10,11,0,12,4,4,5104
2026-04-12,demo,organic,desktop,85,23,30,8,34,17,0,1278
2026-04-12,demo,organic,mobile,50,17,15,4,11,1,1,5135
2026-04-12,demo,webinar,desktop,21,5,6,1,4,2,0,1297
2026-04-12,demo,webinar,mobile,18,8,3,5,8,3,0,4799
2026-04-12,demo,partner,desktop,8,4,0,2,2,2,2,1306
2026-04-12,demo,partner,mobile,4,1,1,0,2,0,0,4779
2026-04-12,demo,email,desktop,29,12,10,4,9,5,0,1423
2026-04-12,demo,email,mobile,11,6,1,2,6,0,0,5079
2026-04-12,features,paid_search,desktop,83,29,22,10,0,0,0,1435
2026-04-12,features,paid_search,mobile,44,17,9,5,0,0,0,2134
2026-04-12,features,paid_social,desktop,42,17,12,4,0,0,0,1181
2026-04-12,features,paid_social,mobile,62,21,21,8,0,0,0,1979
2026-04-12,features,organic,desktop,138,44,50,8,0,0,0,1212
2026-04-12,features,organic,mobile,74,25,24,8,0,0,0,2251
2026-04-12,features,webinar,desktop,24,4,9,2,0,0,0,1078
2026-04-12,features,webinar,mobile,12,3,7,2,0,0,1,2082
2026-04-12,features,partner,desktop,21,7,7,4,0,0,0,1288
2026-04-12,features,partner,mobile,6,1,1,1,0,0,0,2265
2026-04-12,features,email,desktop,25,6,7,2,0,0,0,1263
2026-04-12,features,email,mobile,17,4,7,2,0,0,0,2012
2026-04-12,compare,paid_search,desktop,69,33,18,9,0,0,1,1374
2026-04-12,compare,paid_search,mobile,32,18,6,4,0,0,1,2164
2026-04-12,compare,paid_social,desktop,15,9,2,2,0,0,0,1444
2026-04-12,compare,paid_social,mobile,38,20,7,2,0,0,0,2053
2026-04-12,compare,organic,desktop,66,26,17,8,0,0,0,1247
2026-04-12,compare,organic,mobile,42,20,7,4,0,0,0,1984
2026-04-12,compare,webinar,desktop,16,4,5,2,0,0,0,1357
2026-04-12,compare,webinar,mobile,6,5,0,1,0,0,0,2346
2026-04-12,compare,partner,desktop,8,1,2,1,0,0,0,1119
2026-04-12,compare,partner,mobile,1,1,0,0,0,0,0,2181
2026-04-12,compare,email,desktop,7,1,2,0,0,0,0,1287
2026-04-12,compare,email,mobile,7,6,0,0,0,0,0,2108
2026-04-13,home,paid_search,desktop,359,156,95,50,0,0,2,1436
2026-04-13,home,paid_search,mobile,185,72,40,16,0,0,0,2258
2026-04-13,home,paid_social,desktop,176,69,46,26,0,0,0,1409
2026-04-13,home,paid_social,mobile,269,130,60,37,0,0,2,2168
2026-04-13,home,organic,desktop,528,207,134,66,0,0,3,1327
2026-04-13,home,organic,mobile,300,127,71,33,0,0,1,2210
2026-04-13,home,webinar,desktop,127,55,36,17,0,0,0,1559
2026-04-13,home,webinar,mobile,99,42,21,18,0,0,0,2117
2026-04-13,home,partner,desktop,61,22,18,14,0,0,1,1328
2026-04-13,home,partner,mobile,30,14,5,2,0,0,1,1987
2026-04-13,home,email,desktop,97,43,25,9,0,0,1,1122
2026-04-13,home,email,mobile,100,46,25,7,0,0,0,2307
2026-04-13,pricing,paid_search,desktop,378,202,74,39,0,0,3,1278
2026-04-13,pricing,paid_search,mobile,229,128,41,18,0,0,1,2207
2026-04-13,pricing,paid_social,desktop,111,51,30,16,0,0,0,1332
2026-04-13,pricing,paid_social,mobile,145,68,42,14,0,0,0,2345
2026-04-13,pricing,organic,desktop,349,135,103,41,0,0,1,1268
2026-04-13,pricing,organic,mobile,155,67,39,16,0,0,0,1870
2026-04-13,pricing,webinar,desktop,66,21,23,3,0,0,0,1440
2026-04-13,pricing,webinar,mobile,40,12,11,7,0,0,0,2148
2026-04-13,pricing,partner,desktop,36,13,11,7,0,0,0,1313
2026-04-13,pricing,partner,mobile,15,6,2,3,0,0,0,1741
2026-04-13,pricing,email,desktop,63,24,14,7,0,0,0,1360
2026-04-13,pricing,email,mobile,42,19,10,6,0,0,0,1803
2026-04-13,demo,paid_search,desktop,256,77,88,36,76,50,0,1500
2026-04-13,demo,paid_search,mobile,148,60,35,15,37,6,5,4678
2026-04-13,demo,paid_social,desktop,86,17,30,16,27,18,0,1458
2026-04-13,demo,paid_social,mobile,113,40,33,12,44,10,2,4805
2026-04-13,demo,organic,desktop,221,79,74,21,63,43,1,1362
2026-04-13,demo,organic,mobile,146,61,38,12,52,9,1,4497
2026-04-13,demo,webinar,desktop,47,19,8,5,14,10,0,1169
2026-04-13,demo,webinar,mobile,39,11,14,4,15,5,0,4720
2026-04-13,demo,partner,desktop,25,10,7,1,11,7,0,1429
2026-04-13,demo,partner,mobile,9,3,4,1,1,0,0,4951
2026-04-13,demo,email,desktop,61,17,19,5,24,18,0,1487
2026-04-13,demo,email,mobile,29,11,13,6,13,3,0,4950
2026-04-13,features,paid_search,desktop,179,54,48,23,0,0,2,1505
2026-04-13,features,paid_search,mobile,123,42,39,13,0,0,0,2013
2026-04-13,features,paid_social,desktop,108,40,34,15,0,0,0,1483
2026-04-13,features,paid_social,mobile,116,43,30,17,0,0,1,2130
2026-04-13,features,organic,desktop,353,112,100,36,0,0,0,1366
2026-04-13,features,organic,mobile,214,91,56,22,0,0,0,2261
2026-04-13,features,webinar,desktop,82,25,26,11,0,0,0,947
2026-04-13,features,webinar,mobile,39,18,8,5,0,0,0,2380
2026-04-13,features,partner,desktop,36,9,12,2,0,0,0,1355
2026-04-13,features,partner,mobile,21,3,6,3,0,0,0,1980
2026-04-13,features,email,desktop,50,22,7,4,0,0,1,1251
2026-04-13,features,email,mobile,48,13,10,7,0,0,0,2238
2026-04-13,compare,paid_search,desktop,130,62,30,12,0,0,0,1264
2026-04-13,compare,paid_search,mobile,72,38,15,7,0,0,0,1988
2026-04-13,compare,paid_social,desktop,48,18,15,8,0,0,0,1279
2026-04-13,compare,paid_social,mobile,73,42,11,6,0,0,0,1948
2026-04-13,compare,organic,desktop,163,76,39,21,0,0,0,1169
2026-04-13,compare,organic,mobile,95,51,14,5,0,0,1,2089
2026-04-13,compare,webinar,desktop,33,14,9,1,0,0,0,1024
2026-04-13,compare,webinar,mobile,19,12,5,4,0,0,0,2173
2026-04-13,compare,partner,desktop,19,6,10,0,0,0,0,1188
2026-04-13,compare,partner,mobile,20,11,4,1,0,0,0,2438
2026-04-13,compare,email,desktop,26,10,7,5,0,0,1,1355
2026-04-13,compare,email,mobile,23,11,7,3,0,0,1,2244
2026-04-14,home,paid_search,desktop,365,145,83,47,0,0,0,1143
2026-04-14,home,paid_search,mobile,189,82,56,18,0,0,0,2264
2026-04-14,home,paid_social,desktop,181,72,41,20,0,0,2,1121
2026-04-14,home,paid_social,mobile,253,101,75,25,0,0,1,2043
2026-04-14,home,organic,desktop,508,201,140,68,0,0,1,1125
2026-04-14,home,organic,mobile,304,127,77,25,0,0,2,2057
2026-04-14,home,webinar,desktop,140,51,44,17,0,0,0,1332
2026-04-14,home,webinar,mobile,67,34,15,3,0,0,0,2052
2026-04-14,home,partner,desktop,54,19,10,7,0,0,2,1219
2026-04-14,home,partner,mobile,24,6,7,2,0,0,0,2213
2026-04-14,home,email,desktop,126,48,35,12,0,0,1,1299
2026-04-14,home,email,mobile,79,45,15,9,0,0,0,2075
2026-04-14,pricing,paid_search,desktop,373,199,77,35,0,0,2,1332
2026-04-14,pricing,paid_search,mobile,257,135,64,20,0,0,2,1911
2026-04-14,pricing,paid_social,desktop,112,60,26,14,0,0,0,1388
2026-04-14,pricing,paid_social,mobile,157,73,32,13,0,0,0,2243
2026-04-14,pricing,organic,desktop,328,143,92,34,0,0,1,1258
2026-04-14,pricing,organic,mobile,168,79,43,23,0,0,1,2148
2026-04-14,pricing,webinar,desktop,63,26,13,6,0,0,0,1317
2026-04-14,pricing,webinar,mobile,44,19,11,5,0,0,0,2279
2026-04-14,pricing,partner,desktop,39,20,9,4,0,0,0,1564
2026-04-14,pricing,partner,mobile,26,11,7,4,0,0,0,2332
2026-04-14,pricing,email,desktop,75,36,16,11,0,0,0,1175
2026-04-14,pricing,email,mobile,60,32,12,6,0,0,0,2246
2026-04-14,demo,paid_search,desktop,331,105,101,36,101,64,3,1709
2026-04-14,demo,paid_search,mobile,150,57,42,14,55,12,7,4416
2026-04-14,demo,paid_social,desktop,80,23,26,9,28,17,0,1561
2026-04-14,demo,paid_social,mobile,102,38,27,18,30,6,7,5059
2026-04-14,demo,organic,desktop,209,55,61,17,71,48,0,1425
2026-04-14,demo,organic,mobile,137,69,37,13,52,10,2,4907
2026-04-14,demo,webinar,desktop,43,14,15,5,12,8,0,1362
2026-04-14,demo,webinar,mobile,18,8,5,2,7,2,2,4231
2026-04-14,demo,partner,desktop,32,5,11,2,5,1,0,1513
2026-04-14,demo,partner,mobile,15,4,6,2,6,2,1,4142
2026-04-14,demo,email,desktop,56,18,20,5,17,11,1,1377
2026-04-14,demo,email,mobile,25,6,11,1,12,2,1,4811
2026-04-14,features,paid_search,desktop,224,83,61,32,0,0,0,1265
2026-04-14,features,paid_search,mobile,119,51,27,16,0,0,1,2135
2026-04-14,features,paid_social,desktop,135,50,44,17,0,0,0,1502
2026-04-14,features,paid_social,mobile,136,48,50,12,0,0,2,2138
2026-04-14,features,organic,desktop,353,150,94,57,0,0,1,1329
2026-04-14,features,organic,mobile,214,81,78,23,0,0,0,2268
2026-04-14,features,webinar,desktop,82,40,19,14,0,0,0,1354
2026-04-14,features,webinar,mobile,45,11,12,6,0,0,0,2122
2026-04-14,features,partner,desktop,34,8,10,4,0,0,0,1266
2026-04-14,features,partner,mobile,20,4,8,2,0,0,1,2119
2026-04-14,features,email,desktop,65,29,14,6,0,0,2,1358
2026-04-14,features,email,mobile,54,19,14,8,0,0,0,2192
2026-04-14,compare,paid_search,desktop,154,69,37,25,0,0,0,1199
2026-04-14,compare,paid_search,mobile,69,26,20,10,0,0,0,1863
2026-04-14,compare,paid_social,desktop,60,23,21,7,0,0,0,1355
2026-04-14,compare,paid_social,mobile,77,42,15,14,0,0,1,1967
2026-04-14,compare,organic,desktop,194,87,53,14,0,0,1,1311
2026-04-14,compare,organic,mobile,89,49,15,8,0,0,0,2060
2026-04-14,compare,webinar,desktop,42,23,9,7,0,0,1,1250
2026-04-14,compare,webinar,mobile,15,5,4,4,0,0,0,2192
2026-04-14,compare,partner,desktop,16,6,5,5,0,0,0,1310
2026-04-14,compare,partner,mobile,11,6,2,1,0,0,0,2307
2026-04-14,compare,email,desktop,31,13,7,7,0,0,0,1382
2026-04-14,compare,email,mobile,18,15,2,2,0,0,0,1952
2026-04-15,home,paid_search,desktop,391,146,108,52,0,0,0,1255
2026-04-15,home,paid_search,mobile,191,85,51,23,0,0,2,2058
2026-04-15,home,paid_social,desktop,152,67,39,23,0,0,0,1233
2026-04-15,home,paid_social,mobile,290,126,73,27,0,0,3,2297
2026-04-15,home,organic,desktop,640,263,176,104,0,0,2,1250
2026-04-15,home,organic,mobile,347,166,73,37,0,0,1,2097
2026-04-15,home,webinar,desktop,127,54,29,16,0,0,1,1339
2026-04-15,home,webinar,mobile,62,35,14,6,0,0,0,1910
2026-04-15,home,partner,desktop,59,18,17,4,0,0,0,1303
2026-04-15,home,partner,mobile,37,9,11,1,0,0,0,2373
2026-04-15,home,email,desktop,103,44,23,15,0,0,0,1306
2026-04-15,home,email,mobile,83,35,17,5,0,0,0,2045
2026-04-15,pricing,paid_search,desktop,362,190,72,19,0,0,3,1385
2026-04-15,pricing,paid_search,mobile,197,90,51,13,0,0,0,2234
2026-04-15,pricing,paid_social,desktop,88,36,25,11,0,0,0,1059
2026-04-15,pricing,paid_social,mobile,133,55,28,21,0,0,1,2077
2026-04-15,pricing,organic,desktop,340,128,98,51,0,0,2,1339
2026-04-15,pricing,organic,mobile,168,76,39,22,0,0,0,2242
2026-04-15,pricing,webinar,desktop,74,30,17,18,0,0,0,1421
2026-04-15,pricing,webinar,mobile,48,18,14,7,0,0,0,2055
2026-04-15,pricing,partner,desktop,26,11,8,3,0,0,0,1304
2026-04-15,pricing,partner,mobile,9,4,2,0,0,0,0,1988
2026-04-15,pricing,email,desktop,69,24,13,8,0,0,2,1427
2026-04-15,pricing,email,mobile,48,25,11,9,0,0,0,1740
2026-04-15,demo,paid_search,desktop,213,49,71,16,53,36,1,1243
2026-04-15,demo,paid_search,mobile,150,55,32,22,55,9,4,5410
2026-04-15,demo,paid_social,desktop,69,19,22,12,24,17,0,1395
2026-04-15,demo,paid_social,mobile,103,35,22,8,35,8,2,4631
2026-04-15,demo,organic,desktop,283,87,82,30,83,57,2,1512
2026-04-15,demo,organic,mobile,131,45,41,9,44,4,7,4151
2026-04-15,demo,webinar,desktop,49,12,16,7,16,11,0,1426
2026-04-15,demo,webinar,mobile,30,8,12,3,14,5,0,5078
2026-04-15,demo,partner,desktop,31,11,10,3,7,6,0,1408
2026-04-15,demo,partner,mobile,13,6,3,1,2,0,0,3504
2026-04-15,demo,email,desktop,42,13,15,7,5,3,0,1357
2026-04-15,demo,email,mobile,49,21,11,9,21,4,0,4422
2026-04-15,features,paid_search,desktop,191,73,45,17,0,0,1,1489
2026-04-15,features,paid_search,mobile,118,47,32,9,0,0,1,2283
2026-04-15,features,paid_social,desktop,106,35,33,15,0,0,1,1270
2026-04-15,features,paid_social,mobile,146,53,33,21,0,0,1,1797
2026-04-15,features,organic,desktop,289,103,87,43,0,0,3,1300
2026-04-15,features,organic,mobile,137,51,39,14,0,0,0,1902
2026-04-15,features,webinar,desktop,67,33,17,3,0,0,0,1353
2026-04-15,features,webinar,mobile,43,15,11,1,0,0,0,2153
2026-04-15,features,partner,desktop,42,14,11,0,0,0,0,1260
2026-04-15,features,partner,mobile,29,11,6,3,0,0,0,2161
2026-04-15,features,email,desktop,69,24,17,7,0,0,0,1568
2026-04-15,features,email,mobile,40,17,9,9,0,0,0,1823
2026-04-15,compare,paid_search,desktop,137,51,39,18,0,0,1,1180
2026-04-15,compare,paid_search,mobile,61,30,13,9,0,0,0,2143
2026-04-15,compare,paid_social,desktop,50,24,12,9,0,0,0,1213
2026-04-15,compare,paid_social,mobile,44,25,8,4,0,0,0,2166
2026-04-15,compare,organic,desktop,175,76,50,16,0,0,0,1165
2026-04-15,compare,organic,mobile,95,48,22,5,0,0,0,2109
2026-04-15,compare,webinar,desktop,41,21,11,7,0,0,0,1298
2026-04-15,compare,webinar,mobile,22,9,6,0,0,0,0,2209
2026-04-15,compare,partner,desktop,25,14,5,3,0,0,0,1279
2026-04-15,compare,partner,mobile,11,3,3,1,0,0,0,2270
2026-04-15,compare,email,desktop,36,18,8,4,0,0,0,1196
2026-04-15,compare,email,mobile,31,18,7,7,0,0,0,2155
2026-04-16,home,paid_search,desktop,305,126,76,33,0,0,1,1116
2026-04-16,home,paid_search,mobile,154,54,43,13,0,0,0,1719
2026-04-16,home,paid_social,desktop,162,68,40,14,0,0,0,1157
2026-04-16,home,paid_social,mobile,321,137,74,31,0,0,2,2443
2026-04-16,home,organic,desktop,602,220,172,71,0,0,4,1453
2026-04-16,home,organic,mobile,334,163,85,26,0,0,1,2161
2026-04-16,home,webinar,desktop,145,49,43,16,0,0,1,1213
2026-04-16,home,webinar,mobile,76,35,16,6,0,0,2,2250
2026-04-16,home,partner,desktop,74,30,16,6,0,0,2,1131
2026-04-16,home,partner,mobile,34,11,11,7,0,0,0,1761
2026-04-16,home,email,desktop,112,46,24,6,0,0,0,1285
2026-04-16,home,email,mobile,101,40,36,12,0,0,0,2091
2026-04-16,pricing,paid_search,desktop,392,190,94,34,0,0,1,1348
2026-04-16,pricing,paid_search,mobile,180,102,38,16,0,0,0,1988
2026-04-16,pricing,paid_social,desktop,108,38,23,16,0,0,0,1236
2026-04-16,pricing,paid_social,mobile,167,68,39,32,0,0,0,2400
2026-04-16,pricing,organic,desktop,339,132,102,40,0,0,0,1282
2026-04-16,pricing,organic,mobile,213,85,62,27,0,0,1,2007
2026-04-16,pricing,webinar,desktop,82,34,20,15,0,0,0,1340
2026-04-16,pricing,webinar,mobile,42,23,7,3,0,0,0,2016
2026-04-16,pricing,partner,desktop,51,24,12,3,0,0,0,1486
2026-04-16,pricing,partner,mobile,24,10,8,4,0,0,0,2156
2026-04-16,pricing,email,desktop,72,29,25,6,0,0,0,1262
2026-04-16,pricing,email,mobile,60,24,13,7,0,0,0,1963
2026-04-16,demo,paid_search,desktop,264,66,101,29,87,52,1,1178
2026-04-16,demo,paid_search,mobile,157,51,43,21,63,18,3,4887
2026-04-16,demo,paid_social,desktop,83,23,23,11,25,11,0,1307
2026-04-16,demo,paid_social,mobile,112,51,31,8,36,6,3,4112
2026-04-16,demo,organic,desktop,229,63,64,28,76,51,1,1264
2026-04-16,demo,organic,mobile,151,67,46,10,49,6,4,5291
2026-04-16,demo,webinar,desktop,56,20,15,3,18,7,0,1375
2026-04-16,demo,webinar,mobile,18,6,4,3,6,1,1,4875
2026-04-16,demo,partner,desktop,25,3,9,1,9,5,0,1424
2026-04-16,demo,partner,mobile,14,5,5,0,6,1,0,5522
2026-04-16,demo,email,desktop,55,12,18,6,20,13,0,1322
2026-04-16,demo,email,mobile,31,13,8,8,11,6,1,4752
2026-04-16,features,paid_search,desktop,199,91,58,27,0,0,2,1401
2026-04-16,features,paid_search,mobile,111,41,33,12,0,0,0,2100
2026-04-16,features,paid_social,desktop,125,38,38,12,0,0,0,1333
2026-04-16,features,paid_social,mobile,114,43,37,10,0,0,1,2072
2026-04-16,features,organic,desktop,400,145,110,57,0,0,3,1216
2026-04-16,features,organic,mobile,187,72,54,21,0,0,1,2289
2026-04-16,features,webinar,desktop,92,32,23,15,0,0,0,1272
2026-04-16,features,webinar,mobile,40,20,11,4,0,0,0,2177
2026-04-16,features,partner,desktop,43,12,13,8,0,0,0,1330
2026-04-16,features,partner,mobile,13,7,4,2,0,0,0,1482
2026-04-16,features,email,desktop,56,20,19,8,0,0,0,1290
2026-04-16,features,email,mobile,58,26,13,6,0,0,1,2110
2026-04-16,compare,paid_search,desktop,136,63,33,13,0,0,0,1059
2026-04-16,compare,paid_search,mobile,54,28,8,4,0,0,0,1877
2026-04-16,compare,paid_social,desktop,39,21,7,3,0,0,0,1274
2026-04-16,compare,paid_social,mobile,91,39,16,12,0,0,0,2017
2026-04-16,compare,organic,desktop,160,66,34,20,0,0,0,1394
2026-04-16,compare,organic,mobile,89,44,21,10,0,0,0,2355
2026-04-16,compare,webinar,desktop,25,16,5,2,0,0,0,1236
2026-04-16,compare,webinar,mobile,17,7,3,1,0,0,0,1951
2026-04-16,compare,partner,desktop,20,11,4,3,0,0,0,1293
2026-04-16,compare,partner,mobile,7,3,1,0,0,0,0,2276
2026-04-16,compare,email,desktop,28,12,7,1,0,0,0,1299
2026-04-16,compare,email,mobile,25,13,5,3,0,0,0,2278
2026-04-17,home,paid_search,desktop,327,118,94,44,0,0,0,1412
2026-04-17,home,paid_search,mobile,168,68,49,16,0,0,2,2199
2026-04-17,home,paid_social,desktop,163,53,53,21,0,0,2,1294
2026-04-17,home,paid_social,mobile,254,93,71,27,0,0,2,1918
2026-04-17,home,organic,desktop,525,203,153,54,0,0,1,1318
2026-04-17,home,organic,mobile,309,135,84,36,0,0,0,1999
2026-04-17,home,webinar,desktop,143,55,37,17,0,0,0,1480
2026-04-17,home,webinar,mobile,77,35,21,12,0,0,0,2285
2026-04-17,home,partner,desktop,56,19,14,6,0,0,0,1284
2026-04-17,home,partner,mobile,36,16,9,1,0,0,1,2083
2026-04-17,home,email,desktop,118,56,27,14,0,0,0,1150
2026-04-17,home,email,mobile,82,34,21,8,0,0,0,2019
2026-04-17,pricing,paid_search,desktop,352,182,75,33,0,0,1,1514
2026-04-17,pricing,paid_search,mobile,220,128,32,20,0,0,0,2166
2026-04-17,pricing,paid_social,desktop,76,34,25,15,0,0,0,1289
2026-04-17,pricing,paid_social,mobile,182,71,49,25,0,0,1,2171
2026-04-17,pricing,organic,desktop,306,118,75,23,0,0,1,1271
2026-04-17,pricing,organic,mobile,174,75,40,20,0,0,1,2093
2026-04-17,pricing,webinar,desktop,56,22,15,4,0,0,0,1298
2026-04-17,pricing,webinar,mobile,32,17,7,3,0,0,0,2392
2026-04-17,pricing,partner,desktop,50,16,15,7,0,0,1,1068
2026-04-17,pricing,partner,mobile,24,13,4,1,0,0,0,1978
2026-04-17,pricing,email,desktop,53,17,12,9,0,0,0,1061
2026-04-17,pricing,email,mobile,51,28,16,7,0,0,0,2024
2026-04-17,demo,paid_search,desktop,306,116,85,34,105,66,0,1387
2026-04-17,demo,paid_search,mobile,116,49,30,12,38,10,1,5034
2026-04-17,demo,paid_social,desktop,56,18,14,6,15,10,0,1269
2026-04-17,demo,paid_social,mobile,111,37,26,15,36,10,5,4465
2026-04-17,demo,organic,desktop,228,86,63,33,67,38,2,1474
2026-04-17,demo,organic,mobile,128,47,33,16,50,8,2,4986
2026-04-17,demo,webinar,desktop,64,20,17,7,19,15,2,1366
2026-04-17,demo,webinar,mobile,35,21,7,6,13,2,1,3894
2026-04-17,demo,partner,desktop,36,13,10,6,12,8,0,1396
2026-04-17,demo,partner,mobile,21,9,7,2,10,2,0,4877
2026-04-17,demo,email,desktop,51,15,16,5,11,8,0,1412
2026-04-17,demo,email,mobile,44,19,9,5,15,2,1,4167
2026-04-17,features,paid_search,desktop,202,82,49,30,0,0,0,1180
2026-04-17,features,paid_search,mobile,149,61,42,20,0,0,0,2245
2026-04-17,features,paid_social,desktop,89,33,24,6,0,0,1,1462
2026-04-17,features,paid_social,mobile,175,66,45,21,0,0,0,2238
2026-04-17,features,organic,desktop,319,93,105,34,0,0,1,1248
2026-04-17,features,organic,mobile,219,94,67,14,0,0,0,2043
2026-04-17,features,webinar,desktop,73,28,24,8,0,0,1,1196
2026-04-17,features,webinar,mobile,35,12,10,2,0,0,0,2178
2026-04-17,features,partner,desktop,25,9,5,2,0,0,0,1424
2026-04-17,features,partner,mobile,30,12,9,4,0,0,0,2230
2026-04-17,features,email,desktop,68,22,17,8,0,0,0,1365
2026-04-17,features,email,mobile,61,25,20,5,0,0,0,1976
2026-04-17,compare,paid_search,desktop,144,72,32,22,0,0,1,1269
2026-04-17,compare,paid_search,mobile,65,33,13,7,0,0,1,2016
2026-04-17,compare,paid_social,desktop,44,20,7,3,0,0,0,1384
2026-04-17,compare,paid_social,mobile,77,33,16,6,0,0,0,2104
2026-04-17,compare,organic,desktop,171,85,38,29,0,0,0,1401
2026-04-17,compare,organic,mobile,113,53,27,12,0,0,0,2167
2026-04-17,compare,webinar,desktop,46,16,14,7,0,0,0,1210
2026-04-17,compare,webinar,mobile,22,9,5,7,0,0,0,1847
2026-04-17,compare,partner,desktop,21,8,10,2,0,0,0,1505
2026-04-17,compare,partner,mobile,13,8,2,0,0,0,0,2029
2026-04-17,compare,email,desktop,32,12,11,4,0,0,0,1312
2026-04-17,compare,email,mobile,21,10,4,0,0,0,0,2393
2026-04-18,home,paid_search,desktop,135,50,38,15,0,0,0,1353
2026-04-18,home,paid_search,mobile,67,24,18,5,0,0,0,1926
2026-04-18,home,paid_social,desktop,73,30,18,12,0,0,0,1306
2026-04-18,home,paid_social,mobile,94,39,22,6,0,0,0,2348
2026-04-18,home,organic,desktop,231,105,63,33,0,0,0,1337
2026-04-18,home,organic,mobile,122,55,38,13,0,0,0,2666
2026-04-18,home,webinar,desktop,66,32,14,8,0,0,0,1090
2026-04-18,home,webinar,mobile,29,11,11,0,0,0,0,2035
2026-04-18,home,partner,desktop,25,7,12,4,0,0,0,1159
2026-04-18,home,partner,mobile,18,6,7,3,0,0,0,2221
2026-04-18,home,email,desktop,68,35,15,9,0,0,0,1166
2026-04-18,home,email,mobile,40,20,7,3,0,0,0,1968
2026-04-18,pricing,paid_search,desktop,146,71,34,13,0,0,1,1237
2026-04-18,pricing,paid_search,mobile,76,33,19,9,0,0,0,2130
2026-04-18,pricing,paid_social,desktop,34,14,9,0,0,0,1,1280
2026-04-18,pricing,paid_social,mobile,55,20,15,8,0,0,0,2264
2026-04-18,pricing,organic,desktop,133,44,37,18,0,0,0,1189
2026-04-18,pricing,organic,mobile,63,31,13,11,0,0,0,2167
2026-04-18,pricing,webinar,desktop,40,15,12,5,0,0,0,1278
2026-04-18,pricing,webinar,mobile,17,9,3,1,0,0,0,1775
2026-04-18,pricing,partner,desktop,8,3,2,0,0,0,0,1415
2026-04-18,pricing,partner,mobile,8,4,3,2,0,0,0,1976
2026-04-18,pricing,email,desktop,28,6,11,3,0,0,0,1315
2026-04-18,pricing,email,mobile,27,6,11,2,0,0,0,1945
2026-04-18,demo,paid_search,desktop,141,43,43,21,41,24,1,1715
2026-04-18,demo,paid_search,mobile,60,18,19,8,15,3,0,5421
2026-04-18,demo,paid_social,desktop,28,9,9,1,11,5,0,1346
2026-04-18,demo,paid_social,mobile,55,22,18,7,23,7,1,4905
2026-04-18,demo,organic,desktop,88,28,27,14,24,20,1,1432
2026-04-18,demo,organic,mobile,46,17,11,4,15,3,2,4260
2026-04-18,demo,webinar,desktop,22,6,7,1,5,5,0,1471
2026-04-18,demo,webinar,mobile,7,4,1,2,0,0,1,4816
2026-04-18,demo,partner,desktop,6,2,2,1,2,0,0,1521
2026-04-18,demo,partner,mobile,7,2,2,2,4,0,0,4740
2026-04-18,demo,email,desktop,14,1,5,1,3,3,0,1271
2026-04-18,demo,email,mobile,16,5,8,4,5,0,0,4506
2026-04-18,features,paid_search,desktop,92,37,25,12,0,0,0,1173
2026-04-18,features,paid_search,mobile,44,17,15,5,0,0,0,2125
2026-04-18,features,paid_social,desktop,44,8,21,4,0,0,1,1375
2026-04-18,features,paid_social,mobile,59,18,21,2,0,0,1,1861
2026-04-18,features,organic,desktop,116,35,42,14,0,0,3,1340
2026-04-18,features,organic,mobile,63,25,20,12,0,0,0,2222
2026-04-18,features,webinar,desktop,18,11,4,2,0,0,0,1347
2026-04-18,features,webinar,mobile,11,2,3,3,0,0,0,1872
2026-04-18,features,partner,desktop,10,4,4,0,0,0,0,1477
2026-04-18,features,partner,mobile,5,1,2,0,0,0,0,2159
2026-04-18,features,email,desktop,22,8,8,2,0,0,0,1133
2026-04-18,features,email,mobile,19,9,5,2,0,0,0,2003
2026-04-18,compare,paid_search,desktop,62,24,18,8,0,0,1,1237
2026-04-18,compare,paid_search,mobile,34,16,7,6,0,0,0,2060
2026-04-18,compare,paid_social,desktop,20,8,5,3,0,0,0,1452
2026-04-18,compare,paid_social,mobile,29,10,10,1,0,0,0,2141
2026-04-18,compare,organic,desktop,73,37,15,4,0,0,1,1285
2026-04-18,compare,organic,mobile,29,14,6,4,0,0,0,2364
2026-04-18,compare,webinar,desktop,14,7,2,2,0,0,1,1351
2026-04-18,compare,webinar,mobile,9,4,3,0,0,0,0,2455
2026-04-18,compare,partner,desktop,9,2,4,0,0,0,0,1311
2026-04-18,compare,partner,mobile,1,0,0,0,0,0,0,2371
2026-04-18,compare,email,desktop,10,4,3,1,0,0,0,1084
2026-04-18,compare,email,mobile,10,2,3,1,0,0,0,2226
2026-04-19,home,paid_search,desktop,130,67,26,11,0,0,0,1282
2026-04-19,home,paid_search,mobile,70,27,16,6,0,0,0,2147
2026-04-19,home,paid_social,desktop,79,25,21,11,0,0,1,1345
2026-04-19,home,paid_social,mobile,106,43,27,12,0,0,0,2211
2026-04-19,home,organic,desktop,221,98,59,27,0,0,3,1471
2026-04-19,home,organic,mobile,120,48,27,16,0,0,0,2196
2026-04-19,home,webinar,desktop,72,30,20,10,0,0,0,1301
2026-04-19,home,webinar,mobile,25,10,9,2,0,0,0,2186
2026-04-19,home,partner,desktop,29,9,10,6,0,0,0,1208
2026-04-19,home,partner,mobile,12,2,6,1,0,0,0,2424
2026-04-19,home,email,desktop,49,21,7,3,0,0,0,1233
2026-04-19,home,email,mobile,41,22,7,4,0,0,0,2236
2026-04-19,pricing,paid_search,desktop,157,81,31,14,0,0,0,1432
2026-04-19,pricing,paid_search,mobile,82,44,16,9,0,0,0,2202
2026-04-19,pricing,paid_social,desktop,40,18,12,8,0,0,0,1236
2026-04-19,pricing,paid_social,mobile,48,22,16,4,0,0,0,1983
2026-04-19,pricing,organic,desktop,161,70,34,22,0,0,1,1421
2026-04-19,pricing,organic,mobile,64,26,19,7,0,0,0,2169
2026-04-19,pricing,webinar,desktop,29,14,8,6,0,0,1,1255
2026-04-19,pricing,webinar,mobile,17,7,3,0,0,0,0,1966
2026-04-19,pricing,partner,desktop,21,10,3,3,0,0,1,1233
2026-04-19,pricing,partner,mobile,8,1,3,3,0,0,0,2133
2026-04-19,pricing,email,desktop,22,7,5,3,0,0,0,1552
2026-04-19,pricing,email,mobile,15,3,6,1,0,0,0,1897
2026-04-19,demo,paid_search,desktop,99,27,39,13,29,18,1,1139
2026-04-19,demo,paid_search,mobile,51,20,13,2,14,3,1,4814
2026-04-19,demo,paid_social,desktop,27,11,7,3,7,5,0,1330
2026-04-19,demo,paid_social,mobile,43,16,10,4,14,4,1,4663
2026-04-19,demo,organic,desktop,109,37,36,9,33,20,0,1273
2026-04-19,demo,organic,mobile,45,19,12,8,13,1,2,5293
2026-04-19,demo,webinar,desktop,22,5,6,2,5,2,0,1346
2026-04-19,demo,webinar,mobile,16,7,1,3,9,1,1,4987
2026-04-19,demo,partner,desktop,8,2,2,0,4,2,0,1576
2026-04-19,demo,partner,mobile,6,2,1,0,1,1,0,4713
2026-04-19,demo,email,desktop,24,11,3,7,6,4,0,1308
2026-04-19,demo,email,mobile,14,7,3,2,7,2,1,4749
2026-04-19,features,paid_search,desktop,77,32,21,8,0,0,0,1290
2026-04-19,features,paid_search,mobile,46,21,15,6,0,0,0,2189
2026-04-19,features,paid_social,desktop,27,11,6,1,0,0,0,1300
2026-04-19,features,paid_social,mobile,48,12,12,7,0,0,1,2116
2026-04-19,features,organic,desktop,135,46,50,12,0,0,1,1252
2026-04-19,features,organic,mobile,70,22,25,3,0,0,1,2134
2026-04-19,features,webinar,desktop,29,16,3,8,0,0,0,1334
2026-04-19,features,webinar,mobile,17,2,12,1,0,0,0,2193
2026-04-19,features,partner,desktop,16,5,5,4,0,0,0,1127
2026-04-19,features,partner,mobile,10,2,5,1,0,0,0,1901
2026-04-19,features,email,desktop,20,9,2,1,0,0,0,1153
2026-04-19,features,email,mobile,17,7,3,2,0,0,0,2260
2026-04-19,compare,paid_search,desktop,57,24,15,5,0,0,1,1179
2026-04-19,compare,paid_search,mobile,38,15,5,2,0,0,0,2027
2026-04-19,compare,paid_social,desktop,13,6,3,1,0,0,0,1298
2026-04-19,compare,paid_social,mobile,39,18,8,4,0,0,0,1856
2026-04-19,compare,organic,desktop,59,23,16,8,0,0,0,1248
2026-04-19,compare,organic,mobile,45,18,14,4,0,0,0,2525
2026-04-19,compare,webinar,desktop,21,12,5,2,0,0,0,1305
2026-04-19,compare,webinar,mobile,9,4,3,1,0,0,0,2401
2026-04-19,compare,partner,desktop,3,0,1,0,0,0,0,1249
2026-04-19,compare,partner,mobile,6,4,1,1,0,0,0,2207
2026-04-19,compare,email,desktop,9,4,2,0,0,0,0,1252
2026-04-19,compare,email,mobile,10,4,3,0,0,0,0,2142
2026-04-20,home,paid_search,desktop,370,159,88,49,0,0,3,1383
2026-04-20,home,paid_search,mobile,170,60,41,23,0,0,0,2024
2026-04-20,home,paid_social,desktop,197,75,52,20,0,0,1,1355
2026-04-20,home,paid_social,mobile,242,90,67,28,0,0,2,2046
2026-04-20,home,organic,desktop,587,224,153,70,0,0,1,1327
2026-04-20,home,organic,mobile,272,137,61,25,0,0,1,2270
2026-04-20,home,webinar,desktop,107,42,32,5,0,0,0,1445
2026-04-20,home,webinar,mobile,67,32,17,11,0,0,2,2276
2026-04-20,home,partner,desktop,49,18,12,8,0,0,0,1296
2026-04-20,home,partner,mobile,29,12,10,5,0,0,0,2316
2026-04-20,home,email,desktop,110,48,28,11,0,0,0,1395
2026-04-20,home,email,mobile,88,37,25,8,0,0,0,2018
2026-04-20,pricing,paid_search,desktop,344,179,64,43,0,0,1,1191
2026-04-20,pricing,paid_search,mobile,203,106,36,22,0,0,0,1814
2026-04-20,pricing,paid_social,desktop,112,55,31,12,0,0,0,1483
2026-04-20,pricing,paid_social,mobile,151,66,27,13,0,0,0,1839
2026-04-20,pricing,organic,desktop,273,122,64,31,0,0,1,1277
2026-04-20,pricing,organic,mobile,201,84,54,16,0,0,1,2165
2026-04-20,pricing,webinar,desktop,75,37,22,9,0,0,1,1175
2026-04-20,pricing,webinar,mobile,35,19,4,1,0,0,0,2381
2026-04-20,pricing,partner,desktop,42,16,7,3,0,0,0,1549
2026-04-20,pricing,partner,mobile,19,10,4,4,0,0,0,2123
2026-04-20,pricing,email,desktop,59,28,16,10,0,0,1,1279
2026-04-20,pricing,email,mobile,56,29,16,7,0,0,0,1979
2026-04-20,demo,paid_search,desktop,309,97,96,31,96,55,1,1443
2026-04-20,demo,paid_search,mobile,144,52,48,13,51,12,3,3996
2026-04-20,demo,paid_social,desktop,71,23,16,5,17,11,0,1409
2026-04-20,demo,paid_social,mobile,109,32,24,11,37,6,7,5081
2026-04-20,demo,organic,desktop,261,81,82,29,92,58,1,1331
2026-04-20,demo,organic,mobile,116,40,37,11,40,3,5,4895
2026-04-20,demo,webinar,desktop,68,20,23,9,29,20,1,1456
2026-04-20,demo,webinar,mobile,23,8,6,6,7,1,0,4929
2026-04-20,demo,partner,desktop,30,10,10,3,9,6,0,1354
2026-04-20,demo,partner,mobile,16,9,2,1,3,1,0,5059
2026-04-20,demo,email,desktop,52,13,16,7,9,3,0,1307
2026-04-20,demo,email,mobile,38,17,6,5,11,1,0,4408
2026-04-20,features,paid_search,desktop,151,46,36,19,0,0,1,1231
2026-04-20,features,paid_search,mobile,109,42,31,8,0,0,1,2144
2026-04-20,features,paid_social,desktop,109,48,26,6,0,0,2,1112
2026-04-20,features,paid_social,mobile,169,64,41,23,0,0,0,1903
2026-04-20,features,organic,desktop,350,125,95,46,0,0,0,1184
2026-04-20,features,organic,mobile,201,74,54,23,0,0,0,2124
2026-04-20,features,webinar,desktop,64,25,19,5,0,0,0,1215
2026-04-20,features,webinar,mobile,57,20,16,11,0,0,0,1914
2026-04-20,features,partner,desktop,36,13,10,5,0,0,0,1164
2026-04-20,features,partner,mobile,13,4,4,5,0,0,0,1939
2026-04-20,features,email,desktop,55,14,21,9,0,0,1,1240
2026-04-20,features,email,mobile,42,16,9,4,0,0,0,1901
2026-04-20,compare,paid_search,desktop,130,61,30,17,0,0,3,1318
2026-04-20,compare,paid_search,mobile,83,46,16,9,0,0,0,2068
2026-04-20,compare,paid_social,desktop,51,17,18,4,0,0,1,1424
2026-04-20,compare,paid_social,mobile,75,30,13,8,0,0,1,2385
2026-04-20,compare,organic,desktop,194,85,41,30,0,0,1,1282
2026-04-20,compare,organic,mobile,97,44,21,4,0,0,1,2181
2026-04-20,compare,webinar,desktop,27,13,5,6,0,0,0,1366
2026-04-20,compare,webinar,mobile,21,10,6,1,0,0,0,2115
2026-04-20,compare,partner,desktop,25,9,9,1,0,0,0,1220
2026-04-20,compare,partner,mobile,10,5,2,4,0,0,0,2160
2026-04-20,compare,email,desktop,31,14,8,2,0,0,0,1167
2026-04-20,compare,email,mobile,25,9,7,6,0,0,1,2165
2026-04-21,home,paid_search,desktop,342,148,97,41,0,0,0,1284
2026-04-21,home,paid_search,mobile,186,87,43,23,0,0,0,2129
2026-04-21,home,paid_social,desktop,175,84,44,24,0,0,1,1311
2026-04-21,home,paid_social,mobile,285,124,74,34,0,0,1,2331
2026-04-21,home,organic,desktop,637,232,157,86,0,0,3,1221
2026-04-21,home,organic,mobile,324,159,72,28,0,0,2,2240
2026-04-21,home,webinar,desktop,137,68,32,20,0,0,1,1309
2026-04-21,home,webinar,mobile,79,31,20,8,0,0,0,2343
2026-04-21,home,partner,desktop,73,27,20,8,0,0,0,1165
2026-04-21,home,partner,mobile,42,22,7,4,0,0,0,2082
2026-04-21,home,email,desktop,131,46,35,12,0,0,0,1337
2026-04-21,home,email,mobile,104,46,26,13,0,0,0,2097
2026-04-21,pricing,paid_search,desktop,398,169,111,41,0,0,2,1139
2026-04-21,pricing,paid_search,mobile,219,110,54,13,0,0,2,1991
2026-04-21,pricing,paid_social,desktop,87,38,26,11,0,0,1,1212
2026-04-21,pricing,paid_social,mobile,155,57,36,26,0,0,1,2410
2026-04-21,pricing,organic,desktop,314,133,81,53,0,0,5,1311
2026-04-21,pricing,organic,mobile,209,79,49,23,0,0,3,1929
2026-04-21,pricing,webinar,desktop,52,23,13,6,0,0,0,1378
2026-04-21,pricing,webinar,mobile,42,22,6,4,0,0,0,2029
2026-04-21,pricing,partner,desktop,40,18,15,3,0,0,0,1434
2026-04-21,pricing,partner,mobile,18,5,5,3,0,0,0,1965
2026-04-21,pricing,email,desktop,62,25,14,7,0,0,0,1189
2026-04-21,pricing,email,mobile,58,26,10,8,0,0,0,2009
2026-04-21,demo,paid_search,desktop,271,77,91,27,76,56,1,1456
2026-04-21,demo,paid_search,mobile,162,55,48,21,58,11,6,4989
2026-04-21,demo,paid_social,desktop,50,21,16,5,20,13,0,1551
2026-04-21,demo,paid_social,mobile,106,41,29,14,31,7,8,5562
2026-04-21,demo,organic,desktop,318,85,117,41,90,66,0,1470
2026-04-21,demo,organic,mobile,114,37,32,12,36,7,5,4536
2026-04-21,demo,webinar,desktop,60,19,14,5,23,16,0,1502
2026-04-21,demo,webinar,mobile,34,13,10,6,16,5,1,4825
2026-04-21,demo,partner,desktop,38,16,11,8,8,2,0,1404
2026-04-21,demo,partner,mobile,16,9,4,2,7,1,0,4763
2026-04-21,demo,email,desktop,51,17,13,7,13,9,1,1286
2026-04-21,demo,email,mobile,33,10,14,5,13,1,1,4489
2026-04-21,features,paid_search,desktop,213,77,56,22,0,0,2,1174
2026-04-21,features,paid_search,mobile,128,46,38,12,0,0,0,1803
2026-04-21,features,paid_social,desktop,78,24,24,4,0,0,0,1325
2026-04-21,features,paid_social,mobile,134,54,36,9,0,0,0,2347
2026-04-21,features,organic,desktop,296,102,90,40,0,0,0,1342
2026-04-21,features,organic,mobile,152,58,41,16,0,0,1,2213
2026-04-21,features,webinar,desktop,64,19,20,6,0,0,1,1511
2026-04-21,features,webinar,mobile,39,12,13,6,0,0,0,1926
2026-04-21,features,partner,desktop,39,14,7,10,0,0,0,1464
2026-04-21,features,partner,mobile,19,6,3,1,0,0,0,2308
2026-04-21,features,email,desktop,49,17,12,4,0,0,0,1300
2026-04-21,features,email,mobile,63,29,15,5,0,0,0,1912
2026-04-21,compare,paid_search,desktop,146,60,35,12,0,0,1,1352
2026-04-21,compare,paid_search,mobile,57,32,17,6,0,0,0,2511
2026-04-21,compare,paid_social,desktop,49,29,9,8,0,0,0,1403
2026-04-21,compare,paid_social,mobile,78,49,13,7,0,0,1,1965
2026-04-21,compare,organic,desktop,176,79,43,24,0,0,1,1375
2026-04-21,compare,organic,mobile,73,38,17,12,0,0,2,2058
2026-04-21,compare,webinar,desktop,34,14,11,1,0,0,1,1363
2026-04-21,compare,webinar,mobile,19,9,6,2,0,0,0,1932
2026-04-21,compare,partner,desktop,18,9,6,1,0,0,0,1358
2026-04-21,compare,partner,mobile,9,4,3,1,0,0,0,2020
2026-04-21,compare,email,desktop,31,11,10,1,0,0,0,1092
2026-04-21,compare,email,mobile,31,17,6,0,0,0,0,2104
2026-04-22,home,paid_search,desktop,302,131,76,31,0,0,2,1219
2026-04-22,home,paid_search,mobile,206,90,56,21,0,0,1,1909
2026-04-22,home,paid_social,desktop,181,82,53,26,0,0,0,1148
2026-04-22,home,paid_social,mobile,283,131,66,34,0,0,0,2004
2026-04-22,home,organic,desktop,605,226,164,64,0,0,4,1259
2026-04-22,home,organic,mobile,278,118,71,36,0,0,1,2127
2026-04-22,home,webinar,desktop,125,49,29,18,0,0,0,1231
2026-04-22,home,webinar,mobile,81,27,19,11,0,0,0,1952
2026-04-22,home,partner,desktop,63,18,18,4,0,0,0,1247
2026-04-22,home,partner,mobile,27,14,9,1,0,0,0,2106
2026-04-22,home,email,desktop,95,41,20,13,0,0,0,1287
2026-04-22,home,email,mobile,77,28,32,6,0,0,1,2113
2026-04-22,pricing,paid_search,desktop,405,206,85,31,0,0,3,1190
2026-04-22,pricing,paid_search,mobile,216,122,50,20,0,0,0,1872
2026-04-22,pricing,paid_social,desktop,119,46,33,10,0,0,0,1355
2026-04-22,pricing,paid_social,mobile,147,69,33,13,0,0,0,2155
2026-04-22,pricing,organic,desktop,368,143,98,42,0,0,1,1093
2026-04-22,pricing,organic,mobile,200,92,47,20,0,0,0,2120
2026-04-22,pricing,webinar,desktop,87,38,23,9,0,0,1,1274
2026-04-22,pricing,webinar,mobile,37,18,8,4,0,0,0,1880
2026-04-22,pricing,partner,desktop,39,17,9,3,0,0,0,1476
2026-04-22,pricing,partner,mobile,17,6,3,2,0,0,1,1812
2026-04-22,pricing,email,desktop,59,21,12,3,0,0,0,1390
2026-04-22,pricing,email,mobile,47,17,11,6,0,0,0,1932
2026-04-22,demo,paid_search,desktop,280,75,100,36,85,57,4,1263
2026-04-22,demo,paid_search,mobile,142,53,32,14,52,14,2,4809
2026-04-22,demo,paid_social,desktop,86,17,33,13,24,17,2,1277
2026-04-22,demo,paid_social,mobile,142,45,39,13,54,15,6,5252
2026-04-22,demo,organic,desktop,214,64,59,21,63,33,0,1520
2026-04-22,demo,organic,mobile,128,44,41,14,50,9,5,4642
2026-04-22,demo,webinar,desktop,68,25,17,8,29,16,0,1423
2026-04-22,demo,webinar,mobile,26,9,9,3,12,1,0,5051
2026-04-22,demo,partner,desktop,29,10,8,4,8,5,0,1266
2026-04-22,demo,partner,mobile,11,5,4,1,5,3,0,5323
2026-04-22,demo,email,desktop,50,15,12,4,11,7,0,1323
2026-04-22,demo,email,mobile,25,9,8,3,8,1,0,4739
2026-04-22,features,paid_search,desktop,195,65,48,20,0,0,2,1273
2026-04-22,features,paid_search,mobile,96,34,24,10,0,0,0,1988
2026-04-22,features,paid_social,desktop,86,25,28,7,0,0,1,1235
2026-04-22,features,paid_social,mobile,138,55,45,16,0,0,0,2156
2026-04-22,features,organic,desktop,356,112,110,34,0,0,2,1349
2026-04-22,features,organic,mobile,176,83,37,18,0,0,1,1899
2026-04-22,features,webinar,desktop,74,31,18,9,0,0,0,1282
2026-04-22,features,webinar,mobile,26,16,7,4,0,0,0,1922
2026-04-22,features,partner,desktop,31,15,4,3,0,0,1,1190
2026-04-22,features,partner,mobile,21,5,8,2,0,0,0,2373
2026-04-22,features,email,desktop,61,30,20,10,0,0,0,1268
2026-04-22,features,email,mobile,45,12,15,6,0,0,1,1886
2026-04-22,compare,paid_search,desktop,160,72,41,20,0,0,1,1337
2026-04-22,compare,paid_search,mobile,74,39,16,8,0,0,0,2016
2026-04-22,compare,paid_social,desktop,46,20,13,5,0,0,0,1302
2026-04-22,compare,paid_social,mobile,73,34,20,7,0,0,1,1920
2026-04-22,compare,organic,desktop,122,49,30,9,0,0,1,1293
2026-04-22,compare,organic,mobile,90,45,21,10,0,0,1,2234
2026-04-22,compare,webinar,desktop,46,20,10,8,0,0,0,1386
2026-04-22,compare,webinar,mobile,30,13,11,9,0,0,0,2302
2026-04-22,compare,partner,desktop,24,9,7,1,0,0,0,1259
2026-04-22,compare,partner,mobile,11,5,4,0,0,0,0,1986
2026-04-22,compare,email,desktop,33,13,10,5,0,0,1,1295
2026-04-22,compare,email,mobile,23,11,4,3,0,0,0,2075
2026-04-23,home,paid_search,desktop,373,146,99,46,0,0,2,1264
2026-04-23,home,paid_search,mobile,178,70,48,23,0,0,0,1920
2026-04-23,home,paid_social,desktop,189,81,39,18,0,0,1,1500
2026-04-23,home,paid_social,mobile,257,129,55,22,0,0,2,2136
2026-04-23,home,organic,desktop,506,219,127,63,0,0,2,1118
2026-04-23,home,organic,mobile,353,153,86,46,0,0,0,2094
2026-04-23,home,webinar,desktop,143,57,42,27,0,0,0,1390
2026-04-23,home,webinar,mobile,78,35,21,9,0,0,0,2520
2026-04-23,home,partner,desktop,88,41,23,11,0,0,0,1314
2026-04-23,home,partner,mobile,45,20,4,3,0,0,0,2232
2026-04-23,home,email,desktop,98,36,28,15,0,0,2,1342
2026-04-23,home,email,mobile,95,40,19,10,0,0,0,1998
2026-04-23,pricing,paid_search,desktop,392,217,66,38,0,0,2,1336
2026-04-23,pricing,paid_search,mobile,217,106,53,27,0,0,0,2063
2026-04-23,pricing,paid_social,desktop,112,50,27,6,0,0,0,1219
2026-04-23,pricing,paid_social,mobile,171,79,39,24,0,0,1,2131
2026-04-23,pricing,organic,desktop,316,127,83,35,0,0,3,1323
2026-04-23,pricing,organic,mobile,166,68,49,15,0,0,0,2222
2026-04-23,pricing,webinar,desktop,77,33,23,9,0,0,0,1394
2026-04-23,pricing,webinar,mobile,44,18,11,1,0,0,1,1796
2026-04-23,pricing,partner,desktop,37,14,12,6,0,0,1,1204
2026-04-23,pricing,partner,mobile,24,10,9,2,0,0,0,2336
2026-04-23,pricing,email,desktop,85,27,26,12,0,0,0,1233
2026-04-23,pricing,email,mobile,51,15,15,8,0,0,0,1917
2026-04-23,demo,paid_search,desktop,279,98,72,36,92,53,0,1195
2026-04-23,demo,paid_search,mobile,149,66,45,16,57,18,5,5251
2026-04-23,demo,paid_social,desktop,69,15,26,7,22,14,1,1371
2026-04-23,demo,paid_social,mobile,104,44,28,13,37,9,3,4338
2026-04-23,demo,organic,desktop,268,84,77,36,77,50,3,1306
2026-04-23,demo,organic,mobile,101,38,31,13,44,14,4,4441
2026-04-23,demo,webinar,desktop,66,24,17,9,23,16,0,1615
2026-04-23,demo,webinar,mobile,22,6,7,1,8,2,0,5055
2026-04-23,demo,partner,desktop,22,3,9,3,6,5,0,1450
2026-04-23,demo,partner,mobile,18,6,5,2,7,3,0,4988
2026-04-23,demo,email,desktop,50,18,11,7,17,11,1,1551
2026-04-23,demo,email,mobile,36,13,11,6,15,2,1,5654
2026-04-23,features,paid_search,desktop,211,69,64,21,0,0,1,1317
2026-04-23,features,paid_search,mobile,99,35,23,12,0,0,0,2046
2026-04-23,features,paid_social,desktop,102,37,34,13,0,0,1,1493
2026-04-23,features,paid_social,mobile,127,52,31,13,0,0,0,1998
2026-04-23,features,organic,desktop,349,102,118,40,0,0,1,1410
2026-04-23,features,organic,mobile,190,67,59,14,0,0,0,1916
2026-04-23,features,webinar,desktop,71,27,19,10,0,0,0,1331
2026-04-23,features,webinar,mobile,33,10,9,6,0,0,0,2094
2026-04-23,features,partner,desktop,49,16,12,9,0,0,0,1273
2026-04-23,features,partner,mobile,24,8,5,3,0,0,0,2138
2026-04-23,features,email,desktop,59,22,18,6,0,0,0,1253
2026-04-23,features,email,mobile,47,17,14,2,0,0,0,1783
2026-04-23,compare,paid_search,desktop,120,48,35,16,0,0,0,1387
2026-04-23,compare,paid_search,mobile,55,25,15,8,0,0,0,2045
2026-04-23,compare,paid_social,desktop,61,25,12,6,0,0,1,1288
2026-04-23,compare,paid_social,mobile,95,47,19,10,0,0,0,2372
2026-04-23,compare,organic,desktop,169,72,43,16,0,0,0,1275
2026-04-23,compare,organic,mobile,100,48,27,8,0,0,0,2161
2026-04-23,compare,webinar,desktop,39,21,5,6,0,0,0,1213
2026-04-23,compare,webinar,mobile,25,13,6,2,0,0,0,2475
2026-04-23,compare,partner,desktop,23,8,9,3,0,0,0,1232
2026-04-23,compare,partner,mobile,12,6,3,1,0,0,0,1915
2026-04-23,compare,email,desktop,26,8,8,3,0,0,1,1023
2026-04-23,compare,email,mobile,24,11,8,3,0,0,0,2205
2026-04-24,home,paid_search,desktop,332,138,89,47,0,0,2,1348
2026-04-24,home,paid_search,mobile,123,53,31,10,0,0,0,2059
2026-04-24,home,paid_social,desktop,206,80,56,23,0,0,1,1274
2026-04-24,home,paid_social,mobile,291,134,74,38,0,0,1,2029
2026-04-24,home,organic,desktop,530,224,136,62,0,0,2,1474
2026-04-24,home,organic,mobile,322,138,80,28,0,0,1,1981
2026-04-24,home,webinar,desktop,122,40,29,15,0,0,0,1275
2026-04-24,home,webinar,mobile,57,26,17,10,0,0,1,1769
2026-04-24,home,partner,desktop,56,16,14,5,0,0,0,1354
2026-04-24,home,partner,mobile,41,22,9,6,0,0,0,2091
2026-04-24,home,email,desktop,94,44,17,10,0,0,1,1357
2026-04-24,home,email,mobile,102,49,18,10,0,0,0,2173
2026-04-24,pricing,paid_search,desktop,412,197,97,35,0,0,0,1328
2026-04-24,pricing,paid_search,mobile,231,129,49,13,0,0,2,1979
2026-04-24,pricing,paid_social,desktop,84,32,23,11,0,0,0,1230
2026-04-24,pricing,paid_social,mobile,128,58,32,18,0,0,2,2194
2026-04-24,pricing,organic,desktop,270,111,68,34,0,0,2,1242
2026-04-24,pricing,organic,mobile,189,77,52,20,0,0,0,2198
2026-04-24,pricing,webinar,desktop,99,38,29,14,0,0,0,1315
2026-04-24,pricing,webinar,mobile,40,13,8,6,0,0,0,2217
2026-04-24,pricing,partner,desktop,42,22,10,4,0,0,0,1183
2026-04-24,pricing,partner,mobile,16,7,4,2,0,0,0,2022
2026-04-24,pricing,email,desktop,73,24,24,5,0,0,0,1300
2026-04-24,pricing,email,mobile,55,26,8,6,0,0,1,1967
2026-04-24,demo,paid_search,desktop,281,61,115,30,85,54,2,1353
2026-04-24,demo,paid_search,mobile,138,56,37,19,51,13,8,4604
2026-04-24,demo,paid_social,desktop,84,33,19,9,20,14,0,1434
2026-04-24,demo,paid_social,mobile,110,53,22,15,35,13,2,4894
2026-04-24,demo,organic,desktop,221,56,65,26,77,43,0,1405
2026-04-24,demo,organic,mobile,116,44,37,11,41,8,4,4384
2026-04-24,demo,webinar,desktop,58,17,20,7,20,15,0,1325
2026-04-24,demo,webinar,mobile,35,14,9,3,12,1,0,4504
2026-04-24,demo,partner,desktop,24,4,7,1,9,4,0,1565
2026-04-24,demo,partner,mobile,15,6,6,2,3,0,0,4248
2026-04-24,demo,email,desktop,43,11,17,2,11,8,0,1274
2026-04-24,demo,email,mobile,50,19,15,1,20,4,0,4781
2026-04-24,features,paid_search,desktop,255,82,88,43,0,0,1,1191
2026-04-24,features,paid_search,mobile,105,54,23,12,0,0,0,1988
2026-04-24,features,paid_social,desktop,105,32,32,17,0,0,0,1221
2026-04-24,features,paid_social,mobile,143,48,43,11,0,0,1,1777
2026-04-24,features,organic,desktop,328,113,83,44,0,0,2,1300
2026-04-24,features,organic,mobile,183,70,45,21,0,0,0,1835
2026-04-24,features,webinar,desktop,73,29,19,15,0,0,0,1515
2026-04-24,features,webinar,mobile,45,18,13,6,0,0,0,2008
2026-04-24,features,partner,desktop,40,18,12,7,0,0,0,1259
2026-04-24,features,partner,mobile,16,5,4,2,0,0,1,1946
2026-04-24,features,email,desktop,68,23,18,9,0,0,0,1302
2026-04-24,features,email,mobile,36,16,7,3,0,0,2,2146
2026-04-24,compare,paid_search,desktop,149,62,41,20,0,0,1,1112
2026-04-24,compare,paid_search,mobile,56,24,20,3,0,0,0,2148
2026-04-24,compare,paid_social,desktop,64,27,14,3,0,0,0,1329
2026-04-24,compare,paid_social,mobile,69,32,12,9,0,0,0,1842
2026-04-24,compare,organic,desktop,164,73,41,25,0,0,0,1340
2026-04-24,compare,organic,mobile,112,56,31,14,0,0,0,1882
2026-04-24,compare,webinar,desktop,32,15,9,2,0,0,0,1244
2026-04-24,compare,webinar,mobile,14,6,5,3,0,0,0,2002
2026-04-24,compare,partner,desktop,20,8,6,2,0,0,0,1161
2026-04-24,compare,partner,mobile,13,6,5,0,0,0,0,1905
2026-04-24,compare,email,desktop,40,13,13,5,0,0,0,1525
2026-04-24,compare,email,mobile,22,16,3,1,0,0,0,1796
2026-04-25,home,paid_search,desktop,122,54,29,12,0,0,1,1389
2026-04-25,home,paid_search,mobile,59,26,15,8,0,0,0,2069
2026-04-25,home,paid_social,desktop,50,31,10,10,0,0,0,1462
2026-04-25,home,paid_social,mobile,97,37,26,9,0,0,0,2291
2026-04-25,home,organic,desktop,214,83,69,22,0,0,0,1166
2026-04-25,home,organic,mobile,111,61,24,9,0,0,0,1979
2026-04-25,home,webinar,desktop,42,16,14,5,0,0,0,1391
2026-04-25,home,webinar,mobile,28,16,7,0,0,0,0,2094
2026-04-25,home,partner,desktop,29,10,11,4,0,0,0,1195
2026-04-25,home,partner,mobile,13,3,5,2,0,0,0,1963
2026-04-25,home,email,desktop,52,16,18,7,0,0,0,1525
2026-04-25,home,email,mobile,32,13,13,3,0,0,0,2088
2026-04-25,pricing,paid_search,desktop,142,57,36,9,0,0,0,1296
2026-04-25,pricing,paid_search,mobile,76,35,11,11,0,0,0,2212
2026-04-25,pricing,paid_social,desktop,24,10,8,4,0,0,0,1164
2026-04-25,pricing,paid_social,mobile,64,33,9,7,0,0,0,2357
2026-04-25,pricing,organic,desktop,136,46,38,13,0,0,0,1072
2026-04-25,pricing,organic,mobile,76,31,25,13,0,0,0,2327
2026-04-25,pricing,webinar,desktop,32,15,8,3,0,0,0,1353
2026-04-25,pricing,webinar,mobile,23,10,4,4,0,0,0,2234
2026-04-25,pricing,partner,desktop,13,8,2,1,0,0,0,1240
2026-04-25,pricing,partner,mobile,6,4,1,0,0,0,0,1982
2026-04-25,pricing,email,desktop,23,7,8,2,0,0,0,1468
2026-04-25,pricing,email,mobile,18,5,6,2,0,0,0,2565
2026-04-25,demo,paid_search,desktop,97,39,20,16,29,18,0,1421
2026-04-25,demo,paid_search,mobile,61,26,15,11,21,6,4,5296
2026-04-25,demo,paid_social,desktop,26,10,8,1,10,7,0,1431
2026-04-25,demo,paid_social,mobile,28,12,5,5,7,1,0,4557
2026-04-25,demo,organic,desktop,105,41,37,12,42,27,1,1606
2026-04-25,demo,organic,mobile,51,24,7,6,18,2,1,4703
2026-04-25,demo,webinar,desktop,24,6,7,1,4,2,0,1476
2026-04-25,demo,webinar,mobile,10,6,0,0,2,0,1,4863
2026-04-25,demo,partner,desktop,11,3,3,1,0,0,0,1456
2026-04-25,demo,partner,mobile,8,1,2,1,3,0,1,4636
2026-04-25,demo,email,desktop,13,4,4,3,8,2,0,1428
2026-04-25,demo,email,mobile,13,5,5,4,3,0,1,4439
2026-04-25,features,paid_search,desktop,66,31,14,10,0,0,0,1485
2026-04-25,features,paid_search,mobile,38,16,8,6,0,0,2,2155
2026-04-25,features,paid_social,desktop,53,14,15,4,0,0,1,1294
2026-04-25,features,paid_social,mobile,47,25,7,5,0,0,1,2202
2026-04-25,features,organic,desktop,109,32,36,15,0,0,0,1372
2026-04-25,features,organic,mobile,70,30,16,8,0,0,0,1994
2026-04-25,features,webinar,desktop,19,6,3,1,0,0,0,1176
2026-04-25,features,webinar,mobile,17,6,8,1,0,0,0,2020
2026-04-25,features,partner,desktop,21,8,3,3,0,0,0,1390
2026-04-25,features,partner,mobile,9,5,2,2,0,0,0,2056
2026-04-25,features,email,desktop,21,10,4,2,0,0,0,1180
2026-04-25,features,email,mobile,22,14,4,1,0,0,1,2127
2026-04-25,compare,paid_search,desktop,47,18,5,9,0,0,1,1475
2026-04-25,compare,paid_search,mobile,27,11,3,2,0,0,0,2088
2026-04-25,compare,paid_social,desktop,23,9,5,1,0,0,0,1126
2026-04-25,compare,paid_social,mobile,25,17,4,2,0,0,0,1954
2026-04-25,compare,organic,desktop,60,21,24,9,0,0,1,1244
2026-04-25,compare,organic,mobile,43,20,10,10,0,0,0,2099
2026-04-25,compare,webinar,desktop,12,9,2,1,0,0,1,1354
2026-04-25,compare,webinar,mobile,10,5,2,0,0,0,0,2229
2026-04-25,compare,partner,desktop,5,0,4,0,0,0,0,1287
2026-04-25,compare,partner,mobile,10,2,4,1,0,0,0,1943
2026-04-25,compare,email,desktop,17,9,3,1,0,0,0,1124
2026-04-25,compare,email,mobile,11,5,3,1,0,0,0,2135
2026-04-26,home,paid_search,desktop,132,47,30,12,0,0,1,1121
2026-04-26,home,paid_search,mobile,56,30,14,11,0,0,1,2386
2026-04-26,home,paid_social,desktop,70,32,13,6,0,0,0,1414
2026-04-26,home,paid_social,mobile,93,47,20,12,0,0,0,2340
2026-04-26,home,organic,desktop,206,93,50,28,0,0,0,1274
2026-04-26,home,organic,mobile,118,45,33,13,0,0,2,2108
2026-04-26,home,webinar,desktop,59,31,14,5,0,0,2,1172
2026-04-26,home,webinar,mobile,31,12,5,3,0,0,0,2238
2026-04-26,home,partner,desktop,27,12,9,4,0,0,0,1133
2026-04-26,home,partner,mobile,10,8,1,1,0,0,0,2057
2026-04-26,home,email,desktop,37,12,9,4,0,0,0,1199
2026-04-26,home,email,mobile,34,17,9,4,0,0,0,2344
2026-04-26,pricing,paid_search,desktop,172,88,37,17,0,0,1,1340
2026-04-26,pricing,paid_search,mobile,75,37,16,8,0,0,0,2142
2026-04-26,pricing,paid_social,desktop,47,19,16,9,0,0,1,1265
2026-04-26,pricing,paid_social,mobile,72,27,24,3,0,0,0,2218
2026-04-26,pricing,organic,desktop,126,47,40,18,0,0,2,1457
2026-04-26,pricing,organic,mobile,53,26,10,7,0,0,0,2359
2026-04-26,pricing,webinar,desktop,29,9,6,6,0,0,0,1568
2026-04-26,pricing,webinar,mobile,19,9,2,1,0,0,0,1927
2026-04-26,pricing,partner,desktop,17,4,4,4,0,0,0,1236
2026-04-26,pricing,partner,mobile,7,4,1,0,0,0,0,2228
2026-04-26,pricing,email,desktop,20,3,8,2,0,0,0,1301
2026-04-26,pricing,email,mobile,13,4,4,1,0,0,0,2151
2026-04-26,demo,paid_search,desktop,94,32,27,7,36,19,1,1231
2026-04-26,demo,paid_search,mobile,62,18,24,6,21,5,3,5110
2026-04-26,demo,paid_social,desktop,28,9,11,2,5,2,0,1345
2026-04-26,demo,paid_social,mobile,43,14,12,7,12,6,1,4959
2026-04-26,demo,organic,desktop,101,40,28,12,26,14,0,1378
2026-04-26,demo,organic,mobile,57,22,19,3,22,5,2,4377
2026-04-26,demo,webinar,desktop,25,5,7,3,6,3,0,1590
2026-04-26,demo,webinar,mobile,9,4,2,0,4,2,0,5031
2026-04-26,demo,partner,desktop,16,4,6,1,3,2,0,1398
2026-04-26,demo,partner,mobile,5,2,1,0,2,0,0,4415
2026-04-26,demo,email,desktop,18,7,5,1,5,4,0,1483
2026-04-26,demo,email,mobile,15,7,1,1,7,2,0,4979
2026-04-26,features,paid_search,desktop,92,36,25,11,0,0,1,1205
2026-04-26,features,paid_search,mobile,51,18,20,4,0,0,0,2177
2026-04-26,features,paid_social,desktop,40,13,16,3,0,0,0,1288
2026-04-26,features,paid_social,mobile,61,25,18,7,0,0,0,2170
2026-04-26,features,organic,desktop,142,46,52,18,0,0,0,1355
2026-04-26,features,organic,mobile,70,26,17,6,0,0,0,1988
2026-04-26,features,webinar,desktop,38,17,11,2,0,0,0,1347
2026-04-26,features,webinar,mobile,19,9,8,3,0,0,0,2344
2026-04-26,features,partner,desktop,12,1,6,2,0,0,0,1371
2026-04-26,features,partner,mobile,7,2,3,1,0,0,0,2102
2026-04-26,features,email,desktop,21,9,6,3,0,0,0,1306
2026-04-26,features,email,mobile,12,5,1,0,0,0,0,2359
2026-04-26,compare,paid_search,desktop,49,18,8,8,0,0,0,1455
2026-04-26,compare,paid_search,mobile,20,12,5,2,0,0,0,1921
2026-04-26,compare,paid_social,desktop,22,12,4,1,0,0,0,1353
2026-04-26,compare,paid_social,mobile,31,13,8,3,0,0,0,2056
2026-04-26,compare,organic,desktop,62,31,13,5,0,0,0,1170
2026-04-26,compare,organic,mobile,25,15,3,2,0,0,0,2239
2026-04-26,compare,webinar,desktop,14,7,2,1,0,0,0,1358
2026-04-26,compare,webinar,mobile,8,5,1,0,0,0,0,2001
2026-04-26,compare,partner,desktop,9,2,2,0,0,0,0,1273
2026-04-26,compare,partner,mobile,1,1,0,0,0,0,0,2297
2026-04-26,compare,email,desktop,13,7,5,2,0,0,1,1258
2026-04-26,compare,email,mobile,11,5,5,1,0,0,0,1999
2026-04-27,home,paid_search,desktop,368,157,94,39,0,0,1,1182
2026-04-27,home,paid_search,mobile,171,81,38,15,0,0,0,2195
2026-04-27,home,paid_social,desktop,188,76,44,14,0,0,1,1149
2026-04-27,home,paid_social,mobile,219,88,62,15,0,0,0,1856
2026-04-27,home,organic,desktop,602,262,138,68,0,0,0,1275
2026-04-27,home,organic,mobile,364,157,88,40,0,0,2,1995
2026-04-27,home,webinar,desktop,135,47,48,14,0,0,0,1158
2026-04-27,home,webinar,mobile,64,26,19,6,0,0,0,1914
2026-04-27,home,partner,desktop,87,32,26,19,0,0,0,1126
2026-04-27,home,partner,mobile,27,16,5,2,0,0,0,2126
2026-04-27,home,email,desktop,96,41,21,10,0,0,0,1163
2026-04-27,home,email,mobile,85,36,22,11,0,0,0,1891
2026-04-27,pricing,paid_search,desktop,386,190,84,43,0,0,1,1284
2026-04-27,pricing,paid_search,mobile,195,88,43,20,0,0,1,2061
2026-04-27,pricing,paid_social,desktop,103,35,27,13,0,0,0,1310
2026-04-27,pricing,paid_social,mobile,132,58,28,16,0,0,0,2425
2026-04-27,pricing,organic,desktop,303,133,73,32,0,0,0,1232
2026-04-27,pricing,organic,mobile,158,68,36,18,0,0,0,1599
2026-04-27,pricing,webinar,desktop,81,26,28,15,0,0,0,1390
2026-04-27,pricing,webinar,mobile,34,15,6,4,0,0,0,1882
2026-04-27,pricing,partner,desktop,29,13,5,1,0,0,0,1374
2026-04-27,pricing,partner,mobile,10,3,6,1,0,0,0,1943
2026-04-27,pricing,email,desktop,57,28,13,9,0,0,0,1302
2026-04-27,pricing,email,mobile,38,10,14,3,0,0,0,2037
2026-04-27,demo,paid_search,desktop,258,71,87,23,64,34,1,1345
2026-04-27,demo,paid_search,mobile,135,57,35,14,57,11,4,4108
2026-04-27,demo,paid_social,desktop,73,30,20,11,18,8,0,1335
2026-04-27,demo,paid_social,mobile,123,48,34,11,46,11,3,4349
2026-04-27,demo,organic,desktop,302,87,104,37,77,48,2,1435
2026-04-27,demo,organic,mobile,141,52,31,14,41,5,5,5580
2026-04-27,demo,webinar,desktop,58,15,22,11,20,15,0,1390
2026-04-27,demo,webinar,mobile,26,11,7,3,9,3,0,5448
2026-04-27,demo,partner,desktop,24,5,10,2,9,6,1,1197
2026-04-27,demo,partner,mobile,14,3,4,1,7,3,0,4867
2026-04-27,demo,email,desktop,41,13,9,4,13,8,0,1353
2026-04-27,demo,email,mobile,55,18,18,5,21,4,2,4512
2026-04-27,features,paid_search,desktop,193,68,57,21,0,0,0,1085
2026-04-27,features,paid_search,mobile,105,40,26,11,0,0,1,2171
2026-04-27,features,paid_social,desktop,98,37,29,13,0,0,1,1386
2026-04-27,features,paid_social,mobile,157,47,52,15,0,0,0,2112
2026-04-27,features,organic,desktop,284,96,86,33,0,0,0,1134
2026-04-27,features,organic,mobile,176,63,59,21,0,0,0,1936
2026-04-27,features,webinar,desktop,84,29,21,9,0,0,0,1250
2026-04-27,features,webinar,mobile,49,24,12,6,0,0,1,2289
2026-04-27,features,partner,desktop,35,11,10,10,0,0,1,1166
2026-04-27,features,partner,mobile,14,5,4,1,0,0,0,2209
2026-04-27,features,email,desktop,55,17,17,9,0,0,0,1431
2026-04-27,features,email,mobile,69,20,23,9,0,0,0,2081
2026-04-27,compare,paid_search,desktop,129,57,30,18,0,0,0,1324
2026-04-27,compare,paid_search,mobile,61,30,20,4,0,0,0,2061
2026-04-27,compare,paid_social,desktop,57,24,15,10,0,0,0,1159
2026-04-27,compare,paid_social,mobile,81,30,23,6,0,0,0,2106
2026-04-27,compare,organic,desktop,148,72,38,16,0,0,0,1204
2026-04-27,compare,organic,mobile,82,45,19,10,0,0,0,2253
2026-04-27,compare,webinar,desktop,38,16,12,4,0,0,0,1393
2026-04-27,compare,webinar,mobile,23,10,5,2,0,0,0,2103
2026-04-27,compare,partner,desktop,12,3,5,1,0,0,0,1250
2026-04-27,compare,partner,mobile,6,3,1,2,0,0,0,2192
2026-04-27,compare,email,desktop,34,20,9,3,0,0,0,1224
2026-04-27,compare,email,mobile,26,16,5,1,0,0,0,1655
2026-04-28,home,paid_search,desktop,377,169,98,47,0,0,1,1194
2026-04-28,home,paid_search,mobile,145,55,41,21,0,0,1,2022
2026-04-28,home,paid_social,desktop,150,45,54,21,0,0,0,1178
2026-04-28,home,paid_social,mobile,299,135,75,34,0,0,3,2312
2026-04-28,home,organic,desktop,556,216,162,76,0,0,1,1138
2026-04-28,home,organic,mobile,316,153,76,30,0,0,1,2155
2026-04-28,home,webinar,desktop,144,48,47,10,0,0,0,1300
2026-04-28,home,webinar,mobile,65,26,16,9,0,0,0,1904
2026-04-28,home,partner,desktop,61,21,18,8,0,0,0,1296
2026-04-28,home,partner,mobile,29,14,9,3,0,0,0,1908
2026-04-28,home,email,desktop,107,40,32,13,0,0,1,1304
2026-04-28,home,email,mobile,109,53,30,14,0,0,0,2101
2026-04-28,pricing,paid_search,desktop,350,180,73,36,0,0,1,1105
2026-04-28,pricing,paid_search,mobile,212,104,46,21,0,0,0,1777
2026-04-28,pricing,paid_social,desktop,105,37,33,14,0,0,0,1449
2026-04-28,pricing,paid_social,mobile,114,49,35,16,0,0,0,2159
2026-04-28,pricing,organic,desktop,311,123,83,25,0,0,4,1232
2026-04-28,pricing,organic,mobile,200,83,54,23,0,0,0,2037
2026-04-28,pricing,webinar,desktop,81,30,27,12,0,0,0,1248
2026-04-28,pricing,webinar,mobile,42,19,9,4,0,0,0,2254
2026-04-28,pricing,partner,desktop,30,12,9,8,0,0,0,1251
2026-04-28,pricing,partner,mobile,17,8,5,2,0,0,0,1849
2026-04-28,pricing,email,desktop,64,25,15,11,0,0,0,1245
2026-04-28,pricing,email,mobile,50,27,10,6,0,0,0,1956
2026-04-28,demo,paid_search,desktop,271,61,95,28,82,58,4,1373
2026-04-28,demo,paid_search,mobile,113,37,36,10,45,9,4,5310
2026-04-28,demo,paid_social,desktop,75,27,23,11,26,14,0,1237
2026-04-28,demo,paid_social,mobile,99,36,20,9,25,5,4,4354
2026-04-28,demo,organic,desktop,224,67,72,21,66,44,1,1467
2026-04-28,demo,organic,mobile,133,52,40,16,57,6,7,4442
2026-04-28,demo,webinar,desktop,65,17,21,7,19,12,0,1517
2026-04-28,demo,webinar,mobile,24,8,8,0,2,1,0,5161
2026-04-28,demo,partner,desktop,24,8,8,5,8,6,0,1474
2026-04-28,demo,partner,mobile,15,9,3,2,4,0,0,5249
2026-04-28,demo,email,desktop,41,17,13,5,11,3,0,1498
2026-04-28,demo,email,mobile,47,18,10,4,15,2,1,4545
2026-04-28,features,paid_search,desktop,208,75,55,23,0,0,1,1546
2026-04-28,features,paid_search,mobile,95,25,34,7,0,0,0,1871
2026-04-28,features,paid_social,desktop,104,44,22,8,0,0,1,1296
2026-04-28,features,paid_social,mobile,122,49,35,13,0,0,0,2048
2026-04-28,features,organic,desktop,307,120,89,36,0,0,1,1463
2026-04-28,features,organic,mobile,162,64,47,19,0,0,1,2203
2026-04-28,features,webinar,desktop,83,28,29,14,0,0,0,1373
2026-04-28,features,webinar,mobile,39,21,5,3,0,0,0,2202
2026-04-28,features,partner,desktop,25,7,12,5,0,0,0,1219
2026-04-28,features,partner,mobile,19,10,5,1,0,0,0,1968
2026-04-28,features,email,desktop,66,19,21,9,0,0,0,1497
2026-04-28,features,email,mobile,44,12,15,2,0,0,0,2348
2026-04-28,compare,paid_search,desktop,114,48,37,12,0,0,1,1285
2026-04-28,compare,paid_search,mobile,86,40,18,9,0,0,1,1975
2026-04-28,compare,paid_social,desktop,38,17,13,5,0,0,0,1326
2026-04-28,compare,paid_social,mobile,90,47,16,8,0,0,0,2320
2026-04-28,compare,organic,desktop,174,81,44,20,0,0,1,1344
2026-04-28,compare,organic,mobile,88,36,23,6,0,0,0,2017
2026-04-28,compare,webinar,desktop,42,25,3,4,0,0,1,1301
2026-04-28,compare,webinar,mobile,23,8,4,2,0,0,0,2114
2026-04-28,compare,partner,desktop,19,6,7,0,0,0,0,1468
2026-04-28,compare,partner,mobile,15,7,6,2,0,0,0,1938
2026-04-28,compare,email,desktop,35,16,10,8,0,0,1,1314
2026-04-28,compare,email,mobile,31,14,10,3,0,0,1,2231
2026-04-29,home,paid_search,desktop,318,127,82,38,0,0,1,1193
2026-04-29,home,paid_search,mobile,174,84,51,22,0,0,0,2011
2026-04-29,home,paid_social,desktop,210,87,55,26,0,0,0,1390
2026-04-29,home,paid_social,mobile,219,107,46,26,0,0,1,2157
2026-04-29,home,organic,desktop,616,242,152,85,0,0,3,1369
2026-04-29,home,organic,mobile,322,144,83,24,0,0,0,2313
2026-04-29,home,webinar,desktop,156,50,44,16,0,0,0,1289
2026-04-29,home,webinar,mobile,68,31,16,11,0,0,0,2407
2026-04-29,home,partner,desktop,73,31,13,9,0,0,0,1463
2026-04-29,home,partner,mobile,30,13,11,2,0,0,0,2083
2026-04-29,home,email,desktop,89,31,22,14,0,0,0,1368
2026-04-29,home,email,mobile,73,37,16,8,0,0,0,2148
2026-04-29,pricing,paid_search,desktop,414,215,93,38,0,0,2,1138
2026-04-29,pricing,paid_search,mobile,201,93,44,15,0,0,0,2365
2026-04-29,pricing,paid_social,desktop,99,46,26,11,0,0,0,1200
2026-04-29,pricing,paid_social,mobile,161,67,41,22,0,0,0,2248
2026-04-29,pricing,organic,desktop,313,148,67,43,0,0,0,1294
2026-04-29,pricing,organic,mobile,181,84,54,15,0,0,2,1900
2026-04-29,pricing,webinar,desktop,74,33,17,8,0,0,1,1412
2026-04-29,pricing,webinar,mobile,55,23,14,6,0,0,0,2211
2026-04-29,pricing,partner,desktop,34,12,12,3,0,0,0,1226
2026-04-29,pricing,partner,mobile,14,7,2,6,0,0,0,1893
2026-04-29,pricing,email,desktop,63,19,18,6,0,0,0,1312
2026-04-29,pricing,email,mobile,63,33,13,4,0,0,1,2141
2026-04-29,demo,paid_search,desktop,268,67,95,34,84,51,0,1480
2026-04-29,demo,paid_search,mobile,139,55,33,13,46,10,5,3943
2026-04-29,demo,paid_social,desktop,74,26,28,6,20,17,1,1550
2026-04-29,demo,paid_social,mobile,122,44,32,15,49,7,2,4720
2026-04-29,demo,organic,desktop,253,65,96,32,67,38,1,1466
2026-04-29,demo,organic,mobile,134,56,39,18,48,15,2,4753
2026-04-29,demo,webinar,desktop,64,25,17,9,16,6,1,1490
2026-04-29,demo,webinar,mobile,36,13,9,3,10,2,1,4292
2026-04-29,demo,partner,desktop,29,9,12,3,12,7,0,1254
2026-04-29,demo,partner,mobile,6,0,3,0,2,0,1,5016
2026-04-29,demo,email,desktop,57,16,21,6,14,8,0,1545
2026-04-29,demo,email,mobile,40,16,11,4,15,4,3,4960
2026-04-29,features,paid_search,desktop,210,68,67,24,0,0,3,1199
2026-04-29,features,paid_search,mobile,105,35,28,8,0,0,0,2312
2026-04-29,features,paid_social,desktop,112,37,32,9,0,0,0,1308
2026-04-29,features,paid_social,mobile,153,61,33,21,0,0,2,2044
2026-04-29,features,organic,desktop,295,124,74,31,0,0,2,1347
2026-04-29,features,organic,mobile,173,75,42,20,0,0,1,2098
2026-04-29,features,webinar,desktop,71,22,24,10,0,0,0,1200
2026-04-29,features,webinar,mobile,46,11,13,4,0,0,0,2166
2026-04-29,features,partner,desktop,55,20,15,4,0,0,0,1205
2026-04-29,features,partner,mobile,25,7,10,2,0,0,1,2232
2026-04-29,features,email,desktop,60,21,16,8,0,0,1,1295
2026-04-29,features,email,mobile,55,17,19,6,0,0,1,2096
2026-04-29,compare,paid_search,desktop,131,70,34,20,0,0,3,1388
2026-04-29,compare,paid_search,mobile,70,33,19,5,0,0,1,1916
2026-04-29,compare,paid_social,desktop,38,13,13,6,0,0,0,1277
2026-04-29,compare,paid_social,mobile,78,37,17,9,0,0,0,2247
2026-04-29,compare,organic,desktop,159,64,40,20,0,0,0,1269
2026-04-29,compare,organic,mobile,83,41,18,7,0,0,0,1471
2026-04-29,compare,webinar,desktop,36,10,13,5,0,0,0,1317
2026-04-29,compare,webinar,mobile,21,11,4,2,0,0,0,2218
2026-04-29,compare,partner,desktop,17,10,2,5,0,0,0,1352
2026-04-29,compare,partner,mobile,10,2,4,1,0,0,0,2184
2026-04-29,compare,email,desktop,41,19,7,5,0,0,1,1257
2026-04-29,compare,email,mobile,32,19,6,2,0,0,0,1966
2026-04-30,home,paid_search,desktop,332,136,92,38,0,0,0,1357
2026-04-30,home,paid_search,mobile,205,89,58,25,0,0,0,2104
2026-04-30,home,paid_social,desktop,185,68,49,17,0,0,1,1265
2026-04-30,home,paid_social,mobile,239,123,55,33,0,0,1,2027
2026-04-30,home,organic,desktop,584,253,132,82,0,0,1,1312
2026-04-30,home,organic,mobile,292,102,100,24,0,0,1,2143
2026-04-30,home,webinar,desktop,129,59,30,16,0,0,0,1237
2026-04-30,home,webinar,mobile,76,22,17,10,0,0,0,2102
2026-04-30,home,partner,desktop,73,28,22,6,0,0,0,1143
2026-04-30,home,partner,mobile,42,20,12,5,0,0,0,2199
2026-04-30,home,email,desktop,102,39,25,12,0,0,0,1329
2026-04-30,home,email,mobile,54,20,14,5,0,0,0,2130
2026-04-30,pricing,paid_search,desktop,416,216,90,33,0,0,1,1269
2026-04-30,pricing,paid_search,mobile,216,118,47,15,0,0,2,2352
2026-04-30,pricing,paid_social,desktop,81,31,22,8,0,0,2,1247
2026-04-30,pricing,paid_social,mobile,158,66,46,14,0,0,1,1848
2026-04-30,pricing,organic,desktop,393,153,106,45,0,0,1,1254
2026-04-30,pricing,organic,mobile,171,74,32,26,0,0,1,1893
2026-04-30,pricing,webinar,desktop,68,29,14,8,0,0,0,990
2026-04-30,pricing,webinar,mobile,38,16,14,5,0,0,0,2406
2026-04-30,pricing,partner,desktop,49,20,15,5,0,0,0,1235
2026-04-30,pricing,partner,mobile,26,12,7,6,0,0,0,2286
2026-04-30,pricing,email,desktop,54,16,17,5,0,0,0,1337
2026-04-30,pricing,email,mobile,48,24,9,9,0,0,1,2296
2026-04-30,demo,paid_search,desktop,300,76,103,27,80,50,0,1300
2026-04-30,demo,paid_search,mobile,127,59,32,20,41,7,6,5603
2026-04-30,demo,paid_social,desktop,73,17,27,12,25,17,0,1282
2026-04-30,demo,paid_social,mobile,123,42,30,19,40,7,4,4868
2026-04-30,demo,organic,desktop,247,84,79,29,72,46,1,1351
2026-04-30,demo,organic,mobile,116,48,36,10,34,6,6,5239
2026-04-30,demo,webinar,desktop,55,17,13,7,15,10,0,1459
2026-04-30,demo,webinar,mobile,33,13,8,3,9,2,1,4043
2026-04-30,demo,partner,desktop,25,6,8,1,10,5,0,1371
2026-04-30,demo,partner,mobile,9,4,3,2,3,0,0,5315
2026-04-30,demo,email,desktop,42,12,12,0,13,9,0,1315
2026-04-30,demo,email,mobile,37,7,12,3,17,3,2,4668
2026-04-30,features,paid_search,desktop,187,62,51,14,0,0,2,1296
2026-04-30,features,paid_search,mobile,113,39,32,11,0,0,1,2028
2026-04-30,features,paid_social,desktop,121,39,39,10,0,0,0,1428
2026-04-30,features,paid_social,mobile,186,87,38,23,0,0,0,1991
2026-04-30,features,organic,desktop,336,111,107,43,0,0,1,1306
2026-04-30,features,organic,mobile,159,59,43,14,0,0,0,2233
2026-04-30,features,webinar,desktop,70,29,17,6,0,0,1,1331
2026-04-30,features,webinar,mobile,46,17,13,7,0,0,0,2244
2026-04-30,features,partner,desktop,51,20,17,7,0,0,1,1261
2026-04-30,features,partner,mobile,16,4,10,2,0,0,0,2020
2026-04-30,features,email,desktop,84,29,32,14,0,0,0,1316
2026-04-30,features,email,mobile,62,18,16,5,0,0,1,2081
2026-04-30,compare,paid_search,desktop,111,52,27,11,0,0,1,1308
2026-04-30,compare,paid_search,mobile,68,37,15,10,0,0,1,2108
2026-04-30,compare,paid_social,desktop,56,17,20,3,0,0,0,1334
2026-04-30,compare,paid_social,mobile,69,33,16,9,0,0,0,2129
2026-04-30,compare,organic,desktop,169,79,35,21,0,0,1,1360
2026-04-30,compare,organic,mobile,123,61,30,13,0,0,0,2043
2026-04-30,compare,webinar,desktop,18,12,3,0,0,0,0,1374
2026-04-30,compare,webinar,mobile,21,13,7,1,0,0,0,2041
2026-04-30,compare,partner,desktop,17,8,4,1,0,0,0,1534
2026-04-30,compare,partner,mobile,6,3,3,1,0,0,0,2304
2026-04-30,compare,email,desktop,32,13,13,2,0,0,0,1487
2026-04-30,compare,email,mobile,23,14,1,9,0,0,0,2097
2026-05-01,home,paid_search,desktop,339,131,82,51,0,0,1,1208
2026-05-01,home,paid_search,mobile,184,77,46,22,0,0,0,1650
2026-05-01,home,paid_social,desktop,197,79,58,27,0,0,0,1192
2026-05-01,home,paid_social,mobile,263,110,62,32,0,0,0,2116
2026-05-01,home,organic,desktop,647,267,170,89,0,0,2,1450
2026-05-01,home,organic,mobile,348,138,96,34,0,0,1,2003
2026-05-01,home,webinar,desktop,141,62,37,22,0,0,0,1256
2026-05-01,home,webinar,mobile,68,34,14,7,0,0,0,2216
2026-05-01,home,partner,desktop,58,24,17,8,0,0,0,1089
2026-05-01,home,partner,mobile,29,13,5,4,0,0,0,2230
2026-05-01,home,email,desktop,120,54,27,15,0,0,0,1422
2026-05-01,home,email,mobile,94,46,21,6,0,0,1,2383
2026-05-01,pricing,paid_search,desktop,393,208,80,32,0,0,0,1322
2026-05-01,pricing,paid_search,mobile,208,111,37,14,0,0,0,2106
2026-05-01,pricing,paid_social,desktop,112,51,29,10,0,0,0,1349
2026-05-01,pricing,paid_social,mobile,160,65,46,17,0,0,0,2251
2026-05-01,pricing,organic,desktop,276,112,70,38,0,0,1,1407
2026-05-01,pricing,organic,mobile,162,73,46,20,0,0,0,2114
2026-05-01,pricing,webinar,desktop,69,28,15,9,0,0,1,1247
2026-05-01,pricing,webinar,mobile,29,16,6,3,0,0,0,1960
2026-05-01,pricing,partner,desktop,40,12,13,9,0,0,0,1343
2026-05-01,pricing,partner,mobile,22,12,6,1,0,0,0,2171
2026-05-01,pricing,email,desktop,53,21,15,8,0,0,0,1231
2026-05-01,pricing,email,mobile,56,27,11,7,0,0,1,2088
2026-05-01,demo,paid_search,desktop,278,84,95,33,82,51,2,1667
2026-05-01,demo,paid_search,mobile,128,35,43,12,42,8,3,5346
2026-05-01,demo,paid_social,desktop,79,16,30,6,22,15,0,1627
2026-05-01,demo,paid_social,mobile,117,41,43,18,39,7,6,5113
2026-05-01,demo,organic,desktop,275,87,86,26,77,40,1,1574
2026-05-01,demo,organic,mobile,142,62,30,13,55,10,6,4547
2026-05-01,demo,webinar,desktop,63,16,22,5,18,12,0,1529
2026-05-01,demo,webinar,mobile,30,11,8,4,12,3,3,4981
2026-05-01,demo,partner,desktop,28,12,5,2,7,5,0,1523
2026-05-01,demo,partner,mobile,24,8,8,0,9,2,1,4842
2026-05-01,demo,email,desktop,51,17,17,13,14,9,0,1277
2026-05-01,demo,email,mobile,32,14,6,4,12,5,0,4599
2026-05-01,features,paid_search,desktop,171,52,46,13,0,0,0,1465
2026-05-01,features,paid_search,mobile,102,31,33,17,0,0,0,1947
2026-05-01,features,paid_social,desktop,100,38,29,16,0,0,1,1336
2026-05-01,features,paid_social,mobile,143,61,38,16,0,0,0,2062
2026-05-01,features,organic,desktop,358,139,105,39,0,0,3,1416
2026-05-01,features,organic,mobile,168,62,44,20,0,0,2,1855
2026-05-01,features,webinar,desktop,81,33,15,6,0,0,1,1238
2026-05-01,features,webinar,mobile,54,24,11,9,0,0,0,1848
2026-05-01,features,partner,desktop,36,12,10,1,0,0,0,1240
2026-05-01,features,partner,mobile,20,8,9,0,0,0,0,2237
2026-05-01,features,email,desktop,58,15,20,10,0,0,0,1119
2026-05-01,features,email,mobile,53,15,14,7,0,0,2,1940
2026-05-01,compare,paid_search,desktop,131,51,33,15,0,0,0,1217
2026-05-01,compare,paid_search,mobile,63,26,18,5,0,0,1,2048
2026-05-01,compare,paid_social,desktop,67,26,24,8,0,0,1,1249
2026-05-01,compare,paid_social,mobile,75,40,18,10,0,0,0,2121
2026-05-01,compare,organic,desktop,180,91,42,17,0,0,0,1378
2026-05-01,compare,organic,mobile,98,48,29,14,0,0,0,1795
2026-05-01,compare,webinar,desktop,42,19,11,2,0,0,0,1342
2026-05-01,compare,webinar,mobile,28,18,3,5,0,0,0,2060
2026-05-01,compare,partner,desktop,19,8,8,3,0,0,0,1330
2026-05-01,compare,partner,mobile,5,5,0,0,0,0,0,2036
2026-05-01,compare,email,desktop,36,12,10,4,0,0,0,1416
2026-05-01,compare,email,mobile,23,10,5,3,0,0,0,2055
2026-05-02,home,paid_search,desktop,134,51,30,14,0,0,1,1447
2026-05-02,home,paid_search,mobile,78,33,14,7,0,0,1,2358
2026-05-02,home,paid_social,desktop,70,23,16,10,0,0,0,1275
2026-05-02,home,paid_social,mobile,127,53,35,8,0,0,2,2177
2026-05-02,home,organic,desktop,231,89,72,30,0,0,2,1323
2026-05-02,home,organic,mobile,100,46,26,10,0,0,0,2142
2026-05-02,home,webinar,desktop,52,17,20,5,0,0,0,1086
2026-05-02,home,webinar,mobile,23,11,5,2,0,0,0,1605
2026-05-02,home,partner,desktop,34,15,13,7,0,0,0,1314
2026-05-02,home,partner,mobile,11,5,3,2,0,0,0,2273
2026-05-02,home,email,desktop,37,14,14,4,0,0,0,1343
2026-05-02,home,email,mobile,34,19,6,2,0,0,0,2198
2026-05-02,pricing,paid_search,desktop,166,95,34,18,0,0,0,1331
2026-05-02,pricing,paid_search,mobile,96,55,23,6,0,0,1,2112
2026-05-02,pricing,paid_social,desktop,33,10,9,4,0,0,0,1405
2026-05-02,pricing,paid_social,mobile,66,24,16,7,0,0,1,2027
2026-05-02,pricing,organic,desktop,115,40,32,15,0,0,0,1392
2026-05-02,pricing,organic,mobile,57,21,14,7,0,0,0,2061
2026-05-02,pricing,webinar,desktop,38,14,10,5,0,0,1,1296
2026-05-02,pricing,webinar,mobile,19,8,3,3,0,0,0,2326
2026-05-02,pricing,partner,desktop,17,3,3,1,0,0,0,1318
2026-05-02,pricing,partner,mobile,9,6,1,2,0,0,0,2181
2026-05-02,pricing,email,desktop,22,4,6,3,0,0,0,1398
2026-05-02,pricing,email,mobile,15,9,3,4,0,0,0,1688
2026-05-02,demo,paid_search,desktop,113,33,31,14,28,20,0,1445
2026-05-02,demo,paid_search,mobile,62,26,17,9,23,4,0,4846
2026-05-02,demo,paid_social,desktop,34,5,13,2,8,4,0,1236
2026-05-02,demo,paid_social,mobile,46,19,12,2,16,7,3,4651
2026-05-02,demo,organic,desktop,93,27,30,8,27,18,0,1437
2026-05-02,demo,organic,mobile,43,17,12,3,20,5,2,4423
2026-05-02,demo,webinar,desktop,26,6,9,5,9,7,0,1429
2026-05-02,demo,webinar,mobile,11,3,3,0,4,2,0,4498
2026-05-02,demo,partner,desktop,11,5,2,0,1,1,0,1317
2026-05-02,demo,partner,mobile,5,0,1,0,1,0,0,4572
2026-05-02,demo,email,desktop,33,8,11,2,6,6,0,1488
2026-05-02,demo,email,mobile,14,4,4,2,5,1,0,5332
2026-05-02,features,paid_search,desktop,75,24,25,8,0,0,0,1361
2026-05-02,features,paid_search,mobile,39,14,11,3,0,0,0,2011
2026-05-02,features,paid_social,desktop,42,12,16,2,0,0,0,1353
2026-05-02,features,paid_social,mobile,73,25,24,13,0,0,0,2230
2026-05-02,features,organic,desktop,133,52,38,12,0,0,0,1290
2026-05-02,features,organic,mobile,65,23,17,7,0,0,0,1942
2026-05-02,features,webinar,desktop,41,10,10,5,0,0,0,1483
2026-05-02,features,webinar,mobile,22,10,7,2,0,0,0,2050
2026-05-02,features,partner,desktop,19,7,7,3,0,0,0,1294
2026-05-02,features,partner,mobile,4,2,0,0,0,0,0,2001
2026-05-02,features,email,desktop,24,6,9,1,0,0,0,1479
2026-05-02,features,email,mobile,28,11,10,2,0,0,0,2321
2026-05-02,compare,paid_search,desktop,68,32,11,14,0,0,1,1338
2026-05-02,compare,paid_search,mobile,28,12,7,4,0,0,0,2271
2026-05-02,compare,paid_social,desktop,17,8,3,1,0,0,0,1286
2026-05-02,compare,paid_social,mobile,34,13,9,2,0,0,0,2274
2026-05-02,compare,organic,desktop,65,27,14,9,0,0,0,1300
2026-05-02,compare,organic,mobile,32,12,5,3,0,0,0,2142
2026-05-02,compare,webinar,desktop,15,6,1,1,0,0,0,1234
2026-05-02,compare,webinar,mobile,13,4,6,1,0,0,0,1775
2026-05-02,compare,partner,desktop,4,3,0,0,0,0,0,1227
2026-05-02,compare,partner,mobile,3,1,0,0,0,0,0,2103
2026-05-02,compare,email,desktop,15,8,4,1,0,0,0,1226
2026-05-02,compare,email,mobile,9,7,1,1,0,0,0,2517
2026-05-03,home,paid_search,desktop,124,47,33,18,0,0,0,1394
2026-05-03,home,paid_search,mobile,76,28,21,9,0,0,0,2160
2026-05-03,home,paid_social,desktop,71,34,14,11,0,0,0,1311
2026-05-03,home,paid_social,mobile,110,39,36,13,0,0,0,2149
2026-05-03,home,organic,desktop,220,90,57,27,0,0,0,1419
2026-05-03,home,organic,mobile,138,54,30,22,0,0,1,2104
2026-05-03,home,webinar,desktop,67,19,23,10,0,0,0,1239
2026-05-03,home,webinar,mobile,28,13,6,2,0,0,1,2025
2026-05-03,home,partner,desktop,28,10,11,4,0,0,0,1179
2026-05-03,home,partner,mobile,14,5,1,0,0,0,0,1954
2026-05-03,home,email,desktop,49,24,10,1,0,0,1,1386
2026-05-03,home,email,mobile,31,10,6,3,0,0,0,2228
2026-05-03,pricing,paid_search,desktop,149,79,26,10,0,0,1,1386
2026-05-03,pricing,paid_search,mobile,79,43,12,10,0,0,0,1910
2026-05-03,pricing,paid_social,desktop,43,10,10,8,0,0,0,1408
2026-05-03,pricing,paid_social,mobile,89,43,24,11,0,0,0,2034
2026-05-03,pricing,organic,desktop,158,53,46,12,0,0,1,1261
2026-05-03,pricing,organic,mobile,51,18,15,3,0,0,0,1942
2026-05-03,pricing,webinar,desktop,34,14,9,3,0,0,0,1157
2026-05-03,pricing,webinar,mobile,14,8,3,2,0,0,0,1933
2026-05-03,pricing,partner,desktop,10,6,2,1,0,0,0,1208
2026-05-03,pricing,partner,mobile,14,4,4,0,0,0,0,2021
2026-05-03,pricing,email,desktop,24,12,6,4,0,0,0,1393
2026-05-03,pricing,email,mobile,16,9,2,0,0,0,0,2243
2026-05-03,demo,paid_search,desktop,123,42,35,17,39,29,0,1493
2026-05-03,demo,paid_search,mobile,61,17,24,11,21,4,2,4611
2026-05-03,demo,paid_social,desktop,29,12,9,3,10,6,0,1341
2026-05-03,demo,paid_social,mobile,52,12,20,8,18,6,5,5195
2026-05-03,demo,organic,desktop,104,36,29,20,29,17,0,1231
2026-05-03,demo,organic,mobile,73,30,23,5,26,4,1,4006
2026-05-03,demo,webinar,desktop,20,5,7,1,10,6,0,1258
2026-05-03,demo,webinar,mobile,7,1,3,1,1,0,0,4910
2026-05-03,demo,partner,desktop,10,4,3,3,4,3,0,1394
2026-05-03,demo,partner,mobile,3,1,1,0,2,0,0,4313
2026-05-03,demo,email,desktop,23,7,6,2,9,4,0,1417
2026-05-03,demo,email,mobile,15,8,3,1,7,3,0,5043
2026-05-03,features,paid_search,desktop,72,31,16,4,0,0,2,1567
2026-05-03,features,paid_search,mobile,46,15,12,3,0,0,0,2323
2026-05-03,features,paid_social,desktop,37,11,9,6,0,0,0,1329
2026-05-03,features,paid_social,mobile,48,23,9,10,0,0,0,2253
2026-05-03,features,organic,desktop,109,35,29,18,0,0,0,1566
2026-05-03,features,organic,mobile,61,18,18,5,0,0,0,1956
2026-05-03,features,webinar,desktop,31,18,6,6,0,0,0,1155
2026-05-03,features,webinar,mobile,16,7,3,1,0,0,0,2294
2026-05-03,features,partner,desktop,12,6,2,1,0,0,0,1281
2026-05-03,features,partner,mobile,7,3,2,0,0,0,0,1923
2026-05-03,features,email,desktop,14,5,6,2,0,0,0,1289
2026-05-03,features,email,mobile,29,14,6,2,0,0,0,1956
2026-05-03,compare,paid_search,desktop,57,24,8,7,0,0,1,1186
2026-05-03,compare,paid_search,mobile,28,15,7,2,0,0,0,2213
2026-05-03,compare,paid_social,desktop,12,5,5,0,0,0,0,1239
2026-05-03,compare,paid_social,mobile,28,17,9,2,0,0,1,1849
2026-05-03,compare,organic,desktop,79,32,21,7,0,0,0,1305
2026-05-03,compare,organic,mobile,34,19,5,2,0,0,0,2035
2026-05-03,compare,webinar,desktop,13,8,3,1,0,0,0,1343
2026-05-03,compare,webinar,mobile,2,2,0,0,0,0,0,2062
2026-05-03,compare,partner,desktop,5,2,2,0,0,0,0,1241
2026-05-03,compare,partner,mobile,10,4,3,1,0,0,0,2312
2026-05-03,compare,email,desktop,11,3,3,1,0,0,0,1183
2026-05-03,compare,email,mobile,12,3,3,0,0,0,0,2287
2026-05-04,home,paid_search,desktop,351,110,116,44,0,0,2,1305
2026-05-04,home,paid_search,mobile,180,70,50,25,0,0,0,2268
2026-05-04,home,paid_social,desktop,176,67,45,25,0,0,2,1303
2026-05-04,home,paid_social,mobile,259,91,80,25,0,0,2,2155
2026-05-04,home,organic,desktop,620,277,166,69,0,0,5,1339
2026-05-04,home,organic,mobile,316,142,73,40,0,0,2,2340
2026-05-04,home,webinar,desktop,113,44,34,14,0,0,0,1337
2026-05-04,home,webinar,mobile,82,37,25,13,0,0,1,1890
2026-05-04,home,partner,desktop,71,33,22,4,0,0,0,1324
2026-05-04,home,partner,mobile,25,14,6,4,0,0,0,2284
2026-05-04,home,email,desktop,118,50,35,10,0,0,0,1423
2026-05-04,home,email,mobile,86,42,15,12,0,0,0,2038
2026-05-04,pricing,paid_search,desktop,400,214,73,40,0,0,6,1240
2026-05-04,pricing,paid_search,mobile,238,150,38,23,0,0,0,1908
2026-05-04,pricing,paid_social,desktop,112,40,32,15,0,0,1,1391
2026-05-04,pricing,paid_social,mobile,183,83,52,26,0,0,0,2232
2026-05-04,pricing,organic,desktop,283,87,90,31,0,0,2,1456
2026-05-04,pricing,organic,mobile,186,86,46,27,0,0,2,1997
2026-05-04,pricing,webinar,desktop,62,28,18,6,0,0,0,1323
2026-05-04,pricing,webinar,mobile,46,22,11,5,0,0,0,2074
2026-05-04,pricing,partner,desktop,35,11,11,4,0,0,0,1246
2026-05-04,pricing,partner,mobile,13,4,4,0,0,0,0,2093
2026-05-04,pricing,email,desktop,58,16,17,5,0,0,0,1181
2026-05-04,pricing,email,mobile,54,18,18,4,0,0,0,2225
2026-05-04,demo,paid_search,desktop,285,94,85,28,85,50,2,1511
2026-05-04,demo,paid_search,mobile,150,44,57,14,54,15,5,5067
2026-05-04,demo,paid_social,desktop,70,28,14,12,23,17,0,1401
2026-05-04,demo,paid_social,mobile,129,51,40,10,45,10,4,5139
2026-05-04,demo,organic,desktop,193,53,66,22,58,39,0,1358
2026-05-04,demo,organic,mobile,147,51,40,10,64,13,1,4271
2026-05-04,demo,webinar,desktop,40,10,14,6,14,9,1,1367
2026-05-04,demo,webinar,mobile,27,5,10,2,9,3,2,4576
2026-05-04,demo,partner,desktop,21,7,7,4,5,4,0,1670
2026-05-04,demo,partner,mobile,11,7,1,2,2,0,0,5106
2026-05-04,demo,email,desktop,55,16,18,6,14,8,0,1404
2026-05-04,demo,email,mobile,41,13,13,8,11,4,1,5251
2026-05-04,features,paid_search,desktop,174,57,56,22,0,0,1,1371
2026-05-04,features,paid_search,mobile,95,43,25,9,0,0,0,2119
2026-05-04,features,paid_social,desktop,89,33,23,10,0,0,0,1287
2026-05-04,features,paid_social,mobile,173,58,46,21,0,0,0,1964
2026-05-04,features,organic,desktop,331,113,104,43,0,0,0,1341
2026-05-04,features,organic,mobile,195,78,52,22,0,0,1,2258
2026-05-04,features,webinar,desktop,68,21,22,7,0,0,0,1165
2026-05-04,features,webinar,mobile,43,20,8,7,0,0,0,2183
2026-05-04,features,partner,desktop,43,14,10,7,0,0,0,1345
2026-05-04,features,partner,mobile,15,4,3,1,0,0,0,1970
2026-05-04,features,email,desktop,52,18,18,3,0,0,2,1302
2026-05-04,features,email,mobile,69,20,20,7,0,0,0,1857
2026-05-04,compare,paid_search,desktop,141,64,43,13,0,0,0,1323
2026-05-04,compare,paid_search,mobile,71,32,15,12,0,0,0,2181
2026-05-04,compare,paid_social,desktop,39,21,13,6,0,0,0,1375
2026-05-04,compare,paid_social,mobile,58,30,12,5,0,0,0,2172
2026-05-04,compare,organic,desktop,177,70,48,22,0,0,0,1413
2026-05-04,compare,organic,mobile,91,48,15,8,0,0,0,1989
2026-05-04,compare,webinar,desktop,32,17,7,6,0,0,1,1376
2026-05-04,compare,webinar,mobile,14,7,3,5,0,0,0,2043
2026-05-04,compare,partner,desktop,10,5,2,1,0,0,0,1217
2026-05-04,compare,partner,mobile,8,3,2,0,0,0,0,2012
2026-05-04,compare,email,desktop,38,20,4,3,0,0,0,1183
2026-05-04,compare,email,mobile,38,25,7,4,0,0,0,2157
2026-05-05,home,paid_search,desktop,289,107,82,39,0,0,1,1184
2026-05-05,home,paid_search,mobile,220,95,44,26,0,0,3,2247
2026-05-05,home,paid_social,desktop,142,66,34,18,0,0,0,1341
2026-05-05,home,paid_social,mobile,298,120,79,32,0,0,1,2180
2026-05-05,home,organic,desktop,520,216,137,58,0,0,5,1277
2026-05-05,home,organic,mobile,281,117,72,28,0,0,2,1751
2026-05-05,home,webinar,desktop,135,55,34,19,0,0,0,1265
2026-05-05,home,webinar,mobile,75,36,19,12,0,0,0,2115
2026-05-05,home,partner,desktop,68,30,17,5,0,0,0,1254
2026-05-05,home,partner,mobile,41,20,7,2,0,0,0,2239
2026-05-05,home,email,desktop,98,42,26,7,0,0,0,1267
2026-05-05,home,email,mobile,87,28,22,7,0,0,1,2198
2026-05-05,pricing,paid_search,desktop,424,244,79,25,0,0,2,1224
2026-05-05,pricing,paid_search,mobile,232,129,45,17,0,0,1,2257
2026-05-05,pricing,paid_social,desktop,107,39,35,13,0,0,0,1428
2026-05-05,pricing,paid_social,mobile,149,80,40,21,0,0,0,1991
2026-05-05,pricing,organic,desktop,282,116,80,25,0,0,2,1400
2026-05-05,pricing,organic,mobile,188,80,51,17,0,0,1,2144
2026-05-05,pricing,webinar,desktop,76,30,17,10,0,0,0,1200
2026-05-05,pricing,webinar,mobile,36,14,8,3,0,0,0,2128
2026-05-05,pricing,partner,desktop,35,16,7,4,0,0,0,1348
2026-05-05,pricing,partner,mobile,16,10,0,0,0,0,0,1813
2026-05-05,pricing,email,desktop,69,29,19,8,0,0,0,1228
2026-05-05,pricing,email,mobile,44,18,10,8,0,0,0,2146
2026-05-05,demo,paid_search,desktop,266,84,93,35,84,53,0,1258
2026-05-05,demo,paid_search,mobile,157,62,37,21,48,12,3,4188
2026-05-05,demo,paid_social,desktop,79,25,24,11,18,14,1,1516
2026-05-05,demo,paid_social,mobile,129,50,33,13,40,7,2,5571
2026-05-05,demo,organic,desktop,251,70,83,33,77,46,0,1475
2026-05-05,demo,organic,mobile,149,48,47,19,48,11,7,4745
2026-05-05,demo,webinar,desktop,49,19,14,9,16,10,2,1343
2026-05-05,demo,webinar,mobile,28,8,6,5,8,1,0,5151
2026-05-05,demo,partner,desktop,22,6,4,3,8,3,0,1347
2026-05-05,demo,partner,mobile,13,7,2,3,4,0,0,5341
2026-05-05,demo,email,desktop,40,15,8,6,14,10,0,1445
2026-05-05,demo,email,mobile,47,19,10,7,19,3,3,5090
2026-05-05,features,paid_search,desktop,213,81,60,23,0,0,1,1366
2026-05-05,features,paid_search,mobile,108,37,27,7,0,0,0,1988
2026-05-05,features,paid_social,desktop,116,45,25,21,0,0,0,1427
2026-05-05,features,paid_social,mobile,162,56,46,20,0,0,0,2195
2026-05-05,features,organic,desktop,360,120,114,32,0,0,1,1171
2026-05-05,features,organic,mobile,167,76,44,17,0,0,2,1919
2026-05-05,features,webinar,desktop,78,33,21,9,0,0,0,1074
2026-05-05,features,webinar,mobile,38,23,7,5,0,0,1,2087
2026-05-05,features,partner,desktop,34,11,10,5,0,0,0,1284
2026-05-05,features,partner,mobile,14,4,6,0,0,0,0,2261
2026-05-05,features,email,desktop,39,15,7,5,0,0,0,1481
2026-05-05,features,email,mobile,49,23,15,5,0,0,0,2197
2026-05-05,compare,paid_search,desktop,165,71,45,23,0,0,1,1115
2026-05-05,compare,paid_search,mobile,58,35,11,9,0,0,0,2207
2026-05-05,compare,paid_social,desktop,70,33,16,9,0,0,0,1250
2026-05-05,compare,paid_social,mobile,80,41,14,8,0,0,0,2133
2026-05-05,compare,organic,desktop,178,82,48,25,0,0,1,1449
2026-05-05,compare,organic,mobile,113,58,28,18,0,0,0,1973
2026-05-05,compare,webinar,desktop,53,24,13,4,0,0,0,1157
2026-05-05,compare,webinar,mobile,25,10,9,4,0,0,0,2097
2026-05-05,compare,partner,desktop,20,11,4,0,0,0,0,1144
2026-05-05,compare,partner,mobile,9,6,2,0,0,0,0,2088
2026-05-05,compare,email,desktop,35,20,6,7,0,0,0,1308
2026-05-05,compare,email,mobile,23,8,8,0,0,0,1,1811
2026-05-06,home,paid_search,desktop,313,125,84,37,0,0,1,1233
2026-05-06,home,paid_search,mobile,148,46,39,17,0,0,2,2270
2026-05-06,home,paid_social,desktop,172,79,45,21,0,0,1,1450
2026-05-06,home,paid_social,mobile,269,108,75,29,0,0,1,2315
2026-05-06,home,organic,desktop,613,273,160,73,0,0,2,1420
2026-05-06,home,organic,mobile,341,152,94,26,0,0,1,2145
2026-05-06,home,webinar,desktop,137,57,37,17,0,0,0,1135
2026-05-06,home,webinar,mobile,75,31,20,8,0,0,0,2234
2026-05-06,home,partner,desktop,73,26,19,9,0,0,0,1280
2026-05-06,home,partner,mobile,27,10,9,1,0,0,1,1709
2026-05-06,home,email,desktop,81,30,21,13,0,0,2,1337
2026-05-06,home,email,mobile,67,41,12,8,0,0,0,2080
2026-05-06,pricing,paid_search,desktop,360,193,78,25,0,0,1,1309
2026-05-06,pricing,paid_search,mobile,218,109,45,25,0,0,0,1966
2026-05-06,pricing,paid_social,desktop,85,39,23,12,0,0,0,1214
2026-05-06,pricing,paid_social,mobile,136,46,38,17,0,0,0,2131
2026-05-06,pricing,organic,desktop,314,135,71,33,0,0,1,1273
2026-05-06,pricing,organic,mobile,155,61,41,22,0,0,1,2056
2026-05-06,pricing,webinar,desktop,69,32,18,12,0,0,1,1199
2026-05-06,pricing,webinar,mobile,34,15,9,4,0,0,0,1896
2026-05-06,pricing,partner,desktop,39,17,11,2,0,0,0,1226
2026-05-06,pricing,partner,mobile,14,6,4,2,0,0,0,2230
2026-05-06,pricing,email,desktop,48,11,18,7,0,0,0,1371
2026-05-06,pricing,email,mobile,58,27,20,3,0,0,0,1808
2026-05-06,demo,paid_search,desktop,251,87,72,21,72,41,0,1400
2026-05-06,demo,paid_search,mobile,124,50,35,10,52,16,6,4568
2026-05-06,demo,paid_social,desktop,76,25,25,8,16,11,0,1625
2026-05-06,demo,paid_social,mobile,124,55,28,15,52,9,5,4510
2026-05-06,demo,organic,desktop,244,62,76,17,86,51,0,1296
2026-05-06,demo,organic,mobile,108,40,38,13,44,9,0,4474
2026-05-06,demo,webinar,desktop,63,15,14,7,16,9,0,1544
2026-05-06,demo,webinar,mobile,28,9,8,4,8,0,0,4117
2026-05-06,demo,partner,desktop,32,8,13,7,10,10,0,1277
2026-05-06,demo,partner,mobile,19,5,9,5,7,1,0,4827
2026-05-06,demo,email,desktop,52,24,13,7,23,18,0,1454
2026-05-06,demo,email,mobile,24,9,5,6,8,3,0,5012
2026-05-06,features,paid_search,desktop,217,68,70,24,0,0,1,1058
2026-05-06,features,paid_search,mobile,100,44,28,16,0,0,1,1973
2026-05-06,features,paid_social,desktop,110,34,43,13,0,0,0,1349
2026-05-06,features,paid_social,mobile,156,59,37,22,0,0,1,1960
2026-05-06,features,organic,desktop,310,113,96,40,0,0,1,1175
2026-05-06,features,organic,mobile,195,72,49,32,0,0,1,2217
2026-05-06,features,webinar,desktop,98,35,24,15,0,0,0,1422
2026-05-06,features,webinar,mobile,51,19,19,5,0,0,0,2009
2026-05-06,features,partner,desktop,29,11,4,2,0,0,0,1268
2026-05-06,features,partner,mobile,18,9,3,1,0,0,0,1943
2026-05-06,features,email,desktop,59,18,20,6,0,0,0,1378
2026-05-06,features,email,mobile,51,20,19,8,0,0,0,2405
2026-05-06,compare,paid_search,desktop,134,77,20,14,0,0,1,1309
2026-05-06,compare,paid_search,mobile,69,29,16,8,0,0,0,2077
2026-05-06,compare,paid_social,desktop,47,24,11,8,0,0,0,1289
2026-05-06,compare,paid_social,mobile,97,48,28,12,0,0,0,2120
2026-05-06,compare,organic,desktop,179,81,47,29,0,0,2,1039
2026-05-06,compare,organic,mobile,78,38,17,4,0,0,0,1817
2026-05-06,compare,webinar,desktop,36,15,7,8,0,0,0,1443
2026-05-06,compare,webinar,mobile,27,10,4,6,0,0,1,2405
2026-05-06,compare,partner,desktop,18,6,6,2,0,0,0,1257
2026-05-06,compare,partner,mobile,10,3,5,2,0,0,0,1965
2026-05-06,compare,email,desktop,30,12,6,6,0,0,1,1420
2026-05-06,compare,email,mobile,21,11,5,5,0,0,0,2257
2026-05-07,home,paid_search,desktop,348,154,89,40,0,0,0,1396
2026-05-07,home,paid_search,mobile,188,82,48,27,0,0,2,1892
2026-05-07,home,paid_social,desktop,190,79,54,39,0,0,1,1135
2026-05-07,home,paid_social,mobile,271,120,64,36,0,0,1,1851
2026-05-07,home,organic,desktop,583,226,157,58,0,0,5,1247
2026-05-07,home,organic,mobile,329,153,72,41,0,0,3,2010
2026-05-07,home,webinar,desktop,106,50,19,16,0,0,2,1338
2026-05-07,home,webinar,mobile,65,22,24,7,0,0,0,2291
2026-05-07,home,partner,desktop,50,21,15,5,0,0,1,1173
2026-05-07,home,partner,mobile,34,9,12,1,0,0,0,2238
2026-05-07,home,email,desktop,151,66,32,15,0,0,3,1417
2026-05-07,home,email,mobile,94,50,20,8,0,0,1,2550
2026-05-07,pricing,paid_search,desktop,415,247,70,30,0,0,0,1318
2026-05-07,pricing,paid_search,mobile,206,124,35,13,0,0,0,2099
2026-05-07,pricing,paid_social,desktop,112,45,31,12,0,0,0,1275
2026-05-07,pricing,paid_social,mobile,165,76,38,21,0,0,1,2126
2026-05-07,pricing,organic,desktop,333,127,86,41,0,0,0,1529
2026-05-07,pricing,organic,mobile,161,63,47,16,0,0,0,2236
2026-05-07,pricing,webinar,desktop,70,27,21,9,0,0,0,1320
2026-05-07,pricing,webinar,mobile,33,18,4,7,0,0,0,1818
2026-05-07,pricing,partner,desktop,36,13,9,6,0,0,0,1341
2026-05-07,pricing,partner,mobile,21,6,9,1,0,0,0,1924
2026-05-07,pricing,email,desktop,60,29,15,8,0,0,0,1441
2026-05-07,pricing,email,mobile,48,19,13,6,0,0,0,2053
2026-05-07,demo,paid_search,desktop,291,71,92,41,102,77,0,1194
2026-05-07,demo,paid_search,mobile,136,42,45,15,52,16,4,4274
2026-05-07,demo,paid_social,desktop,75,16,22,12,24,14,0,1323
2026-05-07,demo,paid_social,mobile,108,43,29,8,42,7,3,4768
2026-05-07,demo,organic,desktop,242,78,78,27,77,52,0,1367
2026-05-07,demo,organic,mobile,134,65,38,13,41,9,3,4630
2026-05-07,demo,webinar,desktop,48,6,17,6,14,10,0,1591
2026-05-07,demo,webinar,mobile,23,9,4,2,7,4,0,4593
2026-05-07,demo,partner,desktop,28,9,6,5,6,3,0,1323
2026-05-07,demo,partner,mobile,25,11,4,2,9,3,0,4808
2026-05-07,demo,email,desktop,44,11,16,7,8,7,0,1353
2026-05-07,demo,email,mobile,33,15,3,5,13,4,2,4867
2026-05-07,features,paid_search,desktop,196,60,62,23,0,0,1,1195
2026-05-07,features,paid_search,mobile,131,60,31,15,0,0,2,2123
2026-05-07,features,paid_social,desktop,85,31,27,11,0,0,0,1106
2026-05-07,features,paid_social,mobile,130,57,24,16,0,0,1,1943
2026-05-07,features,organic,desktop,327,110,89,46,0,0,1,1252
2026-05-07,features,organic,mobile,174,64,57,23,0,0,0,2013
2026-05-07,features,webinar,desktop,99,41,25,18,0,0,0,1299
2026-05-07,features,webinar,mobile,46,15,14,4,0,0,0,1930
2026-05-07,features,partner,desktop,38,14,8,5,0,0,0,1295
2026-05-07,features,partner,mobile,27,11,9,4,0,0,0,2160
2026-05-07,features,email,desktop,61,22,19,9,0,0,0,1268
2026-05-07,features,email,mobile,39,18,10,5,0,0,0,2114
2026-05-07,compare,paid_search,desktop,133,57,32,15,0,0,0,1254
2026-05-07,compare,paid_search,mobile,69,31,18,8,0,0,0,2076
2026-05-07,compare,paid_social,desktop,60,27,8,6,0,0,0,1259
2026-05-07,compare,paid_social,mobile,76,38,15,13,0,0,0,2550
2026-05-07,compare,organic,desktop,190,86,45,27,0,0,0,1298
2026-05-07,compare,organic,mobile,95,47,27,4,0,0,0,1918
2026-05-07,compare,webinar,desktop,36,17,5,4,0,0,0,1269
2026-05-07,compare,webinar,mobile,4,2,2,0,0,0,0,1879
2026-05-07,compare,partner,desktop,24,10,7,4,0,0,0,1060
2026-05-07,compare,partner,mobile,18,9,6,2,0,0,0,2110
2026-05-07,compare,email,desktop,37,12,13,7,0,0,0,1405
2026-05-07,compare,email,mobile,33,18,6,5,0,0,0,2182
2026-05-08,home,paid_search,desktop,337,135,101,52,0,0,0,1310
2026-05-08,home,paid_search,mobile,175,61,55,20,0,0,0,2246
2026-05-08,home,paid_social,desktop,155,55,40,22,0,0,1,1251
2026-05-08,home,paid_social,mobile,275,127,73,31,0,0,1,1682
2026-05-08,home,organic,desktop,620,265,160,67,0,0,3,1350
2026-05-08,home,organic,mobile,309,129,73,38,0,0,1,2039
2026-05-08,home,webinar,desktop,107,32,35,11,0,0,0,1350
2026-05-08,home,webinar,mobile,65,34,15,4,0,0,0,2179
2026-05-08,home,partner,desktop,63,24,18,12,0,0,2,1301
2026-05-08,home,partner,mobile,44,18,12,5,0,0,0,2125
2026-05-08,home,email,desktop,112,45,31,14,0,0,0,1355
2026-05-08,home,email,mobile,100,37,31,7,0,0,1,2041
2026-05-08,pricing,paid_search,desktop,423,207,96,26,0,0,1,1375
2026-05-08,pricing,paid_search,mobile,180,104,27,16,0,0,0,2481
2026-05-08,pricing,paid_social,desktop,92,37,22,14,0,0,0,1321
2026-05-08,pricing,paid_social,mobile,154,56,41,21,0,0,0,2161
2026-05-08,pricing,organic,desktop,325,125,99,41,0,0,2,1436
2026-05-08,pricing,organic,mobile,128,49,33,14,0,0,2,2288
2026-05-08,pricing,webinar,desktop,88,35,27,6,0,0,1,1287
2026-05-08,pricing,webinar,mobile,47,19,13,6,0,0,0,1808
2026-05-08,pricing,partner,desktop,38,16,10,7,0,0,0,1202
2026-05-08,pricing,partner,mobile,32,16,8,3,0,0,0,2136
2026-05-08,pricing,email,desktop,50,24,13,5,0,0,0,1257
2026-05-08,pricing,email,mobile,58,28,10,6,0,0,0,1965
2026-05-08,demo,paid_search,desktop,265,78,82,21,92,59,2,1438
2026-05-08,demo,paid_search,mobile,123,36,44,18,46,9,3,4540
2026-05-08,demo,paid_social,desktop,95,27,33,14,31,17,0,1547
2026-05-08,demo,paid_social,mobile,140,62,29,14,42,14,2,4517
2026-05-08,demo,organic,desktop,274,71,111,35,90,61,0,1402
2026-05-08,demo,organic,mobile,131,56,36,11,57,14,4,4663
2026-05-08,demo,webinar,desktop,56,15,18,3,19,11,0,1356
2026-05-08,demo,webinar,mobile,21,11,4,1,8,3,0,4909
2026-05-08,demo,partner,desktop,26,5,9,4,8,6,0,1124
2026-05-08,demo,partner,mobile,16,9,3,0,4,1,1,4796
2026-05-08,demo,email,desktop,48,16,16,7,14,9,0,1489
2026-05-08,demo,email,mobile,31,6,12,3,8,1,0,5131
2026-05-08,features,paid_search,desktop,168,67,57,30,0,0,1,1348
2026-05-08,features,paid_search,mobile,94,40,21,11,0,0,1,2189
2026-05-08,features,paid_social,desktop,91,29,26,13,0,0,0,1353
2026-05-08,features,paid_social,mobile,186,71,53,24,0,0,1,2325
2026-05-08,features,organic,desktop,339,122,94,32,0,0,2,1326
2026-05-08,features,organic,mobile,143,59,42,11,0,0,0,2073
2026-05-08,features,webinar,desktop,91,28,40,10,0,0,1,1222
2026-05-08,features,webinar,mobile,45,17,13,6,0,0,0,2057
2026-05-08,features,partner,desktop,40,15,15,5,0,0,0,1362
2026-05-08,features,partner,mobile,19,6,9,3,0,0,0,2232
2026-05-08,features,email,desktop,57,19,21,10,0,0,1,1250
2026-05-08,features,email,mobile,54,21,13,4,0,0,0,2018
2026-05-08,compare,paid_search,desktop,138,67,29,15,0,0,1,1354
2026-05-08,compare,paid_search,mobile,66,29,16,6,0,0,1,2304
2026-05-08,compare,paid_social,desktop,53,28,11,4,0,0,1,1532
2026-05-08,compare,paid_social,mobile,82,43,22,9,0,0,0,2192
2026-05-08,compare,organic,desktop,148,69,36,14,0,0,0,1244
2026-05-08,compare,organic,mobile,109,50,25,7,0,0,0,1942
2026-05-08,compare,webinar,desktop,41,19,10,2,0,0,1,1471
2026-05-08,compare,webinar,mobile,22,12,3,3,0,0,0,2162
2026-05-08,compare,partner,desktop,30,17,6,4,0,0,0,1269
2026-05-08,compare,partner,mobile,13,9,2,3,0,0,0,2010
2026-05-08,compare,email,desktop,31,16,9,6,0,0,0,1458
2026-05-08,compare,email,mobile,20,9,4,3,0,0,0,2054
2026-05-09,home,paid_search,desktop,115,53,26,18,0,0,0,1428
2026-05-09,home,paid_search,mobile,83,29,20,6,0,0,0,2231
2026-05-09,home,paid_social,desktop,76,28,21,12,0,0,0,1271
2026-05-09,home,paid_social,mobile,105,46,29,13,0,0,0,2395
2026-05-09,home,organic,desktop,210,92,52,30,0,0,0,1300
2026-05-09,home,organic,mobile,105,45,25,10,0,0,0,2025
2026-05-09,home,webinar,desktop,40,21,8,6,0,0,0,1449
2026-05-09,home,webinar,mobile,25,9,8,1,0,0,0,2239
2026-05-09,home,partner,desktop,39,16,12,6,0,0,0,1257
2026-05-09,home,partner,mobile,16,4,10,1,0,0,0,2244
2026-05-09,home,email,desktop,37,14,9,8,0,0,0,1417
2026-05-09,home,email,mobile,37,15,8,9,0,0,0,2214
2026-05-09,pricing,paid_search,desktop,165,90,29,13,0,0,0,1246
2026-05-09,pricing,paid_search,mobile,77,38,19,9,0,0,0,2155
2026-05-09,pricing,paid_social,desktop,49,24,14,4,0,0,0,1191
2026-05-09,pricing,paid_social,mobile,37,20,7,5,0,0,0,2040
2026-05-09,pricing,organic,desktop,159,76,28,24,0,0,1,1267
2026-05-09,pricing,organic,mobile,76,36,12,11,0,0,1,2239
2026-05-09,pricing,webinar,desktop,31,12,13,3,0,0,0,1398
2026-05-09,pricing,webinar,mobile,13,7,2,0,0,0,0,1874
2026-05-09,pricing,partner,desktop,14,7,1,1,0,0,0,1347
2026-05-09,pricing,partner,mobile,8,2,3,0,0,0,0,2093
2026-05-09,pricing,email,desktop,29,8,10,3,0,0,0,1340
2026-05-09,pricing,email,mobile,20,9,5,3,0,0,0,2362
2026-05-09,demo,paid_search,desktop,103,23,41,12,33,20,0,1356
2026-05-09,demo,paid_search,mobile,76,25,26,5,27,8,6,4700
2026-05-09,demo,paid_social,desktop,26,7,8,2,5,3,0,1481
2026-05-09,demo,paid_social,mobile,54,20,11,4,23,7,2,4838
2026-05-09,demo,organic,desktop,82,29,31,10,30,18,0,1231
2026-05-09,demo,organic,mobile,31,11,12,1,12,5,0,5474
2026-05-09,demo,webinar,desktop,23,8,6,4,7,5,0,1432
2026-05-09,demo,webinar,mobile,11,3,4,0,7,2,0,5181
2026-05-09,demo,partner,desktop,13,1,4,4,3,2,0,1355
2026-05-09,demo,partner,mobile,4,2,1,1,2,0,0,4280
2026-05-09,demo,email,desktop,18,9,3,2,7,3,0,1393
2026-05-09,demo,email,mobile,14,9,2,0,6,3,0,4901
2026-05-09,features,paid_search,desktop,87,33,22,11,0,0,1,1426
2026-05-09,features,paid_search,mobile,36,16,9,8,0,0,0,2030
2026-05-09,features,paid_social,desktop,44,11,11,5,0,0,0,1407
2026-05-09,features,paid_social,mobile,58,20,17,6,0,0,1,1882
2026-05-09,features,organic,desktop,132,51,39,14,0,0,0,1266
2026-05-09,features,organic,mobile,59,26,14,7,0,0,0,2144
2026-05-09,features,webinar,desktop,23,7,8,6,0,0,0,1189
2026-05-09,features,webinar,mobile,19,10,3,2,0,0,0,2369
2026-05-09,features,partner,desktop,15,4,6,0,0,0,0,1280
2026-05-09,features,partner,mobile,9,3,5,1,0,0,0,1982
2026-05-09,features,email,desktop,23,10,9,4,0,0,0,1197
2026-05-09,features,email,mobile,14,4,3,3,0,0,0,1902
2026-05-09,compare,paid_search,desktop,51,18,19,7,0,0,0,1378
2026-05-09,compare,paid_search,mobile,30,18,7,5,0,0,0,1972
2026-05-09,compare,paid_social,desktop,19,7,2,2,0,0,0,1340
2026-05-09,compare,paid_social,mobile,33,17,11,1,0,0,0,2035
2026-05-09,compare,organic,desktop,71,29,24,4,0,0,0,1399
2026-05-09,compare,organic,mobile,44,23,11,3,0,0,0,2166
2026-05-09,compare,webinar,desktop,9,5,2,1,0,0,0,1376
2026-05-09,compare,webinar,mobile,4,2,2,1,0,0,0,2530
2026-05-09,compare,partner,desktop,3,1,0,0,0,0,0,1257
2026-05-09,compare,partner,mobile,5,5,0,0,0,0,0,2131
2026-05-09,compare,email,desktop,12,3,5,1,0,0,0,1322
2026-05-09,compare,email,mobile,13,8,4,4,0,0,0,2172
2026-05-10,home,paid_search,desktop,120,48,29,14,0,0,0,1260
2026-05-10,home,paid_search,mobile,59,26,14,8,0,0,0,2218
2026-05-10,home,paid_social,desktop,75,24,30,14,0,0,0,1525
2026-05-10,home,paid_social,mobile,103,51,26,13,0,0,0,2093
2026-05-10,home,organic,desktop,213,84,52,26,0,0,0,1303
2026-05-10,home,organic,mobile,91,38,26,10,0,0,2,1943
2026-05-10,home,webinar,desktop,45,21,9,6,0,0,0,1135
2026-05-10,home,webinar,mobile,28,9,13,3,0,0,0,1941
2026-05-10,home,partner,desktop,29,9,9,4,0,0,0,1167
2026-05-10,home,partner,mobile,10,3,4,1,0,0,0,1903
2026-05-10,home,email,desktop,39,18,17,9,0,0,0,1235
2026-05-10,home,email,mobile,33,12,11,6,0,0,1,1938
2026-05-10,pricing,paid_search,desktop,180,101,31,10,0,0,0,1211
2026-05-10,pricing,paid_search,mobile,86,42,22,9,0,0,0,1935
2026-05-10,pricing,paid_social,desktop,40,17,8,3,0,0,0,1197
2026-05-10,pricing,paid_social,mobile,63,25,16,5,0,0,0,2493
2026-05-10,pricing,organic,desktop,120,47,28,11,0,0,0,1215
2026-05-10,pricing,organic,mobile,59,20,12,6,0,0,0,2007
2026-05-10,pricing,webinar,desktop,29,6,11,3,0,0,0,1342
2026-05-10,pricing,webinar,mobile,15,6,8,3,0,0,0,1884
2026-05-10,pricing,partner,desktop,15,10,2,2,0,0,0,1131
2026-05-10,pricing,partner,mobile,9,6,2,0,0,0,0,1909
2026-05-10,pricing,email,desktop,23,6,5,3,0,0,0,1284
2026-05-10,pricing,email,mobile,15,7,2,2,0,0,0,2118
2026-05-10,demo,paid_search,desktop,106,35,31,20,20,12,1,1472
2026-05-10,demo,paid_search,mobile,60,15,21,5,25,5,0,4964
2026-05-10,demo,paid_social,desktop,20,7,8,3,2,1,0,1584
2026-05-10,demo,paid_social,mobile,40,15,10,2,15,5,1,4823
2026-05-10,demo,organic,desktop,101,32,30,11,28,20,1,1404
2026-05-10,demo,organic,mobile,33,12,5,3,12,1,1,4449
2026-05-10,demo,webinar,desktop,26,10,7,6,9,6,0,1400
2026-05-10,demo,webinar,mobile,16,3,9,0,6,5,1,4509
2026-05-10,demo,partner,desktop,12,4,4,1,6,4,0,1265
2026-05-10,demo,partner,mobile,8,3,2,0,3,1,1,5498
2026-05-10,demo,email,desktop,24,7,6,0,4,2,0,1259
2026-05-10,demo,email,mobile,12,5,3,0,3,1,0,5503
2026-05-10,features,paid_search,desktop,75,29,21,8,0,0,1,1421
2026-05-10,features,paid_search,mobile,54,22,14,8,0,0,0,2086
2026-05-10,features,paid_social,desktop,46,16,14,10,0,0,0,1158
2026-05-10,features,paid_social,mobile,63,22,24,7,0,0,0,2072
2026-05-10,features,organic,desktop,148,47,45,33,0,0,1,1197
2026-05-10,features,organic,mobile,82,26,21,4,0,0,2,2371
2026-05-10,features,webinar,desktop,39,13,11,1,0,0,0,1366
2026-05-10,features,webinar,mobile,15,5,2,1,0,0,0,2271
2026-05-10,features,partner,desktop,15,5,4,1,0,0,0,1271
2026-05-10,features,partner,mobile,6,1,2,0,0,0,0,2088
2026-05-10,features,email,desktop,31,14,9,6,0,0,0,1362
2026-05-10,features,email,mobile,16,8,6,2,0,0,1,2038
2026-05-10,compare,paid_search,desktop,52,27,11,5,0,0,0,1457
2026-05-10,compare,paid_search,mobile,23,9,8,0,0,0,0,2005
2026-05-10,compare,paid_social,desktop,17,7,4,0,0,0,0,1442
2026-05-10,compare,paid_social,mobile,25,16,3,1,0,0,0,1948
2026-05-10,compare,organic,desktop,60,33,9,5,0,0,0,1243
2026-05-10,compare,organic,mobile,32,22,4,1,0,0,0,2053
2026-05-10,compare,webinar,desktop,13,2,6,0,0,0,0,1258
2026-05-10,compare,webinar,mobile,7,3,2,0,0,0,0,1972
2026-05-10,compare,partner,desktop,6,2,1,2,0,0,0,1085
2026-05-10,compare,partner,mobile,2,0,1,0,0,0,0,2123
2026-05-10,compare,email,desktop,9,4,1,1,0,0,0,1223
2026-05-10,compare,email,mobile,17,12,1,1,0,0,0,2027
2026-05-11,home,paid_search,desktop,380,143,102,53,0,0,0,1366
2026-05-11,home,paid_search,mobile,170,63,46,23,0,0,0,1974
2026-05-11,home,paid_social,desktop,181,67,44,19,0,0,0,1292
2026-05-11,home,paid_social,mobile,273,117,60,33,0,0,0,1973
2026-05-11,home,organic,desktop,546,237,142,71,0,0,0,1473
2026-05-11,home,organic,mobile,316,132,85,39,0,0,2,2240
2026-05-11,home,webinar,desktop,165,66,50,21,0,0,1,1296
2026-05-11,home,webinar,mobile,75,37,15,5,0,0,0,2108
2026-05-11,home,partner,desktop,54,18,20,4,0,0,0,1122
2026-05-11,home,partner,mobile,37,16,6,8,0,0,0,1989
2026-05-11,home,email,desktop,122,54,26,15,0,0,0,1456
2026-05-11,home,email,mobile,63,19,19,8,0,0,0,2000
2026-05-11,pricing,paid_search,desktop,434,253,77,36,0,0,2,1284
2026-05-11,pricing,paid_search,mobile,250,133,50,25,0,0,3,1815
2026-05-11,pricing,paid_social,desktop,86,38,23,6,0,0,0,1349
2026-05-11,pricing,paid_social,mobile,163,68,48,18,0,0,2,2076
2026-05-11,pricing,organic,desktop,305,129,77,27,0,0,1,1184
2026-05-11,pricing,organic,mobile,197,90,56,19,0,0,0,1870
2026-05-11,pricing,webinar,desktop,69,26,19,5,0,0,0,1511
2026-05-11,pricing,webinar,mobile,47,20,16,4,0,0,0,2014
2026-05-11,pricing,partner,desktop,40,16,10,5,0,0,0,1227
2026-05-11,pricing,partner,mobile,20,6,5,3,0,0,1,2221
2026-05-11,pricing,email,desktop,67,22,17,9,0,0,0,1083
2026-05-11,pricing,email,mobile,52,21,17,5,0,0,1,2352
2026-05-11,demo,paid_search,desktop,249,79,78,30,79,52,1,1342
2026-05-11,demo,paid_search,mobile,124,49,37,12,43,9,2,4678
2026-05-11,demo,paid_social,desktop,86,22,24,14,21,13,1,1301
2026-05-11,demo,paid_social,mobile,117,44,40,6,41,10,6,4793
2026-05-11,demo,organic,desktop,272,85,88,33,81,46,0,1316
2026-05-11,demo,organic,mobile,117,53,27,24,44,14,4,4718
2026-05-11,demo,webinar,desktop,68,19,17,7,12,6,0,1278
2026-05-11,demo,webinar,mobile,23,9,9,2,10,3,0,4827
2026-05-11,demo,partner,desktop,22,6,6,4,7,4,0,1347
2026-05-11,demo,partner,mobile,14,7,2,3,7,1,1,4832
2026-05-11,demo,email,desktop,46,18,9,6,16,9,1,1355
2026-05-11,demo,email,mobile,49,18,12,7,18,1,1,5399
2026-05-11,features,paid_search,desktop,206,83,52,30,0,0,1,1276
2026-05-11,features,paid_search,mobile,137,59,37,13,0,0,1,2204
2026-05-11,features,paid_social,desktop,99,49,19,10,0,0,0,1285
2026-05-11,features,paid_social,mobile,151,59,42,12,0,0,0,2228
2026-05-11,features,organic,desktop,320,120,76,36,0,0,0,1233
2026-05-11,features,organic,mobile,162,63,47,13,0,0,1,2032
2026-05-11,features,webinar,desktop,68,30,16,10,0,0,0,1297
2026-05-11,features,webinar,mobile,43,17,16,4,0,0,0,1739
2026-05-11,features,partner,desktop,33,8,11,6,0,0,0,1330
2026-05-11,features,partner,mobile,15,5,7,2,0,0,0,1964
2026-05-11,features,email,desktop,73,30,22,8,0,0,0,1255
2026-05-11,features,email,mobile,49,11,19,4,0,0,0,2236
2026-05-11,compare,paid_search,desktop,130,58,26,14,0,0,1,1294
2026-05-11,compare,paid_search,mobile,52,26,12,5,0,0,0,2006
2026-05-11,compare,paid_social,desktop,40,18,12,6,0,0,0,1320
2026-05-11,compare,paid_social,mobile,76,36,14,7,0,0,0,1990
2026-05-11,compare,organic,desktop,181,81,38,17,0,0,2,1293
2026-05-11,compare,organic,mobile,96,39,25,11,0,0,1,1935
2026-05-11,compare,webinar,desktop,33,11,8,3,0,0,0,1395
2026-05-11,compare,webinar,mobile,17,10,4,1,0,0,0,1892
2026-05-11,compare,partner,desktop,27,11,8,2,0,0,0,1341
2026-05-11,compare,partner,mobile,16,10,2,2,0,0,0,1766
2026-05-11,compare,email,desktop,34,13,8,4,0,0,0,1289
2026-05-11,compare,email,mobile,16,11,2,4,0,0,0,2160
2026-05-12,home,paid_search,desktop,408,165,100,52,0,0,3,1196
2026-05-12,home,paid_search,mobile,209,97,51,21,0,0,0,2170
2026-05-12,home,paid_social,desktop,175,65,54,27,0,0,1,1297
2026-05-12,home,paid_social,mobile,255,95,70,19,0,0,1,2029
2026-05-12,home,organic,desktop,525,207,147,53,0,0,5,1312
2026-05-12,home,organic,mobile,258,111,67,25,0,0,0,2315
2026-05-12,home,webinar,desktop,141,55,47,18,0,0,1,1324
2026-05-12,home,webinar,mobile,74,37,20,7,0,0,0,1903
2026-05-12,home,partner,desktop,77,25,24,7,0,0,0,1202
2026-05-12,home,partner,mobile,46,24,9,7,0,0,0,1949
2026-05-12,home,email,desktop,123,50,28,15,0,0,0,1251
2026-05-12,home,email,mobile,97,43,24,11,0,0,0,2165
2026-05-12,pricing,paid_search,desktop,382,222,74,28,0,0,3,1364
2026-05-12,pricing,paid_search,mobile,222,145,30,13,0,0,0,2174
2026-05-12,pricing,paid_social,desktop,101,41,26,17,0,0,0,967
2026-05-12,pricing,paid_social,mobile,130,63,33,14,0,0,0,2158
2026-05-12,pricing,organic,desktop,353,140,93,35,0,0,0,1257
2026-05-12,pricing,organic,mobile,185,85,41,12,0,0,1,2199
2026-05-12,pricing,webinar,desktop,59,25,20,8,0,0,0,1415
2026-05-12,pricing,webinar,mobile,37,20,7,0,0,0,0,1840
2026-05-12,pricing,partner,desktop,40,17,9,8,0,0,0,1277
2026-05-12,pricing,partner,mobile,29,20,4,7,0,0,0,2227
2026-05-12,pricing,email,desktop,57,27,16,5,0,0,0,1336
2026-05-12,pricing,email,mobile,57,22,13,8,0,0,0,2281
2026-05-12,demo,paid_search,desktop,239,76,73,34,78,46,1,1527
2026-05-12,demo,paid_search,mobile,159,64,47,13,60,18,8,4687
2026-05-12,demo,paid_social,desktop,83,19,22,13,28,15,1,1310
2026-05-12,demo,paid_social,mobile,120,46,39,17,41,14,4,4478
2026-05-12,demo,organic,desktop,270,86,90,33,85,52,2,1499
2026-05-12,demo,organic,mobile,141,49,43,16,58,15,3,5049
2026-05-12,demo,webinar,desktop,63,25,19,5,18,11,0,1430
2026-05-12,demo,webinar,mobile,25,11,5,5,9,0,0,4786
2026-05-12,demo,partner,desktop,27,8,7,6,7,6,0,1454
2026-05-12,demo,partner,mobile,12,3,2,3,7,0,1,4842
2026-05-12,demo,email,desktop,46,16,8,6,15,11,0,1353
2026-05-12,demo,email,mobile,37,14,9,3,13,7,3,5264
2026-05-12,features,paid_search,desktop,204,59,70,27,0,0,2,1176
2026-05-12,features,paid_search,mobile,131,45,37,16,0,0,0,2241
2026-05-12,features,paid_social,desktop,95,36,28,15,0,0,0,1181
2026-05-12,features,paid_social,mobile,129,53,39,18,0,0,0,2150
2026-05-12,features,organic,desktop,340,113,115,41,0,0,2,1417
2026-05-12,features,organic,mobile,203,83,52,22,0,0,1,2231
2026-05-12,features,webinar,desktop,96,39,22,16,0,0,2,1310
2026-05-12,features,webinar,mobile,49,19,14,5,0,0,0,1801
2026-05-12,features,partner,desktop,27,7,12,1,0,0,0,1191
2026-05-12,features,partner,mobile,17,5,5,2,0,0,0,2167
2026-05-12,features,email,desktop,68,25,17,6,0,0,0,1268
2026-05-12,features,email,mobile,59,22,17,2,0,0,0,2004
2026-05-12,compare,paid_search,desktop,160,73,38,25,0,0,0,1014
2026-05-12,compare,paid_search,mobile,58,24,15,7,0,0,1,2040
2026-05-12,compare,paid_social,desktop,45,19,14,3,0,0,0,1302
2026-05-12,compare,paid_social,mobile,75,33,19,7,0,0,0,1999
2026-05-12,compare,organic,desktop,148,75,33,15,0,0,0,1297
2026-05-12,compare,organic,mobile,96,47,15,13,0,0,0,2025
2026-05-12,compare,webinar,desktop,50,20,16,7,0,0,0,1366
2026-05-12,compare,webinar,mobile,21,13,5,1,0,0,0,2068
2026-05-12,compare,partner,desktop,14,4,5,0,0,0,0,1271
2026-05-12,compare,partner,mobile,10,5,1,2,0,0,0,2073
2026-05-12,compare,email,desktop,35,11,9,7,0,0,0,1240
2026-05-12,compare,email,mobile,22,14,4,5,0,0,0,2262
2026-05-13,home,paid_search,desktop,398,147,111,46,0,0,4,1230
2026-05-13,home,paid_search,mobile,188,84,38,16,0,0,1,2211
2026-05-13,home,paid_social,desktop,215,88,51,33,0,0,0,1210
2026-05-13,home,paid_social,mobile,288,146,61,27,0,0,2,2368
2026-05-13,home,organic,desktop,610,218,179,70,0,0,3,1548
2026-05-13,home,organic,mobile,334,145,81,42,0,0,0,2167
2026-05-13,home,webinar,desktop,130,40,41,12,0,0,0,1355
2026-05-13,home,webinar,mobile,61,24,19,4,0,0,0,2085
2026-05-13,home,partner,desktop,55,22,11,7,0,0,0,1306
2026-05-13,home,partner,mobile,32,15,4,4,0,0,1,1963
2026-05-13,home,email,desktop,121,49,35,13,0,0,0,1193
2026-05-13,home,email,mobile,90,38,23,17,0,0,0,2174
2026-05-13,pricing,paid_search,desktop,462,290,66,47,0,0,1,1209
2026-05-13,pricing,paid_search,mobile,197,111,34,15,0,0,0,2196
2026-05-13,pricing,paid_social,desktop,92,44,23,16,0,0,0,1386
2026-05-13,pricing,paid_social,mobile,146,71,33,15,0,0,1,2305
2026-05-13,pricing,organic,desktop,319,134,71,38,0,0,1,1207
2026-05-13,pricing,organic,mobile,151,61,38,23,0,0,0,1912
2026-05-13,pricing,webinar,desktop,72,31,22,13,0,0,1,1365
2026-05-13,pricing,webinar,mobile,40,21,10,7,0,0,0,2212
2026-05-13,pricing,partner,desktop,34,14,6,5,0,0,0,1364
2026-05-13,pricing,partner,mobile,22,11,5,3,0,0,0,2223
2026-05-13,pricing,email,desktop,88,39,20,14,0,0,0,1203
2026-05-13,pricing,email,mobile,42,23,8,4,0,0,0,2092
2026-05-13,demo,paid_search,desktop,227,79,68,28,85,53,0,1369
2026-05-13,demo,paid_search,mobile,125,52,30,18,34,8,3,5086
2026-05-13,demo,paid_social,desktop,78,30,20,5,16,8,0,1457
2026-05-13,demo,paid_social,mobile,125,42,36,14,48,5,4,4995
2026-05-13,demo,organic,desktop,265,57,94,27,79,53,0,1427
2026-05-13,demo,organic,mobile,150,57,37,16,57,15,8,4834
2026-05-13,demo,webinar,desktop,65,26,19,7,14,9,0,1361
2026-05-13,demo,webinar,mobile,28,10,12,4,8,0,1,4864
2026-05-13,demo,partner,desktop,28,11,6,2,8,7,0,1459
2026-05-13,demo,partner,mobile,9,5,1,1,3,0,0,5172
2026-05-13,demo,email,desktop,45,8,13,5,13,11,0,1533
2026-05-13,demo,email,mobile,43,17,8,3,18,3,0,5014
2026-05-13,features,paid_search,desktop,215,86,67,29,0,0,1,1427
2026-05-13,features,paid_search,mobile,98,40,27,12,0,0,0,2212
2026-05-13,features,paid_social,desktop,109,50,27,12,0,0,0,1140
2026-05-13,features,paid_social,mobile,200,72,68,18,0,0,3,2239
2026-05-13,features,organic,desktop,264,85,76,22,0,0,1,1193
2026-05-13,features,organic,mobile,172,75,39,21,0,0,0,2341
2026-05-13,features,webinar,desktop,69,28,19,13,0,0,0,1091
2026-05-13,features,webinar,mobile,53,22,13,8,0,0,0,1754
2026-05-13,features,partner,desktop,33,11,12,6,0,0,0,1476
2026-05-13,features,partner,mobile,23,8,6,4,0,0,0,2418
2026-05-13,features,email,desktop,67,25,19,10,0,0,0,1422
2026-05-13,features,email,mobile,63,25,19,9,0,0,1,2337
2026-05-13,compare,paid_search,desktop,124,48,38,21,0,0,1,1168
2026-05-13,compare,paid_search,mobile,79,36,21,9,0,0,0,2277
2026-05-13,compare,paid_social,desktop,38,22,5,4,0,0,0,1210
2026-05-13,compare,paid_social,mobile,66,30,14,12,0,0,1,2289
2026-05-13,compare,organic,desktop,169,81,38,28,0,0,0,1255
2026-05-13,compare,organic,mobile,87,34,22,13,0,0,0,2084
2026-05-13,compare,webinar,desktop,46,19,14,6,0,0,0,1405
2026-05-13,compare,webinar,mobile,23,7,8,3,0,0,0,2094
2026-05-13,compare,partner,desktop,22,7,7,2,0,0,0,1352
2026-05-13,compare,partner,mobile,11,7,3,0,0,0,0,1985
2026-05-13,compare,email,desktop,31,16,7,2,0,0,0,1225
2026-05-13,compare,email,mobile,32,19,5,0,0,0,0,2055
2026-05-14,home,paid_search,desktop,333,130,98,40,0,0,3,1188
2026-05-14,home,paid_search,mobile,180,75,51,25,0,0,0,2214
2026-05-14,home,paid_social,desktop,181,70,51,21,0,0,1,1334
2026-05-14,home,paid_social,mobile,259,110,77,30,0,0,1,1875
2026-05-14,home,organic,desktop,657,255,164,91,0,0,2,1452
2026-05-14,home,organic,mobile,330,138,100,29,0,0,2,2349
2026-05-14,home,webinar,desktop,134,51,43,14,0,0,2,1295
2026-05-14,home,webinar,mobile,79,25,23,7,0,0,2,2013
2026-05-14,home,partner,desktop,71,31,19,6,0,0,0,1431
2026-05-14,home,partner,mobile,24,6,11,3,0,0,0,1951
2026-05-14,home,email,desktop,112,44,32,16,0,0,2,1467
2026-05-14,home,email,mobile,94,38,28,13,0,0,2,2099
2026-05-14,pricing,paid_search,desktop,391,200,84,35,0,0,0,1440
2026-05-14,pricing,paid_search,mobile,232,118,46,16,0,0,0,2228
2026-05-14,pricing,paid_social,desktop,81,28,24,7,0,0,0,1581
2026-05-14,pricing,paid_social,mobile,163,73,47,19,0,0,1,2232
2026-05-14,pricing,organic,desktop,325,122,89,39,0,0,2,1503
2026-05-14,pricing,organic,mobile,163,77,38,18,0,0,1,2021
2026-05-14,pricing,webinar,desktop,70,22,26,10,0,0,1,1202
2026-05-14,pricing,webinar,mobile,38,14,13,8,0,0,0,2065
2026-05-14,pricing,partner,desktop,32,15,5,5,0,0,0,1314
2026-05-14,pricing,partner,mobile,16,4,7,1,0,0,0,2119
2026-05-14,pricing,email,desktop,45,19,15,7,0,0,0,1302
2026-05-14,pricing,email,mobile,64,33,12,6,0,0,0,2159
2026-05-14,demo,paid_search,desktop,227,62,84,29,77,42,0,1491
2026-05-14,demo,paid_search,mobile,129,51,35,11,55,13,4,4312
2026-05-14,demo,paid_social,desktop,80,36,22,9,31,21,0,1385
2026-05-14,demo,paid_social,mobile,134,57,34,16,38,5,3,4640
2026-05-14,demo,organic,desktop,255,87,73,22,74,48,2,1426
2026-05-14,demo,organic,mobile,108,33,34,19,39,11,3,4775
2026-05-14,demo,webinar,desktop,60,21,16,10,19,14,0,1553
2026-05-14,demo,webinar,mobile,42,18,15,3,21,6,2,4984
2026-05-14,demo,partner,desktop,25,9,9,5,8,4,1,1521
2026-05-14,demo,partner,mobile,14,3,7,2,3,1,0,4710
2026-05-14,demo,email,desktop,32,11,7,3,6,4,0,1501
2026-05-14,demo,email,mobile,43,20,15,4,17,3,0,4601
2026-05-14,features,paid_search,desktop,194,76,60,26,0,0,2,1200
2026-05-14,features,paid_search,mobile,90,33,27,9,0,0,1,2327
2026-05-14,features,paid_social,desktop,100,33,35,16,0,0,0,1295
2026-05-14,features,paid_social,mobile,159,66,40,24,0,0,0,2095
2026-05-14,features,organic,desktop,302,104,84,39,0,0,0,1218
2026-05-14,features,organic,mobile,194,70,61,14,0,0,0,1941
2026-05-14,features,webinar,desktop,79,34,23,5,0,0,0,1469
2026-05-14,features,webinar,mobile,37,17,6,6,0,0,0,2274
2026-05-14,features,partner,desktop,36,10,11,2,0,0,0,1209
2026-05-14,features,partner,mobile,12,5,4,3,0,0,0,1976
2026-05-14,features,email,desktop,76,23,23,7,0,0,0,1322
2026-05-14,features,email,mobile,44,22,6,10,0,0,1,2031
2026-05-14,compare,paid_search,desktop,133,54,44,15,0,0,1,1220
2026-05-14,compare,paid_search,mobile,55,23,11,4,0,0,0,1975
2026-05-14,compare,paid_social,desktop,52,26,13,4,0,0,1,1280
2026-05-14,compare,paid_social,mobile,57,27,12,4,0,0,1,1864
2026-05-14,compare,organic,desktop,159,61,43,15,0,0,0,1217
2026-05-14,compare,organic,mobile,85,46,18,12,0,0,2,2283
2026-05-14,compare,webinar,desktop,25,13,7,1,0,0,0,1187
2026-05-14,compare,webinar,mobile,22,10,6,2,0,0,0,2086
2026-05-14,compare,partner,desktop,20,11,5,4,0,0,0,1328
2026-05-14,compare,partner,mobile,12,7,3,1,0,0,0,2272
2026-05-14,compare,email,desktop,36,14,6,6,0,0,0,1165
2026-05-14,compare,email,mobile,32,16,6,1,0,0,0,1957
2026-05-15,home,paid_search,desktop,358,164,85,32,0,0,0,1293
2026-05-15,home,paid_search,mobile,218,89,58,13,0,0,1,2263
2026-05-15,home,paid_social,desktop,196,75,52,28,0,0,0,1367
2026-05-15,home,paid_social,mobile,281,126,70,34,0,0,1,2371
2026-05-15,home,organic,desktop,584,271,137,70,0,0,4,1234
2026-05-15,home,organic,mobile,277,115,65,38,0,0,1,1974
2026-05-15,home,webinar,desktop,134,54,39,12,0,0,0,1230
2026-05-15,home,webinar,mobile,53,20,13,5,0,0,1,1984
2026-05-15,home,partner,desktop,60,29,17,2,0,0,0,1206
2026-05-15,home,partner,mobile,30,10,7,4,0,0,1,2170
2026-05-15,home,email,desktop,143,60,32,21,0,0,1,1121
2026-05-15,home,email,mobile,112,40,33,13,0,0,1,2303
2026-05-15,pricing,paid_search,desktop,339,181,72,26,0,0,1,1284
2026-05-15,pricing,paid_search,mobile,203,102,40,21,0,0,0,2167
2026-05-15,pricing,paid_social,desktop,128,52,34,19,0,0,0,1158
2026-05-15,pricing,paid_social,mobile,163,61,44,23,0,0,0,1965
2026-05-15,pricing,organic,desktop,365,153,101,49,0,0,2,1237
2026-05-15,pricing,organic,mobile,171,70,44,20,0,0,1,2013
2026-05-15,pricing,webinar,desktop,72,31,14,9,0,0,0,1243
2026-05-15,pricing,webinar,mobile,44,19,10,8,0,0,0,2098
2026-05-15,pricing,partner,desktop,30,13,7,5,0,0,0,1241
2026-05-15,pricing,partner,mobile,31,13,8,2,0,0,0,2211
2026-05-15,pricing,email,desktop,62,26,17,9,0,0,0,1383
2026-05-15,pricing,email,mobile,56,22,14,5,0,0,0,2395
2026-05-15,demo,paid_search,desktop,225,71,62,25,78,47,0,1426
2026-05-15,demo,paid_search,mobile,150,64,41,22,52,12,4,4725
2026-05-15,demo,paid_social,desktop,59,19,18,4,19,16,0,1412
2026-05-15,demo,paid_social,mobile,124,61,24,10,43,15,2,4964
2026-05-15,demo,organic,desktop,261,84,87,25,90,51,1,1321
2026-05-15,demo,organic,mobile,148,57,45,22,60,12,3,5126
2026-05-15,demo,webinar,desktop,53,17,13,7,21,12,0,1481
2026-05-15,demo,webinar,mobile,24,7,8,3,10,4,2,4157
2026-05-15,demo,partner,desktop,22,6,7,3,4,2,0,1612
2026-05-15,demo,partner,mobile,15,6,5,0,9,1,0,4915
2026-05-15,demo,email,desktop,48,4,14,6,11,6,0,1299
2026-05-15,demo,email,mobile,48,13,21,6,14,3,2,4431
2026-05-15,features,paid_search,desktop,207,75,54,30,0,0,0,1324
2026-05-15,features,paid_search,mobile,126,46,37,7,0,0,1,1964
2026-05-15,features,paid_social,desktop,94,27,25,9,0,0,0,1206
2026-05-15,features,paid_social,mobile,141,50,43,13,0,0,0,2034
2026-05-15,features,organic,desktop,289,92,102,44,0,0,1,1353
2026-05-15,features,organic,mobile,140,63,43,20,0,0,1,2044
2026-05-15,features,webinar,desktop,81,23,20,13,0,0,0,1213
2026-05-15,features,webinar,mobile,47,14,16,3,0,0,0,2361
2026-05-15,features,partner,desktop,39,14,15,2,0,0,0,1352
2026-05-15,features,partner,mobile,6,0,2,1,0,0,0,1957
2026-05-15,features,email,desktop,58,19,19,4,0,0,0,1323
2026-05-15,features,email,mobile,52,18,14,6,0,0,1,2124
2026-05-15,compare,paid_search,desktop,145,69,36,15,0,0,0,1300
2026-05-15,compare,paid_search,mobile,68,35,17,12,0,0,1,2108
2026-05-15,compare,paid_social,desktop,62,26,14,7,0,0,0,1284
2026-05-15,compare,paid_social,mobile,72,37,15,9,0,0,0,2178
2026-05-15,compare,organic,desktop,154,62,42,19,0,0,1,1298
2026-05-15,compare,organic,mobile,70,35,21,12,0,0,0,2136
2026-05-15,compare,webinar,desktop,27,18,5,5,0,0,0,1347
2026-05-15,compare,webinar,mobile,27,13,6,4,0,0,0,2093
2026-05-15,compare,partner,desktop,17,9,6,1,0,0,0,1377
2026-05-15,compare,partner,mobile,8,3,2,0,0,0,0,2325
2026-05-15,compare,email,desktop,33,17,7,3,0,0,0,1274
2026-05-15,compare,email,mobile,28,13,5,2,0,0,0,2012
2026-05-16,home,paid_search,desktop,120,55,24,19,0,0,1,1160
2026-05-16,home,paid_search,mobile,70,31,19,7,0,0,0,2220
2026-05-16,home,paid_social,desktop,70,26,15,9,0,0,0,1286
2026-05-16,home,paid_social,mobile,103,46,20,9,0,0,1,1910
2026-05-16,home,organic,desktop,208,70,74,36,0,0,0,1246
2026-05-16,home,organic,mobile,126,46,44,20,0,0,0,2177
2026-05-16,home,webinar,desktop,52,24,11,7,0,0,0,1383
2026-05-16,home,webinar,mobile,34,16,11,6,0,0,0,2195
2026-05-16,home,partner,desktop,23,10,4,4,0,0,0,1296
2026-05-16,home,partner,mobile,9,6,2,0,0,0,0,2224
2026-05-16,home,email,desktop,37,18,9,8,0,0,0,1313
2026-05-16,home,email,mobile,29,12,8,2,0,0,0,2138
2026-05-16,pricing,paid_search,desktop,146,81,34,9,0,0,0,1220
2026-05-16,pricing,paid_search,mobile,89,42,14,13,0,0,1,2284
2026-05-16,pricing,paid_social,desktop,39,14,12,2,0,0,0,1373
2026-05-16,pricing,paid_social,mobile,55,22,15,7,0,0,1,2041
2026-05-16,pricing,organic,desktop,147,56,42,24,0,0,1,1417
2026-05-16,pricing,organic,mobile,72,31,16,15,0,0,0,1891
2026-05-16,pricing,webinar,desktop,27,8,7,5,0,0,0,1220
2026-05-16,pricing,webinar,mobile,17,8,5,4,0,0,0,1899
2026-05-16,pricing,partner,desktop,19,7,9,2,0,0,0,1260
2026-05-16,pricing,partner,mobile,8,2,3,3,0,0,0,1981
2026-05-16,pricing,email,desktop,34,11,11,2,0,0,1,1400
2026-05-16,pricing,email,mobile,24,12,5,2,0,0,0,2125
2026-05-16,demo,paid_search,desktop,93,27,25,9,22,14,0,1371
2026-05-16,demo,paid_search,mobile,77,25,26,10,26,6,3,4971
2026-05-16,demo,paid_social,desktop,30,10,12,1,7,3,0,1490
2026-05-16,demo,paid_social,mobile,42,16,11,3,23,2,3,5306
2026-05-16,demo,organic,desktop,97,29,28,11,29,19,0,1393
2026-05-16,demo,organic,mobile,58,17,21,5,24,5,1,4805
2026-05-16,demo,webinar,desktop,24,5,6,0,6,4,0,1288
2026-05-16,demo,webinar,mobile,11,5,2,0,3,1,0,4881
2026-05-16,demo,partner,desktop,9,2,3,0,3,2,0,1431
2026-05-16,demo,partner,mobile,7,5,1,0,3,0,0,4593
2026-05-16,demo,email,desktop,25,9,6,3,8,5,0,1408
2026-05-16,demo,email,mobile,12,2,5,1,4,1,0,4718
2026-05-16,features,paid_search,desktop,92,27,33,14,0,0,0,1340
2026-05-16,features,paid_search,mobile,53,23,14,5,0,0,0,2067
2026-05-16,features,paid_social,desktop,48,13,13,5,0,0,0,1323
2026-05-16,features,paid_social,mobile,52,24,10,5,0,0,0,2013
2026-05-16,features,organic,desktop,115,30,48,10,0,0,0,1382
2026-05-16,features,organic,mobile,75,32,11,6,0,0,0,2184
2026-05-16,features,webinar,desktop,28,8,7,6,0,0,0,1414
2026-05-16,features,webinar,mobile,14,4,5,1,0,0,0,2121
2026-05-16,features,partner,desktop,13,4,3,3,0,0,0,1295
2026-05-16,features,partner,mobile,6,4,2,1,0,0,0,1865
2026-05-16,features,email,desktop,21,12,1,2,0,0,0,1391
2026-05-16,features,email,mobile,18,5,5,5,0,0,0,2114
2026-05-16,compare,paid_search,desktop,53,21,13,3,0,0,0,1276
2026-05-16,compare,paid_search,mobile,22,11,6,5,0,0,0,2238
2026-05-16,compare,paid_social,desktop,15,7,7,1,0,0,0,1380
2026-05-16,compare,paid_social,mobile,35,16,12,5,0,0,0,2037
2026-05-16,compare,organic,desktop,76,41,15,12,0,0,0,1335
2026-05-16,compare,organic,mobile,34,17,8,3,0,0,0,2109
2026-05-16,compare,webinar,desktop,16,8,6,0,0,0,0,1419
2026-05-16,compare,webinar,mobile,6,3,2,1,0,0,0,1931
2026-05-16,compare,partner,desktop,3,2,0,1,0,0,0,1438
2026-05-16,compare,partner,mobile,3,2,1,0,0,0,0,2277
2026-05-16,compare,email,desktop,9,6,1,2,0,0,0,1260
2026-05-16,compare,email,mobile,12,8,2,1,0,0,0,2013
2026-05-17,home,paid_search,desktop,112,44,27,16,0,0,0,1342
2026-05-17,home,paid_search,mobile,69,34,20,7,0,0,0,1877
2026-05-17,home,paid_social,desktop,55,24,17,4,0,0,0,1325
2026-05-17,home,paid_social,mobile,107,48,23,8,0,0,0,2130
2026-05-17,home,organic,desktop,268,106,73,39,0,0,2,1354
2026-05-17,home,organic,mobile,154,74,38,22,0,0,1,1990
2026-05-17,home,webinar,desktop,44,22,10,5,0,0,1,1552
2026-05-17,home,webinar,mobile,35,13,15,4,0,0,0,2132
2026-05-17,home,partner,desktop,22,9,5,2,0,0,0,1423
2026-05-17,home,partner,mobile,16,7,3,2,0,0,0,2172
2026-05-17,home,email,desktop,47,17,11,6,0,0,0,1390
2026-05-17,home,email,mobile,31,10,10,6,0,0,0,1907
2026-05-17,pricing,paid_search,desktop,163,101,30,13,0,0,0,1484
2026-05-17,pricing,paid_search,mobile,86,38,21,6,0,0,0,2189
2026-05-17,pricing,paid_social,desktop,36,14,12,2,0,0,0,1348
2026-05-17,pricing,paid_social,mobile,59,21,11,8,0,0,0,2201
2026-05-17,pricing,organic,desktop,123,49,36,23,0,0,0,1349
2026-05-17,pricing,organic,mobile,52,22,14,11,0,0,0,2133
2026-05-17,pricing,webinar,desktop,23,7,6,3,0,0,0,1277
2026-05-17,pricing,webinar,mobile,23,12,5,3,0,0,1,1920
2026-05-17,pricing,partner,desktop,17,6,3,1,0,0,0,1477
2026-05-17,pricing,partner,mobile,7,2,2,3,0,0,0,1934
2026-05-17,pricing,email,desktop,15,5,7,0,0,0,0,1407
2026-05-17,pricing,email,mobile,21,13,2,3,0,0,0,2181
2026-05-17,demo,paid_search,desktop,109,32,37,13,31,19,1,1328
2026-05-17,demo,paid_search,mobile,72,22,25,9,27,5,2,5080
2026-05-17,demo,paid_social,desktop,33,11,11,4,6,3,1,1356
2026-05-17,demo,paid_social,mobile,49,18,12,5,19,6,0,5522
2026-05-17,demo,organic,desktop,86,21,28,10,33,18,1,1395
2026-05-17,demo,organic,mobile,43,16,10,6,13,3,0,5133
2026-05-17,demo,webinar,desktop,27,9,9,6,6,4,0,1349
2026-05-17,demo,webinar,mobile,15,6,2,1,5,2,2,4462
2026-05-17,demo,partner,desktop,5,1,2,0,2,2,0,1395
2026-05-17,demo,partner,mobile,4,4,0,0,1,0,0,5394
2026-05-17,demo,email,desktop,18,4,6,3,3,3,0,1231
2026-05-17,demo,email,mobile,15,6,4,3,6,3,1,4580
2026-05-17,features,paid_search,desktop,99,33,33,12,0,0,0,1296
2026-05-17,features,paid_search,mobile,49,19,14,4,0,0,0,1955
2026-05-17,features,paid_social,desktop,37,16,9,4,0,0,0,1186
2026-05-17,features,paid_social,mobile,50,17,14,5,0,0,1,2254
2026-05-17,features,organic,desktop,128,38,36,13,0,0,0,1232
2026-05-17,features,organic,mobile,65,22,17,7,0,0,0,1976
2026-05-17,features,webinar,desktop,23,6,8,3,0,0,0,1241
2026-05-17,features,webinar,mobile,16,9,2,1,0,0,0,2070
2026-05-17,features,partner,desktop,15,6,4,2,0,0,0,1349
2026-05-17,features,partner,mobile,4,3,0,1,0,0,0,1913
2026-05-17,features,email,desktop,28,9,9,6,0,0,0,1279
2026-05-17,features,email,mobile,23,5,6,1,0,0,0,2002
2026-05-17,compare,paid_search,desktop,43,19,11,8,0,0,1,1174
2026-05-17,compare,paid_search,mobile,29,11,10,1,0,0,0,2020
2026-05-17,compare,paid_social,desktop,21,11,4,2,0,0,0,1387
2026-05-17,compare,paid_social,mobile,32,13,10,6,0,0,0,2150
2026-05-17,compare,organic,desktop,68,28,17,12,0,0,0,1370
2026-05-17,compare,organic,mobile,31,13,10,5,0,0,0,1729
2026-05-17,compare,webinar,desktop,15,5,6,0,0,0,0,1232
2026-05-17,compare,webinar,mobile,7,3,0,0,0,0,0,2174
2026-05-17,compare,partner,desktop,9,3,2,0,0,0,0,1261
2026-05-17,compare,partner,mobile,5,2,3,0,0,0,0,2106
2026-05-17,compare,email,desktop,8,4,1,1,0,0,0,1305
2026-05-17,compare,email,mobile,17,8,2,4,0,0,0,1856
2026-05-18,home,paid_search,desktop,302,109,84,34,0,0,2,1256
2026-05-18,home,paid_search,mobile,189,65,52,19,0,0,1,1951
2026-05-18,home,paid_social,desktop,190,61,70,28,0,0,0,1329
2026-05-18,home,paid_social,mobile,279,122,66,32,0,0,1,2036
2026-05-18,home,organic,desktop,591,236,144,71,0,0,2,1176
2026-05-18,home,organic,mobile,330,135,83,31,0,0,1,2083
2026-05-18,home,webinar,desktop,145,72,37,12,0,0,0,1446
2026-05-18,home,webinar,mobile,79,29,14,9,0,0,2,1824
2026-05-18,home,partner,desktop,77,33,13,7,0,0,1,1399
2026-05-18,home,partner,mobile,31,10,11,3,0,0,1,1987
2026-05-18,home,email,desktop,108,42,26,15,0,0,1,1297
2026-05-18,home,email,mobile,89,41,23,10,0,0,0,1834
2026-05-18,pricing,paid_search,desktop,394,210,75,25,0,0,2,1325
2026-05-18,pricing,paid_search,mobile,230,126,43,18,0,0,1,2151
2026-05-18,pricing,paid_social,desktop,113,52,28,19,0,0,0,1478
2026-05-18,pricing,paid_social,mobile,135,56,43,11,0,0,0,2171
2026-05-18,pricing,organic,desktop,360,149,99,55,0,0,0,1114
2026-05-18,pricing,organic,mobile,172,80,35,9,0,0,0,2118
2026-05-18,pricing,webinar,desktop,62,22,19,10,0,0,0,1325
2026-05-18,pricing,webinar,mobile,46,18,10,8,0,0,0,1872
2026-05-18,pricing,partner,desktop,34,18,5,4,0,0,0,1081
2026-05-18,pricing,partner,mobile,17,4,4,2,0,0,0,1798
2026-05-18,pricing,email,desktop,50,16,15,9,0,0,0,1324
2026-05-18,pricing,email,mobile,64,25,15,3,0,0,0,2056
2026-05-18,demo,paid_search,desktop,277,74,89,37,76,46,2,1504
2026-05-18,demo,paid_search,mobile,138,55,41,16,44,6,5,5293
2026-05-18,demo,paid_social,desktop,89,31,24,9,21,7,1,1480
2026-05-18,demo,paid_social,mobile,99,33,27,9,40,13,1,5097
2026-05-18,demo,organic,desktop,206,54,71,25,62,40,0,1526
2026-05-18,demo,organic,mobile,131,51,37,15,43,9,9,4943
2026-05-18,demo,webinar,desktop,55,18,18,5,11,9,0,1448
2026-05-18,demo,webinar,mobile,30,4,11,4,9,3,0,4042
2026-05-18,demo,partner,desktop,24,10,7,1,5,3,0,1334
2026-05-18,demo,partner,mobile,15,4,4,3,6,1,0,4383
2026-05-18,demo,email,desktop,63,20,19,5,17,10,0,1535
2026-05-18,demo,email,mobile,53,25,13,9,14,5,1,4420
2026-05-18,features,paid_search,desktop,190,80,48,22,0,0,0,1194
2026-05-18,features,paid_search,mobile,96,31,28,13,0,0,0,2039
2026-05-18,features,paid_social,desktop,123,51,28,16,0,0,0,1451
2026-05-18,features,paid_social,mobile,157,50,49,18,0,0,0,2383
2026-05-18,features,organic,desktop,345,115,103,51,0,0,0,1284
2026-05-18,features,organic,mobile,174,70,53,16,0,0,1,2165
2026-05-18,features,webinar,desktop,70,20,21,14,0,0,0,1292
2026-05-18,features,webinar,mobile,47,9,18,5,0,0,0,2193
2026-05-18,features,partner,desktop,34,11,11,4,0,0,0,1097
2026-05-18,features,partner,mobile,8,4,3,0,0,0,0,2294
2026-05-18,features,email,desktop,62,15,24,5,0,0,0,1297
2026-05-18,features,email,mobile,36,11,13,2,0,0,0,2008
2026-05-18,compare,paid_search,desktop,120,57,32,8,0,0,0,1237
2026-05-18,compare,paid_search,mobile,72,33,11,7,0,0,1,2162
2026-05-18,compare,paid_social,desktop,55,20,22,9,0,0,1,1447
2026-05-18,compare,paid_social,mobile,68,31,22,9,0,0,0,2324
2026-05-18,compare,organic,desktop,182,77,44,14,0,0,1,1226
2026-05-18,compare,organic,mobile,85,43,18,12,0,0,0,2216
2026-05-18,compare,webinar,desktop,32,11,11,4,0,0,0,1216
2026-05-18,compare,webinar,mobile,17,6,4,1,0,0,0,1983
2026-05-18,compare,partner,desktop,17,5,8,2,0,0,0,1287
2026-05-18,compare,partner,mobile,14,4,6,0,0,0,0,2172
2026-05-18,compare,email,desktop,25,8,9,3,0,0,0,1352
2026-05-18,compare,email,mobile,18,10,1,1,0,0,0,2134
2026-05-19,home,paid_search,desktop,354,142,90,37,0,0,2,1150
2026-05-19,home,paid_search,mobile,160,61,32,15,0,0,0,2197
2026-05-19,home,paid_social,desktop,167,82,37,20,0,0,0,1520
2026-05-19,home,paid_social,mobile,348,157,70,27,0,0,1,2201
2026-05-19,home,organic,desktop,620,247,162,82,0,0,1,1422
2026-05-19,home,organic,mobile,298,117,83,34,0,0,2,2211
2026-05-19,home,webinar,desktop,143,50,35,11,0,0,1,1389
2026-05-19,home,webinar,mobile,69,30,18,9,0,0,0,1866
2026-05-19,home,partner,desktop,87,32,20,8,0,0,1,1215
2026-05-19,home,partner,mobile,32,17,5,5,0,0,0,2301
2026-05-19,home,email,desktop,128,50,33,21,0,0,2,1390
2026-05-19,home,email,mobile,102,48,22,9,0,0,2,2050
2026-05-19,pricing,paid_search,desktop,398,252,76,30,0,0,4,1321
2026-05-19,pricing,paid_search,mobile,219,128,38,25,0,0,0,2262
2026-05-19,pricing,paid_social,desktop,127,52,34,19,0,0,0,1334
2026-05-19,pricing,paid_social,mobile,151,55,38,15,0,0,1,2268
2026-05-19,pricing,organic,desktop,330,126,83,36,0,0,1,1266
2026-05-19,pricing,organic,mobile,184,81,48,21,0,0,2,2286
2026-05-19,pricing,webinar,desktop,83,41,23,9,0,0,0,1334
2026-05-19,pricing,webinar,mobile,37,16,10,6,0,0,0,1942
2026-05-19,pricing,partner,desktop,36,15,10,7,0,0,0,1503
2026-05-19,pricing,partner,mobile,18,11,4,1,0,0,0,2448
2026-05-19,pricing,email,desktop,71,31,21,14,0,0,0,1246
2026-05-19,pricing,email,mobile,45,16,14,7,0,0,1,2038
2026-05-19,demo,paid_search,desktop,251,82,67,22,74,39,1,1481
2026-05-19,demo,paid_search,mobile,130,44,29,12,47,11,4,4750
2026-05-19,demo,paid_social,desktop,59,18,14,7,25,21,1,1398
2026-05-19,demo,paid_social,mobile,114,45,29,19,36,8,2,5331
2026-05-19,demo,organic,desktop,298,77,104,34,91,60,0,1265
2026-05-19,demo,organic,mobile,123,46,38,16,40,7,4,4578
2026-05-19,demo,webinar,desktop,70,17,20,12,19,11,0,1401
2026-05-19,demo,webinar,mobile,21,6,3,2,6,0,0,4853
2026-05-19,demo,partner,desktop,19,6,7,3,5,2,0,1561
2026-05-19,demo,partner,mobile,13,6,3,1,5,0,1,5180
2026-05-19,demo,email,desktop,38,16,10,8,9,5,0,1326
2026-05-19,demo,email,mobile,49,20,5,1,17,4,3,4956
2026-05-19,features,paid_search,desktop,178,59,45,20,0,0,0,1238
2026-05-19,features,paid_search,mobile,111,29,38,12,0,0,2,2339
2026-05-19,features,paid_social,desktop,119,35,41,17,0,0,1,1262
2026-05-19,features,paid_social,mobile,119,55,32,10,0,0,1,1936
2026-05-19,features,organic,desktop,340,132,89,33,0,0,2,1415
2026-05-19,features,organic,mobile,190,71,57,18,0,0,0,1795
2026-05-19,features,webinar,desktop,72,31,19,10,0,0,1,1243
2026-05-19,features,webinar,mobile,40,14,13,5,0,0,0,1669
2026-05-19,features,partner,desktop,40,11,13,9,0,0,0,1356
2026-05-19,features,partner,mobile,25,8,9,6,0,0,1,1943
2026-05-19,features,email,desktop,61,20,17,3,0,0,0,1435
2026-05-19,features,email,mobile,59,21,14,4,0,0,0,2290
2026-05-19,compare,paid_search,desktop,137,60,36,13,0,0,1,1243
2026-05-19,compare,paid_search,mobile,78,37,12,10,0,0,1,2469
2026-05-19,compare,paid_social,desktop,43,15,18,6,0,0,0,1205
2026-05-19,compare,paid_social,mobile,70,23,24,6,0,0,0,1917
2026-05-19,compare,organic,desktop,166,67,41,20,0,0,0,1245
2026-05-19,compare,organic,mobile,74,32,21,9,0,0,0,2125
2026-05-19,compare,webinar,desktop,41,14,19,4,0,0,0,1375
2026-05-19,compare,webinar,mobile,22,10,5,3,0,0,0,2365
2026-05-19,compare,partner,desktop,16,7,4,1,0,0,0,1315
2026-05-19,compare,partner,mobile,6,5,1,1,0,0,0,2044
2026-05-19,compare,email,desktop,29,14,6,5,0,0,0,1294
2026-05-19,compare,email,mobile,24,12,7,3,0,0,0,2223
2026-05-20,home,paid_search,desktop,383,168,89,45,0,0,1,1199
2026-05-20,home,paid_search,mobile,179,75,43,27,0,0,1,1988
2026-05-20,home,paid_social,desktop,175,69,47,18,0,0,1,1496
2026-05-20,home,paid_social,mobile,190,76,48,15,0,0,3,1964
2026-05-20,home,organic,desktop,481,176,146,56,0,0,1,1173
2026-05-20,home,organic,mobile,273,128,65,27,0,0,1,2382
2026-05-20,home,webinar,desktop,121,43,40,12,0,0,2,1343
2026-05-20,home,webinar,mobile,68,27,25,6,0,0,1,2310
2026-05-20,home,partner,desktop,88,36,25,9,0,0,0,1139
2026-05-20,home,partner,mobile,38,19,7,7,0,0,0,2349
2026-05-20,home,email,desktop,108,36,36,12,0,0,2,934
2026-05-20,home,email,mobile,78,26,23,7,0,0,0,2094
2026-05-20,pricing,paid_search,desktop,400,207,91,32,0,0,0,1479
2026-05-20,pricing,paid_search,mobile,186,94,38,17,0,0,1,2326
2026-05-20,pricing,paid_social,desktop,94,39,24,9,0,0,0,1391
2026-05-20,pricing,paid_social,mobile,136,68,25,15,0,0,2,2375
2026-05-20,pricing,organic,desktop,289,133,64,32,0,0,2,1289
2026-05-20,pricing,organic,mobile,160,76,41,17,0,0,0,1901
2026-05-20,pricing,webinar,desktop,80,30,20,10,0,0,0,1252
2026-05-20,pricing,webinar,mobile,36,15,9,5,0,0,1,1882
2026-05-20,pricing,partner,desktop,22,10,3,4,0,0,0,1276
2026-05-20,pricing,partner,mobile,24,8,6,3,0,0,0,1857
2026-05-20,pricing,email,desktop,85,38,27,5,0,0,0,1393
2026-05-20,pricing,email,mobile,39,16,10,3,0,0,0,1789
2026-05-20,demo,paid_search,desktop,332,91,109,49,109,77,1,1355
2026-05-20,demo,paid_search,mobile,139,56,39,21,48,6,9,4539
2026-05-20,demo,paid_social,desktop,80,25,27,9,16,12,0,1360
2026-05-20,demo,paid_social,mobile,115,47,32,16,37,9,3,4707
2026-05-20,demo,organic,desktop,260,71,86,35,88,52,1,1575
2026-05-20,demo,organic,mobile,111,47,27,10,37,13,2,4633
2026-05-20,demo,webinar,desktop,67,18,20,4,23,14,0,1272
2026-05-20,demo,webinar,mobile,36,11,9,4,21,6,1,4969
2026-05-20,demo,partner,desktop,29,9,10,4,7,5,0,1388
2026-05-20,demo,partner,mobile,11,3,4,1,2,0,1,4744
2026-05-20,demo,email,desktop,32,12,9,4,15,8,0,1362
2026-05-20,demo,email,mobile,42,18,11,2,17,4,3,4659
2026-05-20,features,paid_search,desktop,224,72,74,27,0,0,0,1312
2026-05-20,features,paid_search,mobile,94,43,23,11,0,0,0,1968
2026-05-20,features,paid_social,desktop,106,39,35,14,0,0,1,1377
2026-05-20,features,paid_social,mobile,183,62,53,21,0,0,1,2499
2026-05-20,features,organic,desktop,326,114,87,39,0,0,3,1233
2026-05-20,features,organic,mobile,215,70,53,28,0,0,1,2079
2026-05-20,features,webinar,desktop,79,23,33,17,0,0,1,1353
2026-05-20,features,webinar,mobile,43,19,14,1,0,0,0,2240
2026-05-20,features,partner,desktop,30,12,9,1,0,0,0,1357
2026-05-20,features,partner,mobile,11,4,2,2,0,0,1,1939
2026-05-20,features,email,desktop,56,14,16,7,0,0,0,1125
2026-05-20,features,email,mobile,59,22,16,5,0,0,0,1851
2026-05-20,compare,paid_search,desktop,117,55,24,9,0,0,0,1378
2026-05-20,compare,paid_search,mobile,65,37,12,3,0,0,0,2030
2026-05-20,compare,paid_social,desktop,46,23,16,7,0,0,0,1227
2026-05-20,compare,paid_social,mobile,71,44,19,7,0,0,0,2034
2026-05-20,compare,organic,desktop,166,71,37,20,0,0,1,1359
2026-05-20,compare,organic,mobile,73,37,16,7,0,0,0,2370
2026-05-20,compare,webinar,desktop,34,14,7,3,0,0,0,1227
2026-05-20,compare,webinar,mobile,29,15,5,4,0,0,1,1922
2026-05-20,compare,partner,desktop,16,5,6,0,0,0,0,1336
2026-05-20,compare,partner,mobile,9,3,3,3,0,0,0,2152
2026-05-20,compare,email,desktop,38,16,9,4,0,0,0,1245
2026-05-20,compare,email,mobile,27,8,9,5,0,0,0,2217
2026-05-21,home,paid_search,desktop,334,134,96,31,0,0,2,1336
2026-05-21,home,paid_search,mobile,143,65,33,14,0,0,0,1933
2026-05-21,home,paid_social,desktop,201,78,53,20,0,0,0,1276
2026-05-21,home,paid_social,mobile,284,118,74,35,0,0,1,2283
2026-05-21,home,organic,desktop,685,314,161,87,0,0,1,1399
2026-05-21,home,organic,mobile,299,133,79,26,0,0,2,2134
2026-05-21,home,webinar,desktop,142,54,42,19,0,0,1,1563
2026-05-21,home,webinar,mobile,62,25,17,5,0,0,0,2158
2026-05-21,home,partner,desktop,63,28,17,9,0,0,2,1334
2026-05-21,home,partner,mobile,32,16,9,4,0,0,0,2050
2026-05-21,home,email,desktop,126,52,30,20,0,0,0,1281
2026-05-21,home,email,mobile,76,27,21,10,0,0,0,2185
2026-05-21,pricing,paid_search,desktop,424,239,88,28,0,0,1,1237
2026-05-21,pricing,paid_search,mobile,198,106,42,18,0,0,0,2221
2026-05-21,pricing,paid_social,desktop,112,51,36,20,0,0,0,1376
2026-05-21,pricing,paid_social,mobile,175,81,43,23,0,0,1,1863
2026-05-21,pricing,organic,desktop,341,164,86,39,0,0,0,1144
2026-05-21,pricing,organic,mobile,173,81,42,16,0,0,0,2052
2026-05-21,pricing,webinar,desktop,69,24,12,7,0,0,0,1484
2026-05-21,pricing,webinar,mobile,40,13,12,3,0,0,0,2412
2026-05-21,pricing,partner,desktop,43,12,16,2,0,0,1,910
2026-05-21,pricing,partner,mobile,21,13,5,0,0,0,1,2141
2026-05-21,pricing,email,desktop,55,18,16,6,0,0,0,1303
2026-05-21,pricing,email,mobile,48,25,10,3,0,0,0,1941
2026-05-21,demo,paid_search,desktop,249,77,91,41,74,50,3,1382
2026-05-21,demo,paid_search,mobile,125,46,36,13,45,7,2,4539
2026-05-21,demo,paid_social,desktop,92,31,24,14,23,11,0,1375
2026-05-21,demo,paid_social,mobile,110,46,27,12,48,11,4,4733
2026-05-21,demo,organic,desktop,298,84,94,49,82,48,0,1276
2026-05-21,demo,organic,mobile,142,47,46,14,47,13,2,4710
2026-05-21,demo,webinar,desktop,55,19,19,9,22,12,0,1370
2026-05-21,demo,webinar,mobile,35,18,5,2,10,2,1,5064
2026-05-21,demo,partner,desktop,22,7,8,6,6,2,0,1419
2026-05-21,demo,partner,mobile,30,9,10,4,10,1,0,5102
2026-05-21,demo,email,desktop,65,14,23,7,23,10,0,1453
2026-05-21,demo,email,mobile,43,16,16,3,16,4,0,5334
2026-05-21,features,paid_search,desktop,225,81,57,30,0,0,0,1268
2026-05-21,features,paid_search,mobile,94,31,30,10,0,0,1,2255
2026-05-21,features,paid_social,desktop,109,40,37,14,0,0,0,1308
2026-05-21,features,paid_social,mobile,144,56,46,11,0,0,0,2356
2026-05-21,features,organic,desktop,326,110,104,38,0,0,2,1338
2026-05-21,features,organic,mobile,174,64,47,18,0,0,0,1939
2026-05-21,features,webinar,desktop,85,35,26,8,0,0,0,1294
2026-05-21,features,webinar,mobile,50,24,10,4,0,0,0,2067
2026-05-21,features,partner,desktop,43,11,13,7,0,0,0,1215
2026-05-21,features,partner,mobile,13,4,3,0,0,0,0,2021
2026-05-21,features,email,desktop,61,19,20,7,0,0,0,1083
2026-05-21,features,email,mobile,46,18,16,4,0,0,0,2001
2026-05-21,compare,paid_search,desktop,151,74,35,16,0,0,0,1371
2026-05-21,compare,paid_search,mobile,73,44,10,8,0,0,1,2194
2026-05-21,compare,paid_social,desktop,55,26,16,11,0,0,0,1247
2026-05-21,compare,paid_social,mobile,84,42,18,11,0,0,0,2161
2026-05-21,compare,organic,desktop,195,91,44,25,0,0,1,1432
2026-05-21,compare,organic,mobile,92,43,20,16,0,0,0,1976
2026-05-21,compare,webinar,desktop,26,11,5,2,0,0,0,1148
2026-05-21,compare,webinar,mobile,23,12,5,3,0,0,0,2103
2026-05-21,compare,partner,desktop,27,16,3,2,0,0,0,1439
2026-05-21,compare,partner,mobile,13,6,3,0,0,0,0,2314
2026-05-21,compare,email,desktop,21,12,6,3,0,0,0,1280
2026-05-21,compare,email,mobile,37,21,2,5,0,0,0,2225
2026-05-22,home,paid_search,desktop,357,119,108,56,0,0,1,1298
2026-05-22,home,paid_search,mobile,165,66,39,17,0,0,0,2433
2026-05-22,home,paid_social,desktop,171,69,42,16,0,0,2,1357
2026-05-22,home,paid_social,mobile,288,103,83,36,0,0,1,1840
2026-05-22,home,organic,desktop,617,235,162,80,0,0,5,1259
2026-05-22,home,organic,mobile,294,129,76,25,0,0,0,2113
2026-05-22,home,webinar,desktop,123,43,30,18,0,0,0,1199
2026-05-22,home,webinar,mobile,70,30,18,12,0,0,0,2141
2026-05-22,home,partner,desktop,72,25,20,5,0,0,1,1247
2026-05-22,home,partner,mobile,50,27,9,3,0,0,0,2210
2026-05-22,home,email,desktop,95,43,24,14,0,0,0,1195
2026-05-22,home,email,mobile,90,31,29,12,0,0,0,2056
2026-05-22,pricing,paid_search,desktop,378,191,92,33,0,0,1,1426
2026-05-22,pricing,paid_search,mobile,220,129,42,14,0,0,0,2116
2026-05-22,pricing,paid_social,desktop,112,41,30,19,0,0,0,1324
2026-05-22,pricing,paid_social,mobile,116,50,33,10,0,0,0,1941
2026-05-22,pricing,organic,desktop,356,152,92,45,0,0,1,1268
2026-05-22,pricing,organic,mobile,170,67,48,21,0,0,1,2010
2026-05-22,pricing,webinar,desktop,106,44,29,13,0,0,0,1286
2026-05-22,pricing,webinar,mobile,47,20,10,6,0,0,0,2494
2026-05-22,pricing,partner,desktop,42,12,13,6,0,0,0,1373
2026-05-22,pricing,partner,mobile,25,8,8,4,0,0,0,2149
2026-05-22,pricing,email,desktop,71,21,20,12,0,0,1,1257
2026-05-22,pricing,email,mobile,45,15,11,5,0,0,0,2010
2026-05-22,demo,paid_search,desktop,239,70,59,25,68,44,1,1414
2026-05-22,demo,paid_search,mobile,151,58,45,16,62,9,2,5024
2026-05-22,demo,paid_social,desktop,69,21,16,6,14,11,1,1413
2026-05-22,demo,paid_social,mobile,95,37,26,15,32,5,4,4546
2026-05-22,demo,organic,desktop,238,58,74,28,79,53,1,1417
2026-05-22,demo,organic,mobile,141,47,36,19,52,11,3,5080
2026-05-22,demo,webinar,desktop,48,15,17,9,16,7,0,1538
2026-05-22,demo,webinar,mobile,33,10,10,3,8,3,1,5224
2026-05-22,demo,partner,desktop,28,6,10,1,5,0,0,1355
2026-05-22,demo,partner,mobile,16,5,5,3,6,2,0,3786
2026-05-22,demo,email,desktop,60,18,21,8,19,12,0,1265
2026-05-22,demo,email,mobile,29,16,4,4,11,2,1,4326
2026-05-22,features,paid_search,desktop,210,57,70,24,0,0,1,1319
2026-05-22,features,paid_search,mobile,115,44,32,5,0,0,1,1927
2026-05-22,features,paid_social,desktop,88,37,24,13,0,0,0,1226
2026-05-22,features,paid_social,mobile,149,64,33,22,0,0,0,2037
2026-05-22,features,organic,desktop,357,115,107,47,0,0,2,1629
2026-05-22,features,organic,mobile,165,66,50,16,0,0,1,2362
2026-05-22,features,webinar,desktop,74,15,23,10,0,0,1,1261
2026-05-22,features,webinar,mobile,36,13,6,5,0,0,0,2409
2026-05-22,features,partner,desktop,34,10,13,4,0,0,0,1313
2026-05-22,features,partner,mobile,25,10,8,2,0,0,0,1976
2026-05-22,features,email,desktop,58,18,17,7,0,0,0,1346
2026-05-22,features,email,mobile,63,20,22,5,0,0,0,1940
2026-05-22,compare,paid_search,desktop,145,71,36,25,0,0,2,1096
2026-05-22,compare,paid_search,mobile,91,43,26,8,0,0,1,1751
2026-05-22,compare,paid_social,desktop,54,22,12,12,0,0,1,1417
2026-05-22,compare,paid_social,mobile,100,54,24,7,0,0,0,2074
2026-05-22,compare,organic,desktop,222,98,52,27,0,0,0,1186
2026-05-22,compare,organic,mobile,81,44,14,12,0,0,0,2161
2026-05-22,compare,webinar,desktop,48,18,12,3,0,0,1,1145
2026-05-22,compare,webinar,mobile,15,6,4,2,0,0,0,1916
2026-05-22,compare,partner,desktop,17,9,2,1,0,0,0,1346
2026-05-22,compare,partner,mobile,7,5,0,0,0,0,0,2416
2026-05-22,compare,email,desktop,30,18,4,2,0,0,0,1160
2026-05-22,compare,email,mobile,24,15,4,2,0,0,0,1913
2026-05-23,home,paid_search,desktop,135,52,31,14,0,0,1,1280
2026-05-23,home,paid_search,mobile,81,37,18,13,0,0,0,2206
2026-05-23,home,paid_social,desktop,71,33,14,14,0,0,2,1333
2026-05-23,home,paid_social,mobile,89,40,23,8,0,0,0,2022
2026-05-23,home,organic,desktop,189,67,43,26,0,0,0,1284
2026-05-23,home,organic,mobile,110,48,27,15,0,0,0,2136
2026-05-23,home,webinar,desktop,40,20,9,4,0,0,0,1481
2026-05-23,home,webinar,mobile,37,22,5,3,0,0,0,2248
2026-05-23,home,partner,desktop,27,13,5,4,0,0,0,1213
2026-05-23,home,partner,mobile,16,8,3,1,0,0,0,1844
2026-05-23,home,email,desktop,36,13,16,0,0,0,0,1367
2026-05-23,home,email,mobile,33,14,8,3,0,0,1,1886
2026-05-23,pricing,paid_search,desktop,161,87,32,15,0,0,0,1343
2026-05-23,pricing,paid_search,mobile,87,52,20,5,0,0,0,2224
2026-05-23,pricing,paid_social,desktop,54,20,18,5,0,0,0,1407
2026-05-23,pricing,paid_social,mobile,54,21,16,4,0,0,0,1915
2026-05-23,pricing,organic,desktop,144,49,44,14,0,0,2,1384
2026-05-23,pricing,organic,mobile,60,19,20,8,0,0,0,2283
2026-05-23,pricing,webinar,desktop,31,14,6,5,0,0,0,1274
2026-05-23,pricing,webinar,mobile,10,6,1,2,0,0,0,1948
2026-05-23,pricing,partner,desktop,12,3,3,1,0,0,0,1298
2026-05-23,pricing,partner,mobile,7,5,2,1,0,0,0,2115
2026-05-23,pricing,email,desktop,23,11,6,3,0,0,0,1398
2026-05-23,pricing,email,mobile,29,18,5,2,0,0,0,2111
2026-05-23,demo,paid_search,desktop,88,23,29,16,24,10,0,1434
2026-05-23,demo,paid_search,mobile,67,28,19,4,24,5,0,5060
2026-05-23,demo,paid_social,desktop,19,6,8,3,6,4,0,1380
2026-05-23,demo,paid_social,mobile,34,17,6,4,10,3,3,4843
2026-05-23,demo,organic,desktop,93,22,36,16,20,10,0,1301
2026-05-23,demo,organic,mobile,68,14,27,3,24,5,2,4803
2026-05-23,demo,webinar,desktop,16,5,6,2,6,4,0,1376
2026-05-23,demo,webinar,mobile,13,6,4,1,3,2,2,4751
2026-05-23,demo,partner,desktop,12,3,3,0,3,2,0,1275
2026-05-23,demo,partner,mobile,10,4,6,1,3,2,0,4786
2026-05-23,demo,email,desktop,20,7,5,2,8,4,0,1323
2026-05-23,demo,email,mobile,15,7,5,2,9,1,1,4762
2026-05-23,features,paid_search,desktop,66,22,17,9,0,0,1,1309
2026-05-23,features,paid_search,mobile,51,17,14,7,0,0,0,2393
2026-05-23,features,paid_social,desktop,41,16,6,6,0,0,0,1239
2026-05-23,features,paid_social,mobile,55,19,12,6,0,0,0,1972
2026-05-23,features,organic,desktop,138,51,33,18,0,0,3,1280
2026-05-23,features,organic,mobile,63,26,15,7,0,0,0,1940
2026-05-23,features,webinar,desktop,26,7,9,3,0,0,0,1079
2026-05-23,features,webinar,mobile,15,5,6,3,0,0,0,2044
2026-05-23,features,partner,desktop,16,4,3,0,0,0,0,1287
2026-05-23,features,partner,mobile,2,1,0,1,0,0,0,2123
2026-05-23,features,email,desktop,27,10,11,5,0,0,0,1273
2026-05-23,features,email,mobile,14,5,2,2,0,0,0,1973
2026-05-23,compare,paid_search,desktop,46,16,13,8,0,0,0,1332
2026-05-23,compare,paid_search,mobile,30,18,8,1,0,0,0,2023
2026-05-23,compare,paid_social,desktop,17,3,4,2,0,0,0,1242
2026-05-23,compare,paid_social,mobile,37,20,9,3,0,0,0,2201
2026-05-23,compare,organic,desktop,61,29,16,8,0,0,1,1287
2026-05-23,compare,organic,mobile,44,26,7,4,0,0,1,2320
2026-05-23,compare,webinar,desktop,17,10,2,3,0,0,0,1191
2026-05-23,compare,webinar,mobile,8,2,4,1,0,0,0,2396
2026-05-23,compare,partner,desktop,9,6,1,0,0,0,0,1349
2026-05-23,compare,partner,mobile,6,2,3,1,0,0,0,1922
2026-05-23,compare,email,desktop,13,6,5,1,0,0,0,1275
2026-05-23,compare,email,mobile,7,2,0,1,0,0,0,2001
2026-05-24,home,paid_search,desktop,117,48,31,15,0,0,2,1358
2026-05-24,home,paid_search,mobile,69,36,15,12,0,0,1,2000
2026-05-24,home,paid_social,desktop,78,26,24,11,0,0,0,1211
2026-05-24,home,paid_social,mobile,89,42,21,7,0,0,0,2180
2026-05-24,home,organic,desktop,221,103,63,23,0,0,0,1280
2026-05-24,home,organic,mobile,113,51,28,17,0,0,1,1731
2026-05-24,home,webinar,desktop,40,16,10,3,0,0,0,1419
2026-05-24,home,webinar,mobile,30,12,4,3,0,0,0,2071
2026-05-24,home,partner,desktop,21,5,8,3,0,0,0,1283
2026-05-24,home,partner,mobile,19,11,2,0,0,0,0,2265
2026-05-24,home,email,desktop,30,14,5,2,0,0,0,1357
2026-05-24,home,email,mobile,29,15,4,4,0,0,0,2471
2026-05-24,pricing,paid_search,desktop,170,96,39,15,0,0,2,1231
2026-05-24,pricing,paid_search,mobile,83,35,21,2,0,0,1,2233
2026-05-24,pricing,paid_social,desktop,35,10,12,5,0,0,0,1232
2026-05-24,pricing,paid_social,mobile,57,20,21,3,0,0,0,2167
2026-05-24,pricing,organic,desktop,132,42,43,18,0,0,1,1413
2026-05-24,pricing,organic,mobile,69,29,16,5,0,0,0,2016
2026-05-24,pricing,webinar,desktop,22,11,7,3,0,0,0,1553
2026-05-24,pricing,webinar,mobile,13,7,3,2,0,0,0,2202
2026-05-24,pricing,partner,desktop,14,7,3,1,0,0,0,1265
2026-05-24,pricing,partner,mobile,10,4,4,1,0,0,0,1628
2026-05-24,pricing,email,desktop,19,8,8,2,0,0,0,1307
2026-05-24,pricing,email,mobile,15,4,6,3,0,0,0,2353
2026-05-24,demo,paid_search,desktop,90,30,31,12,27,19,1,1442
2026-05-24,demo,paid_search,mobile,50,17,14,4,17,2,2,5061
2026-05-24,demo,paid_social,desktop,29,8,12,3,9,4,0,1385
2026-05-24,demo,paid_social,mobile,45,19,13,5,23,6,1,4773
2026-05-24,demo,organic,desktop,62,10,28,7,21,14,0,1396
2026-05-24,demo,organic,mobile,55,23,17,11,15,3,2,4644
2026-05-24,demo,webinar,desktop,17,5,5,2,5,4,0,1392
2026-05-24,demo,webinar,mobile,18,7,7,1,5,3,0,4766
2026-05-24,demo,partner,desktop,10,3,3,3,2,2,0,1460
2026-05-24,demo,partner,mobile,9,3,4,4,4,0,0,4766
2026-05-24,demo,email,desktop,22,7,8,2,8,5,0,1514
2026-05-24,demo,email,mobile,11,3,6,2,4,0,0,5624
2026-05-24,features,paid_search,desktop,81,34,23,3,0,0,0,1258
2026-05-24,features,paid_search,mobile,39,18,11,8,0,0,1,2389
2026-05-24,features,paid_social,desktop,41,19,16,8,0,0,0,1369
2026-05-24,features,paid_social,mobile,56,24,18,5,0,0,1,2012
2026-05-24,features,organic,desktop,111,35,35,7,0,0,0,1450
2026-05-24,features,organic,mobile,86,32,32,7,0,0,1,2208
2026-05-24,features,webinar,desktop,35,12,8,7,0,0,0,1379
2026-05-24,features,webinar,mobile,20,8,8,2,0,0,0,1713
2026-05-24,features,partner,desktop,18,7,6,2,0,0,0,1369
2026-05-24,features,partner,mobile,11,5,2,2,0,0,0,2091
2026-05-24,features,email,desktop,24,8,10,3,0,0,0,1344
2026-05-24,features,email,mobile,23,5,8,4,0,0,0,2205
2026-05-24,compare,paid_search,desktop,56,25,14,9,0,0,0,1345
2026-05-24,compare,paid_search,mobile,30,14,7,2,0,0,0,2182
2026-05-24,compare,paid_social,desktop,15,7,2,2,0,0,0,1383
2026-05-24,compare,paid_social,mobile,23,7,8,2,0,0,0,2056
2026-05-24,compare,organic,desktop,65,34,14,9,0,0,1,1483
2026-05-24,compare,organic,mobile,32,18,10,3,0,0,0,2205
2026-05-24,compare,webinar,desktop,13,3,6,1,0,0,0,1224
2026-05-24,compare,webinar,mobile,7,5,1,2,0,0,0,2160
2026-05-24,compare,partner,desktop,7,4,2,2,0,0,1,1193
2026-05-24,compare,partner,mobile,6,4,2,2,0,0,0,2236
2026-05-24,compare,email,desktop,12,8,2,0,0,0,0,1195
2026-05-24,compare,email,mobile,12,7,4,1,0,0,1,2073
2026-05-25,home,paid_search,desktop,365,148,108,52,0,0,2,1270
2026-05-25,home,paid_search,mobile,154,66,36,16,0,0,1,2239
2026-05-25,home,paid_social,desktop,169,66,47,19,0,0,0,1220
2026-05-25,home,paid_social,mobile,257,122,65,30,0,0,1,2173
2026-05-25,home,organic,desktop,573,244,146,66,0,0,1,1160
2026-05-25,home,organic,mobile,282,128,77,27,0,0,1,2279
2026-05-25,home,webinar,desktop,141,57,41,12,0,0,0,1297
2026-05-25,home,webinar,mobile,86,37,25,9,0,0,0,2034
2026-05-25,home,partner,desktop,62,23,17,5,0,0,0,1322
2026-05-25,home,partner,mobile,37,18,10,2,0,0,0,2149
2026-05-25,home,email,desktop,103,36,29,9,0,0,0,1249
2026-05-25,home,email,mobile,91,36,22,11,0,0,0,2370
2026-05-25,pricing,paid_search,desktop,379,202,80,35,0,0,1,1411
2026-05-25,pricing,paid_search,mobile,194,112,39,14,0,0,1,1828
2026-05-25,pricing,paid_social,desktop,91,23,28,13,0,0,0,1309
2026-05-25,pricing,paid_social,mobile,151,60,47,12,0,0,0,2059
2026-05-25,pricing,organic,desktop,324,132,98,32,0,0,1,1017
2026-05-25,pricing,organic,mobile,159,75,36,12,0,0,0,2126
2026-05-25,pricing,webinar,desktop,67,23,21,7,0,0,0,1220
2026-05-25,pricing,webinar,mobile,40,16,11,4,0,0,0,2078
2026-05-25,pricing,partner,desktop,29,14,9,0,0,0,0,1339
2026-05-25,pricing,partner,mobile,22,8,7,6,0,0,0,2225
2026-05-25,pricing,email,desktop,59,28,15,8,0,0,0,1333
2026-05-25,pricing,email,mobile,54,21,15,4,0,0,0,1728
2026-05-25,demo,paid_search,desktop,292,82,89,38,94,67,0,1399
2026-05-25,demo,paid_search,mobile,162,59,42,21,73,18,3,4123
2026-05-25,demo,paid_social,desktop,69,21,19,8,18,12,0,1281
2026-05-25,demo,paid_social,mobile,116,40,29,13,52,12,5,5536
2026-05-25,demo,organic,desktop,265,81,83,38,72,48,0,1415
2026-05-25,demo,organic,mobile,103,44,28,9,38,12,5,4124
2026-05-25,demo,webinar,desktop,53,10,19,6,13,7,1,1381
2026-05-25,demo,webinar,mobile,27,7,2,2,9,3,0,5639
2026-05-25,demo,partner,desktop,20,9,6,1,1,1,0,1341
2026-05-25,demo,partner,mobile,18,8,4,4,7,1,0,4029
2026-05-25,demo,email,desktop,49,12,15,7,20,12,0,1391
2026-05-25,demo,email,mobile,35,12,12,6,12,2,1,5649
2026-05-25,features,paid_search,desktop,188,48,68,21,0,0,0,1253
2026-05-25,features,paid_search,mobile,118,41,40,15,0,0,1,2362
2026-05-25,features,paid_social,desktop,99,40,25,13,0,0,1,1298
2026-05-25,features,paid_social,mobile,142,50,44,14,0,0,1,2507
2026-05-25,features,organic,desktop,335,112,102,42,0,0,0,1283
2026-05-25,features,organic,mobile,195,68,62,12,0,0,1,2063
2026-05-25,features,webinar,desktop,66,29,12,5,0,0,0,1364
2026-05-25,features,webinar,mobile,35,15,8,4,0,0,0,1994
2026-05-25,features,partner,desktop,41,10,14,6,0,0,0,1259
2026-05-25,features,partner,mobile,21,9,4,0,0,0,0,2077
2026-05-25,features,email,desktop,63,25,21,7,0,0,0,1478
2026-05-25,features,email,mobile,60,18,21,8,0,0,0,1786
2026-05-25,compare,paid_search,desktop,164,76,40,19,0,0,2,1177
2026-05-25,compare,paid_search,mobile,89,44,15,6,0,0,1,2369
2026-05-25,compare,paid_social,desktop,59,25,18,8,0,0,0,1308
2026-05-25,compare,paid_social,mobile,73,37,14,12,0,0,1,1919
2026-05-25,compare,organic,desktop,151,65,37,23,0,0,3,1355
2026-05-25,compare,organic,mobile,97,41,24,14,0,0,2,2086
2026-05-25,compare,webinar,desktop,36,18,7,8,0,0,0,1239
2026-05-25,compare,webinar,mobile,20,15,4,3,0,0,0,1942
2026-05-25,compare,partner,desktop,17,8,4,1,0,0,0,1261
2026-05-25,compare,partner,mobile,8,6,1,2,0,0,0,1725
2026-05-25,compare,email,desktop,47,19,12,7,0,0,0,1242
2026-05-25,compare,email,mobile,26,13,6,4,0,0,0,2271
2026-05-26,home,paid_search,desktop,334,130,96,45,0,0,2,1367
2026-05-26,home,paid_search,mobile,181,78,45,15,0,0,0,2026
2026-05-26,home,paid_social,desktop,161,56,41,20,0,0,1,1156
2026-05-26,home,paid_social,mobile,308,147,78,32,0,0,0,2008
2026-05-26,home,organic,desktop,541,193,154,69,0,0,3,1055
2026-05-26,home,organic,mobile,288,136,69,34,0,0,1,2167
2026-05-26,home,webinar,desktop,103,34,36,15,0,0,0,1352
2026-05-26,home,webinar,mobile,72,32,22,10,0,0,0,2226
2026-05-26,home,partner,desktop,50,17,11,5,0,0,1,1405
2026-05-26,home,partner,mobile,41,20,9,4,0,0,0,2231
2026-05-26,home,email,desktop,117,46,34,17,0,0,0,1305
2026-05-26,home,email,mobile,120,52,34,17,0,0,1,2011
2026-05-26,pricing,paid_search,desktop,343,186,67,24,0,0,3,1240
2026-05-26,pricing,paid_search,mobile,247,144,44,23,0,0,0,2083
2026-05-26,pricing,paid_social,desktop,101,46,25,12,0,0,0,1375
2026-05-26,pricing,paid_social,mobile,152,62,41,16,0,0,1,1934
2026-05-26,pricing,organic,desktop,338,119,106,44,0,0,0,1323
2026-05-26,pricing,organic,mobile,172,78,44,22,0,0,1,1924
2026-05-26,pricing,webinar,desktop,84,39,23,11,0,0,1,1345
2026-05-26,pricing,webinar,mobile,63,32,11,6,0,0,0,1976
2026-05-26,pricing,partner,desktop,38,14,13,5,0,0,0,1494
2026-05-26,pricing,partner,mobile,19,9,3,2,0,0,0,2041
2026-05-26,pricing,email,desktop,71,29,19,8,0,0,1,1319
2026-05-26,pricing,email,mobile,60,22,14,11,0,0,0,1880
2026-05-26,demo,paid_search,desktop,249,86,72,30,73,47,2,1454
2026-05-26,demo,paid_search,mobile,124,31,41,16,49,12,3,5184
2026-05-26,demo,paid_social,desktop,78,22,22,10,23,9,0,1302
2026-05-26,demo,paid_social,mobile,102,43,27,12,38,6,2,4754
2026-05-26,demo,organic,desktop,208,63,62,26,79,52,1,1290
2026-05-26,demo,organic,mobile,142,47,44,14,62,6,4,4715
2026-05-26,demo,webinar,desktop,64,28,15,12,18,13,0,1500
2026-05-26,demo,webinar,mobile,34,13,9,3,18,2,1,5570
2026-05-26,demo,partner,desktop,34,12,7,5,5,4,0,1482
2026-05-26,demo,partner,mobile,12,4,5,1,6,1,1,4318
2026-05-26,demo,email,desktop,56,13,16,6,18,9,1,1388
2026-05-26,demo,email,mobile,31,6,15,2,8,3,0,5083
2026-05-26,features,paid_search,desktop,215,80,69,28,0,0,0,979
2026-05-26,features,paid_search,mobile,105,30,30,7,0,0,2,2152
2026-05-26,features,paid_social,desktop,124,56,30,19,0,0,0,1318
2026-05-26,features,paid_social,mobile,141,54,41,18,0,0,0,2458
2026-05-26,features,organic,desktop,340,124,101,46,0,0,1,1300
2026-05-26,features,organic,mobile,184,62,52,29,0,0,0,2349
2026-05-26,features,webinar,desktop,67,34,15,5,0,0,0,1274
2026-05-26,features,webinar,mobile,32,15,9,3,0,0,0,2212
2026-05-26,features,partner,desktop,37,9,14,4,0,0,0,1335
2026-05-26,features,partner,mobile,24,8,7,5,0,0,0,2386
2026-05-26,features,email,desktop,65,24,15,9,0,0,1,1446
2026-05-26,features,email,mobile,66,30,16,6,0,0,0,2024
2026-05-26,compare,paid_search,desktop,121,57,30,16,0,0,1,1140
2026-05-26,compare,paid_search,mobile,65,36,15,5,0,0,0,2247
2026-05-26,compare,paid_social,desktop,49,23,14,6,0,0,0,1479
2026-05-26,compare,paid_social,mobile,95,48,20,7,0,0,0,1843
2026-05-26,compare,organic,desktop,159,86,35,14,0,0,1,1483
2026-05-26,compare,organic,mobile,97,49,24,15,0,0,0,1960
2026-05-26,compare,webinar,desktop,40,22,9,6,0,0,0,1443
2026-05-26,compare,webinar,mobile,17,7,5,0,0,0,0,2094
2026-05-26,compare,partner,desktop,15,7,3,1,0,0,0,1433
2026-05-26,compare,partner,mobile,8,4,2,2,0,0,1,2172
2026-05-26,compare,email,desktop,27,9,6,2,0,0,0,1413
2026-05-26,compare,email,mobile,19,5,7,3,0,0,0,2044
2026-05-27,home,paid_search,desktop,344,136,98,40,0,0,1,1159
2026-05-27,home,paid_search,mobile,192,71,61,22,0,0,0,2284
2026-05-27,home,paid_social,desktop,175,50,60,20,0,0,1,1417
2026-05-27,home,paid_social,mobile,278,125,67,29,0,0,2,2035
2026-05-27,home,organic,desktop,509,191,144,47,0,0,5,1345
2026-05-27,home,organic,mobile,341,145,95,39,0,0,3,2007
2026-05-27,home,webinar,desktop,112,44,35,10,0,0,0,1154
2026-05-27,home,webinar,mobile,75,37,18,13,0,0,0,2163
2026-05-27,home,partner,desktop,80,25,24,12,0,0,1,1367
2026-05-27,home,partner,mobile,39,15,12,3,0,0,1,2037
2026-05-27,home,email,desktop,128,46,40,14,0,0,1,1436
2026-05-27,home,email,mobile,96,38,29,13,0,0,0,1966
2026-05-27,pricing,paid_search,desktop,405,215,81,34,0,0,1,1428
2026-05-27,pricing,paid_search,mobile,233,131,49,25,0,0,0,1913
2026-05-27,pricing,paid_social,desktop,107,47,25,12,0,0,0,1350
2026-05-27,pricing,paid_social,mobile,130,59,30,16,0,0,1,2119
2026-05-27,pricing,organic,desktop,351,147,90,35,0,0,3,1404
2026-05-27,pricing,organic,mobile,180,74,48,22,0,0,0,2170
2026-05-27,pricing,webinar,desktop,95,40,28,7,0,0,0,1346
2026-05-27,pricing,webinar,mobile,28,15,4,6,0,0,0,2097
2026-05-27,pricing,partner,desktop,34,11,7,9,0,0,0,1359
2026-05-27,pricing,partner,mobile,30,12,5,4,0,0,0,1891
2026-05-27,pricing,email,desktop,83,33,27,11,0,0,0,1055
2026-05-27,pricing,email,mobile,46,14,17,5,0,0,0,2434
2026-05-27,demo,paid_search,desktop,241,82,72,18,73,49,2,1213
2026-05-27,demo,paid_search,mobile,168,59,50,19,56,8,4,5492
2026-05-27,demo,paid_social,desktop,70,20,22,12,17,7,0,1320
2026-05-27,demo,paid_social,mobile,120,41,41,14,39,8,5,5378
2026-05-27,demo,organic,desktop,234,70,80,37,71,44,0,1559
2026-05-27,demo,organic,mobile,141,53,43,21,55,11,4,4756
2026-05-27,demo,webinar,desktop,53,14,18,5,21,9,0,1388
2026-05-27,demo,webinar,mobile,31,15,3,4,15,6,1,4541
2026-05-27,demo,partner,desktop,32,11,9,5,10,4,0,1405
2026-05-27,demo,partner,mobile,14,4,2,6,7,2,0,4931
2026-05-27,demo,email,desktop,49,19,17,5,21,12,0,1641
2026-05-27,demo,email,mobile,34,12,11,1,10,1,1,4107
2026-05-27,features,paid_search,desktop,184,66,48,16,0,0,1,1286
2026-05-27,features,paid_search,mobile,98,39,19,11,0,0,0,2227
2026-05-27,features,paid_social,desktop,90,30,26,13,0,0,1,1165
2026-05-27,features,paid_social,mobile,150,52,44,17,0,0,0,2298
2026-05-27,features,organic,desktop,337,106,99,33,0,0,0,1434
2026-05-27,features,organic,mobile,181,80,52,18,0,0,0,2244
2026-05-27,features,webinar,desktop,71,17,18,5,0,0,0,1258
2026-05-27,features,webinar,mobile,37,15,10,3,0,0,0,2250
2026-05-27,features,partner,desktop,36,13,14,2,0,0,0,1286
2026-05-27,features,partner,mobile,26,13,9,4,0,0,0,2037
2026-05-27,features,email,desktop,55,26,12,11,0,0,0,1385
2026-05-27,features,email,mobile,59,27,14,8,0,0,1,2019
2026-05-27,compare,paid_search,desktop,140,56,36,12,0,0,0,1398
2026-05-27,compare,paid_search,mobile,82,48,13,11,0,0,2,2256
2026-05-27,compare,paid_social,desktop,56,25,14,2,0,0,0,1417
2026-05-27,compare,paid_social,mobile,72,36,16,6,0,0,0,1978
2026-05-27,compare,organic,desktop,157,69,38,14,0,0,1,1363
2026-05-27,compare,organic,mobile,100,48,24,15,0,0,2,2054
2026-05-27,compare,webinar,desktop,46,23,9,4,0,0,0,1522
2026-05-27,compare,webinar,mobile,23,9,5,5,0,0,0,1882
2026-05-27,compare,partner,desktop,16,4,5,0,0,0,0,1317
2026-05-27,compare,partner,mobile,4,4,0,0,0,0,0,2089
2026-05-27,compare,email,desktop,32,16,11,7,0,0,0,1305
2026-05-27,compare,email,mobile,23,12,8,1,0,0,0,1887
2026-05-28,home,paid_search,desktop,351,165,83,39,0,0,1,1223
2026-05-28,home,paid_search,mobile,212,94,51,18,0,0,1,1869
2026-05-28,home,paid_social,desktop,175,72,56,26,0,0,2,1153
2026-05-28,home,paid_social,mobile,232,104,56,21,0,0,0,2045
2026-05-28,home,organic,desktop,602,247,156,62,0,0,1,1544
2026-05-28,home,organic,mobile,320,148,69,28,0,0,1,2249
2026-05-28,home,webinar,desktop,125,57,27,10,0,0,0,1234
2026-05-28,home,webinar,mobile,74,30,16,7,0,0,0,2077
2026-05-28,home,partner,desktop,64,21,16,6,0,0,0,1180
2026-05-28,home,partner,mobile,22,9,4,1,0,0,0,1656
2026-05-28,home,email,desktop,120,59,21,14,0,0,0,1306
2026-05-28,home,email,mobile,86,33,32,12,0,0,1,2065
2026-05-28,pricing,paid_search,desktop,447,230,91,29,0,0,2,1282
2026-05-28,pricing,paid_search,mobile,249,136,52,18,0,0,3,2028
2026-05-28,pricing,paid_social,desktop,107,33,28,10,0,0,0,1250
2026-05-28,pricing,paid_social,mobile,184,91,41,26,0,0,1,2186
2026-05-28,pricing,organic,desktop,259,102,78,29,0,0,2,1186
2026-05-28,pricing,organic,mobile,147,60,44,20,0,0,0,2116
2026-05-28,pricing,webinar,desktop,66,26,18,7,0,0,0,1121
2026-05-28,pricing,webinar,mobile,36,22,2,3,0,0,0,2422
2026-05-28,pricing,partner,desktop,32,13,7,3,0,0,0,1380
2026-05-28,pricing,partner,mobile,20,7,10,5,0,0,0,1991
2026-05-28,pricing,email,desktop,68,23,25,9,0,0,0,1264
2026-05-28,pricing,email,mobile,42,21,10,3,0,0,0,2234
2026-05-28,demo,paid_search,desktop,271,87,89,39,79,45,1,1505
2026-05-28,demo,paid_search,mobile,142,54,38,12,43,9,5,4592
2026-05-28,demo,paid_social,desktop,78,23,25,10,18,15,1,1339
2026-05-28,demo,paid_social,mobile,92,37,25,6,24,8,2,4571
2026-05-28,demo,organic,desktop,279,70,102,29,76,37,2,1482
2026-05-28,demo,organic,mobile,133,59,39,23,34,8,5,4696
2026-05-28,demo,webinar,desktop,56,15,17,4,19,12,0,1461
2026-05-28,demo,webinar,mobile,37,8,16,11,12,4,3,4952
2026-05-28,demo,partner,desktop,26,9,6,3,8,5,0,1354
2026-05-28,demo,partner,mobile,14,3,3,3,10,2,0,4295
2026-05-28,demo,email,desktop,43,8,14,6,14,7,0,1518
2026-05-28,demo,email,mobile,45,21,11,4,17,1,0,4855
2026-05-28,features,paid_search,desktop,216,86,56,21,0,0,0,1321
2026-05-28,features,paid_search,mobile,83,30,21,10,0,0,0,2098
2026-05-28,features,paid_social,desktop,69,33,17,13,0,0,0,1171
2026-05-28,features,paid_social,mobile,157,60,42,15,0,0,1,2033
2026-05-28,features,organic,desktop,354,141,94,34,0,0,1,1328
2026-05-28,features,organic,mobile,208,73,62,18,0,0,0,2012
2026-05-28,features,webinar,desktop,63,21,19,3,0,0,0,1339
2026-05-28,features,webinar,mobile,38,14,15,7,0,0,0,2079
2026-05-28,features,partner,desktop,18,4,5,3,0,0,0,1157
2026-05-28,features,partner,mobile,17,6,6,5,0,0,0,1791
2026-05-28,features,email,desktop,55,15,20,10,0,0,0,1342
2026-05-28,features,email,mobile,55,16,18,9,0,0,1,1966
2026-05-28,compare,paid_search,desktop,150,68,48,14,0,0,1,1270
2026-05-28,compare,paid_search,mobile,83,46,15,9,0,0,0,1960
2026-05-28,compare,paid_social,desktop,49,24,13,5,0,0,0,1408
2026-05-28,compare,paid_social,mobile,63,22,22,8,0,0,0,1872
2026-05-28,compare,organic,desktop,182,87,37,26,0,0,1,1395
2026-05-28,compare,organic,mobile,84,45,16,17,0,0,0,1864
2026-05-28,compare,webinar,desktop,26,11,8,1,0,0,0,1359
2026-05-28,compare,webinar,mobile,17,7,4,3,0,0,0,2073
2026-05-28,compare,partner,desktop,19,6,7,3,0,0,0,1309
2026-05-28,compare,partner,mobile,10,4,2,2,0,0,0,2148
2026-05-28,compare,email,desktop,31,14,4,2,0,0,1,1282
2026-05-28,compare,email,mobile,27,14,7,1,0,0,0,2215
2026-05-29,home,paid_search,desktop,312,118,88,42,0,0,1,1256
2026-05-29,home,paid_search,mobile,199,97,51,26,0,0,0,1897
2026-05-29,home,paid_social,desktop,175,72,43,33,0,0,1,1251
2026-05-29,home,paid_social,mobile,276,126,66,24,0,0,0,2028
2026-05-29,home,organic,desktop,510,194,152,60,0,0,1,1324
2026-05-29,home,organic,mobile,303,130,74,35,0,0,1,1908
2026-05-29,home,webinar,desktop,131,63,25,20,0,0,0,1396
2026-05-29,home,webinar,mobile,61,28,14,5,0,0,0,2322
2026-05-29,home,partner,desktop,62,28,11,9,0,0,0,1269
2026-05-29,home,partner,mobile,35,20,9,5,0,0,0,2195
2026-05-29,home,email,desktop,91,37,21,8,0,0,0,1518
2026-05-29,home,email,mobile,82,27,27,4,0,0,2,2127
2026-05-29,pricing,paid_search,desktop,464,258,95,42,0,0,1,1169
2026-05-29,pricing,paid_search,mobile,223,125,39,16,0,0,0,2045
2026-05-29,pricing,paid_social,desktop,107,47,20,11,0,0,0,1232
2026-05-29,pricing,paid_social,mobile,151,61,33,10,0,0,0,2138
2026-05-29,pricing,organic,desktop,286,131,77,30,0,0,1,1424
2026-05-29,pricing,organic,mobile,136,48,46,12,0,0,2,1801
2026-05-29,pricing,webinar,desktop,83,38,20,5,0,0,2,1439
2026-05-29,pricing,webinar,mobile,55,25,15,4,0,0,0,2142
2026-05-29,pricing,partner,desktop,42,14,14,5,0,0,1,1373
2026-05-29,pricing,partner,mobile,30,14,9,4,0,0,0,2173
2026-05-29,pricing,email,desktop,47,19,11,5,0,0,0,1234
2026-05-29,pricing,email,mobile,54,26,12,5,0,0,0,2181
2026-05-29,demo,paid_search,desktop,257,87,85,33,82,47,1,1515
2026-05-29,demo,paid_search,mobile,119,44,36,11,44,9,4,5271
2026-05-29,demo,paid_social,desktop,79,18,26,10,24,16,0,1525
2026-05-29,demo,paid_social,mobile,102,37,25,12,44,16,3,4611
2026-05-29,demo,organic,desktop,244,71,81,26,75,43,1,1549
2026-05-29,demo,organic,mobile,99,35,26,6,33,5,7,5207
2026-05-29,demo,webinar,desktop,52,21,18,9,16,12,0,1504
2026-05-29,demo,webinar,mobile,35,15,10,6,13,2,4,4347
2026-05-29,demo,partner,desktop,20,9,4,3,8,4,1,1341
2026-05-29,demo,partner,mobile,12,4,5,2,5,2,1,4856
2026-05-29,demo,email,desktop,42,7,16,12,13,8,1,1496
2026-05-29,demo,email,mobile,37,13,9,2,15,4,3,4246
2026-05-29,features,paid_search,desktop,213,74,54,22,0,0,2,1182
2026-05-29,features,paid_search,mobile,119,51,26,14,0,0,1,2118
2026-05-29,features,paid_social,desktop,97,37,19,19,0,0,0,1189
2026-05-29,features,paid_social,mobile,192,63,60,22,0,0,1,2037
2026-05-29,features,organic,desktop,370,129,124,54,0,0,1,1289
2026-05-29,features,organic,mobile,173,75,53,23,0,0,1,1761
2026-05-29,features,webinar,desktop,75,22,28,9,0,0,0,1324
2026-05-29,features,webinar,mobile,50,19,9,7,0,0,0,2070
2026-05-29,features,partner,desktop,31,11,11,4,0,0,0,1139
2026-05-29,features,partner,mobile,15,6,5,1,0,0,0,1999
2026-05-29,features,email,desktop,71,27,21,6,0,0,0,1379
2026-05-29,features,email,mobile,50,15,17,2,0,0,0,2038
2026-05-29,compare,paid_search,desktop,118,51,35,7,0,0,0,1298
2026-05-29,compare,paid_search,mobile,77,28,20,9,0,0,0,2141
2026-05-29,compare,paid_social,desktop,66,25,23,7,0,0,1,1101
2026-05-29,compare,paid_social,mobile,64,31,13,4,0,0,0,2334
2026-05-29,compare,organic,desktop,168,70,40,23,0,0,2,1345
2026-05-29,compare,organic,mobile,100,52,21,12,0,0,0,2165
2026-05-29,compare,webinar,desktop,38,18,11,4,0,0,0,1364
2026-05-29,compare,webinar,mobile,17,9,4,4,0,0,0,2082
2026-05-29,compare,partner,desktop,12,6,6,1,0,0,0,1296
2026-05-29,compare,partner,mobile,15,7,4,2,0,0,0,2479
2026-05-29,compare,email,desktop,38,18,10,7,0,0,0,1148
2026-05-29,compare,email,mobile,30,13,8,6,0,0,0,2200
2026-05-30,home,paid_search,desktop,118,46,33,15,0,0,0,1190
2026-05-30,home,paid_search,mobile,83,41,21,9,0,0,1,2332
2026-05-30,home,paid_social,desktop,69,32,19,6,0,0,0,1307
2026-05-30,home,paid_social,mobile,112,42,31,6,0,0,0,1862
2026-05-30,home,organic,desktop,239,91,66,34,0,0,1,1354
2026-05-30,home,organic,mobile,143,61,39,14,0,0,0,2277
2026-05-30,home,webinar,desktop,46,17,13,9,0,0,0,1334
2026-05-30,home,webinar,mobile,29,11,9,3,0,0,0,2247
2026-05-30,home,partner,desktop,24,5,6,2,0,0,0,1448
2026-05-30,home,partner,mobile,15,7,1,0,0,0,0,2231
2026-05-30,home,email,desktop,34,13,10,4,0,0,0,1255
2026-05-30,home,email,mobile,27,15,7,7,0,0,0,2327
2026-05-30,pricing,paid_search,desktop,108,57,24,11,0,0,0,1348
2026-05-30,pricing,paid_search,mobile,96,51,17,7,0,0,0,2017
2026-05-30,pricing,paid_social,desktop,46,19,12,3,0,0,0,1345
2026-05-30,pricing,paid_social,mobile,62,26,15,7,0,0,0,2168
2026-05-30,pricing,organic,desktop,165,69,53,16,0,0,0,1314
2026-05-30,pricing,organic,mobile,81,31,23,9,0,0,0,1875
2026-05-30,pricing,webinar,desktop,32,10,9,2,0,0,0,1424
2026-05-30,pricing,webinar,mobile,19,10,3,0,0,0,0,2227
2026-05-30,pricing,partner,desktop,23,14,2,5,0,0,0,1238
2026-05-30,pricing,partner,mobile,8,4,2,1,0,0,0,2185
2026-05-30,pricing,email,desktop,14,3,5,3,0,0,0,1335
2026-05-30,pricing,email,mobile,23,13,2,1,0,0,0,1839
2026-05-30,demo,paid_search,desktop,95,25,28,11,37,25,1,1391
2026-05-30,demo,paid_search,mobile,69,24,20,7,27,8,2,4924
2026-05-30,demo,paid_social,desktop,30,11,5,3,7,4,1,1585
2026-05-30,demo,paid_social,mobile,43,7,21,5,15,4,1,4837
2026-05-30,demo,organic,desktop,78,13,26,16,19,14,0,1591
2026-05-30,demo,organic,mobile,60,26,10,6,15,1,1,4698
2026-05-30,demo,webinar,desktop,17,3,6,1,7,4,0,1377
2026-05-30,demo,webinar,mobile,9,3,1,0,3,1,0,4173
2026-05-30,demo,partner,desktop,10,3,1,0,2,2,0,1395
2026-05-30,demo,partner,mobile,9,7,1,1,3,0,0,4654
2026-05-30,demo,email,desktop,24,6,6,3,5,4,0,1339
2026-05-30,demo,email,mobile,13,4,7,2,2,0,0,4605
2026-05-30,features,paid_search,desktop,86,29,29,9,0,0,1,1202
2026-05-30,features,paid_search,mobile,33,11,13,4,0,0,0,1950
2026-05-30,features,paid_social,desktop,39,13,13,0,0,0,0,1302
2026-05-30,features,paid_social,mobile,66,29,17,3,0,0,0,2206
2026-05-30,features,organic,desktop,170,55,59,24,0,0,2,1444
2026-05-30,features,organic,mobile,67,33,12,5,0,0,0,2165
2026-05-30,features,webinar,desktop,27,6,10,4,0,0,0,1137
2026-05-30,features,webinar,mobile,15,5,3,3,0,0,0,2153
2026-05-30,features,partner,desktop,18,7,8,5,0,0,0,1439
2026-05-30,features,partner,mobile,9,4,1,0,0,0,0,2149
2026-05-30,features,email,desktop,20,8,6,4,0,0,0,1428
2026-05-30,features,email,mobile,24,11,7,1,0,0,0,2046
2026-05-30,compare,paid_search,desktop,49,18,12,4,0,0,0,1241
2026-05-30,compare,paid_search,mobile,31,19,6,4,0,0,0,2012
2026-05-30,compare,paid_social,desktop,22,12,7,1,0,0,0,1355
2026-05-30,compare,paid_social,mobile,23,9,9,3,0,0,0,1948
2026-05-30,compare,organic,desktop,59,20,14,9,0,0,1,1270
2026-05-30,compare,organic,mobile,25,13,3,5,0,0,0,2167
2026-05-30,compare,webinar,desktop,12,2,4,0,0,0,0,1440
2026-05-30,compare,webinar,mobile,11,5,1,0,0,0,0,1960
2026-05-30,compare,partner,desktop,8,4,1,1,0,0,0,1449
2026-05-30,compare,partner,mobile,3,3,0,0,0,0,0,2351
2026-05-30,compare,email,desktop,8,3,2,1,0,0,0,1190
2026-05-30,compare,email,mobile,12,7,0,0,0,0,1,2021
2026-05-31,home,paid_search,desktop,131,61,26,18,0,0,0,1242
2026-05-31,home,paid_search,mobile,76,34,21,9,0,0,0,1934
2026-05-31,home,paid_social,desktop,55,22,13,5,0,0,1,1327
2026-05-31,home,paid_social,mobile,95,47,18,8,0,0,1,2246
2026-05-31,home,organic,desktop,226,90,65,37,0,0,1,1308
2026-05-31,home,organic,mobile,132,55,36,17,0,0,1,2092
2026-05-31,home,webinar,desktop,55,23,14,5,0,0,1,1467
2026-05-31,home,webinar,mobile,22,10,6,1,0,0,0,2014
2026-05-31,home,partner,desktop,20,10,4,3,0,0,0,1315
2026-05-31,home,partner,mobile,10,3,3,0,0,0,0,2084
2026-05-31,home,email,desktop,42,16,9,1,0,0,0,1227
2026-05-31,home,email,mobile,31,12,7,4,0,0,1,1968
2026-05-31,pricing,paid_search,desktop,156,101,24,13,0,0,1,1333
2026-05-31,pricing,paid_search,mobile,93,49,20,5,0,0,0,2371
2026-05-31,pricing,paid_social,desktop,42,16,14,8,0,0,1,1347
2026-05-31,pricing,paid_social,mobile,60,32,10,8,0,0,0,1930
2026-05-31,pricing,organic,desktop,107,47,29,10,0,0,1,1228
2026-05-31,pricing,organic,mobile,53,25,12,12,0,0,0,2134
2026-05-31,pricing,webinar,desktop,27,10,4,2,0,0,0,1232
2026-05-31,pricing,webinar,mobile,9,3,1,0,0,0,0,2157
2026-05-31,pricing,partner,desktop,9,3,3,0,0,0,0,1358
2026-05-31,pricing,partner,mobile,5,3,1,1,0,0,0,2041
2026-05-31,pricing,email,desktop,26,9,10,3,0,0,0,1071
2026-05-31,pricing,email,mobile,22,8,5,2,0,0,0,2094
2026-05-31,demo,paid_search,desktop,96,28,37,11,31,16,0,1512
2026-05-31,demo,paid_search,mobile,54,23,15,6,17,3,1,4959
2026-05-31,demo,paid_social,desktop,33,8,9,1,5,4,0,1575
2026-05-31,demo,paid_social,mobile,30,12,9,3,12,2,1,5098
2026-05-31,demo,organic,desktop,88,32,23,15,33,22,1,1345
2026-05-31,demo,organic,mobile,51,19,14,8,14,1,2,4589
2026-05-31,demo,webinar,desktop,23,10,7,3,7,5,0,1370
2026-05-31,demo,webinar,mobile,7,1,3,2,1,0,0,4651
2026-05-31,demo,partner,desktop,13,5,2,4,1,1,0,1423
2026-05-31,demo,partner,mobile,6,2,2,1,2,0,1,4360
2026-05-31,demo,email,desktop,14,3,5,0,6,3,0,1318
2026-05-31,demo,email,mobile,18,6,7,0,5,1,1,4681
2026-05-31,features,paid_search,desktop,87,37,26,13,0,0,0,1302
2026-05-31,features,paid_search,mobile,47,17,11,5,0,0,0,2233
2026-05-31,features,paid_social,desktop,46,16,15,6,0,0,0,1253
2026-05-31,features,paid_social,mobile,53,23,12,6,0,0,0,1742
2026-05-31,features,organic,desktop,132,53,35,10,0,0,1,1404
2026-05-31,features,organic,mobile,77,32,20,5,0,0,2,2056
2026-05-31,features,webinar,desktop,30,8,13,2,0,0,0,1277
2026-05-31,features,webinar,mobile,20,9,4,2,0,0,0,2230
2026-05-31,features,partner,desktop,15,7,2,2,0,0,0,1414
2026-05-31,features,partner,mobile,13,4,4,0,0,0,0,2170
2026-05-31,features,email,desktop,20,7,7,2,0,0,0,1303
2026-05-31,features,email,mobile,22,9,6,1,0,0,0,2058
2026-05-31,compare,paid_search,desktop,65,32,14,7,0,0,0,1193
2026-05-31,compare,paid_search,mobile,20,8,6,2,0,0,0,2144
2026-05-31,compare,paid_social,desktop,23,9,6,2,0,0,1,1178
2026-05-31,compare,paid_social,mobile,43,19,12,6,0,0,0,2094
2026-05-31,compare,organic,desktop,52,22,15,3,0,0,0,1498
2026-05-31,compare,organic,mobile,41,17,16,3,0,0,0,1863
2026-05-31,compare,webinar,desktop,15,4,4,2,0,0,0,1344
2026-05-31,compare,webinar,mobile,11,7,2,2,0,0,0,2034
2026-05-31,compare,partner,desktop,8,3,3,2,0,0,0,1221
2026-05-31,compare,partner,mobile,5,5,0,0,0,0,0,2019
2026-05-31,compare,email,desktop,6,1,1,2,0,0,0,1311
2026-05-31,compare,email,mobile,13,9,4,2,0,0,0,2489
2026-06-01,home,paid_search,desktop,353,127,107,29,0,0,0,1386
2026-06-01,home,paid_search,mobile,174,76,49,17,0,0,0,2205
2026-06-01,home,paid_social,desktop,206,85,56,28,0,0,5,1246
2026-06-01,home,paid_social,mobile,301,132,79,24,0,0,2,1922
2026-06-01,home,organic,desktop,651,253,216,83,0,0,2,1223
2026-06-01,home,organic,mobile,260,111,63,18,0,0,2,2309
2026-06-01,home,webinar,desktop,145,60,29,20,0,0,0,1247
2026-06-01,home,webinar,mobile,66,30,15,8,0,0,0,2142
2026-06-01,home,partner,desktop,81,33,17,9,0,0,0,1305
2026-06-01,home,partner,mobile,34,13,10,2,0,0,0,2125
2026-06-01,home,email,desktop,112,51,28,10,0,0,0,1289
2026-06-01,home,email,mobile,91,42,16,11,0,0,1,2186
2026-06-01,pricing,paid_search,desktop,428,262,84,31,0,0,2,1224
2026-06-01,pricing,paid_search,mobile,234,127,42,16,0,0,2,2207
2026-06-01,pricing,paid_social,desktop,121,40,34,16,0,0,1,1511
2026-06-01,pricing,paid_social,mobile,155,73,44,21,0,0,0,2107
2026-06-01,pricing,organic,desktop,326,102,94,48,0,0,0,1267
2026-06-01,pricing,organic,mobile,149,50,42,16,0,0,0,2076
2026-06-01,pricing,webinar,desktop,87,39,21,12,0,0,0,1380
2026-06-01,pricing,webinar,mobile,36,20,8,5,0,0,0,1900
2026-06-01,pricing,partner,desktop,42,24,10,5,0,0,0,1428
2026-06-01,pricing,partner,mobile,24,11,9,3,0,0,0,2121
2026-06-01,pricing,email,desktop,53,21,12,8,0,0,1,1339
2026-06-01,pricing,email,mobile,61,22,15,9,0,0,1,2085
2026-06-01,demo,paid_search,desktop,314,107,98,41,88,54,0,1401
2026-06-01,demo,paid_search,mobile,119,43,35,10,31,11,1,4457
2026-06-01,demo,paid_social,desktop,66,22,14,10,19,16,1,1300
2026-06-01,demo,paid_social,mobile,111,39,23,13,35,7,2,4325
2026-06-01,demo,organic,desktop,200,56,78,26,72,46,0,1242
2026-06-01,demo,organic,mobile,142,61,38,18,50,10,6,5276
2026-06-01,demo,webinar,desktop,52,21,14,4,13,8,0,1384
2026-06-01,demo,webinar,mobile,37,9,11,5,10,3,2,4949
2026-06-01,demo,partner,desktop,27,7,3,2,8,4,0,1446
2026-06-01,demo,partner,mobile,14,1,4,2,5,1,0,4854
2026-06-01,demo,email,desktop,55,23,13,4,23,13,0,1482
2026-06-01,demo,email,mobile,30,10,6,2,12,1,1,5318
2026-06-01,features,paid_search,desktop,211,74,53,26,0,0,0,1314
2026-06-01,features,paid_search,mobile,107,44,30,17,0,0,0,1988
2026-06-01,features,paid_social,desktop,127,43,33,14,0,0,0,1425
2026-06-01,features,paid_social,mobile,141,47,43,17,0,0,1,1858
2026-06-01,features,organic,desktop,298,101,79,36,0,0,3,1369
2026-06-01,features,organic,mobile,149,53,38,20,0,0,0,2125
2026-06-01,features,webinar,desktop,84,32,21,10,0,0,1,1367
2026-06-01,features,webinar,mobile,37,12,9,5,0,0,0,1919
2026-06-01,features,partner,desktop,25,11,7,2,0,0,0,1372
2026-06-01,features,partner,mobile,27,13,6,2,0,0,0,2050
2026-06-01,features,email,desktop,70,26,27,11,0,0,0,1244
2026-06-01,features,email,mobile,58,25,14,6,0,0,1,2361
2026-06-01,compare,paid_search,desktop,138,58,37,18,0,0,0,1407
2026-06-01,compare,paid_search,mobile,78,36,18,15,0,0,1,2179
2026-06-01,compare,paid_social,desktop,46,16,15,11,0,0,0,1330
2026-06-01,compare,paid_social,mobile,70,36,12,7,0,0,0,1963
2026-06-01,compare,organic,desktop,186,91,44,23,0,0,1,1222
2026-06-01,compare,organic,mobile,94,37,27,9,0,0,0,2191
2026-06-01,compare,webinar,desktop,41,15,14,5,0,0,0,1180
2026-06-01,compare,webinar,mobile,26,15,3,4,0,0,0,2286
2026-06-01,compare,partner,desktop,12,5,4,0,0,0,0,1430
2026-06-01,compare,partner,mobile,8,5,1,0,0,0,0,2279
2026-06-01,compare,email,desktop,35,18,8,4,0,0,0,1365
2026-06-01,compare,email,mobile,23,13,5,2,0,0,0,1953
2026-06-02,home,paid_search,desktop,315,114,85,35,0,0,1,1205
2026-06-02,home,paid_search,mobile,182,73,50,16,0,0,0,2321
2026-06-02,home,paid_social,desktop,198,76,60,33,0,0,1,1341
2026-06-02,home,paid_social,mobile,260,114,65,30,0,0,2,2225
2026-06-02,home,organic,desktop,520,167,150,60,0,0,2,1432
2026-06-02,home,organic,mobile,302,138,76,32,0,0,2,2445
2026-06-02,home,webinar,desktop,126,52,33,11,0,0,0,1217
2026-06-02,home,webinar,mobile,60,24,19,4,0,0,0,2315
2026-06-02,home,partner,desktop,59,23,16,6,0,0,0,1130
2026-06-02,home,partner,mobile,32,11,11,7,0,0,0,2049
2026-06-02,home,email,desktop,120,46,31,20,0,0,2,1177
2026-06-02,home,email,mobile,84,29,24,10,0,0,0,2188
2026-06-02,pricing,paid_search,desktop,338,211,48,25,0,0,0,1486
2026-06-02,pricing,paid_search,mobile,225,137,30,14,0,0,0,1981
2026-06-02,pricing,paid_social,desktop,111,56,28,21,0,0,1,1123
2026-06-02,pricing,paid_social,mobile,150,68,31,14,0,0,0,1936
2026-06-02,pricing,organic,desktop,325,125,87,41,0,0,1,1175
2026-06-02,pricing,organic,mobile,173,72,50,22,0,0,1,1679
2026-06-02,pricing,webinar,desktop,69,34,18,3,0,0,0,1354
2026-06-02,pricing,webinar,mobile,33,17,11,2,0,0,0,2159
2026-06-02,pricing,partner,desktop,40,24,7,3,0,0,0,1239
2026-06-02,pricing,partner,mobile,17,6,8,0,0,0,1,2180
2026-06-02,pricing,email,desktop,74,26,18,11,0,0,1,1369
2026-06-02,pricing,email,mobile,67,32,16,8,0,0,1,2365
2026-06-02,demo,paid_search,desktop,272,84,97,35,82,53,2,1434
2026-06-02,demo,paid_search,mobile,168,72,40,30,71,12,7,4403
2026-06-02,demo,paid_social,desktop,65,25,17,12,13,6,0,1483
2026-06-02,demo,paid_social,mobile,99,32,29,10,26,5,7,4414
2026-06-02,demo,organic,desktop,291,88,87,36,98,66,0,1439
2026-06-02,demo,organic,mobile,119,41,34,13,50,9,3,5435
2026-06-02,demo,webinar,desktop,35,12,9,5,12,7,0,1427
2026-06-02,demo,webinar,mobile,31,7,12,1,7,0,2,5079
2026-06-02,demo,partner,desktop,27,7,9,5,7,2,0,1232
2026-06-02,demo,partner,mobile,14,5,5,1,3,1,1,5319
2026-06-02,demo,email,desktop,54,11,24,9,18,13,0,1100
2026-06-02,demo,email,mobile,43,16,12,5,15,4,3,5469
2026-06-02,features,paid_search,desktop,218,73,51,26,0,0,2,1517
2026-06-02,features,paid_search,mobile,109,39,35,9,0,0,1,2052
2026-06-02,features,paid_social,desktop,131,49,32,17,0,0,0,1253
2026-06-02,features,paid_social,mobile,139,59,38,15,0,0,0,2078
2026-06-02,features,organic,desktop,334,108,105,38,0,0,3,1422
2026-06-02,features,organic,mobile,202,90,51,23,0,0,2,1837
2026-06-02,features,webinar,desktop,87,31,27,17,0,0,0,1279
2026-06-02,features,webinar,mobile,41,12,13,3,0,0,0,2158
2026-06-02,features,partner,desktop,44,16,10,8,0,0,0,1467
2026-06-02,features,partner,mobile,28,18,3,2,0,0,0,1935
2026-06-02,features,email,desktop,66,24,20,9,0,0,1,1362
2026-06-02,features,email,mobile,49,16,21,6,0,0,0,2146
2026-06-02,compare,paid_search,desktop,125,63,23,15,0,0,0,1406
2026-06-02,compare,paid_search,mobile,69,38,14,7,0,0,0,2259
2026-06-02,compare,paid_social,desktop,47,27,6,10,0,0,0,1234
2026-06-02,compare,paid_social,mobile,94,46,24,12,0,0,2,2617
2026-06-02,compare,organic,desktop,149,62,42,21,0,0,2,1458
2026-06-02,compare,organic,mobile,103,50,22,14,0,0,0,1917
2026-06-02,compare,webinar,desktop,41,22,9,4,0,0,0,1227
2026-06-02,compare,webinar,mobile,20,7,7,1,0,0,0,2227
2026-06-02,compare,partner,desktop,29,9,7,2,0,0,0,1250
2026-06-02,compare,partner,mobile,7,3,1,1,0,0,0,2078
2026-06-02,compare,email,desktop,21,9,5,2,0,0,0,1480
2026-06-02,compare,email,mobile,29,10,11,2,0,0,0,2293
2026-06-03,home,paid_search,desktop,348,144,99,42,0,0,0,1265
2026-06-03,home,paid_search,mobile,174,75,34,17,0,0,0,2063
2026-06-03,home,paid_social,desktop,171,58,60,22,0,0,0,1087
2026-06-03,home,paid_social,mobile,279,115,86,26,0,0,1,2177
2026-06-03,home,organic,desktop,689,291,187,67,0,0,4,1078
2026-06-03,home,organic,mobile,338,147,93,34,0,0,2,1927
2026-06-03,home,webinar,desktop,128,52,40,13,0,0,2,1175
2026-06-03,home,webinar,mobile,67,24,15,5,0,0,1,2274
2026-06-03,home,partner,desktop,69,27,20,9,0,0,0,1335
2026-06-03,home,partner,mobile,36,15,11,3,0,0,0,2202
2026-06-03,home,email,desktop,105,43,21,15,0,0,1,1155
2026-06-03,home,email,mobile,105,38,30,13,0,0,0,2318
2026-06-03,pricing,paid_search,desktop,401,252,66,36,0,0,2,1304
2026-06-03,pricing,paid_search,mobile,233,146,45,11,0,0,1,1888
2026-06-03,pricing,paid_social,desktop,106,41,24,11,0,0,0,1257
2026-06-03,pricing,paid_social,mobile,163,70,36,17,0,0,0,2397
2026-06-03,pricing,organic,desktop,288,114,80,32,0,0,3,1224
2026-06-03,pricing,organic,mobile,187,86,44,24,0,0,1,2159
2026-06-03,pricing,webinar,desktop,67,28,16,6,0,0,0,1307
2026-06-03,pricing,webinar,mobile,46,25,10,2,0,0,0,1986
2026-06-03,pricing,partner,desktop,32,12,6,6,0,0,0,1359
2026-06-03,pricing,partner,mobile,22,3,10,2,0,0,0,2181
2026-06-03,pricing,email,desktop,67,28,23,7,0,0,0,1287
2026-06-03,pricing,email,mobile,53,23,12,3,0,0,0,2072
2026-06-03,demo,paid_search,desktop,254,81,76,33,79,50,1,1291
2026-06-03,demo,paid_search,mobile,172,70,42,26,56,15,7,4186
2026-06-03,demo,paid_social,desktop,69,24,26,9,19,13,0,1496
2026-06-03,demo,paid_social,mobile,104,48,23,14,34,6,2,4543
2026-06-03,demo,organic,desktop,260,68,91,36,66,42,0,1453
2026-06-03,demo,organic,mobile,139,49,30,11,54,13,3,4928
2026-06-03,demo,webinar,desktop,50,14,19,4,13,7,1,1412
2026-06-03,demo,webinar,mobile,26,10,6,3,15,3,1,5571
2026-06-03,demo,partner,desktop,42,13,17,4,11,9,0,1252
2026-06-03,demo,partner,mobile,19,5,5,1,10,4,0,4702
2026-06-03,demo,email,desktop,42,16,9,5,16,9,0,1396
2026-06-03,demo,email,mobile,42,18,5,6,18,5,0,5008
2026-06-03,features,paid_search,desktop,226,76,69,43,0,0,0,1288
2026-06-03,features,paid_search,mobile,118,41,40,8,0,0,0,1972
2026-06-03,features,paid_social,desktop,86,34,21,9,0,0,0,1152
2026-06-03,features,paid_social,mobile,138,47,47,14,0,0,0,2047
2026-06-03,features,organic,desktop,301,107,82,41,0,0,0,1174
2026-06-03,features,organic,mobile,176,73,46,16,0,0,0,2231
2026-06-03,features,webinar,desktop,82,32,17,8,0,0,3,1155
2026-06-03,features,webinar,mobile,42,11,14,5,0,0,0,2136
2026-06-03,features,partner,desktop,39,11,9,1,0,0,0,1460
2026-06-03,features,partner,mobile,13,5,3,1,0,0,0,2305
2026-06-03,features,email,desktop,55,19,18,11,0,0,0,1329
2026-06-03,features,email,mobile,51,24,9,7,0,0,0,2074
2026-06-03,compare,paid_search,desktop,149,67,38,19,0,0,1,1389
2026-06-03,compare,paid_search,mobile,56,28,15,6,0,0,0,2386
2026-06-03,compare,paid_social,desktop,58,26,16,6,0,0,0,1199
2026-06-03,compare,paid_social,mobile,79,42,17,7,0,0,1,1865
2026-06-03,compare,organic,desktop,171,81,36,21,0,0,0,1191
2026-06-03,compare,organic,mobile,89,43,21,10,0,0,0,2016
2026-06-03,compare,webinar,desktop,34,17,9,6,0,0,0,1275
2026-06-03,compare,webinar,mobile,20,8,5,1,0,0,0,2394
2026-06-03,compare,partner,desktop,14,8,3,1,0,0,0,1320
2026-06-03,compare,partner,mobile,10,3,6,2,0,0,0,2024
2026-06-03,compare,email,desktop,19,11,2,2,0,0,0,1474
2026-06-03,compare,email,mobile,26,15,4,4,0,0,0,2076
2026-06-04,home,paid_search,desktop,295,128,70,25,0,0,4,1393
2026-06-04,home,paid_search,mobile,188,84,42,21,0,0,0,1945
2026-06-04,home,paid_social,desktop,165,61,41,28,0,0,2,1430
2026-06-04,home,paid_social,mobile,261,123,65,34,0,0,1,2065
2026-06-04,home,organic,desktop,607,240,167,76,0,0,3,1270
2026-06-04,home,organic,mobile,315,111,84,41,0,0,0,1793
2026-06-04,home,webinar,desktop,160,75,30,20,0,0,0,1239
2026-06-04,home,webinar,mobile,88,30,30,10,0,0,0,1876
2026-06-04,home,partner,desktop,85,31,25,11,0,0,1,1319
2026-06-04,home,partner,mobile,42,17,10,5,0,0,0,1932
2026-06-04,home,email,desktop,120,54,40,17,0,0,1,1125
2026-06-04,home,email,mobile,81,34,20,8,0,0,0,2198
2026-06-04,pricing,paid_search,desktop,396,242,72,25,0,0,1,1222
2026-06-04,pricing,paid_search,mobile,166,103,31,8,0,0,0,1966
2026-06-04,pricing,paid_social,desktop,93,43,21,11,0,0,0,1565
2026-06-04,pricing,paid_social,mobile,149,64,39,10,0,0,0,1991
2026-06-04,pricing,organic,desktop,289,124,78,48,0,0,2,1403
2026-06-04,pricing,organic,mobile,187,82,49,18,0,0,1,1897
2026-06-04,pricing,webinar,desktop,80,34,24,8,0,0,0,1330
2026-06-04,pricing,webinar,mobile,41,20,8,2,0,0,0,2200
2026-06-04,pricing,partner,desktop,43,20,13,8,0,0,0,1112
2026-06-04,pricing,partner,mobile,17,7,2,0,0,0,0,1876
2026-06-04,pricing,email,desktop,55,21,18,5,0,0,0,1424
2026-06-04,pricing,email,mobile,43,15,11,2,0,0,0,2028
2026-06-04,demo,paid_search,desktop,274,86,88,32,77,48,0,1408
2026-06-04,demo,paid_search,mobile,121,38,26,10,47,10,3,5211
2026-06-04,demo,paid_social,desktop,83,26,21,14,21,13,1,1545
2026-06-04,demo,paid_social,mobile,103,29,36,16,38,6,3,4558
2026-06-04,demo,organic,desktop,286,77,102,36,91,60,2,1397
2026-06-04,demo,organic,mobile,125,52,36,12,52,11,5,4597
2026-06-04,demo,webinar,desktop,49,14,18,6,13,8,1,1377
2026-06-04,demo,webinar,mobile,26,12,6,3,7,0,1,4555
2026-06-04,demo,partner,desktop,30,13,10,3,6,3,1,1352
2026-06-04,demo,partner,mobile,19,8,3,1,8,2,0,5559
2026-06-04,demo,email,desktop,39,15,11,7,9,5,0,1340
2026-06-04,demo,email,mobile,37,13,9,4,12,4,3,3761
2026-06-04,features,paid_search,desktop,185,62,63,17,0,0,0,1272
2026-06-04,features,paid_search,mobile,115,47,32,15,0,0,0,1800
2026-06-04,features,paid_social,desktop,123,50,25,13,0,0,0,1334
2026-06-04,features,paid_social,mobile,168,68,48,22,0,0,0,2067
2026-06-04,features,organic,desktop,305,99,98,42,0,0,1,1519
2026-06-04,features,organic,mobile,153,59,38,15,0,0,1,2267
2026-06-04,features,webinar,desktop,73,27,21,10,0,0,0,1076
2026-06-04,features,webinar,mobile,51,20,13,7,0,0,0,1878
2026-06-04,features,partner,desktop,24,9,5,2,0,0,1,1266
2026-06-04,features,partner,mobile,16,4,6,2,0,0,0,2140
2026-06-04,features,email,desktop,75,33,20,5,0,0,0,1395
2026-06-04,features,email,mobile,43,20,13,0,0,0,0,2194
2026-06-04,compare,paid_search,desktop,114,60,23,11,0,0,1,1353
2026-06-04,compare,paid_search,mobile,74,34,18,8,0,0,0,2013
2026-06-04,compare,paid_social,desktop,45,19,13,6,0,0,0,1262
2026-06-04,compare,paid_social,mobile,70,34,18,4,0,0,0,2154
2026-06-04,compare,organic,desktop,174,80,44,27,0,0,0,1333
2026-06-04,compare,organic,mobile,81,37,20,6,0,0,0,2176
2026-06-04,compare,webinar,desktop,41,15,17,7,0,0,0,1207
2026-06-04,compare,webinar,mobile,20,6,6,5,0,0,0,2088
2026-06-04,compare,partner,desktop,15,6,2,2,0,0,0,1400
2026-06-04,compare,partner,mobile,9,2,4,2,0,0,0,1997
2026-06-04,compare,email,desktop,34,19,6,4,0,0,0,1351
2026-06-04,compare,email,mobile,32,16,7,1,0,0,0,1949
2026-06-05,home,paid_search,desktop,366,148,104,43,0,0,1,1293
2026-06-05,home,paid_search,mobile,158,62,39,16,0,0,0,2203
2026-06-05,home,paid_social,desktop,194,71,58,26,0,0,3,1384
2026-06-05,home,paid_social,mobile,267,99,61,27,0,0,1,1952
2026-06-05,home,organic,desktop,492,188,129,52,0,0,5,975
2026-06-05,home,organic,mobile,294,124,79,25,0,0,1,2328
2026-06-05,home,webinar,desktop,117,51,31,10,0,0,0,1432
2026-06-05,home,webinar,mobile,73,41,21,9,0,0,0,1771
2026-06-05,home,partner,desktop,70,25,16,5,0,0,1,1351
2026-06-05,home,partner,mobile,46,25,8,7,0,0,0,2116
2026-06-05,home,email,desktop,111,35,35,13,0,0,1,1443
2026-06-05,home,email,mobile,101,46,23,6,0,0,0,2314
2026-06-05,pricing,paid_search,desktop,397,245,67,38,0,0,2,1397
2026-06-05,pricing,paid_search,mobile,226,132,46,11,0,0,1,2046
2026-06-05,pricing,paid_social,desktop,109,38,25,8,0,0,0,1050
2026-06-05,pricing,paid_social,mobile,169,70,47,16,0,0,0,2173
2026-06-05,pricing,organic,desktop,345,126,107,45,0,0,0,1182
2026-06-05,pricing,organic,mobile,144,61,35,18,0,0,0,1796
2026-06-05,pricing,webinar,desktop,64,28,14,13,0,0,0,1601
2026-06-05,pricing,webinar,mobile,48,24,10,5,0,0,0,1980
2026-06-05,pricing,partner,desktop,33,12,11,4,0,0,0,1355
2026-06-05,pricing,partner,mobile,29,17,8,6,0,0,0,2246
2026-06-05,pricing,email,desktop,61,26,13,6,0,0,0,1346
2026-06-05,pricing,email,mobile,50,19,13,9,0,0,0,1621
2026-06-05,demo,paid_search,desktop,264,63,97,33,89,57,0,1567
2026-06-05,demo,paid_search,mobile,139,52,36,17,40,8,3,4783
2026-06-05,demo,paid_social,desktop,79,32,25,12,16,8,0,1450
2026-06-05,demo,paid_social,mobile,91,31,20,7,36,5,1,4519
2026-06-05,demo,organic,desktop,234,72,72,28,67,38,1,1298
2026-06-05,demo,organic,mobile,130,57,29,5,53,16,3,4473
2026-06-05,demo,webinar,desktop,36,12,8,6,13,7,0,1310
2026-06-05,demo,webinar,mobile,29,15,7,2,12,1,2,4564
2026-06-05,demo,partner,desktop,23,5,4,4,8,2,0,1537
2026-06-05,demo,partner,mobile,21,8,7,2,7,1,1,4634
2026-06-05,demo,email,desktop,44,14,15,6,15,9,0,1460
2026-06-05,demo,email,mobile,55,20,17,4,18,2,1,4574
2026-06-05,features,paid_search,desktop,196,61,59,24,0,0,1,1342
2026-06-05,features,paid_search,mobile,100,42,24,13,0,0,1,2093
2026-06-05,features,paid_social,desktop,99,32,34,13,0,0,0,1236
2026-06-05,features,paid_social,mobile,183,68,54,22,0,0,1,1864
2026-06-05,features,organic,desktop,330,114,86,41,0,0,3,1340
2026-06-05,features,organic,mobile,219,96,53,16,0,0,0,1934
2026-06-05,features,webinar,desktop,89,34,24,14,0,0,0,1351
2026-06-05,features,webinar,mobile,28,10,9,3,0,0,0,1835
2026-06-05,features,partner,desktop,40,17,10,6,0,0,0,1225
2026-06-05,features,partner,mobile,16,6,3,3,0,0,0,1732
2026-06-05,features,email,desktop,73,23,25,12,0,0,0,1193
2026-06-05,features,email,mobile,39,12,13,6,0,0,0,2020
2026-06-05,compare,paid_search,desktop,131,57,32,12,0,0,0,1437
2026-06-05,compare,paid_search,mobile,78,37,22,9,0,0,0,2340
2026-06-05,compare,paid_social,desktop,54,27,14,6,0,0,1,1405
2026-06-05,compare,paid_social,mobile,83,47,16,11,0,0,0,2195
2026-06-05,compare,organic,desktop,146,66,37,23,0,0,0,1318
2026-06-05,compare,organic,mobile,86,41,22,13,0,0,0,1994
2026-06-05,compare,webinar,desktop,29,16,6,2,0,0,0,1274
2026-06-05,compare,webinar,mobile,29,14,6,4,0,0,0,1982
2026-06-05,compare,partner,desktop,22,12,4,1,0,0,0,1410
2026-06-05,compare,partner,mobile,12,7,1,1,0,0,0,2027
2026-06-05,compare,email,desktop,33,9,11,3,0,0,0,1415
2026-06-05,compare,email,mobile,27,14,5,0,0,0,1,1863
2026-06-06,home,paid_search,desktop,169,66,40,14,0,0,0,1458
2026-06-06,home,paid_search,mobile,62,18,20,7,0,0,0,1974
2026-06-06,home,paid_social,desktop,56,25,12,5,0,0,0,1253
2026-06-06,home,paid_social,mobile,106,46,29,17,0,0,0,2142
2026-06-06,home,organic,desktop,214,84,67,22,0,0,1,1154
2026-06-06,home,organic,mobile,104,40,35,15,0,0,0,2095
2026-06-06,home,webinar,desktop,38,16,10,5,0,0,0,1251
2026-06-06,home,webinar,mobile,23,11,4,2,0,0,1,2298
2026-06-06,home,partner,desktop,28,16,6,2,0,0,0,1232
2026-06-06,home,partner,mobile,9,3,3,0,0,0,0,2334
2026-06-06,home,email,desktop,30,13,11,3,0,0,1,1312
2026-06-06,home,email,mobile,39,15,14,4,0,0,1,1964
2026-06-06,pricing,paid_search,desktop,143,95,22,8,0,0,1,1328
2026-06-06,pricing,paid_search,mobile,95,56,19,8,0,0,1,2124
2026-06-06,pricing,paid_social,desktop,45,19,10,6,0,0,0,1189
2026-06-06,pricing,paid_social,mobile,71,23,24,6,0,0,0,2022
2026-06-06,pricing,organic,desktop,116,53,32,20,0,0,1,1308
2026-06-06,pricing,organic,mobile,69,36,22,10,0,0,0,2306
2026-06-06,pricing,webinar,desktop,25,8,6,3,0,0,0,1439
2026-06-06,pricing,webinar,mobile,18,2,7,3,0,0,0,2044
2026-06-06,pricing,partner,desktop,16,5,8,3,0,0,0,1391
2026-06-06,pricing,partner,mobile,8,4,2,1,0,0,0,2382
2026-06-06,pricing,email,desktop,31,13,7,7,0,0,0,1252
2026-06-06,pricing,email,mobile,14,5,2,2,0,0,0,2000
2026-06-06,demo,paid_search,desktop,98,37,35,6,27,15,0,1381
2026-06-06,demo,paid_search,mobile,68,21,22,7,23,4,2,5159
2026-06-06,demo,paid_social,desktop,20,6,8,3,7,5,0,1473
2026-06-06,demo,paid_social,mobile,36,15,6,4,11,3,2,4755
2026-06-06,demo,organic,desktop,70,20,23,12,16,11,1,1463
2026-06-06,demo,organic,mobile,48,15,19,7,15,4,4,4245
2026-06-06,demo,webinar,desktop,20,6,7,2,6,4,1,1272
2026-06-06,demo,webinar,mobile,13,5,3,1,4,1,0,5078
2026-06-06,demo,partner,desktop,15,3,4,1,5,3,0,1176
2026-06-06,demo,partner,mobile,5,1,1,2,0,0,1,4517
2026-06-06,demo,email,desktop,16,5,1,1,5,2,0,1532
2026-06-06,demo,email,mobile,16,5,4,1,5,1,2,4915
2026-06-06,features,paid_search,desktop,78,23,25,9,0,0,0,1393
2026-06-06,features,paid_search,mobile,35,11,14,4,0,0,0,2086
2026-06-06,features,paid_social,desktop,35,13,15,10,0,0,1,1559
2026-06-06,features,paid_social,mobile,48,21,9,3,0,0,0,2405
2026-06-06,features,organic,desktop,113,38,39,18,0,0,1,1242
2026-06-06,features,organic,mobile,77,34,18,6,0,0,0,1675
2026-06-06,features,webinar,desktop,15,6,5,2,0,0,0,1246
2026-06-06,features,webinar,mobile,14,6,3,3,0,0,0,2555
2026-06-06,features,partner,desktop,12,4,5,2,0,0,0,1306
2026-06-06,features,partner,mobile,8,2,1,4,0,0,0,1871
2026-06-06,features,email,desktop,35,9,13,5,0,0,0,1331
2026-06-06,features,email,mobile,20,9,10,3,0,0,0,2032
2026-06-06,compare,paid_search,desktop,45,18,10,9,0,0,0,1187
2026-06-06,compare,paid_search,mobile,34,14,13,3,0,0,0,1796
2026-06-06,compare,paid_social,desktop,30,11,10,3,0,0,0,1241
2026-06-06,compare,paid_social,mobile,26,14,5,3,0,0,0,2074
2026-06-06,compare,organic,desktop,51,29,9,8,0,0,2,1407
2026-06-06,compare,organic,mobile,30,15,4,2,0,0,0,2095
2026-06-06,compare,webinar,desktop,22,8,7,4,0,0,0,1318
2026-06-06,compare,webinar,mobile,7,3,2,1,0,0,0,1904
2026-06-06,compare,partner,desktop,4,1,1,0,0,0,0,1248
2026-06-06,compare,partner,mobile,3,1,1,0,0,0,0,2108
2026-06-06,compare,email,desktop,7,6,1,1,0,0,0,1277
2026-06-06,compare,email,mobile,10,7,3,3,0,0,0,2158
2026-06-07,home,paid_search,desktop,129,47,43,14,0,0,2,1215
2026-06-07,home,paid_search,mobile,62,24,16,5,0,0,0,2219
2026-06-07,home,paid_social,desktop,67,21,22,12,0,0,0,1445
2026-06-07,home,paid_social,mobile,146,60,36,9,0,0,0,1782
2026-06-07,home,organic,desktop,195,79,41,30,0,0,0,1282
2026-06-07,home,organic,mobile,121,62,30,13,0,0,0,2399
2026-06-07,home,webinar,desktop,52,16,17,7,0,0,0,1111
2026-06-07,home,webinar,mobile,25,12,9,2,0,0,0,1965
2026-06-07,home,partner,desktop,16,7,6,1,0,0,0,1410
2026-06-07,home,partner,mobile,14,5,6,0,0,0,0,2131
2026-06-07,home,email,desktop,51,24,16,7,0,0,0,1296
2026-06-07,home,email,mobile,39,18,10,5,0,0,0,1872
2026-06-07,pricing,paid_search,desktop,143,89,28,7,0,0,0,1353
2026-06-07,pricing,paid_search,mobile,87,58,12,8,0,0,0,2300
2026-06-07,pricing,paid_social,desktop,37,15,7,3,0,0,0,1337
2026-06-07,pricing,paid_social,mobile,48,19,13,4,0,0,0,2003
2026-06-07,pricing,organic,desktop,143,53,41,13,0,0,1,1282
2026-06-07,pricing,organic,mobile,68,32,17,10,0,0,0,1948
2026-06-07,pricing,webinar,desktop,37,16,8,3,0,0,0,1260
2026-06-07,pricing,webinar,mobile,17,8,1,1,0,0,0,1837
2026-06-07,pricing,partner,desktop,16,8,3,0,0,0,0,1250
2026-06-07,pricing,partner,mobile,8,2,3,2,0,0,0,2228
2026-06-07,pricing,email,desktop,25,10,7,4,0,0,0,1304
2026-06-07,pricing,email,mobile,21,11,4,3,0,0,0,2069
2026-06-07,demo,paid_search,desktop,97,35,30,18,25,16,0,1301
2026-06-07,demo,paid_search,mobile,38,9,11,4,12,1,0,4846
2026-06-07,demo,paid_social,desktop,34,6,14,4,8,5,0,1436
2026-06-07,demo,paid_social,mobile,41,14,10,3,18,2,0,4505
2026-06-07,demo,organic,desktop,82,26,20,10,22,12,0,1340
2026-06-07,demo,organic,mobile,67,27,17,9,28,6,4,4205
2026-06-07,demo,webinar,desktop,22,8,8,1,5,4,0,1490
2026-06-07,demo,webinar,mobile,10,6,2,0,0,0,0,5437
2026-06-07,demo,partner,desktop,11,1,5,1,0,0,0,1341
2026-06-07,demo,partner,mobile,8,3,1,0,2,0,0,5038
2026-06-07,demo,email,desktop,19,9,3,3,8,5,0,1512
2026-06-07,demo,email,mobile,16,9,4,3,6,0,0,4760
2026-06-07,features,paid_search,desktop,71,22,24,7,0,0,0,1350
2026-06-07,features,paid_search,mobile,45,19,11,3,0,0,0,1962
2026-06-07,features,paid_social,desktop,43,12,18,6,0,0,0,1384
2026-06-07,features,paid_social,mobile,61,28,20,9,0,0,0,1998
2026-06-07,features,organic,desktop,123,45,36,17,0,0,0,1329
2026-06-07,features,organic,mobile,62,23,24,7,0,0,0,2196
2026-06-07,features,webinar,desktop,27,7,11,2,0,0,0,1325
2026-06-07,features,webinar,mobile,13,5,3,2,0,0,0,2241
2026-06-07,features,partner,desktop,11,3,5,2,0,0,0,1173
2026-06-07,features,partner,mobile,10,6,2,0,0,0,0,2189
2026-06-07,features,email,desktop,29,13,7,1,0,0,0,1281
2026-06-07,features,email,mobile,25,9,9,3,0,0,0,2100
2026-06-07,compare,paid_search,desktop,42,22,7,4,0,0,0,1291
2026-06-07,compare,paid_search,mobile,28,14,6,0,0,0,0,2069
2026-06-07,compare,paid_social,desktop,24,12,5,0,0,0,0,1448
2026-06-07,compare,paid_social,mobile,25,13,5,1,0,0,0,2203
2026-06-07,compare,organic,desktop,57,31,8,4,0,0,0,1033
2026-06-07,compare,organic,mobile,36,13,10,5,0,0,0,2226
2026-06-07,compare,webinar,desktop,15,9,1,4,0,0,0,1355
2026-06-07,compare,webinar,mobile,5,2,2,0,0,0,0,1978
2026-06-07,compare,partner,desktop,6,3,2,1,0,0,0,1336
2026-06-07,compare,partner,mobile,5,4,1,0,0,0,0,2096
2026-06-07,compare,email,desktop,7,3,2,1,0,0,0,1321
2026-06-07,compare,email,mobile,7,5,1,0,0,0,0,1968
2026-06-08,home,paid_search,desktop,341,134,108,36,0,0,2,1153
2026-06-08,home,paid_search,mobile,167,61,55,22,0,0,0,2321
2026-06-08,home,paid_social,desktop,177,59,56,28,0,0,1,1249
2026-06-08,home,paid_social,mobile,266,110,78,25,0,0,2,1988
2026-06-08,home,organic,desktop,605,227,161,61,0,0,2,1352
2026-06-08,home,organic,mobile,316,145,84,35,0,0,1,2024
2026-06-08,home,webinar,desktop,128,44,34,16,0,0,0,1325
2026-06-08,home,webinar,mobile,80,33,22,9,0,0,0,1970
2026-06-08,home,partner,desktop,50,20,11,8,0,0,0,1350
2026-06-08,home,partner,mobile,39,20,11,11,0,0,0,2265
2026-06-08,home,email,desktop,113,44,25,13,0,0,0,1320
2026-06-08,home,email,mobile,97,34,32,10,0,0,0,1926
2026-06-08,pricing,paid_search,desktop,414,265,74,32,0,0,2,1341
2026-06-08,pricing,paid_search,mobile,175,115,33,10,0,0,1,1976
2026-06-08,pricing,paid_social,desktop,106,46,33,12,0,0,1,1323
2026-06-08,pricing,paid_social,mobile,158,68,47,17,0,0,0,1777
2026-06-08,pricing,organic,desktop,311,125,91,35,0,0,4,1397
2026-06-08,pricing,organic,mobile,175,74,42,21,0,0,0,2147
2026-06-08,pricing,webinar,desktop,74,24,23,6,0,0,0,1321
2026-06-08,pricing,webinar,mobile,36,16,13,5,0,0,0,2269
2026-06-08,pricing,partner,desktop,32,18,6,3,0,0,0,1124
2026-06-08,pricing,partner,mobile,23,13,4,2,0,0,0,1964
2026-06-08,pricing,email,desktop,58,25,15,9,0,0,0,1260
2026-06-08,pricing,email,mobile,38,19,11,4,0,0,0,1718
2026-06-08,demo,paid_search,desktop,246,62,77,21,73,45,2,1428
2026-06-08,demo,paid_search,mobile,172,71,47,20,57,18,5,4388
2026-06-08,demo,paid_social,desktop,73,17,21,6,22,14,1,1539
2026-06-08,demo,paid_social,mobile,106,49,26,13,39,15,3,4462
2026-06-08,demo,organic,desktop,270,78,82,46,87,52,3,1525
2026-06-08,demo,organic,mobile,120,36,34,11,43,8,3,4419
2026-06-08,demo,webinar,desktop,61,18,16,6,9,7,0,1532
2026-06-08,demo,webinar,mobile,39,13,12,4,14,1,0,4705
2026-06-08,demo,partner,desktop,20,8,8,2,5,4,0,1322
2026-06-08,demo,partner,mobile,17,4,6,1,8,0,3,5488
2026-06-08,demo,email,desktop,44,11,12,7,17,11,0,1507
2026-06-08,demo,email,mobile,36,13,11,9,10,3,0,4737
2026-06-08,features,paid_search,desktop,187,65,49,22,0,0,0,1124
2026-06-08,features,paid_search,mobile,107,40,29,13,0,0,0,1937
2026-06-08,features,paid_social,desktop,80,26,22,11,0,0,0,1312
2026-06-08,features,paid_social,mobile,140,59,38,17,0,0,1,2002
2026-06-08,features,organic,desktop,381,123,102,55,0,0,0,1199
2026-06-08,features,organic,mobile,175,65,37,20,0,0,0,2074
2026-06-08,features,webinar,desktop,89,28,28,10,0,0,0,1392
2026-06-08,features,webinar,mobile,44,21,10,10,0,0,0,2403
2026-06-08,features,partner,desktop,42,17,12,4,0,0,1,1206
2026-06-08,features,partner,mobile,20,6,5,1,0,0,0,1991
2026-06-08,features,email,desktop,65,19,22,4,0,0,0,1410
2026-06-08,features,email,mobile,49,19,13,10,0,0,0,1925
2026-06-08,compare,paid_search,desktop,138,61,28,21,0,0,1,1245
2026-06-08,compare,paid_search,mobile,57,30,8,5,0,0,0,2124
2026-06-08,compare,paid_social,desktop,48,28,8,5,0,0,0,1418
2026-06-08,compare,paid_social,mobile,82,44,18,7,0,0,0,1839
2026-06-08,compare,organic,desktop,180,84,42,32,0,0,0,1281
2026-06-08,compare,organic,mobile,95,42,27,5,0,0,2,1924
2026-06-08,compare,webinar,desktop,34,14,11,1,0,0,0,1422
2026-06-08,compare,webinar,mobile,21,7,7,3,0,0,0,2165
2026-06-08,compare,partner,desktop,21,15,1,1,0,0,0,1278
2026-06-08,compare,partner,mobile,6,4,1,0,0,0,0,2061
2026-06-08,compare,email,desktop,35,16,1,5,0,0,0,1351
2026-06-08,compare,email,mobile,33,18,8,3,0,0,0,1981
2026-06-09,home,paid_search,desktop,349,125,108,49,0,0,3,1271
2026-06-09,home,paid_search,mobile,176,77,49,14,0,0,0,2025
2026-06-09,home,paid_social,desktop,149,58,43,22,0,0,2,1294
2026-06-09,home,paid_social,mobile,320,145,85,48,0,0,3,2274
2026-06-09,home,organic,desktop,579,237,154,64,0,0,3,1217
2026-06-09,home,organic,mobile,278,138,52,35,0,0,1,2211
2026-06-09,home,webinar,desktop,150,59,42,18,0,0,0,1322
2026-06-09,home,webinar,mobile,87,33,25,8,0,0,1,2064
2026-06-09,home,partner,desktop,62,31,12,7,0,0,0,1372
2026-06-09,home,partner,mobile,37,9,11,4,0,0,0,2101
2026-06-09,home,email,desktop,107,36,39,17,0,0,1,1340
2026-06-09,home,email,mobile,80,28,20,11,0,0,0,2291
2026-06-09,pricing,paid_search,desktop,371,219,76,37,0,0,2,1256
2026-06-09,pricing,paid_search,mobile,247,151,29,14,0,0,2,2021
2026-06-09,pricing,paid_social,desktop,84,40,21,10,0,0,0,1353
2026-06-09,pricing,paid_social,mobile,168,67,50,20,0,0,0,2086
2026-06-09,pricing,organic,desktop,320,111,95,34,0,0,2,1402
2026-06-09,pricing,organic,mobile,181,79,51,16,0,0,2,2441
2026-06-09,pricing,webinar,desktop,80,31,22,10,0,0,1,1457
2026-06-09,pricing,webinar,mobile,47,18,11,9,0,0,1,1942
2026-06-09,pricing,partner,desktop,31,11,10,5,0,0,0,1369
2026-06-09,pricing,partner,mobile,22,10,8,2,0,0,0,1796
2026-06-09,pricing,email,desktop,65,22,19,8,0,0,0,1333
2026-06-09,pricing,email,mobile,52,20,16,3,0,0,1,2058
2026-06-09,demo,paid_search,desktop,281,85,87,37,96,64,1,1450
2026-06-09,demo,paid_search,mobile,162,59,48,16,56,13,6,4783
2026-06-09,demo,paid_social,desktop,55,10,23,12,15,7,0,1348
2026-06-09,demo,paid_social,mobile,121,47,25,11,43,8,5,4862
2026-06-09,demo,organic,desktop,237,79,75,27,68,45,1,1526
2026-06-09,demo,organic,mobile,126,43,39,14,45,12,4,5655
2026-06-09,demo,webinar,desktop,45,15,10,9,19,9,1,1543
2026-06-09,demo,webinar,mobile,36,10,10,3,12,5,2,5101
2026-06-09,demo,partner,desktop,29,8,9,4,12,5,1,1499
2026-06-09,demo,partner,mobile,12,6,4,1,4,0,0,4736
2026-06-09,demo,email,desktop,49,21,16,3,15,10,0,1391
2026-06-09,demo,email,mobile,41,16,12,4,20,7,1,5071
2026-06-09,features,paid_search,desktop,173,66,49,25,0,0,0,1127
2026-06-09,features,paid_search,mobile,120,44,31,12,0,0,0,2168
2026-06-09,features,paid_social,desktop,116,40,37,15,0,0,1,1285
2026-06-09,features,paid_social,mobile,169,49,54,21,0,0,1,2060
2026-06-09,features,organic,desktop,256,78,71,28,0,0,3,1188
2026-06-09,features,organic,mobile,191,70,65,10,0,0,0,2132
2026-06-09,features,webinar,desktop,61,18,22,7,0,0,1,1226
2026-06-09,features,webinar,mobile,42,12,15,4,0,0,1,2134
2026-06-09,features,partner,desktop,33,13,8,3,0,0,0,1308
2026-06-09,features,partner,mobile,22,6,6,2,0,0,0,1991
2026-06-09,features,email,desktop,61,28,21,7,0,0,0,1412
2026-06-09,features,email,mobile,42,15,12,4,0,0,0,2062
2026-06-09,compare,paid_search,desktop,181,73,43,28,0,0,1,1354
2026-06-09,compare,paid_search,mobile,74,31,15,14,0,0,1,1926
2026-06-09,compare,paid_social,desktop,51,22,13,3,0,0,0,1273
2026-06-09,compare,paid_social,mobile,83,38,21,12,0,0,1,1939
2026-06-09,compare,organic,desktop,171,75,31,21,0,0,1,1303
2026-06-09,compare,organic,mobile,73,36,16,8,0,0,0,2154
2026-06-09,compare,webinar,desktop,36,18,10,6,0,0,0,1332
2026-06-09,compare,webinar,mobile,19,13,3,3,0,0,0,2379
2026-06-09,compare,partner,desktop,14,10,1,3,0,0,0,1393
2026-06-09,compare,partner,mobile,4,1,3,0,0,0,0,1854
2026-06-09,compare,email,desktop,40,17,6,2,0,0,0,1384
2026-06-09,compare,email,mobile,36,15,10,5,0,0,0,1981
2026-06-10,home,paid_search,desktop,302,106,77,25,0,0,1,1380
2026-06-10,home,paid_search,mobile,193,89,53,20,0,0,0,1817
2026-06-10,home,paid_social,desktop,192,69,56,23,0,0,3,1281
2026-06-10,home,paid_social,mobile,275,107,70,34,0,0,1,2158
2026-06-10,home,organic,desktop,581,228,151,78,0,0,2,1202
2026-06-10,home,organic,mobile,283,111,72,34,0,0,0,2321
2026-06-10,home,webinar,desktop,138,56,33,14,0,0,1,1507
2026-06-10,home,webinar,mobile,57,20,15,2,0,0,0,2087
2026-06-10,home,partner,desktop,49,15,17,3,0,0,0,1381
2026-06-10,home,partner,mobile,41,16,13,4,0,0,0,2249
2026-06-10,home,email,desktop,108,41,32,17,0,0,0,1236
2026-06-10,home,email,mobile,93,47,25,16,0,0,0,1993
2026-06-10,pricing,paid_search,desktop,429,261,76,35,0,0,1,1337
2026-06-10,pricing,paid_search,mobile,215,121,42,12,0,0,0,2347
2026-06-10,pricing,paid_social,desktop,95,36,18,11,0,0,0,1405
2026-06-10,pricing,paid_social,mobile,167,68,41,20,0,0,1,1848
2026-06-10,pricing,organic,desktop,314,160,56,52,0,0,1,1425
2026-06-10,pricing,organic,mobile,135,60,37,13,0,0,0,2296
2026-06-10,pricing,webinar,desktop,82,32,12,4,0,0,1,1004
2026-06-10,pricing,webinar,mobile,40,18,11,4,0,0,1,2227
2026-06-10,pricing,partner,desktop,37,21,6,4,0,0,0,1305
2026-06-10,pricing,partner,mobile,20,8,5,5,0,0,0,2320
2026-06-10,pricing,email,desktop,68,31,13,10,0,0,0,1404
2026-06-10,pricing,email,mobile,46,18,16,8,0,0,0,2196
2026-06-10,demo,paid_search,desktop,216,68,66,29,68,33,0,1420
2026-06-10,demo,paid_search,mobile,114,46,36,11,36,7,5,4945
2026-06-10,demo,paid_social,desktop,78,34,23,10,30,19,0,1229
2026-06-10,demo,paid_social,mobile,110,41,33,14,40,9,6,4183
2026-06-10,demo,organic,desktop,212,58,72,28,65,37,0,1469
2026-06-10,demo,organic,mobile,150,50,51,18,53,13,2,4849
2026-06-10,demo,webinar,desktop,54,12,20,4,22,17,1,1473
2026-06-10,demo,webinar,mobile,29,14,6,3,12,2,0,4629
2026-06-10,demo,partner,desktop,37,17,5,1,10,6,0,1320
2026-06-10,demo,partner,mobile,15,5,7,1,8,2,0,4616
2026-06-10,demo,email,desktop,30,11,8,5,12,5,0,1311
2026-06-10,demo,email,mobile,47,24,5,4,15,2,0,5207
2026-06-10,features,paid_search,desktop,215,80,61,18,0,0,2,1374
2026-06-10,features,paid_search,mobile,83,33,20,16,0,0,1,2193
2026-06-10,features,paid_social,desktop,75,26,16,6,0,0,2,1448
2026-06-10,features,paid_social,mobile,145,51,42,14,0,0,0,1971
2026-06-10,features,organic,desktop,379,130,109,38,0,0,6,1165
2026-06-10,features,organic,mobile,148,60,39,14,0,0,0,2062
2026-06-10,features,webinar,desktop,70,20,26,7,0,0,0,1343
2026-06-10,features,webinar,mobile,42,14,12,6,0,0,0,1983
2026-06-10,features,partner,desktop,35,12,7,4,0,0,0,1187
2026-06-10,features,partner,mobile,19,6,9,4,0,0,0,1961
2026-06-10,features,email,desktop,85,36,22,12,0,0,0,1385
2026-06-10,features,email,mobile,75,26,19,6,0,0,0,2199
2026-06-10,compare,paid_search,desktop,111,47,27,11,0,0,0,1446
2026-06-10,compare,paid_search,mobile,83,41,13,9,0,0,2,2342
2026-06-10,compare,paid_social,desktop,58,32,11,7,0,0,0,1331
2026-06-10,compare,paid_social,mobile,84,39,19,9,0,0,0,1782
2026-06-10,compare,organic,desktop,161,71,49,20,0,0,0,1328
2026-06-10,compare,organic,mobile,79,31,23,16,0,0,0,2114
2026-06-10,compare,webinar,desktop,35,16,12,4,0,0,0,1329
2026-06-10,compare,webinar,mobile,19,8,3,2,0,0,0,1992
2026-06-10,compare,partner,desktop,14,7,3,3,0,0,0,1177
2026-06-10,compare,partner,mobile,12,2,5,3,0,0,0,2144
2026-06-10,compare,email,desktop,33,20,6,3,0,0,0,1142
2026-06-10,compare,email,mobile,10,4,2,2,0,0,0,2265
2026-06-11,home,paid_search,desktop,265,107,77,31,0,0,1,1153
2026-06-11,home,paid_search,mobile,158,77,37,20,0,0,0,1767
2026-06-11,home,paid_social,desktop,169,65,56,23,0,0,0,1343
2026-06-11,home,paid_social,mobile,287,113,77,27,0,0,2,2041
2026-06-11,home,organic,desktop,607,234,165,91,0,0,4,1100
2026-06-11,home,organic,mobile,305,123,84,31,0,0,2,1980
2026-06-11,home,webinar,desktop,110,41,30,10,0,0,0,1370
2026-06-11,home,webinar,mobile,61,20,14,5,0,0,1,2139
2026-06-11,home,partner,desktop,51,20,8,3,0,0,0,1259
2026-06-11,home,partner,mobile,32,14,8,2,0,0,1,2096
2026-06-11,home,email,desktop,87,37,22,11,0,0,1,1278
2026-06-11,home,email,mobile,71,38,19,6,0,0,0,1906
2026-06-11,pricing,paid_search,desktop,404,228,78,27,0,0,0,1136
2026-06-11,pricing,paid_search,mobile,175,104,35,9,0,0,1,2068
2026-06-11,pricing,paid_social,desktop,95,33,18,13,0,0,1,1366
2026-06-11,pricing,paid_social,mobile,160,78,36,18,0,0,0,2044
2026-06-11,pricing,organic,desktop,325,142,94,43,0,0,0,1333
2026-06-11,pricing,organic,mobile,166,75,42,13,0,0,0,2284
2026-06-11,pricing,webinar,desktop,85,37,24,13,0,0,0,1161
2026-06-11,pricing,webinar,mobile,58,23,13,4,0,0,0,2221
2026-06-11,pricing,partner,desktop,27,14,5,4,0,0,0,1135
2026-06-11,pricing,partner,mobile,17,6,5,1,0,0,0,2464
2026-06-11,pricing,email,desktop,66,22,20,8,0,0,0,1245
2026-06-11,pricing,email,mobile,34,10,8,2,0,0,0,2284
2026-06-11,demo,paid_search,desktop,274,91,80,24,83,48,0,1411
2026-06-11,demo,paid_search,mobile,113,46,30,16,36,5,3,4422
2026-06-11,demo,paid_social,desktop,83,30,22,8,28,19,0,1168
2026-06-11,demo,paid_social,mobile,114,39,34,10,47,8,2,4905
2026-06-11,demo,organic,desktop,236,78,70,25,72,41,1,1410
2026-06-11,demo,organic,mobile,111,39,25,19,44,12,2,4900
2026-06-11,demo,webinar,desktop,64,21,19,14,11,7,0,1330
2026-06-11,demo,webinar,mobile,27,13,6,7,19,2,1,4809
2026-06-11,demo,partner,desktop,30,10,4,4,8,5,0,1456
2026-06-11,demo,partner,mobile,10,3,4,1,5,0,0,5152
2026-06-11,demo,email,desktop,54,12,17,9,15,11,0,1398
2026-06-11,demo,email,mobile,37,14,9,6,19,9,0,4082
2026-06-11,features,paid_search,desktop,195,75,59,21,0,0,2,1284
2026-06-11,features,paid_search,mobile,127,50,42,12,0,0,1,1994
2026-06-11,features,paid_social,desktop,98,33,29,19,0,0,0,1323
2026-06-11,features,paid_social,mobile,139,44,43,16,0,0,0,2125
2026-06-11,features,organic,desktop,335,134,97,54,0,0,4,1367
2026-06-11,features,organic,mobile,175,64,48,19,0,0,1,1981
2026-06-11,features,webinar,desktop,73,26,22,6,0,0,1,1225
2026-06-11,features,webinar,mobile,42,15,17,6,0,0,0,2267
2026-06-11,features,partner,desktop,39,11,17,4,0,0,1,1188
2026-06-11,features,partner,mobile,15,4,9,0,0,0,0,2076
2026-06-11,features,email,desktop,49,14,19,4,0,0,0,1300
2026-06-11,features,email,mobile,58,32,9,10,0,0,0,1750
2026-06-11,compare,paid_search,desktop,137,47,47,16,0,0,0,1304
2026-06-11,compare,paid_search,mobile,72,31,19,5,0,0,0,2100
2026-06-11,compare,paid_social,desktop,50,24,12,7,0,0,1,1307
2026-06-11,compare,paid_social,mobile,83,41,20,14,0,0,0,1942
2026-06-11,compare,organic,desktop,143,59,35,20,0,0,1,1176
2026-06-11,compare,organic,mobile,88,44,15,11,0,0,0,1874
2026-06-11,compare,webinar,desktop,40,18,14,5,0,0,0,1417
2026-06-11,compare,webinar,mobile,14,7,3,1,0,0,0,2133
2026-06-11,compare,partner,desktop,23,8,6,2,0,0,0,1227
2026-06-11,compare,partner,mobile,9,1,2,0,0,0,0,1898
2026-06-11,compare,email,desktop,32,14,11,4,0,0,0,1163
2026-06-11,compare,email,mobile,31,14,9,1,0,0,1,2101
2026-06-12,home,paid_search,desktop,297,125,88,30,0,0,0,1289
2026-06-12,home,paid_search,mobile,201,86,48,20,0,0,0,1821
2026-06-12,home,paid_social,desktop,195,78,55,27,0,0,0,1177
2026-06-12,home,paid_social,mobile,267,124,64,33,0,0,1,1961
2026-06-12,home,organic,desktop,523,202,142,74,0,0,2,1385
2026-06-12,home,organic,mobile,300,115,81,44,0,0,2,1948
2026-06-12,home,webinar,desktop,162,70,32,21,0,0,1,1287
2026-06-12,home,webinar,mobile,55,26,12,4,0,0,0,2257
2026-06-12,home,partner,desktop,76,31,14,12,0,0,0,1394
2026-06-12,home,partner,mobile,21,9,6,3,0,0,0,2199
2026-06-12,home,email,desktop,97,37,29,13,0,0,1,1446
2026-06-12,home,email,mobile,84,26,22,6,0,0,0,2132
2026-06-12,pricing,paid_search,desktop,474,271,78,46,0,0,3,1215
2026-06-12,pricing,paid_search,mobile,207,123,43,16,0,0,1,2368
2026-06-12,pricing,paid_social,desktop,113,39,32,18,0,0,0,1348
2026-06-12,pricing,paid_social,mobile,186,67,41,20,0,0,1,1965
2026-06-12,pricing,organic,desktop,309,147,76,36,0,0,1,1352
2026-06-12,pricing,organic,mobile,203,83,49,17,0,0,0,1774
2026-06-12,pricing,webinar,desktop,68,26,24,7,0,0,2,1312
2026-06-12,pricing,webinar,mobile,40,13,17,7,0,0,0,1729
2026-06-12,pricing,partner,desktop,47,21,14,8,0,0,0,1214
2026-06-12,pricing,partner,mobile,15,6,6,1,0,0,0,1994
2026-06-12,pricing,email,desktop,64,24,16,7,0,0,1,1177
2026-06-12,pricing,email,mobile,34,12,6,3,0,0,0,2092
2026-06-12,demo,paid_search,desktop,352,102,108,48,105,60,3,1307
2026-06-12,demo,paid_search,mobile,141,60,36,15,47,14,2,4792
2026-06-12,demo,paid_social,desktop,86,32,17,8,29,13,0,1527
2026-06-12,demo,paid_social,mobile,126,48,37,17,50,12,2,4407
2026-06-12,demo,organic,desktop,225,67,79,37,70,45,2,1473
2026-06-12,demo,organic,mobile,154,63,39,12,59,17,6,5638
2026-06-12,demo,webinar,desktop,63,16,26,7,16,10,0,1403
2026-06-12,demo,webinar,mobile,34,14,12,4,9,4,2,4170
2026-06-12,demo,partner,desktop,30,13,6,3,9,6,1,1437
2026-06-12,demo,partner,mobile,14,3,3,1,6,1,1,4695
2026-06-12,demo,email,desktop,38,13,12,2,15,12,1,1551
2026-06-12,demo,email,mobile,46,14,18,5,15,2,0,4341
2026-06-12,features,paid_search,desktop,218,69,60,24,0,0,2,1275
2026-06-12,features,paid_search,mobile,112,43,25,6,0,0,2,2048
2026-06-12,features,paid_social,desktop,95,34,28,12,0,0,0,1279
2026-06-12,features,paid_social,mobile,132,42,36,16,0,0,0,1989
2026-06-12,features,organic,desktop,302,99,94,42,0,0,0,1295
2026-06-12,features,organic,mobile,188,82,44,23,0,0,1,2223
2026-06-12,features,webinar,desktop,66,23,14,2,0,0,0,1295
2026-06-12,features,webinar,mobile,38,16,6,7,0,0,1,2202
2026-06-12,features,partner,desktop,36,10,13,3,0,0,0,1404
2026-06-12,features,partner,mobile,29,13,6,1,0,0,1,2034
2026-06-12,features,email,desktop,54,15,22,7,0,0,0,1116
2026-06-12,features,email,mobile,53,26,14,6,0,0,1,2025
2026-06-12,compare,paid_search,desktop,146,72,30,19,0,0,0,1169
2026-06-12,compare,paid_search,mobile,60,31,15,5,0,0,2,2271
2026-06-12,compare,paid_social,desktop,56,28,14,9,0,0,1,1297
2026-06-12,compare,paid_social,mobile,55,26,14,3,0,0,0,2195
2026-06-12,compare,organic,desktop,147,71,34,27,0,0,0,1358
2026-06-12,compare,organic,mobile,94,50,18,10,0,0,0,2284
2026-06-12,compare,webinar,desktop,41,15,11,3,0,0,0,1395
2026-06-12,compare,webinar,mobile,27,12,5,3,0,0,0,1911
2026-06-12,compare,partner,desktop,15,8,4,1,0,0,0,1209
2026-06-12,compare,partner,mobile,7,3,2,0,0,0,0,2086
2026-06-12,compare,email,desktop,31,16,5,2,0,0,0,1458
2026-06-12,compare,email,mobile,22,14,5,3,0,0,0,1857
2026-06-13,home,paid_search,desktop,137,60,32,20,0,0,2,1296
2026-06-13,home,paid_search,mobile,72,26,24,8,0,0,0,2210
2026-06-13,home,paid_social,desktop,78,28,22,10,0,0,0,1260
2026-06-13,home,paid_social,mobile,113,39,41,12,0,0,0,2383
2026-06-13,home,organic,desktop,227,95,49,23,0,0,2,1222
2026-06-13,home,organic,mobile,115,43,35,12,0,0,1,2032
2026-06-13,home,webinar,desktop,69,33,16,8,0,0,0,1362
2026-06-13,home,webinar,mobile,35,8,14,5,0,0,0,2038
2026-06-13,home,partner,desktop,28,16,7,1,0,0,0,1351
2026-06-13,home,partner,mobile,12,7,1,1,0,0,0,2323
2026-06-13,home,email,desktop,34,11,11,4,0,0,0,1258
2026-06-13,home,email,mobile,42,22,13,3,0,0,0,1679
2026-06-13,pricing,paid_search,desktop,158,100,31,11,0,0,0,1438
2026-06-13,pricing,paid_search,mobile,79,41,12,5,0,0,0,2319
2026-06-13,pricing,paid_social,desktop,43,17,14,3,0,0,0,1105
2026-06-13,pricing,paid_social,mobile,72,35,20,7,0,0,0,2082
2026-06-13,pricing,organic,desktop,133,54,34,17,0,0,0,1302
2026-06-13,pricing,organic,mobile,61,22,17,8,0,0,0,2026
2026-06-13,pricing,webinar,desktop,23,4,10,3,0,0,0,1335
2026-06-13,pricing,webinar,mobile,14,8,1,0,0,0,0,2104
2026-06-13,pricing,partner,desktop,18,4,4,3,0,0,0,1287
2026-06-13,pricing,partner,mobile,7,5,1,0,0,0,0,2142
2026-06-13,pricing,email,desktop,20,6,4,2,0,0,0,1491
2026-06-13,pricing,email,mobile,28,8,9,5,0,0,0,1954
2026-06-13,demo,paid_search,desktop,97,26,35,11,31,20,0,1311
2026-06-13,demo,paid_search,mobile,61,22,19,10,22,6,1,5118
2026-06-13,demo,paid_social,desktop,28,12,7,2,11,7,0,1484
2026-06-13,demo,paid_social,mobile,36,7,11,5,14,4,1,4359
2026-06-13,demo,organic,desktop,104,31,34,12,33,19,1,1316
2026-06-13,demo,organic,mobile,47,19,11,9,18,1,5,4613
2026-06-13,demo,webinar,desktop,17,6,7,3,6,6,0,1331
2026-06-13,demo,webinar,mobile,11,4,4,0,2,1,1,4373
2026-06-13,demo,partner,desktop,12,2,4,1,4,2,0,1557
2026-06-13,demo,partner,mobile,5,0,4,2,1,0,0,4513
2026-06-13,demo,email,desktop,23,6,10,3,10,7,1,1431
2026-06-13,demo,email,mobile,30,12,10,5,16,2,2,4789
2026-06-13,features,paid_search,desktop,77,31,23,8,0,0,0,1307
2026-06-13,features,paid_search,mobile,54,17,19,8,0,0,0,2155
2026-06-13,features,paid_social,desktop,18,5,6,1,0,0,0,1233
2026-06-13,features,paid_social,mobile,63,21,17,10,0,0,0,2109
2026-06-13,features,organic,desktop,138,51,43,17,0,0,0,1066
2026-06-13,features,organic,mobile,64,23,15,3,0,0,0,1881
2026-06-13,features,webinar,desktop,32,12,11,3,0,0,0,1317
2026-06-13,features,webinar,mobile,15,5,5,2,0,0,0,2048
2026-06-13,features,partner,desktop,16,5,5,2,0,0,0,1169
2026-06-13,features,partner,mobile,10,4,2,2,0,0,0,2028
2026-06-13,features,email,desktop,20,12,4,2,0,0,0,1389
2026-06-13,features,email,mobile,20,8,3,3,0,0,0,2445
2026-06-13,compare,paid_search,desktop,60,29,11,9,0,0,0,1143
2026-06-13,compare,paid_search,mobile,37,18,7,4,0,0,0,1899
2026-06-13,compare,paid_social,desktop,19,9,2,1,0,0,0,1497
2026-06-13,compare,paid_social,mobile,24,13,2,3,0,0,0,2069
2026-06-13,compare,organic,desktop,77,34,17,9,0,0,1,1363
2026-06-13,compare,organic,mobile,35,23,7,1,0,0,0,2134
2026-06-13,compare,webinar,desktop,16,9,0,2,0,0,0,1338
2026-06-13,compare,webinar,mobile,7,6,1,1,0,0,0,1933
2026-06-13,compare,partner,desktop,11,6,2,1,0,0,0,1303
2026-06-13,compare,partner,mobile,2,1,0,0,0,0,0,2054
2026-06-13,compare,email,desktop,15,9,2,1,0,0,1,1383
2026-06-13,compare,email,mobile,14,11,2,2,0,0,0,2361
2026-06-14,home,paid_search,desktop,144,49,44,15,0,0,0,1236
2026-06-14,home,paid_search,mobile,74,34,14,9,0,0,0,2159
2026-06-14,home,paid_social,desktop,74,27,23,3,0,0,0,1311
2026-06-14,home,paid_social,mobile,122,42,33,12,0,0,0,2169
2026-06-14,home,organic,desktop,233,95,62,31,0,0,0,1338
2026-06-14,home,organic,mobile,122,50,29,7,0,0,1,2256
2026-06-14,home,webinar,desktop,46,17,16,3,0,0,0,1241
2026-06-14,home,webinar,mobile,33,12,11,7,0,0,0,1814
2026-06-14,home,partner,desktop,31,13,8,0,0,0,0,1227
2026-06-14,home,partner,mobile,9,5,1,2,0,0,0,2016
2026-06-14,home,email,desktop,45,20,13,5,0,0,0,1422
2026-06-14,home,email,mobile,35,13,10,3,0,0,0,2231
2026-06-14,pricing,paid_search,desktop,168,106,26,15,0,0,0,1476
2026-06-14,pricing,paid_search,mobile,77,46,18,8,0,0,0,2096
2026-06-14,pricing,paid_social,desktop,38,16,10,4,0,0,0,1395
2026-06-14,pricing,paid_social,mobile,64,27,21,0,0,0,1,2105
2026-06-14,pricing,organic,desktop,128,35,47,20,0,0,0,1206
2026-06-14,pricing,organic,mobile,68,32,15,11,0,0,0,1936
2026-06-14,pricing,webinar,desktop,22,8,6,3,0,0,0,979
2026-06-14,pricing,webinar,mobile,12,5,3,0,0,0,0,2181
2026-06-14,pricing,partner,desktop,12,3,5,4,0,0,0,1459
2026-06-14,pricing,partner,mobile,8,3,2,1,0,0,0,2216
2026-06-14,pricing,email,desktop,29,10,7,6,0,0,0,1336
2026-06-14,pricing,email,mobile,15,10,4,1,0,0,0,2283
2026-06-14,demo,paid_search,desktop,111,34,37,18,30,24,0,1293
2026-06-14,demo,paid_search,mobile,54,19,17,7,19,3,2,4847
2026-06-14,demo,paid_social,desktop,32,10,12,3,6,1,1,1371
2026-06-14,demo,paid_social,mobile,51,17,17,2,20,4,4,5011
2026-06-14,demo,organic,desktop,122,43,44,13,31,22,1,1349
2026-06-14,demo,organic,mobile,46,19,14,7,20,5,2,5488
2026-06-14,demo,webinar,desktop,19,8,6,3,9,5,0,1562
2026-06-14,demo,webinar,mobile,9,5,0,0,1,0,1,4213
2026-06-14,demo,partner,desktop,7,2,4,1,3,3,0,1638
2026-06-14,demo,partner,mobile,9,6,1,3,2,0,1,4889
2026-06-14,demo,email,desktop,18,5,4,2,4,2,0,1414
2026-06-14,demo,email,mobile,17,5,8,1,7,1,2,5034
2026-06-14,features,paid_search,desktop,67,23,18,11,0,0,0,1391
2026-06-14,features,paid_search,mobile,32,14,13,4,0,0,1,1875
2026-06-14,features,paid_social,desktop,48,20,15,6,0,0,0,1396
2026-06-14,features,paid_social,mobile,62,27,17,11,0,0,0,2039
2026-06-14,features,organic,desktop,127,43,42,14,0,0,1,1527
2026-06-14,features,organic,mobile,66,21,22,9,0,0,1,1732
2026-06-14,features,webinar,desktop,32,16,4,6,0,0,0,1275
2026-06-14,features,webinar,mobile,11,2,6,1,0,0,1,1983
2026-06-14,features,partner,desktop,12,7,3,2,0,0,0,1321
2026-06-14,features,partner,mobile,4,1,0,0,0,0,0,2060
2026-06-14,features,email,desktop,34,13,14,2,0,0,0,1251
2026-06-14,features,email,mobile,18,8,7,1,0,0,0,1816
2026-06-14,compare,paid_search,desktop,52,27,12,5,0,0,1,1255
2026-06-14,compare,paid_search,mobile,29,16,2,2,0,0,0,2230
2026-06-14,compare,paid_social,desktop,20,9,7,1,0,0,0,1341
2026-06-14,compare,paid_social,mobile,22,9,8,4,0,0,0,2073
2026-06-14,compare,organic,desktop,58,23,13,7,0,0,1,1229
2026-06-14,compare,organic,mobile,27,14,6,6,0,0,0,1979
2026-06-14,compare,webinar,desktop,11,4,5,1,0,0,0,1200
2026-06-14,compare,webinar,mobile,10,4,4,1,0,0,0,2020
2026-06-14,compare,partner,desktop,9,5,3,1,0,0,0,1334
2026-06-14,compare,partner,mobile,2,0,1,1,0,0,0,2140
2026-06-14,compare,email,desktop,19,5,5,1,0,0,0,1229
2026-06-14,compare,email,mobile,12,6,3,1,0,0,0,1877
2026-06-15,home,paid_search,desktop,335,149,85,37,0,0,1,1456
2026-06-15,home,paid_search,mobile,172,81,40,16,0,0,0,2022
2026-06-15,home,paid_social,desktop,207,80,47,30,0,0,4,1203
2026-06-15,home,paid_social,mobile,254,95,73,31,0,0,2,2126
2026-06-15,home,organic,desktop,660,247,178,74,0,0,2,1259
2026-06-15,home,organic,mobile,315,143,83,40,0,0,2,2303
2026-06-15,home,webinar,desktop,113,34,35,6,0,0,0,1223
2026-06-15,home,webinar,mobile,69,22,16,13,0,0,0,1911
2026-06-15,home,partner,desktop,59,24,18,9,0,0,0,1295
2026-06-15,home,partner,mobile,40,18,8,8,0,0,0,2075
2026-06-15,home,email,desktop,120,40,36,13,0,0,1,1235
2026-06-15,home,email,mobile,100,46,24,9,0,0,0,2025
2026-06-15,pricing,paid_search,desktop,486,287,81,47,0,0,2,1354
2026-06-15,pricing,paid_search,mobile,216,133,39,14,0,0,1,2298
2026-06-15,pricing,paid_social,desktop,89,25,18,10,0,0,0,1170
2026-06-15,pricing,paid_social,mobile,164,67,46,20,0,0,1,2056
2026-06-15,pricing,organic,desktop,353,134,90,43,0,0,1,1367
2026-06-15,pricing,organic,mobile,143,60,36,22,0,0,0,2261
2026-06-15,pricing,webinar,desktop,61,21,13,8,0,0,0,1428
2026-06-15,pricing,webinar,mobile,32,14,5,4,0,0,0,1872
2026-06-15,pricing,partner,desktop,42,20,8,6,0,0,0,1275
2026-06-15,pricing,partner,mobile,15,8,3,2,0,0,0,2162
2026-06-15,pricing,email,desktop,56,29,12,7,0,0,1,1186
2026-06-15,pricing,email,mobile,50,18,12,7,0,0,0,2104
2026-06-15,demo,paid_search,desktop,221,69,72,20,59,35,0,1210
2026-06-15,demo,paid_search,mobile,153,56,45,19,43,7,4,4410
2026-06-15,demo,paid_social,desktop,69,16,26,6,20,14,0,1208
2026-06-15,demo,paid_social,mobile,120,44,30,16,40,5,4,4513
2026-06-15,demo,organic,desktop,255,65,84,25,76,44,4,1092
2026-06-15,demo,organic,mobile,156,52,49,16,43,9,4,5094
2026-06-15,demo,webinar,desktop,50,16,15,4,11,6,0,1423
2026-06-15,demo,webinar,mobile,32,14,8,3,12,5,2,4738
2026-06-15,demo,partner,desktop,27,8,8,3,8,7,0,1279
2026-06-15,demo,partner,mobile,16,12,1,1,5,1,1,3976
2026-06-15,demo,email,desktop,52,10,10,1,23,15,0,1437
2026-06-15,demo,email,mobile,37,14,9,6,21,4,0,4401
2026-06-15,features,paid_search,desktop,201,60,61,28,0,0,2,1276
2026-06-15,features,paid_search,mobile,112,41,27,17,0,0,0,2221
2026-06-15,features,paid_social,desktop,86,31,21,7,0,0,0,1112
2026-06-15,features,paid_social,mobile,163,78,38,14,0,0,1,2113
2026-06-15,features,organic,desktop,326,126,91,43,0,0,1,1296
2026-06-15,features,organic,mobile,180,57,54,21,0,0,1,2690
2026-06-15,features,webinar,desktop,84,34,16,11,0,0,0,1241
2026-06-15,features,webinar,mobile,43,15,12,3,0,0,0,1742
2026-06-15,features,partner,desktop,41,12,17,6,0,0,0,1229
2026-06-15,features,partner,mobile,21,12,2,1,0,0,0,1808
2026-06-15,features,email,desktop,61,24,17,9,0,0,0,1441
2026-06-15,features,email,mobile,47,18,8,4,0,0,0,2364
2026-06-15,compare,paid_search,desktop,130,51,37,15,0,0,1,1272
2026-06-15,compare,paid_search,mobile,66,30,16,10,0,0,2,2186
2026-06-15,compare,paid_social,desktop,58,27,17,9,0,0,0,1319
2026-06-15,compare,paid_social,mobile,87,42,15,7,0,0,1,2068
2026-06-15,compare,organic,desktop,166,82,43,19,0,0,0,1165
2026-06-15,compare,organic,mobile,90,46,21,8,0,0,0,2205
2026-06-15,compare,webinar,desktop,43,22,10,5,0,0,1,1317
2026-06-15,compare,webinar,mobile,18,10,4,1,0,0,0,2511
2026-06-15,compare,partner,desktop,20,10,3,0,0,0,0,1292
2026-06-15,compare,partner,mobile,9,5,1,3,0,0,0,2175
2026-06-15,compare,email,desktop,37,12,14,8,0,0,0,1319
2026-06-15,compare,email,mobile,29,14,7,2,0,0,0,2014
2026-06-16,home,paid_search,desktop,293,128,77,33,0,0,0,1317
2026-06-16,home,paid_search,mobile,201,86,53,19,0,0,1,2067
2026-06-16,home,paid_social,desktop,184,67,59,20,0,0,0,1170
2026-06-16,home,paid_social,mobile,305,160,67,35,0,0,1,2276
2026-06-16,home,organic,desktop,555,197,146,66,0,0,1,1240
2026-06-16,home,organic,mobile,270,115,62,29,0,0,2,2237
2026-06-16,home,webinar,desktop,129,54,39,16,0,0,1,1300
2026-06-16,home,webinar,mobile,67,26,17,6,0,0,1,2160
2026-06-16,home,partner,desktop,63,26,15,4,0,0,0,1316
2026-06-16,home,partner,mobile,44,25,10,7,0,0,0,2337
2026-06-16,home,email,desktop,85,34,24,11,0,0,1,1434
2026-06-16,home,email,mobile,69,30,16,11,0,0,0,2110
2026-06-16,pricing,paid_search,desktop,467,279,81,34,0,0,1,1396
2026-06-16,pricing,paid_search,mobile,203,117,37,18,0,0,1,2117
2026-06-16,pricing,paid_social,desktop,134,59,39,28,0,0,2,1334
2026-06-16,pricing,paid_social,mobile,140,60,46,16,0,0,0,2432
2026-06-16,pricing,organic,desktop,290,126,71,30,0,0,2,1279
2026-06-16,pricing,organic,mobile,201,84,51,24,0,0,1,2272
2026-06-16,pricing,webinar,desktop,72,31,14,8,0,0,0,1353
2026-06-16,pricing,webinar,mobile,36,15,9,1,0,0,0,2089
2026-06-16,pricing,partner,desktop,27,9,10,3,0,0,0,1325
2026-06-16,pricing,partner,mobile,24,7,5,4,0,0,0,2141
2026-06-16,pricing,email,desktop,68,25,16,11,0,0,0,1327
2026-06-16,pricing,email,mobile,50,19,13,10,0,0,0,2164
2026-06-16,demo,paid_search,desktop,275,78,97,31,80,49,0,1419
2026-06-16,demo,paid_search,mobile,148,46,40,19,56,14,4,4933
2026-06-16,demo,paid_social,desktop,86,22,28,13,27,14,0,1512
2026-06-16,demo,paid_social,mobile,101,29,30,10,34,6,4,5198
2026-06-16,demo,organic,desktop,255,70,85,27,77,43,1,1471
2026-06-16,demo,organic,mobile,119,42,39,15,49,11,2,5466
2026-06-16,demo,webinar,desktop,56,18,18,7,11,9,0,1366
2026-06-16,demo,webinar,mobile,29,9,7,5,11,1,1,4381
2026-06-16,demo,partner,desktop,24,4,7,4,10,4,0,1411
2026-06-16,demo,partner,mobile,16,7,3,3,7,2,0,4545
2026-06-16,demo,email,desktop,48,13,16,8,15,10,0,1547
2026-06-16,demo,email,mobile,41,19,13,5,16,3,2,3769
2026-06-16,features,paid_search,desktop,188,67,54,31,0,0,1,1246
2026-06-16,features,paid_search,mobile,113,32,36,11,0,0,0,1793
2026-06-16,features,paid_social,desktop,94,30,31,18,0,0,0,1320
2026-06-16,features,paid_social,mobile,142,51,42,13,0,0,0,1909
2026-06-16,features,organic,desktop,347,150,86,37,0,0,0,1305
2026-06-16,features,organic,mobile,173,59,52,24,0,0,0,2361
2026-06-16,features,webinar,desktop,101,31,36,10,0,0,0,1290
2026-06-16,features,webinar,mobile,36,13,13,3,0,0,0,2277
2026-06-16,features,partner,desktop,42,12,14,3,0,0,0,1413
2026-06-16,features,partner,mobile,18,6,6,1,0,0,0,2251
2026-06-16,features,email,desktop,82,34,23,9,0,0,1,1122
2026-06-16,features,email,mobile,55,21,19,4,0,0,0,2341
2026-06-16,compare,paid_search,desktop,151,75,35,14,0,0,0,1270
2026-06-16,compare,paid_search,mobile,91,35,27,9,0,0,0,2202
2026-06-16,compare,paid_social,desktop,48,22,14,8,0,0,0,1319
2026-06-16,compare,paid_social,mobile,81,37,12,12,0,0,1,1967
2026-06-16,compare,organic,desktop,182,88,38,19,0,0,0,1203
2026-06-16,compare,organic,mobile,75,42,17,12,0,0,0,2486
2026-06-16,compare,webinar,desktop,40,19,9,1,0,0,0,1191
2026-06-16,compare,webinar,mobile,24,7,6,2,0,0,1,2105
2026-06-16,compare,partner,desktop,22,8,4,3,0,0,0,1495
2026-06-16,compare,partner,mobile,5,4,1,1,0,0,0,2012
2026-06-16,compare,email,desktop,38,16,8,7,0,0,0,1455
2026-06-16,compare,email,mobile,22,13,2,3,0,0,0,2200
2026-06-17,home,paid_search,desktop,337,125,98,40,0,0,0,1451
2026-06-17,home,paid_search,mobile,164,74,43,20,0,0,0,2402
2026-06-17,home,paid_social,desktop,178,71,47,18,0,0,0,1302
2026-06-17,home,paid_social,mobile,250,105,69,41,0,0,0,1726
2026-06-17,home,organic,desktop,556,211,164,57,0,0,2,1091
2026-06-17,home,organic,mobile,349,153,94,43,0,0,2,2127
2026-06-17,home,webinar,desktop,143,46,56,22,0,0,0,1230
2026-06-17,home,webinar,mobile,59,26,12,8,0,0,0,2048
2026-06-17,home,partner,desktop,63,28,14,10,0,0,1,1392
2026-06-17,home,partner,mobile,42,19,9,4,0,0,0,1822
2026-06-17,home,email,desktop,119,54,34,15,0,0,0,1262
2026-06-17,home,email,mobile,91,40,24,11,0,0,0,1795
2026-06-17,pricing,paid_search,desktop,443,248,91,38,0,0,3,1111
2026-06-17,pricing,paid_search,mobile,200,117,35,11,0,0,1,2249
2026-06-17,pricing,paid_social,desktop,102,37,28,6,0,0,0,1337
2026-06-17,pricing,paid_social,mobile,170,76,40,14,0,0,5,1809
2026-06-17,pricing,organic,desktop,367,155,93,39,0,0,0,1360
2026-06-17,pricing,organic,mobile,183,84,42,15,0,0,0,1632
2026-06-17,pricing,webinar,desktop,69,27,24,4,0,0,0,1223
2026-06-17,pricing,webinar,mobile,44,19,12,5,0,0,0,2313
2026-06-17,pricing,partner,desktop,40,18,12,1,0,0,0,1165
2026-06-17,pricing,partner,mobile,15,7,4,2,0,0,0,2153
2026-06-17,pricing,email,desktop,63,29,12,8,0,0,0,1357
2026-06-17,pricing,email,mobile,46,20,13,3,0,0,0,1996
2026-06-17,demo,paid_search,desktop,283,97,77,42,83,59,2,1345
2026-06-17,demo,paid_search,mobile,134,53,32,20,48,5,7,4409
2026-06-17,demo,paid_social,desktop,91,29,28,15,27,15,0,1499
2026-06-17,demo,paid_social,mobile,103,45,27,7,37,7,4,4511
2026-06-17,demo,organic,desktop,264,74,89,36,71,50,2,1322
2026-06-17,demo,organic,mobile,164,61,47,15,57,14,2,4416
2026-06-17,demo,webinar,desktop,61,16,21,8,17,9,1,1694
2026-06-17,demo,webinar,mobile,34,14,9,6,12,5,0,5426
2026-06-17,demo,partner,desktop,31,8,5,6,9,4,0,1448
2026-06-17,demo,partner,mobile,10,5,0,0,7,1,0,4889
2026-06-17,demo,email,desktop,39,10,15,4,13,9,0,1560
2026-06-17,demo,email,mobile,28,7,12,4,6,2,1,4519
2026-06-17,features,paid_search,desktop,156,50,54,22,0,0,1,1193
2026-06-17,features,paid_search,mobile,106,36,30,15,0,0,1,2296
2026-06-17,features,paid_social,desktop,126,37,40,10,0,0,0,1500
2026-06-17,features,paid_social,mobile,151,56,40,12,0,0,0,1993
2026-06-17,features,organic,desktop,303,99,84,27,0,0,0,1336
2026-06-17,features,organic,mobile,198,96,43,31,0,0,0,2203
2026-06-17,features,webinar,desktop,80,30,22,9,0,0,0,1320
2026-06-17,features,webinar,mobile,40,18,14,6,0,0,0,2178
2026-06-17,features,partner,desktop,38,19,14,4,0,0,0,1287
2026-06-17,features,partner,mobile,25,7,11,4,0,0,0,1667
2026-06-17,features,email,desktop,48,13,16,7,0,0,0,1291
2026-06-17,features,email,mobile,60,22,22,7,0,0,1,2233
2026-06-17,compare,paid_search,desktop,145,76,27,16,0,0,1,1354
2026-06-17,compare,paid_search,mobile,85,34,30,12,0,0,0,2026
2026-06-17,compare,paid_social,desktop,39,15,5,6,0,0,0,1407
2026-06-17,compare,paid_social,mobile,77,35,21,9,0,0,0,2104
2026-06-17,compare,organic,desktop,176,84,40,22,0,0,0,1342
2026-06-17,compare,organic,mobile,99,48,20,8,0,0,0,2000
2026-06-17,compare,webinar,desktop,31,16,5,4,0,0,0,1259
2026-06-17,compare,webinar,mobile,12,5,4,0,0,0,0,2146
2026-06-17,compare,partner,desktop,18,4,8,1,0,0,0,1306
2026-06-17,compare,partner,mobile,10,3,6,1,0,0,0,2047
2026-06-17,compare,email,desktop,34,17,9,7,0,0,1,1249
2026-06-17,compare,email,mobile,31,12,10,4,0,0,0,1712
2026-06-18,home,paid_search,desktop,393,163,112,52,0,0,0,1172
2026-06-18,home,paid_search,mobile,185,78,55,28,0,0,0,2078
2026-06-18,home,paid_social,desktop,178,56,60,20,0,0,0,1287
2026-06-18,home,paid_social,mobile,280,109,74,29,0,0,1,2162
2026-06-18,home,organic,desktop,664,241,191,101,0,0,2,1432
2026-06-18,home,organic,mobile,301,123,79,36,0,0,1,2016
2026-06-18,home,webinar,desktop,110,41,32,11,0,0,2,1171
2026-06-18,home,webinar,mobile,66,28,20,5,0,0,0,2349
2026-06-18,home,partner,desktop,70,24,19,9,0,0,0,1346
2026-06-18,home,partner,mobile,45,19,10,6,0,0,1,2005
2026-06-18,home,email,desktop,111,52,27,12,0,0,0,1117
2026-06-18,home,email,mobile,101,37,29,9,0,0,0,2500
2026-06-18,pricing,paid_search,desktop,423,244,94,35,0,0,4,1275
2026-06-18,pricing,paid_search,mobile,198,115,42,14,0,0,0,2166
2026-06-18,pricing,paid_social,desktop,109,36,35,12,0,0,1,1202
2026-06-18,pricing,paid_social,mobile,158,69,40,15,0,0,0,1917
2026-06-18,pricing,organic,desktop,347,141,94,44,0,0,1,1430
2026-06-18,pricing,organic,mobile,170,57,59,16,0,0,0,2022
2026-06-18,pricing,webinar,desktop,67,31,15,7,0,0,0,1241
2026-06-18,pricing,webinar,mobile,39,14,9,3,0,0,1,2107
2026-06-18,pricing,partner,desktop,44,13,14,6,0,0,0,1304
2026-06-18,pricing,partner,mobile,23,7,7,4,0,0,0,2278
2026-06-18,pricing,email,desktop,74,32,20,9,0,0,0,1287
2026-06-18,pricing,email,mobile,48,26,9,8,0,0,1,2201
2026-06-18,demo,paid_search,desktop,224,57,79,34,64,40,1,1324
2026-06-18,demo,paid_search,mobile,119,47,34,13,41,8,5,4437
2026-06-18,demo,paid_social,desktop,77,29,16,6,22,16,1,1296
2026-06-18,demo,paid_social,mobile,95,36,20,9,30,3,3,4510
2026-06-18,demo,organic,desktop,245,77,72,25,69,40,0,1586
2026-06-18,demo,organic,mobile,151,56,37,10,60,11,4,4587
2026-06-18,demo,webinar,desktop,51,12,19,3,15,8,0,1338
2026-06-18,demo,webinar,mobile,32,9,8,4,14,3,0,5086
2026-06-18,demo,partner,desktop,32,18,8,5,6,5,0,1479
2026-06-18,demo,partner,mobile,11,5,6,1,2,0,0,4379
2026-06-18,demo,email,desktop,47,14,16,5,16,11,0,1375
2026-06-18,demo,email,mobile,28,12,5,2,11,0,0,3841
2026-06-18,features,paid_search,desktop,241,87,64,27,0,0,1,1354
2026-06-18,features,paid_search,mobile,109,43,32,10,0,0,0,2213
2026-06-18,features,paid_social,desktop,81,23,23,13,0,0,1,1367
2026-06-18,features,paid_social,mobile,144,53,29,20,0,0,1,2438
2026-06-18,features,organic,desktop,314,127,80,34,0,0,0,1348
2026-06-18,features,organic,mobile,189,70,55,20,0,0,2,2115
2026-06-18,features,webinar,desktop,75,28,15,10,0,0,1,1318
2026-06-18,features,webinar,mobile,37,17,5,4,0,0,0,2000
2026-06-18,features,partner,desktop,39,16,8,3,0,0,0,1517
2026-06-18,features,partner,mobile,23,9,5,2,0,0,0,2401
2026-06-18,features,email,desktop,67,31,20,13,0,0,1,1242
2026-06-18,features,email,mobile,40,13,9,5,0,0,0,1906
2026-06-18,compare,paid_search,desktop,105,42,32,8,0,0,1,1307
2026-06-18,compare,paid_search,mobile,66,34,16,8,0,0,0,2093
2026-06-18,compare,paid_social,desktop,52,23,13,4,0,0,0,1307
2026-06-18,compare,paid_social,mobile,78,29,22,10,0,0,0,2134
2026-06-18,compare,organic,desktop,142,75,36,15,0,0,0,1121
2026-06-18,compare,organic,mobile,89,39,19,14,0,0,2,2061
2026-06-18,compare,webinar,desktop,45,18,13,3,0,0,0,1314
2026-06-18,compare,webinar,mobile,16,11,2,3,0,0,0,1929
2026-06-18,compare,partner,desktop,26,13,2,1,0,0,0,1428
2026-06-18,compare,partner,mobile,7,2,3,0,0,0,0,2002
2026-06-18,compare,email,desktop,30,14,9,4,0,0,0,1273
2026-06-18,compare,email,mobile,21,8,7,2,0,0,0,2389
2026-06-19,home,paid_search,desktop,327,138,88,43,0,0,1,1129
2026-06-19,home,paid_search,mobile,197,72,59,33,0,0,2,2084
2026-06-19,home,paid_social,desktop,167,54,53,19,0,0,0,1195
2026-06-19,home,paid_social,mobile,243,113,69,27,0,0,0,2163
2026-06-19,home,organic,desktop,629,281,172,98,0,0,3,1348
2026-06-19,home,organic,mobile,379,179,92,31,0,0,4,2107
2026-06-19,home,webinar,desktop,115,49,30,12,0,0,1,1204
2026-06-19,home,webinar,mobile,76,26,20,5,0,0,0,1946
2026-06-19,home,partner,desktop,73,29,17,10,0,0,0,1240
2026-06-19,home,partner,mobile,41,22,7,8,0,0,0,1932
2026-06-19,home,email,desktop,119,60,33,22,0,0,0,1348
2026-06-19,home,email,mobile,108,45,25,15,0,0,0,2005
2026-06-19,pricing,paid_search,desktop,419,234,83,33,0,0,4,1315
2026-06-19,pricing,paid_search,mobile,217,143,34,15,0,0,1,2008
2026-06-19,pricing,paid_social,desktop,94,49,21,8,0,0,1,1428
2026-06-19,pricing,paid_social,mobile,159,68,42,22,0,0,1,2264
2026-06-19,pricing,organic,desktop,324,132,84,43,0,0,2,1292
2026-06-19,pricing,organic,mobile,170,75,44,15,0,0,1,2179
2026-06-19,pricing,webinar,desktop,92,36,28,12,0,0,1,1402
2026-06-19,pricing,webinar,mobile,32,14,10,6,0,0,0,2099
2026-06-19,pricing,partner,desktop,53,15,15,7,0,0,0,1224
2026-06-19,pricing,partner,mobile,21,12,4,4,0,0,0,2210
2026-06-19,pricing,email,desktop,57,18,24,6,0,0,0,1286
2026-06-19,pricing,email,mobile,72,32,19,6,0,0,0,1825
2026-06-19,demo,paid_search,desktop,276,85,86,36,86,46,2,1352
2026-06-19,demo,paid_search,mobile,129,31,40,14,47,14,0,5254
2026-06-19,demo,paid_social,desktop,90,28,27,9,26,17,0,1416
2026-06-19,demo,paid_social,mobile,85,32,28,7,30,7,3,4127
2026-06-19,demo,organic,desktop,279,60,91,35,97,54,2,1325
2026-06-19,demo,organic,mobile,132,49,42,20,54,10,5,4635
2026-06-19,demo,webinar,desktop,53,14,20,11,15,9,1,1282
2026-06-19,demo,webinar,mobile,52,17,12,6,25,6,1,4263
2026-06-19,demo,partner,desktop,26,7,8,1,8,5,0,1173
2026-06-19,demo,partner,mobile,13,6,3,2,2,0,0,4744
2026-06-19,demo,email,desktop,61,11,18,6,21,15,1,1440
2026-06-19,demo,email,mobile,33,14,9,2,12,0,1,3936
2026-06-19,features,paid_search,desktop,193,72,55,28,0,0,0,1504
2026-06-19,features,paid_search,mobile,90,37,20,5,0,0,0,1919
2026-06-19,features,paid_social,desktop,92,24,29,6,0,0,0,1336
2026-06-19,features,paid_social,mobile,147,60,48,15,0,0,2,2182
2026-06-19,features,organic,desktop,321,111,106,37,0,0,1,1151
2026-06-19,features,organic,mobile,184,62,50,30,0,0,0,2056
2026-06-19,features,webinar,desktop,61,26,17,7,0,0,0,1400
2026-06-19,features,webinar,mobile,34,13,8,6,0,0,1,1909
2026-06-19,features,partner,desktop,35,8,14,5,0,0,0,1437
2026-06-19,features,partner,mobile,21,12,3,1,0,0,0,1651
2026-06-19,features,email,desktop,80,29,23,13,0,0,0,1297
2026-06-19,features,email,mobile,51,17,14,7,0,0,0,2191
2026-06-19,compare,paid_search,desktop,144,55,47,15,0,0,0,1247
2026-06-19,compare,paid_search,mobile,85,34,22,10,0,0,0,2236
2026-06-19,compare,paid_social,desktop,49,25,9,4,0,0,0,1236
2026-06-19,compare,paid_social,mobile,80,37,20,5,0,0,1,2111
2026-06-19,compare,organic,desktop,153,77,29,16,0,0,2,1389
2026-06-19,compare,organic,mobile,87,49,16,11,0,0,0,1882
2026-06-19,compare,webinar,desktop,37,17,8,1,0,0,0,1348
2026-06-19,compare,webinar,mobile,13,6,3,1,0,0,0,2005
2026-06-19,compare,partner,desktop,31,20,4,4,0,0,0,1367
2026-06-19,compare,partner,mobile,5,3,1,0,0,0,0,1949
2026-06-19,compare,email,desktop,37,15,13,6,0,0,1,1401
2026-06-19,compare,email,mobile,25,15,5,1,0,0,0,1526
2026-06-20,home,paid_search,desktop,131,41,47,23,0,0,1,1191
2026-06-20,home,paid_search,mobile,78,33,20,8,0,0,0,2435
2026-06-20,home,paid_social,desktop,72,31,23,11,0,0,0,1357
2026-06-20,home,paid_social,mobile,111,38,31,17,0,0,1,1930
2026-06-20,home,organic,desktop,258,104,71,29,0,0,3,1185
2026-06-20,home,organic,mobile,132,60,28,16,0,0,0,2012
2026-06-20,home,webinar,desktop,49,20,13,4,0,0,0,1283
2026-06-20,home,webinar,mobile,30,12,8,3,0,0,0,2058
2026-06-20,home,partner,desktop,22,9,7,2,0,0,0,1423
2026-06-20,home,partner,mobile,10,3,1,2,0,0,0,2451
2026-06-20,home,email,desktop,48,23,12,8,0,0,0,1284
2026-06-20,home,email,mobile,30,8,14,3,0,0,0,2150
2026-06-20,pricing,paid_search,desktop,155,90,27,13,0,0,1,1264
2026-06-20,pricing,paid_search,mobile,71,44,14,3,0,0,0,1933
2026-06-20,pricing,paid_social,desktop,39,20,6,4,0,0,0,1372
2026-06-20,pricing,paid_social,mobile,56,25,14,7,0,0,1,2111
2026-06-20,pricing,organic,desktop,126,46,37,13,0,0,1,1428
2026-06-20,pricing,organic,mobile,71,27,25,9,0,0,0,1980
2026-06-20,pricing,webinar,desktop,35,6,15,2,0,0,0,1296
2026-06-20,pricing,webinar,mobile,20,11,3,3,0,0,0,1853
2026-06-20,pricing,partner,desktop,14,6,5,1,0,0,0,1299
2026-06-20,pricing,partner,mobile,6,5,0,0,0,0,0,2151
2026-06-20,pricing,email,desktop,26,10,8,3,0,0,0,1233
2026-06-20,pricing,email,mobile,12,5,1,0,0,0,0,2114
2026-06-20,demo,paid_search,desktop,99,31,24,13,33,16,0,1433
2026-06-20,demo,paid_search,mobile,74,34,19,11,22,5,4,4104
2026-06-20,demo,paid_social,desktop,18,4,5,4,4,3,0,1255
2026-06-20,demo,paid_social,mobile,26,7,7,4,13,2,2,4750
2026-06-20,demo,organic,desktop,106,30,36,15,37,21,0,1338
2026-06-20,demo,organic,mobile,61,21,18,11,27,3,0,5196
2026-06-20,demo,webinar,desktop,23,7,4,5,3,2,0,1447
2026-06-20,demo,webinar,mobile,7,4,2,1,2,0,1,4862
2026-06-20,demo,partner,desktop,7,4,1,0,6,1,0,1472
2026-06-20,demo,partner,mobile,5,1,2,1,2,0,0,5062
2026-06-20,demo,email,desktop,14,5,5,1,4,2,0,1325
2026-06-20,demo,email,mobile,11,4,2,3,7,2,0,5019
2026-06-20,features,paid_search,desktop,93,37,26,13,0,0,2,1480
2026-06-20,features,paid_search,mobile,31,13,8,4,0,0,0,2229
2026-06-20,features,paid_social,desktop,32,10,10,3,0,0,0,1265
2026-06-20,features,paid_social,mobile,60,20,19,5,0,0,0,1774
2026-06-20,features,organic,desktop,129,38,45,13,0,0,1,1154
2026-06-20,features,organic,mobile,71,31,17,8,0,0,1,2125
2026-06-20,features,webinar,desktop,29,12,6,3,0,0,0,1208
2026-06-20,features,webinar,mobile,13,5,2,1,0,0,0,1891
2026-06-20,features,partner,desktop,22,3,10,1,0,0,0,1383
2026-06-20,features,partner,mobile,9,6,2,1,0,0,0,2294
2026-06-20,features,email,desktop,20,6,4,4,0,0,0,1189
2026-06-20,features,email,mobile,20,9,5,1,0,0,0,2357
2026-06-20,compare,paid_search,desktop,48,21,16,0,0,0,0,1239
2026-06-20,compare,paid_search,mobile,35,14,13,4,0,0,1,2132
2026-06-20,compare,paid_social,desktop,17,8,4,1,0,0,0,1119
2026-06-20,compare,paid_social,mobile,29,14,9,3,0,0,0,2243
2026-06-20,compare,organic,desktop,75,27,25,6,0,0,0,1133
2026-06-20,compare,organic,mobile,30,13,5,7,0,0,0,1841
2026-06-20,compare,webinar,desktop,22,12,4,3,0,0,0,1318
2026-06-20,compare,webinar,mobile,6,2,1,0,0,0,0,1830
2026-06-20,compare,partner,desktop,6,3,0,2,0,0,0,1283
2026-06-20,compare,partner,mobile,7,3,2,1,0,0,0,1868
2026-06-20,compare,email,desktop,13,5,4,0,0,0,0,1399
2026-06-20,compare,email,mobile,13,5,1,3,0,0,0,2235
2026-06-21,home,paid_search,desktop,120,49,36,9,0,0,1,1211
2026-06-21,home,paid_search,mobile,62,32,7,12,0,0,1,2212
2026-06-21,home,paid_social,desktop,60,25,17,5,0,0,1,1219
2026-06-21,home,paid_social,mobile,95,38,23,6,0,0,0,2234
2026-06-21,home,organic,desktop,207,83,66,26,0,0,1,1312
2026-06-21,home,organic,mobile,129,52,30,14,0,0,0,2310
2026-06-21,home,webinar,desktop,51,27,12,5,0,0,0,1231
2026-06-21,home,webinar,mobile,33,14,8,6,0,0,0,2082
2026-06-21,home,partner,desktop,28,14,5,0,0,0,0,1342
2026-06-21,home,partner,mobile,17,9,4,1,0,0,0,2359
2026-06-21,home,email,desktop,38,17,13,3,0,0,0,1307
2026-06-21,home,email,mobile,42,11,11,3,0,0,1,1933
2026-06-21,pricing,paid_search,desktop,158,107,28,9,0,0,0,1118
2026-06-21,pricing,paid_search,mobile,89,54,17,5,0,0,1,2050
2026-06-21,pricing,paid_social,desktop,28,10,5,2,0,0,0,1297
2026-06-21,pricing,paid_social,mobile,48,19,13,4,0,0,0,1742
2026-06-21,pricing,organic,desktop,141,52,36,17,0,0,0,1302
2026-06-21,pricing,organic,mobile,64,29,11,5,0,0,1,2231
2026-06-21,pricing,webinar,desktop,30,10,8,7,0,0,0,1154
2026-06-21,pricing,webinar,mobile,18,6,3,1,0,0,0,1985
2026-06-21,pricing,partner,desktop,15,9,5,2,0,0,0,1061
2026-06-21,pricing,partner,mobile,7,2,2,1,0,0,0,2010
2026-06-21,pricing,email,desktop,24,9,7,4,0,0,0,1229
2026-06-21,pricing,email,mobile,24,13,4,0,0,0,0,2240
2026-06-21,demo,paid_search,desktop,116,29,37,13,33,20,0,1382
2026-06-21,demo,paid_search,mobile,53,15,19,8,24,4,2,4979
2026-06-21,demo,paid_social,desktop,37,15,8,7,12,7,1,1489
2026-06-21,demo,paid_social,mobile,39,16,14,5,13,0,1,5650
2026-06-21,demo,organic,desktop,113,37,33,12,27,17,1,1414
2026-06-21,demo,organic,mobile,50,12,18,6,21,2,1,4423
2026-06-21,demo,webinar,desktop,26,6,9,4,8,7,0,1294
2026-06-21,demo,webinar,mobile,9,5,3,1,2,1,0,4940
2026-06-21,demo,partner,desktop,10,5,0,3,5,3,0,1459
2026-06-21,demo,partner,mobile,6,3,2,0,3,1,0,4906
2026-06-21,demo,email,desktop,16,6,5,4,0,0,0,1321
2026-06-21,demo,email,mobile,26,11,10,4,9,1,0,5347
2026-06-21,features,paid_search,desktop,69,20,25,12,0,0,0,1291
2026-06-21,features,paid_search,mobile,47,17,12,9,0,0,0,1947
2026-06-21,features,paid_social,desktop,37,15,5,1,0,0,0,1437
2026-06-21,features,paid_social,mobile,49,22,12,7,0,0,0,2410
2026-06-21,features,organic,desktop,139,49,37,16,0,0,0,1468
2026-06-21,features,organic,mobile,93,31,38,8,0,0,0,1885
2026-06-21,features,webinar,desktop,29,7,5,3,0,0,0,1489
2026-06-21,features,webinar,mobile,13,6,1,2,0,0,0,2013
2026-06-21,features,partner,desktop,15,6,0,1,0,0,0,1228
2026-06-21,features,partner,mobile,7,3,0,2,0,0,0,2155
2026-06-21,features,email,desktop,24,10,5,5,0,0,1,1267
2026-06-21,features,email,mobile,27,17,5,6,0,0,0,1998
2026-06-21,compare,paid_search,desktop,41,17,11,4,0,0,1,1252
2026-06-21,compare,paid_search,mobile,26,12,4,3,0,0,0,2121
2026-06-21,compare,paid_social,desktop,23,10,5,4,0,0,0,1256
2026-06-21,compare,paid_social,mobile,27,10,7,3,0,0,0,2225
2026-06-21,compare,organic,desktop,66,25,20,11,0,0,1,1281
2026-06-21,compare,organic,mobile,46,26,8,0,0,0,0,1955
2026-06-21,compare,webinar,desktop,22,14,0,3,0,0,0,1173
2026-06-21,compare,webinar,mobile,11,7,0,3,0,0,0,2170
2026-06-21,compare,partner,desktop,7,5,0,1,0,0,0,1312
2026-06-21,compare,partner,mobile,3,3,0,0,0,0,0,2170
2026-06-21,compare,email,desktop,15,6,5,3,0,0,0,1308
2026-06-21,compare,email,mobile,9,4,0,0,0,0,0,2173
2026-06-22,home,paid_search,desktop,308,127,83,48,0,0,1,1227
2026-06-22,home,paid_search,mobile,156,72,34,18,0,0,0,2068
2026-06-22,home,paid_social,desktop,214,70,60,20,0,0,0,1469
2026-06-22,home,paid_social,mobile,241,105,47,28,0,0,0,2145
2026-06-22,home,organic,desktop,515,207,135,74,0,0,3,1413
2026-06-22,home,organic,mobile,317,124,79,41,0,0,2,1878
2026-06-22,home,webinar,desktop,134,55,31,15,0,0,0,1246
2026-06-22,home,webinar,mobile,47,16,16,7,0,0,0,1966
2026-06-22,home,partner,desktop,70,33,17,9,0,0,1,1174
2026-06-22,home,partner,mobile,34,21,6,2,0,0,0,2090
2026-06-22,home,email,desktop,118,49,37,15,0,0,2,1251
2026-06-22,home,email,mobile,75,35,18,7,0,0,0,2066
2026-06-22,pricing,paid_search,desktop,313,194,54,25,0,0,0,1308
2026-06-22,pricing,paid_search,mobile,225,135,45,14,0,0,1,2031
2026-06-22,pricing,paid_social,desktop,114,47,33,16,0,0,1,1347
2026-06-22,pricing,paid_social,mobile,138,61,37,15,0,0,0,2254
2026-06-22,pricing,organic,desktop,332,142,70,37,0,0,2,1109
2026-06-22,pricing,organic,mobile,156,56,46,24,0,0,1,2023
2026-06-22,pricing,webinar,desktop,75,28,26,5,0,0,0,1385
2026-06-22,pricing,webinar,mobile,40,19,13,2,0,0,0,1982
2026-06-22,pricing,partner,desktop,31,16,3,1,0,0,0,1462
2026-06-22,pricing,partner,mobile,26,12,4,2,0,0,0,2370
2026-06-22,pricing,email,desktop,69,26,20,8,0,0,0,1194
2026-06-22,pricing,email,mobile,56,22,16,3,0,0,0,2030
2026-06-22,demo,paid_search,desktop,296,87,100,36,93,61,0,1440
2026-06-22,demo,paid_search,mobile,126,56,35,15,46,16,6,5409
2026-06-22,demo,paid_social,desktop,71,19,19,4,26,14,0,1453
2026-06-22,demo,paid_social,mobile,111,38,34,15,42,14,1,4913
2026-06-22,demo,organic,desktop,192,60,69,22,50,34,0,1427
2026-06-22,demo,organic,mobile,136,52,44,18,49,13,4,4977
2026-06-22,demo,webinar,desktop,68,17,21,7,19,14,0,1403
2026-06-22,demo,webinar,mobile,24,12,3,5,8,1,0,4810
2026-06-22,demo,partner,desktop,22,4,7,4,5,5,0,1380
2026-06-22,demo,partner,mobile,11,1,4,1,8,3,0,4783
2026-06-22,demo,email,desktop,40,14,11,5,10,9,0,1377
2026-06-22,demo,email,mobile,34,11,14,3,11,1,0,5339
2026-06-22,features,paid_search,desktop,179,68,34,21,0,0,0,1374
2026-06-22,features,paid_search,mobile,102,46,24,11,0,0,1,2102
2026-06-22,features,paid_social,desktop,86,30,23,11,0,0,0,1502
2026-06-22,features,paid_social,mobile,140,57,46,14,0,0,1,1792
2026-06-22,features,organic,desktop,308,115,71,30,0,0,1,1262
2026-06-22,features,organic,mobile,149,51,43,14,0,0,0,2107
2026-06-22,features,webinar,desktop,74,20,20,7,0,0,0,1293
2026-06-22,features,webinar,mobile,30,8,11,3,0,0,0,2196
2026-06-22,features,partner,desktop,38,13,12,5,0,0,0,1366
2026-06-22,features,partner,mobile,13,7,4,1,0,0,0,2160
2026-06-22,features,email,desktop,53,22,15,4,0,0,0,1184
2026-06-22,features,email,mobile,57,23,13,5,0,0,0,2261
2026-06-22,compare,paid_search,desktop,145,58,35,19,0,0,1,1242
2026-06-22,compare,paid_search,mobile,86,47,19,12,0,0,0,2099
2026-06-22,compare,paid_social,desktop,67,38,10,10,0,0,1,1346
2026-06-22,compare,paid_social,mobile,79,45,15,10,0,0,0,1711
2026-06-22,compare,organic,desktop,167,72,38,17,0,0,0,1271
2026-06-22,compare,organic,mobile,87,44,21,9,0,0,0,1757
2026-06-22,compare,webinar,desktop,44,13,11,5,0,0,1,1282
2026-06-22,compare,webinar,mobile,14,5,3,4,0,0,0,1762
2026-06-22,compare,partner,desktop,18,5,5,1,0,0,0,1419
2026-06-22,compare,partner,mobile,20,8,10,2,0,0,0,2007
2026-06-22,compare,email,desktop,40,17,13,4,0,0,0,1227
2026-06-22,compare,email,mobile,33,16,7,3,0,0,0,2460
2026-06-23,home,paid_search,desktop,324,126,96,44,0,0,4,1278
2026-06-23,home,paid_search,mobile,182,68,46,20,0,0,1,2236
2026-06-23,home,paid_social,desktop,187,72,58,16,0,0,1,1179
2026-06-23,home,paid_social,mobile,266,101,73,23,0,0,0,1922
2026-06-23,home,organic,desktop,521,189,150,75,0,0,2,1282
2026-06-23,home,organic,mobile,314,130,81,42,0,0,0,1986
2026-06-23,home,webinar,desktop,117,38,39,17,0,0,1,1234
2026-06-23,home,webinar,mobile,64,26,16,7,0,0,0,2067
2026-06-23,home,partner,desktop,64,23,12,6,0,0,0,1217
2026-06-23,home,partner,mobile,46,23,10,5,0,0,0,1823
2026-06-23,home,email,desktop,96,40,23,16,0,0,0,1336
2026-06-23,home,email,mobile,96,45,31,11,0,0,0,2077
2026-06-23,pricing,paid_search,desktop,450,273,91,43,0,0,1,1236
2026-06-23,pricing,paid_search,mobile,214,113,46,16,0,0,0,2376
2026-06-23,pricing,paid_social,desktop,91,41,16,6,0,0,0,1369
2026-06-23,pricing,paid_social,mobile,155,67,38,23,0,0,0,2015
2026-06-23,pricing,organic,desktop,344,135,86,47,0,0,1,1266
2026-06-23,pricing,organic,mobile,196,92,36,21,0,0,1,1706
2026-06-23,pricing,webinar,desktop,74,28,16,4,0,0,0,1195
2026-06-23,pricing,webinar,mobile,48,21,11,8,0,0,0,2140
2026-06-23,pricing,partner,desktop,37,15,10,7,0,0,1,1452
2026-06-23,pricing,partner,mobile,15,4,2,0,0,0,0,1971
2026-06-23,pricing,email,desktop,73,27,19,11,0,0,0,1257
2026-06-23,pricing,email,mobile,41,17,9,5,0,0,0,2094
2026-06-23,demo,paid_search,desktop,283,80,104,32,81,50,2,1421
2026-06-23,demo,paid_search,mobile,148,53,39,19,49,12,6,4352
2026-06-23,demo,paid_social,desktop,69,24,12,8,21,15,0,1256
2026-06-23,demo,paid_social,mobile,106,45,27,9,39,7,4,5763
2026-06-23,demo,organic,desktop,214,58,75,35,64,42,0,1217
2026-06-23,demo,organic,mobile,133,48,40,14,45,11,2,5291
2026-06-23,demo,webinar,desktop,61,23,20,12,25,11,0,1441
2026-06-23,demo,webinar,mobile,28,7,12,2,8,1,1,4757
2026-06-23,demo,partner,desktop,25,11,7,3,4,4,0,1427
2026-06-23,demo,partner,mobile,15,5,4,2,5,2,0,5450
2026-06-23,demo,email,desktop,56,11,19,4,13,8,0,1407
2026-06-23,demo,email,mobile,39,12,14,7,16,4,2,4988
2026-06-23,features,paid_search,desktop,231,75,79,29,0,0,2,1473
2026-06-23,features,paid_search,mobile,99,38,29,14,0,0,0,2262
2026-06-23,features,paid_social,desktop,102,39,23,7,0,0,0,1121
2026-06-23,features,paid_social,mobile,153,57,41,11,0,0,0,1814
2026-06-23,features,organic,desktop,363,127,105,43,0,0,2,1322
2026-06-23,features,organic,mobile,184,70,43,25,0,0,0,1962
2026-06-23,features,webinar,desktop,72,18,24,11,0,0,1,1317
2026-06-23,features,webinar,mobile,33,12,10,5,0,0,1,2156
2026-06-23,features,partner,desktop,31,12,6,4,0,0,0,1480
2026-06-23,features,partner,mobile,18,9,6,3,0,0,0,2039
2026-06-23,features,email,desktop,60,24,13,6,0,0,0,1278
2026-06-23,features,email,mobile,46,17,10,8,0,0,1,1905
2026-06-23,compare,paid_search,desktop,146,82,17,16,0,0,1,1288
2026-06-23,compare,paid_search,mobile,86,42,18,9,0,0,1,1907
2026-06-23,compare,paid_social,desktop,47,21,14,3,0,0,0,1351
2026-06-23,compare,paid_social,mobile,74,35,19,4,0,0,0,2027
2026-06-23,compare,organic,desktop,174,73,40,18,0,0,2,1265
2026-06-23,compare,organic,mobile,86,39,22,6,0,0,0,2229
2026-06-23,compare,webinar,desktop,39,13,12,5,0,0,0,1297
2026-06-23,compare,webinar,mobile,24,8,5,2,0,0,0,2232
2026-06-23,compare,partner,desktop,11,4,5,1,0,0,0,1227
2026-06-23,compare,partner,mobile,9,3,3,1,0,0,0,2227
2026-06-23,compare,email,desktop,39,23,5,4,0,0,0,1185
2026-06-23,compare,email,mobile,28,15,6,2,0,0,0,2243
2026-06-24,home,paid_search,desktop,339,122,98,34,0,0,0,1227
2026-06-24,home,paid_search,mobile,157,62,43,16,0,0,1,1907
2026-06-24,home,paid_social,desktop,164,64,47,18,0,0,1,1315
2026-06-24,home,paid_social,mobile,273,105,75,36,0,0,1,2369
2026-06-24,home,organic,desktop,546,234,146,57,0,0,1,1300
2026-06-24,home,organic,mobile,300,151,67,30,0,0,1,2103
2026-06-24,home,webinar,desktop,143,68,35,17,0,0,0,1157
2026-06-24,home,webinar,mobile,70,34,11,5,0,0,0,2534
2026-06-24,home,partner,desktop,63,25,18,7,0,0,0,1170
2026-06-24,home,partner,mobile,32,19,4,8,0,0,0,2144
2026-06-24,home,email,desktop,101,36,26,15,0,0,0,1330
2026-06-24,home,email,mobile,99,48,29,11,0,0,0,2074
2026-06-24,pricing,paid_search,desktop,470,280,74,42,0,0,1,1355
2026-06-24,pricing,paid_search,mobile,229,157,29,12,0,0,0,2233
2026-06-24,pricing,paid_social,desktop,109,54,23,12,0,0,1,1103
2026-06-24,pricing,paid_social,mobile,172,85,38,15,0,0,1,2379
2026-06-24,pricing,organic,desktop,380,146,105,52,0,0,1,1217
2026-06-24,pricing,organic,mobile,186,86,44,22,0,0,0,2025
2026-06-24,pricing,webinar,desktop,64,26,16,5,0,0,0,1216
2026-06-24,pricing,webinar,mobile,39,14,15,4,0,0,0,1906
2026-06-24,pricing,partner,desktop,38,16,8,7,0,0,0,1431
2026-06-24,pricing,partner,mobile,14,6,5,3,0,0,1,2047
2026-06-24,pricing,email,desktop,62,21,21,7,0,0,0,1388
2026-06-24,pricing,email,mobile,57,20,17,2,0,0,0,2249
2026-06-24,demo,paid_search,desktop,257,90,80,40,64,36,2,1567
2026-06-24,demo,paid_search,mobile,150,54,44,18,61,16,6,4303
2026-06-24,demo,paid_social,desktop,70,20,20,14,19,12,0,1333
2026-06-24,demo,paid_social,mobile,96,34,31,7,37,12,0,4973
2026-06-24,demo,organic,desktop,195,67,57,27,63,41,0,1513
2026-06-24,demo,organic,mobile,147,62,44,22,48,12,6,4433
2026-06-24,demo,webinar,desktop,45,15,17,3,12,8,0,1276
2026-06-24,demo,webinar,mobile,30,17,5,8,13,2,2,5048
2026-06-24,demo,partner,desktop,29,9,7,7,8,5,0,1406
2026-06-24,demo,partner,mobile,12,5,3,0,2,0,0,4528
2026-06-24,demo,email,desktop,50,18,11,6,19,15,0,1236
2026-06-24,demo,email,mobile,50,19,8,5,14,2,2,4398
2026-06-24,features,paid_search,desktop,205,64,53,28,0,0,0,1361
2026-06-24,features,paid_search,mobile,90,32,29,16,0,0,1,2284
2026-06-24,features,paid_social,desktop,95,29,34,19,0,0,2,1408
2026-06-24,features,paid_social,mobile,180,67,50,20,0,0,0,1936
2026-06-24,features,organic,desktop,338,119,113,39,0,0,3,1414
2026-06-24,features,organic,mobile,176,75,49,19,0,0,0,2315
2026-06-24,features,webinar,desktop,74,23,22,11,0,0,2,1339
2026-06-24,features,webinar,mobile,41,16,8,4,0,0,0,2122
2026-06-24,features,partner,desktop,42,15,15,4,0,0,0,1362
2026-06-24,features,partner,mobile,16,9,3,4,0,0,1,1838
2026-06-24,features,email,desktop,65,26,14,3,0,0,1,1115
2026-06-24,features,email,mobile,49,18,14,4,0,0,1,2086
2026-06-24,compare,paid_search,desktop,117,46,34,23,0,0,0,1285
2026-06-24,compare,paid_search,mobile,78,38,16,6,0,0,0,1603
2026-06-24,compare,paid_social,desktop,47,22,10,7,0,0,0,1322
2026-06-24,compare,paid_social,mobile,82,35,23,5,0,0,1,2262
2026-06-24,compare,organic,desktop,177,96,27,15,0,0,0,1440
2026-06-24,compare,organic,mobile,104,50,28,10,0,0,0,2154
2026-06-24,compare,webinar,desktop,45,21,8,6,0,0,0,1245
2026-06-24,compare,webinar,mobile,19,9,3,3,0,0,0,2302
2026-06-24,compare,partner,desktop,17,6,2,1,0,0,0,1423
2026-06-24,compare,partner,mobile,4,4,0,0,0,0,0,2130
2026-06-24,compare,email,desktop,40,20,7,8,0,0,0,1373
2026-06-24,compare,email,mobile,30,12,9,1,0,0,1,2222
2026-06-25,home,paid_search,desktop,345,136,97,37,0,0,0,1519
2026-06-25,home,paid_search,mobile,209,90,56,31,0,0,1,1543
2026-06-25,home,paid_social,desktop,188,72,55,27,0,0,2,1389
2026-06-25,home,paid_social,mobile,263,120,65,26,0,0,1,2067
2026-06-25,home,organic,desktop,524,194,132,60,0,0,1,1306
2026-06-25,home,organic,mobile,303,134,88,22,0,0,1,2234
2026-06-25,home,webinar,desktop,142,58,32,15,0,0,0,1301
2026-06-25,home,webinar,mobile,73,41,8,3,0,0,0,2144
2026-06-25,home,partner,desktop,64,31,16,8,0,0,0,1280
2026-06-25,home,partner,mobile,38,17,6,4,0,0,0,2189
2026-06-25,home,email,desktop,121,49,38,12,0,0,0,1343
2026-06-25,home,email,mobile,90,38,20,6,0,0,1,1940
2026-06-25,pricing,paid_search,desktop,363,214,66,29,0,0,3,1350
2026-06-25,pricing,paid_search,mobile,188,105,31,13,0,0,1,2226
2026-06-25,pricing,paid_social,desktop,89,32,27,12,0,0,1,1328
2026-06-25,pricing,paid_social,mobile,150,74,34,13,0,0,0,2302
2026-06-25,pricing,organic,desktop,321,130,88,38,0,0,4,1289
2026-06-25,pricing,organic,mobile,147,61,34,18,0,0,0,1936
2026-06-25,pricing,webinar,desktop,86,29,22,3,0,0,0,1314
2026-06-25,pricing,webinar,mobile,41,15,10,5,0,0,0,2093
2026-06-25,pricing,partner,desktop,29,11,9,3,0,0,0,1151
2026-06-25,pricing,partner,mobile,23,8,7,4,0,0,0,2218
2026-06-25,pricing,email,desktop,63,27,12,8,0,0,2,1508
2026-06-25,pricing,email,mobile,50,21,13,7,0,0,0,2092
2026-06-25,demo,paid_search,desktop,301,93,90,38,97,49,2,1331
2026-06-25,demo,paid_search,mobile,99,48,24,14,29,5,4,3994
2026-06-25,demo,paid_social,desktop,66,16,18,14,17,10,0,1444
2026-06-25,demo,paid_social,mobile,116,38,35,12,44,12,3,5165
2026-06-25,demo,organic,desktop,248,66,90,30,67,45,2,1363
2026-06-25,demo,organic,mobile,131,52,37,12,46,8,6,4747
2026-06-25,demo,webinar,desktop,56,22,16,5,17,12,1,1206
2026-06-25,demo,webinar,mobile,27,9,6,3,6,1,0,4901
2026-06-25,demo,partner,desktop,33,11,8,1,10,8,0,1272
2026-06-25,demo,partner,mobile,13,7,4,2,4,2,2,5020
2026-06-25,demo,email,desktop,42,13,13,3,16,6,0,1415
2026-06-25,demo,email,mobile,29,13,6,1,7,2,0,4719
2026-06-25,features,paid_search,desktop,216,67,57,22,0,0,1,1421
2026-06-25,features,paid_search,mobile,134,46,40,19,0,0,0,1909
2026-06-25,features,paid_social,desktop,92,29,25,7,0,0,2,1488
2026-06-25,features,paid_social,mobile,156,56,45,18,0,0,0,2178
2026-06-25,features,organic,desktop,346,130,108,46,0,0,1,1298
2026-06-25,features,organic,mobile,177,75,53,28,0,0,1,2007
2026-06-25,features,webinar,desktop,70,24,22,7,0,0,0,1397
2026-06-25,features,webinar,mobile,42,18,10,3,0,0,1,2022
2026-06-25,features,partner,desktop,38,13,10,1,0,0,0,1426
2026-06-25,features,partner,mobile,19,7,5,2,0,0,0,2331
2026-06-25,features,email,desktop,68,23,22,5,0,0,0,1213
2026-06-25,features,email,mobile,46,23,10,7,0,0,1,2183
2026-06-25,compare,paid_search,desktop,150,67,49,19,0,0,1,1146
2026-06-25,compare,paid_search,mobile,78,42,9,11,0,0,0,2282
2026-06-25,compare,paid_social,desktop,47,26,7,7,0,0,0,1342
2026-06-25,compare,paid_social,mobile,65,35,18,9,0,0,0,2073
2026-06-25,compare,organic,desktop,174,87,45,30,0,0,1,1100
2026-06-25,compare,organic,mobile,99,51,20,12,0,0,1,2203
2026-06-25,compare,webinar,desktop,39,20,8,4,0,0,0,1300
2026-06-25,compare,webinar,mobile,17,10,0,2,0,0,0,1917
2026-06-25,compare,partner,desktop,17,5,7,2,0,0,0,1329
2026-06-25,compare,partner,mobile,12,7,2,0,0,0,0,2341
2026-06-25,compare,email,desktop,30,11,11,3,0,0,0,1460
2026-06-25,compare,email,mobile,25,10,8,3,0,0,0,2059
2026-06-26,home,paid_search,desktop,347,140,102,34,0,0,1,1177
2026-06-26,home,paid_search,mobile,214,83,60,24,0,0,1,2271
2026-06-26,home,paid_social,desktop,168,74,40,18,0,0,2,1156
2026-06-26,home,paid_social,mobile,290,135,73,33,0,0,2,1940
2026-06-26,home,organic,desktop,662,280,159,83,0,0,3,1377
2026-06-26,home,organic,mobile,298,124,77,37,0,0,0,2305
2026-06-26,home,webinar,desktop,130,43,37,14,0,0,0,1370
2026-06-26,home,webinar,mobile,89,39,23,5,0,0,0,2064
2026-06-26,home,partner,desktop,59,24,11,9,0,0,1,1370
2026-06-26,home,partner,mobile,34,11,15,2,0,0,0,2296
2026-06-26,home,email,desktop,116,41,30,10,0,0,0,1354
2026-06-26,home,email,mobile,104,56,23,14,0,0,0,1750
2026-06-26,pricing,paid_search,desktop,364,220,62,31,0,0,0,1238
2026-06-26,pricing,paid_search,mobile,209,129,35,14,0,0,1,2263
2026-06-26,pricing,paid_social,desktop,76,26,23,12,0,0,0,1232
2026-06-26,pricing,paid_social,mobile,132,56,24,14,0,0,3,2260
2026-06-26,pricing,organic,desktop,368,121,111,47,0,0,2,1346
2026-06-26,pricing,organic,mobile,185,78,55,22,0,0,0,2161
2026-06-26,pricing,webinar,desktop,61,27,16,6,0,0,0,1429
2026-06-26,pricing,webinar,mobile,40,22,7,3,0,0,0,2063
2026-06-26,pricing,partner,desktop,32,10,7,5,0,0,0,1379
2026-06-26,pricing,partner,mobile,21,5,8,3,0,0,0,2075
2026-06-26,pricing,email,desktop,61,24,15,10,0,0,0,1342
2026-06-26,pricing,email,mobile,47,20,11,5,0,0,0,2261
2026-06-26,demo,paid_search,desktop,235,67,78,29,70,41,4,1307
2026-06-26,demo,paid_search,mobile,147,62,44,20,45,7,6,4893
2026-06-26,demo,paid_social,desktop,59,18,18,7,19,14,0,1283
2026-06-26,demo,paid_social,mobile,122,48,37,16,47,7,2,4660
2026-06-26,demo,organic,desktop,275,85,89,38,77,53,1,1350
2026-06-26,demo,organic,mobile,165,69,44,19,57,13,6,4543
2026-06-26,demo,webinar,desktop,52,14,16,5,22,16,0,1505
2026-06-26,demo,webinar,mobile,26,10,7,2,8,3,0,4808
2026-06-26,demo,partner,desktop,28,7,9,7,11,7,0,1691
2026-06-26,demo,partner,mobile,15,5,4,1,7,0,2,4827
2026-06-26,demo,email,desktop,44,13,14,8,14,6,0,1338
2026-06-26,demo,email,mobile,30,7,13,4,13,5,0,5118
2026-06-26,features,paid_search,desktop,217,78,64,21,0,0,2,1353
2026-06-26,features,paid_search,mobile,119,39,32,17,0,0,1,2271
2026-06-26,features,paid_social,desktop,117,37,41,10,0,0,0,1256
2026-06-26,features,paid_social,mobile,118,52,24,14,0,0,1,2043
2026-06-26,features,organic,desktop,316,82,108,44,0,0,0,1329
2026-06-26,features,organic,mobile,153,54,46,16,0,0,0,2079
2026-06-26,features,webinar,desktop,65,19,20,5,0,0,0,1423
2026-06-26,features,webinar,mobile,36,12,8,7,0,0,0,1911
2026-06-26,features,partner,desktop,36,14,10,5,0,0,0,1395
2026-06-26,features,partner,mobile,18,7,4,2,0,0,0,2442
2026-06-26,features,email,desktop,67,18,25,9,0,0,0,1394
2026-06-26,features,email,mobile,48,15,11,8,0,0,0,2264
2026-06-26,compare,paid_search,desktop,161,83,38,21,0,0,0,1308
2026-06-26,compare,paid_search,mobile,72,30,25,13,0,0,2,1914
2026-06-26,compare,paid_social,desktop,43,19,12,4,0,0,0,1081
2026-06-26,compare,paid_social,mobile,72,35,20,13,0,0,0,2182
2026-06-26,compare,organic,desktop,146,68,32,19,0,0,0,1291
2026-06-26,compare,organic,mobile,95,46,14,9,0,0,1,1894
2026-06-26,compare,webinar,desktop,39,13,11,5,0,0,0,1479
2026-06-26,compare,webinar,mobile,20,7,10,3,0,0,0,2025
2026-06-26,compare,partner,desktop,21,9,5,2,0,0,0,1314
2026-06-26,compare,partner,mobile,8,5,2,1,0,0,0,2132
2026-06-26,compare,email,desktop,23,12,5,1,0,0,0,1379
2026-06-26,compare,email,mobile,17,6,4,1,0,0,0,2186
2026-06-27,home,paid_search,desktop,146,60,34,8,0,0,0,1201
2026-06-27,home,paid_search,mobile,59,29,15,4,0,0,0,1855
2026-06-27,home,paid_social,desktop,55,27,18,11,0,0,0,1293
2026-06-27,home,paid_social,mobile,98,32,31,9,0,0,1,2041
2026-06-27,home,organic,desktop,217,91,55,27,0,0,1,1380
2026-06-27,home,organic,mobile,131,54,33,15,0,0,0,1981
2026-06-27,home,webinar,desktop,54,18,14,8,0,0,0,1329
2026-06-27,home,webinar,mobile,19,8,5,2,0,0,0,2262
2026-06-27,home,partner,desktop,29,10,12,2,0,0,0,1155
2026-06-27,home,partner,mobile,15,7,2,2,0,0,0,2169
2026-06-27,home,email,desktop,43,20,12,6,0,0,1,1317
2026-06-27,home,email,mobile,50,20,14,5,0,0,1,2011
2026-06-27,pricing,paid_search,desktop,183,94,33,23,0,0,0,1131
2026-06-27,pricing,paid_search,mobile,82,47,19,5,0,0,0,1711
2026-06-27,pricing,paid_social,desktop,35,13,6,1,0,0,0,1265
2026-06-27,pricing,paid_social,mobile,55,21,18,4,0,0,1,2135
2026-06-27,pricing,organic,desktop,129,53,41,22,0,0,1,1344
2026-06-27,pricing,organic,mobile,66,24,10,9,0,0,0,2008
2026-06-27,pricing,webinar,desktop,36,21,6,6,0,0,0,1424
2026-06-27,pricing,webinar,mobile,18,8,7,5,0,0,0,2281
2026-06-27,pricing,partner,desktop,9,7,1,1,0,0,0,1255
2026-06-27,pricing,partner,mobile,9,5,1,0,0,0,0,2064
2026-06-27,pricing,email,desktop,29,14,5,5,0,0,0,1285
2026-06-27,pricing,email,mobile,16,4,7,1,0,0,0,2122
2026-06-27,demo,paid_search,desktop,105,31,34,14,29,21,0,1450
2026-06-27,demo,paid_search,mobile,56,17,18,2,22,6,3,5429
2026-06-27,demo,paid_social,desktop,35,8,17,3,12,9,0,1284
2026-06-27,demo,paid_social,mobile,44,12,15,5,19,3,0,4651
2026-06-27,demo,organic,desktop,119,37,35,16,30,20,0,1424
2026-06-27,demo,organic,mobile,45,23,10,7,16,4,2,4463
2026-06-27,demo,webinar,desktop,25,9,6,1,9,6,0,1344
2026-06-27,demo,webinar,mobile,17,7,5,3,6,0,0,5524
2026-06-27,demo,partner,desktop,13,4,5,2,3,3,0,1525
2026-06-27,demo,partner,mobile,8,2,3,2,1,0,0,4968
2026-06-27,demo,email,desktop,16,4,7,2,4,4,0,1385
2026-06-27,demo,email,mobile,15,3,6,2,6,4,0,4461
2026-06-27,features,paid_search,desktop,74,34,21,6,0,0,0,1383
2026-06-27,features,paid_search,mobile,43,16,16,7,0,0,0,2248
2026-06-27,features,paid_social,desktop,39,14,12,3,0,0,0,1224
2026-06-27,features,paid_social,mobile,60,20,20,7,0,0,1,2196
2026-06-27,features,organic,desktop,145,56,36,15,0,0,1,1142
2026-06-27,features,organic,mobile,87,25,36,6,0,0,0,2252
2026-06-27,features,webinar,desktop,27,12,7,2,0,0,0,1186
2026-06-27,features,webinar,mobile,15,7,3,0,0,0,0,2260
2026-06-27,features,partner,desktop,12,6,3,1,0,0,0,1394
2026-06-27,features,partner,mobile,5,1,1,0,0,0,0,2401
2026-06-27,features,email,desktop,24,9,4,3,0,0,1,1385
2026-06-27,features,email,mobile,9,4,4,0,0,0,0,2421
2026-06-27,compare,paid_search,desktop,49,29,6,5,0,0,0,1212
2026-06-27,compare,paid_search,mobile,22,9,7,3,0,0,0,1910
2026-06-27,compare,paid_social,desktop,24,9,6,2,0,0,0,1318
2026-06-27,compare,paid_social,mobile,31,11,4,3,0,0,0,1860
2026-06-27,compare,organic,desktop,70,28,17,9,0,0,1,1571
2026-06-27,compare,organic,mobile,37,22,9,4,0,0,0,2327
2026-06-27,compare,webinar,desktop,15,7,1,1,0,0,0,1224
2026-06-27,compare,webinar,mobile,6,2,1,1,0,0,0,1924
2026-06-27,compare,partner,desktop,7,3,2,0,0,0,0,1299
2026-06-27,compare,partner,mobile,0,0,0,0,0,0,0,2095
2026-06-27,compare,email,desktop,20,6,10,2,0,0,0,1138
2026-06-27,compare,email,mobile,6,2,2,1,0,0,0,2120
2026-06-28,home,paid_search,desktop,133,50,41,15,0,0,2,1325
2026-06-28,home,paid_search,mobile,69,28,14,6,0,0,0,2437
2026-06-28,home,paid_social,desktop,88,36,25,16,0,0,0,1341
2026-06-28,home,paid_social,mobile,99,42,31,9,0,0,1,2281
2026-06-28,home,organic,desktop,208,84,43,23,0,0,0,1365
2026-06-28,home,organic,mobile,122,60,34,9,0,0,0,2190
2026-06-28,home,webinar,desktop,36,10,8,9,0,0,0,1231
2026-06-28,home,webinar,mobile,31,17,4,5,0,0,0,1926
2026-06-28,home,partner,desktop,21,10,5,1,0,0,0,1336
2026-06-28,home,partner,mobile,7,3,2,0,0,0,0,2034
2026-06-28,home,email,desktop,44,24,8,5,0,0,1,1202
2026-06-28,home,email,mobile,38,14,11,4,0,0,0,2134
2026-06-28,pricing,paid_search,desktop,170,103,25,12,0,0,0,1190
2026-06-28,pricing,paid_search,mobile,78,42,17,5,0,0,0,2354
2026-06-28,pricing,paid_social,desktop,32,11,13,3,0,0,0,1245
2026-06-28,pricing,paid_social,mobile,52,23,14,4,0,0,0,1652
2026-06-28,pricing,organic,desktop,88,29,30,9,0,0,0,1407
2026-06-28,pricing,organic,mobile,61,24,22,5,0,0,1,2377
2026-06-28,pricing,webinar,desktop,31,12,8,4,0,0,0,1283
2026-06-28,pricing,webinar,mobile,19,8,4,0,0,0,0,2095
2026-06-28,pricing,partner,desktop,7,5,1,0,0,0,0,1257
2026-06-28,pricing,partner,mobile,9,3,2,1,0,0,0,2420
2026-06-28,pricing,email,desktop,25,9,6,2,0,0,0,1286
2026-06-28,pricing,email,mobile,19,10,6,2,0,0,0,1899
2026-06-28,demo,paid_search,desktop,118,34,33,18,28,18,0,1327
2026-06-28,demo,paid_search,mobile,52,14,13,8,18,5,4,5126
2026-06-28,demo,paid_social,desktop,34,15,9,2,6,3,0,1529
2026-06-28,demo,paid_social,mobile,52,22,17,4,23,5,0,5126
2026-06-28,demo,organic,desktop,81,18,23,11,21,11,0,1358
2026-06-28,demo,organic,mobile,40,19,12,4,10,2,0,4936
2026-06-28,demo,webinar,desktop,17,2,8,0,3,1,0,1253
2026-06-28,demo,webinar,mobile,13,7,3,3,5,1,0,4686
2026-06-28,demo,partner,desktop,7,1,2,1,1,1,0,1308
2026-06-28,demo,partner,mobile,5,2,2,0,3,0,0,5714
2026-06-28,demo,email,desktop,12,5,5,1,4,3,0,1338
2026-06-28,demo,email,mobile,13,4,3,4,4,2,0,5093
2026-06-28,features,paid_search,desktop,83,33,14,9,0,0,0,1438
2026-06-28,features,paid_search,mobile,40,15,5,3,0,0,1,2256
2026-06-28,features,paid_social,desktop,39,13,17,3,0,0,0,1237
2026-06-28,features,paid_social,mobile,74,23,23,5,0,0,1,2465
2026-06-28,features,organic,desktop,102,28,30,14,0,0,0,1245
2026-06-28,features,organic,mobile,59,22,15,8,0,0,1,2059
2026-06-28,features,webinar,desktop,28,9,9,4,0,0,0,1489
2026-06-28,features,webinar,mobile,13,5,2,3,0,0,0,2193
2026-06-28,features,partner,desktop,12,4,4,3,0,0,0,1309
2026-06-28,features,partner,mobile,7,5,0,0,0,0,0,2116
2026-06-28,features,email,desktop,18,6,7,1,0,0,0,1112
2026-06-28,features,email,mobile,24,5,7,1,0,0,0,1788
2026-06-28,compare,paid_search,desktop,62,35,17,6,0,0,0,1359
2026-06-28,compare,paid_search,mobile,16,12,4,1,0,0,0,2055
2026-06-28,compare,paid_social,desktop,29,19,2,5,0,0,0,1212
2026-06-28,compare,paid_social,mobile,36,15,9,4,0,0,0,2182
2026-06-28,compare,organic,desktop,60,26,14,8,0,0,1,1177
2026-06-28,compare,organic,mobile,35,9,12,2,0,0,1,2104
2026-06-28,compare,webinar,desktop,15,9,3,0,0,0,0,1231
2026-06-28,compare,webinar,mobile,13,7,4,0,0,0,0,2238
2026-06-28,compare,partner,desktop,9,3,3,0,0,0,1,1269
2026-06-28,compare,partner,mobile,6,2,1,0,0,0,0,2269
2026-06-28,compare,email,desktop,12,8,2,2,0,0,0,1256
2026-06-28,compare,email,mobile,10,4,5,1,0,0,0,1938
2026-06-29,home,paid_search,desktop,352,147,92,46,0,0,1,1304
2026-06-29,home,paid_search,mobile,197,90,46,21,0,0,2,2272
2026-06-29,home,paid_social,desktop,188,67,52,30,0,0,0,1192
2026-06-29,home,paid_social,mobile,265,129,62,29,0,0,0,1919
2026-06-29,home,organic,desktop,575,194,164,59,0,0,0,1211
2026-06-29,home,organic,mobile,274,118,74,36,0,0,0,2381
2026-06-29,home,webinar,desktop,146,68,36,25,0,0,0,1227
2026-06-29,home,webinar,mobile,84,40,17,10,0,0,0,2300
2026-06-29,home,partner,desktop,58,18,20,10,0,0,0,1279
2026-06-29,home,partner,mobile,45,19,9,5,0,0,0,2009
2026-06-29,home,email,desktop,114,39,31,22,0,0,1,1374
2026-06-29,home,email,mobile,111,38,38,12,0,0,0,2090
2026-06-29,pricing,paid_search,desktop,338,208,64,22,0,0,1,1414
2026-06-29,pricing,paid_search,mobile,206,135,34,14,0,0,0,1979
2026-06-29,pricing,paid_social,desktop,100,30,28,6,0,0,1,1324
2026-06-29,pricing,paid_social,mobile,108,50,34,14,0,0,1,1911
2026-06-29,pricing,organic,desktop,389,165,111,50,0,0,1,1139
2026-06-29,pricing,organic,mobile,184,84,48,26,0,0,0,2005
2026-06-29,pricing,webinar,desktop,74,28,21,9,0,0,0,1275
2026-06-29,pricing,webinar,mobile,34,17,7,4,0,0,0,2034
2026-06-29,pricing,partner,desktop,22,9,6,2,0,0,0,1162
2026-06-29,pricing,partner,mobile,30,11,8,3,0,0,0,2047
2026-06-29,pricing,email,desktop,77,39,18,8,0,0,0,1265
2026-06-29,pricing,email,mobile,50,24,11,7,0,0,0,2355
2026-06-29,demo,paid_search,desktop,289,95,94,33,99,59,1,1456
2026-06-29,demo,paid_search,mobile,133,61,38,17,35,8,5,4101
2026-06-29,demo,paid_social,desktop,75,22,21,8,21,14,0,1325
2026-06-29,demo,paid_social,mobile,137,50,33,14,52,7,4,5020
2026-06-29,demo,organic,desktop,246,68,77,31,75,41,0,1343
2026-06-29,demo,organic,mobile,119,51,27,8,54,13,3,4498
2026-06-29,demo,webinar,desktop,61,16,20,8,20,10,0,1271
2026-06-29,demo,webinar,mobile,38,10,14,6,10,1,0,4820
2026-06-29,demo,partner,desktop,22,6,9,2,3,2,0,1600
2026-06-29,demo,partner,mobile,16,9,3,2,3,0,1,4446
2026-06-29,demo,email,desktop,41,15,12,5,14,7,0,1530
2026-06-29,demo,email,mobile,29,11,9,3,6,2,0,4965
2026-06-29,features,paid_search,desktop,203,72,55,16,0,0,0,1240
2026-06-29,features,paid_search,mobile,90,41,16,17,0,0,0,2183
2026-06-29,features,paid_social,desktop,89,32,23,10,0,0,0,1140
2026-06-29,features,paid_social,mobile,157,68,44,22,0,0,0,2212
2026-06-29,features,organic,desktop,318,113,102,30,0,0,1,1281
2026-06-29,features,organic,mobile,180,64,62,23,0,0,1,2087
2026-06-29,features,webinar,desktop,63,22,15,9,0,0,1,1304
2026-06-29,features,webinar,mobile,40,15,14,7,0,0,0,2256
2026-06-29,features,partner,desktop,35,16,8,6,0,0,0,1214
2026-06-29,features,partner,mobile,19,4,7,3,0,0,0,1721
2026-06-29,features,email,desktop,60,22,19,2,0,0,0,1049
2026-06-29,features,email,mobile,45,17,13,3,0,0,1,2037
2026-06-29,compare,paid_search,desktop,131,53,38,16,0,0,0,1533
2026-06-29,compare,paid_search,mobile,66,35,16,8,0,0,0,2034
2026-06-29,compare,paid_social,desktop,49,19,13,7,0,0,0,1450
2026-06-29,compare,paid_social,mobile,86,39,17,10,0,0,0,1979
2026-06-29,compare,organic,desktop,160,80,36,14,0,0,1,1379
2026-06-29,compare,organic,mobile,77,38,26,13,0,0,1,1996
2026-06-29,compare,webinar,desktop,37,15,10,4,0,0,0,1157
2026-06-29,compare,webinar,mobile,17,7,4,3,0,0,0,2103
2026-06-29,compare,partner,desktop,15,9,2,3,0,0,0,1322
2026-06-29,compare,partner,mobile,14,7,2,1,0,0,0,2138
2026-06-29,compare,email,desktop,35,14,8,4,0,0,0,1413
2026-06-29,compare,email,mobile,24,7,7,0,0,0,0,2192
2026-06-30,home,paid_search,desktop,300,114,79,35,0,0,1,1435
2026-06-30,home,paid_search,mobile,238,101,49,21,0,0,0,2316
2026-06-30,home,paid_social,desktop,197,77,64,26,0,0,0,1296
2026-06-30,home,paid_social,mobile,277,126,69,30,0,0,0,1796
2026-06-30,home,organic,desktop,553,248,154,67,0,0,2,1254
2026-06-30,home,organic,mobile,342,141,89,40,0,0,0,2183
2026-06-30,home,webinar,desktop,151,65,42,17,0,0,0,1313
2026-06-30,home,webinar,mobile,72,31,13,9,0,0,0,2391
2026-06-30,home,partner,desktop,53,24,12,5,0,0,1,1438
2026-06-30,home,partner,mobile,33,13,10,2,0,0,0,2207
2026-06-30,home,email,desktop,118,46,32,15,0,0,1,1328
2026-06-30,home,email,mobile,86,41,19,4,0,0,0,2050
2026-06-30,pricing,paid_search,desktop,362,216,62,27,0,0,2,1378
2026-06-30,pricing,paid_search,mobile,198,115,40,16,0,0,1,2093
2026-06-30,pricing,paid_social,desktop,104,28,32,10,0,0,1,1184
2026-06-30,pricing,paid_social,mobile,168,60,48,10,0,0,2,2295
2026-06-30,pricing,organic,desktop,332,125,91,52,0,0,0,1099
2026-06-30,pricing,organic,mobile,182,74,52,18,0,0,0,1982
2026-06-30,pricing,webinar,desktop,83,35,17,11,0,0,0,1258
2026-06-30,pricing,webinar,mobile,46,25,11,3,0,0,0,1941
2026-06-30,pricing,partner,desktop,39,10,11,6,0,0,1,1204
2026-06-30,pricing,partner,mobile,18,6,6,2,0,0,0,2129
2026-06-30,pricing,email,desktop,64,26,17,6,0,0,0,1250
2026-06-30,pricing,email,mobile,60,26,13,6,0,0,0,2183
2026-06-30,demo,paid_search,desktop,308,88,108,47,83,54,2,1410
2026-06-30,demo,paid_search,mobile,133,55,32,18,44,9,1,4826
2026-06-30,demo,paid_social,desktop,64,18,20,7,20,13,0,1468
2026-06-30,demo,paid_social,mobile,107,41,29,13,43,9,3,4429
2026-06-30,demo,organic,desktop,265,90,77,34,74,53,1,1176
2026-06-30,demo,organic,mobile,123,43,34,21,42,8,6,5078
2026-06-30,demo,webinar,desktop,52,18,12,7,17,8,0,1378
2026-06-30,demo,webinar,mobile,28,7,11,2,9,2,0,4985
2026-06-30,demo,partner,desktop,21,9,10,3,7,3,0,1099
2026-06-30,demo,partner,mobile,13,3,6,5,2,0,0,4572
2026-06-30,demo,email,desktop,53,13,21,7,18,9,0,1379
2026-06-30,demo,email,mobile,28,13,12,3,7,2,2,4854
2026-06-30,features,paid_search,desktop,207,70,58,26,0,0,1,1407
2026-06-30,features,paid_search,mobile,104,36,29,13,0,0,1,1993
2026-06-30,features,paid_social,desktop,76,22,28,15,0,0,0,1081
2026-06-30,features,paid_social,mobile,151,65,40,6,0,0,1,1941
2026-06-30,features,organic,desktop,300,102,84,33,0,0,0,1264
2026-06-30,features,organic,mobile,174,62,56,13,0,0,0,2168
2026-06-30,features,webinar,desktop,60,26,18,9,0,0,0,1336
2026-06-30,features,webinar,mobile,40,16,14,3,0,0,0,1903
2026-06-30,features,partner,desktop,22,5,7,4,0,0,0,1403
2026-06-30,features,partner,mobile,15,5,5,3,0,0,0,1841
2026-06-30,features,email,desktop,66,20,26,6,0,0,0,1559
2026-06-30,features,email,mobile,49,21,10,8,0,0,0,2063
2026-06-30,compare,paid_search,desktop,124,64,24,11,0,0,2,1176
2026-06-30,compare,paid_search,mobile,61,26,15,5,0,0,0,2023
2026-06-30,compare,paid_social,desktop,50,20,12,5,0,0,0,1196
2026-06-30,compare,paid_social,mobile,54,34,5,5,0,0,1,1943
2026-06-30,compare,organic,desktop,145,53,47,19,0,0,0,1376
2026-06-30,compare,organic,mobile,118,57,26,10,0,0,0,2275
2026-06-30,compare,webinar,desktop,37,11,9,4,0,0,0,1262
2026-06-30,compare,webinar,mobile,22,16,1,4,0,0,0,2066
2026-06-30,compare,partner,desktop,19,9,5,0,0,0,0,1171
2026-06-30,compare,partner,mobile,6,2,2,1,0,0,0,2277
2026-06-30,compare,email,desktop,34,17,6,5,0,0,0,1244
2026-06-30,compare,email,mobile,22,12,7,1,0,0,0,2262
2026-07-01,home,paid_search,desktop,355,162,101,42,0,0,2,1319
2026-07-01,home,paid_search,mobile,205,72,55,19,0,0,0,2012
2026-07-01,home,paid_social,desktop,174,68,51,18,0,0,1,1184
2026-07-01,home,paid_social,mobile,282,110,81,42,0,0,0,2386
2026-07-01,home,organic,desktop,656,234,213,68,0,0,0,1352
2026-07-01,home,organic,mobile,276,133,65,29,0,0,0,2092
2026-07-01,home,webinar,desktop,112,33,39,8,0,0,0,1410
2026-07-01,home,webinar,mobile,69,27,20,10,0,0,0,2131
2026-07-01,home,partner,desktop,53,16,12,10,0,0,0,1259
2026-07-01,home,partner,mobile,35,12,7,4,0,0,1,1849
2026-07-01,home,email,desktop,110,40,29,8,0,0,0,1163
2026-07-01,home,email,mobile,100,36,25,10,0,0,0,2238
2026-07-01,pricing,paid_search,desktop,396,231,72,19,0,0,2,1238
2026-07-01,pricing,paid_search,mobile,200,133,27,10,0,0,1,1938
2026-07-01,pricing,paid_social,desktop,110,40,28,14,0,0,1,1373
2026-07-01,pricing,paid_social,mobile,174,75,57,12,0,0,2,2038
2026-07-01,pricing,organic,desktop,353,122,95,42,0,0,3,1250
2026-07-01,pricing,organic,mobile,210,89,54,27,0,0,1,1862
2026-07-01,pricing,webinar,desktop,78,34,15,11,0,0,0,1175
2026-07-01,pricing,webinar,mobile,36,12,11,4,0,0,0,2097
2026-07-01,pricing,partner,desktop,56,18,16,4,0,0,0,1288
2026-07-01,pricing,partner,mobile,22,10,6,4,0,0,0,2033
2026-07-01,pricing,email,desktop,53,23,15,5,0,0,0,1460
2026-07-01,pricing,email,mobile,50,19,18,7,0,0,1,2092
2026-07-01,demo,paid_search,desktop,240,75,80,27,75,41,1,1437
2026-07-01,demo,paid_search,mobile,139,48,50,15,52,11,1,4302
2026-07-01,demo,paid_social,desktop,79,18,33,13,28,16,0,1377
2026-07-01,demo,paid_social,mobile,99,35,33,8,34,5,2,4697
2026-07-01,demo,organic,desktop,238,79,82,30,79,44,0,1335
2026-07-01,demo,organic,mobile,127,45,37,17,43,7,1,5597
2026-07-01,demo,webinar,desktop,48,17,16,4,16,10,1,1374
2026-07-01,demo,webinar,mobile,26,14,4,2,10,2,0,4891
2026-07-01,demo,partner,desktop,27,8,9,2,9,4,0,1461
2026-07-01,demo,partner,mobile,11,4,2,2,4,1,0,4729
2026-07-01,demo,email,desktop,52,14,15,7,18,13,1,1394
2026-07-01,demo,email,mobile,40,15,8,4,16,6,2,5097
2026-07-01,features,paid_search,desktop,201,59,67,29,0,0,0,1156
2026-07-01,features,paid_search,mobile,104,37,24,10,0,0,0,2357
2026-07-01,features,paid_social,desktop,115,41,39,11,0,0,0,1336
2026-07-01,features,paid_social,mobile,141,46,41,18,0,0,1,2348
2026-07-01,features,organic,desktop,318,96,113,42,0,0,3,1366
2026-07-01,features,organic,mobile,179,75,43,20,0,0,2,1798
2026-07-01,features,webinar,desktop,90,35,23,18,0,0,0,1207
2026-07-01,features,webinar,mobile,40,12,15,4,0,0,2,2028
2026-07-01,features,partner,desktop,36,15,13,5,0,0,0,1143
2026-07-01,features,partner,mobile,29,10,7,6,0,0,0,2065
2026-07-01,features,email,desktop,72,24,18,7,0,0,0,1173
2026-07-01,features,email,mobile,70,29,16,10,0,0,1,2043
2026-07-01,compare,paid_search,desktop,118,55,28,16,0,0,0,1206
2026-07-01,compare,paid_search,mobile,72,29,18,10,0,0,0,2062
2026-07-01,compare,paid_social,desktop,59,29,14,9,0,0,0,1420
2026-07-01,compare,paid_social,mobile,79,36,19,8,0,0,0,1968
2026-07-01,compare,organic,desktop,130,57,29,12,0,0,2,1319
2026-07-01,compare,organic,mobile,84,31,22,9,0,0,2,1943
2026-07-01,compare,webinar,desktop,36,20,8,3,0,0,0,1353
2026-07-01,compare,webinar,mobile,25,12,8,1,0,0,0,1985
2026-07-01,compare,partner,desktop,19,13,1,2,0,0,0,1340
2026-07-01,compare,partner,mobile,8,6,1,0,0,0,0,1772
2026-07-01,compare,email,desktop,35,19,10,4,0,0,0,1157
2026-07-01,compare,email,mobile,15,8,2,1,0,0,1,2179
2026-07-02,home,paid_search,desktop,333,142,79,30,0,0,1,1427
2026-07-02,home,paid_search,mobile,157,52,49,19,0,0,1,2258
2026-07-02,home,paid_social,desktop,160,54,44,14,0,0,2,1321
2026-07-02,home,paid_social,mobile,248,106,65,25,0,0,1,1986
2026-07-02,home,organic,desktop,593,216,174,67,0,0,1,1166
2026-07-02,home,organic,mobile,307,132,76,26,0,0,1,2067
2026-07-02,home,webinar,desktop,128,54,36,16,0,0,2,1184
2026-07-02,home,webinar,mobile,80,41,14,6,0,0,0,2015
2026-07-02,home,partner,desktop,58,24,13,5,0,0,0,1343
2026-07-02,home,partner,mobile,36,18,7,1,0,0,0,1993
2026-07-02,home,email,desktop,108,40,28,11,0,0,0,1250
2026-07-02,home,email,mobile,97,48,19,13,0,0,2,2057
2026-07-02,pricing,paid_search,desktop,433,263,67,27,0,0,3,1342
2026-07-02,pricing,paid_search,mobile,233,142,40,18,0,0,0,2038
2026-07-02,pricing,paid_social,desktop,82,36,29,13,0,0,1,1422
2026-07-02,pricing,paid_social,mobile,163,69,45,22,0,0,0,2224
2026-07-02,pricing,organic,desktop,285,124,78,32,0,0,0,1424
2026-07-02,pricing,organic,mobile,193,88,47,29,0,0,2,2158
2026-07-02,pricing,webinar,desktop,78,29,20,8,0,0,0,1458
2026-07-02,pricing,webinar,mobile,38,13,11,6,0,0,0,2127
2026-07-02,pricing,partner,desktop,48,20,12,12,0,0,1,1350
2026-07-02,pricing,partner,mobile,18,9,5,4,0,0,0,1823
2026-07-02,pricing,email,desktop,58,27,16,5,0,0,0,1336
2026-07-02,pricing,email,mobile,46,21,6,1,0,0,1,2198
2026-07-02,demo,paid_search,desktop,287,84,79,37,95,55,3,1442
2026-07-02,demo,paid_search,mobile,135,57,34,13,43,17,5,5116
2026-07-02,demo,paid_social,desktop,65,17,17,7,21,13,1,1433
2026-07-02,demo,paid_social,mobile,109,51,32,15,32,5,4,4749
2026-07-02,demo,organic,desktop,275,89,77,33,87,61,1,1543
2026-07-02,demo,organic,mobile,122,37,41,15,44,9,7,4370
2026-07-02,demo,webinar,desktop,35,9,15,2,9,6,0,1483
2026-07-02,demo,webinar,mobile,29,7,11,7,11,3,2,4777
2026-07-02,demo,partner,desktop,38,8,15,3,13,9,0,1444
2026-07-02,demo,partner,mobile,22,5,12,3,11,1,1,4586
2026-07-02,demo,email,desktop,35,12,10,6,15,9,1,1464
2026-07-02,demo,email,mobile,44,23,8,4,25,6,2,4413
2026-07-02,features,paid_search,desktop,155,55,48,24,0,0,0,1256
2026-07-02,features,paid_search,mobile,97,40,29,13,0,0,0,2139
2026-07-02,features,paid_social,desktop,100,28,36,14,0,0,0,1213
2026-07-02,features,paid_social,mobile,172,60,55,24,0,0,1,2275
2026-07-02,features,organic,desktop,343,126,92,42,0,0,0,1405
2026-07-02,features,organic,mobile,199,79,65,22,0,0,0,1997
2026-07-02,features,webinar,desktop,74,33,19,10,0,0,0,1371
2026-07-02,features,webinar,mobile,45,12,14,6,0,0,0,2007
2026-07-02,features,partner,desktop,45,17,10,6,0,0,0,1456
2026-07-02,features,partner,mobile,17,6,5,3,0,0,0,1723
2026-07-02,features,email,desktop,44,14,13,4,0,0,0,1381
2026-07-02,features,email,mobile,65,33,12,3,0,0,0,2241
2026-07-02,compare,paid_search,desktop,146,74,27,19,0,0,0,1230
2026-07-02,compare,paid_search,mobile,78,42,21,5,0,0,1,2167
2026-07-02,compare,paid_social,desktop,43,24,6,4,0,0,0,1234
2026-07-02,compare,paid_social,mobile,69,34,14,5,0,0,1,1989
2026-07-02,compare,organic,desktop,165,72,47,18,0,0,1,1402
2026-07-02,compare,organic,mobile,74,41,21,15,0,0,0,2349
2026-07-02,compare,webinar,desktop,50,22,9,7,0,0,0,1208
2026-07-02,compare,webinar,mobile,26,16,6,0,0,0,0,2272
2026-07-02,compare,partner,desktop,15,8,3,5,0,0,0,1396
2026-07-02,compare,partner,mobile,3,2,0,1,0,0,0,1842
2026-07-02,compare,email,desktop,37,16,11,5,0,0,0,1232
2026-07-02,compare,email,mobile,18,8,8,3,0,0,0,1937
2026-07-03,home,paid_search,desktop,333,131,93,39,0,0,1,1309
2026-07-03,home,paid_search,mobile,160,62,42,17,0,0,2,1975
2026-07-03,home,paid_social,desktop,174,53,56,23,0,0,1,1300
2026-07-03,home,paid_social,mobile,232,108,49,29,0,0,0,2253
2026-07-03,home,organic,desktop,516,213,136,65,0,0,1,1350
2026-07-03,home,organic,mobile,372,177,92,42,0,0,2,1990
2026-07-03,home,webinar,desktop,148,57,44,20,0,0,1,1395
2026-07-03,home,webinar,mobile,77,34,17,8,0,0,0,2255
2026-07-03,home,partner,desktop,66,28,14,13,0,0,1,1401
2026-07-03,home,partner,mobile,30,12,10,3,0,0,0,2245
2026-07-03,home,email,desktop,142,53,47,15,0,0,1,1177
2026-07-03,home,email,mobile,101,51,15,7,0,0,2,2237
2026-07-03,pricing,paid_search,desktop,329,218,47,21,0,0,0,1266
2026-07-03,pricing,paid_search,mobile,255,169,38,17,0,0,2,2041
2026-07-03,pricing,paid_social,desktop,112,52,31,9,0,0,0,1299
2026-07-03,pricing,paid_social,mobile,159,71,41,7,0,0,3,2108
2026-07-03,pricing,organic,desktop,301,131,73,40,0,0,2,1110
2026-07-03,pricing,organic,mobile,155,59,38,15,0,0,2,2181
2026-07-03,pricing,webinar,desktop,55,20,13,3,0,0,0,1312
2026-07-03,pricing,webinar,mobile,40,21,10,6,0,0,0,2132
2026-07-03,pricing,partner,desktop,42,15,9,4,0,0,0,1149
2026-07-03,pricing,partner,mobile,8,3,2,0,0,0,0,1960
2026-07-03,pricing,email,desktop,73,28,21,8,0,0,0,1258
2026-07-03,pricing,email,mobile,49,26,11,5,0,0,0,2160
2026-07-03,demo,paid_search,desktop,228,93,62,25,77,52,0,1493
2026-07-03,demo,paid_search,mobile,130,53,36,17,50,11,6,4534
2026-07-03,demo,paid_social,desktop,67,17,21,9,15,6,1,1488
2026-07-03,demo,paid_social,mobile,97,31,29,5,30,5,0,4551
2026-07-03,demo,organic,desktop,288,88,85,37,85,54,3,1346
2026-07-03,demo,organic,mobile,133,58,39,18,43,9,4,4740
2026-07-03,demo,webinar,desktop,57,16,18,6,17,11,0,1342
2026-07-03,demo,webinar,mobile,25,8,7,0,10,1,0,4922
2026-07-03,demo,partner,desktop,33,13,10,6,5,3,0,1321
2026-07-03,demo,partner,mobile,16,7,3,2,5,0,1,4984
2026-07-03,demo,email,desktop,41,11,11,5,11,5,0,1408
2026-07-03,demo,email,mobile,54,18,15,6,20,2,1,4308
2026-07-03,features,paid_search,desktop,222,73,65,30,0,0,0,1391
2026-07-03,features,paid_search,mobile,95,31,32,11,0,0,0,2164
2026-07-03,features,paid_social,desktop,68,14,23,9,0,0,0,1323
2026-07-03,features,paid_social,mobile,142,61,37,26,0,0,0,2006
2026-07-03,features,organic,desktop,369,127,108,43,0,0,1,1142
2026-07-03,features,organic,mobile,150,60,34,20,0,0,0,2158
2026-07-03,features,webinar,desktop,83,30,30,7,0,0,1,1576
2026-07-03,features,webinar,mobile,48,21,14,8,0,0,0,1665
2026-07-03,features,partner,desktop,41,14,13,4,0,0,0,1396
2026-07-03,features,partner,mobile,24,13,2,4,0,0,0,1914
2026-07-03,features,email,desktop,72,24,18,9,0,0,0,1362
2026-07-03,features,email,mobile,54,24,14,6,0,0,0,1925
2026-07-03,compare,paid_search,desktop,119,50,25,20,0,0,0,1365
2026-07-03,compare,paid_search,mobile,63,29,14,6,0,0,0,2299
2026-07-03,compare,paid_social,desktop,62,24,23,7,0,0,0,1305
2026-07-03,compare,paid_social,mobile,61,27,16,7,0,0,0,2181
2026-07-03,compare,organic,desktop,163,85,42,25,0,0,1,1325
2026-07-03,compare,organic,mobile,94,45,22,17,0,0,1,1973
2026-07-03,compare,webinar,desktop,37,12,16,8,0,0,1,1287
2026-07-03,compare,webinar,mobile,12,6,2,2,0,0,0,2188
2026-07-03,compare,partner,desktop,26,10,7,3,0,0,0,1435
2026-07-03,compare,partner,mobile,12,5,2,1,0,0,0,2003
2026-07-03,compare,email,desktop,27,11,8,6,0,0,0,1349
2026-07-03,compare,email,mobile,23,6,3,1,0,0,0,2042
2026-07-04,home,paid_search,desktop,149,67,35,11,0,0,0,1364
2026-07-04,home,paid_search,mobile,75,33,19,8,0,0,0,2220
2026-07-04,home,paid_social,desktop,80,37,19,10,0,0,0,1287
2026-07-04,home,paid_social,mobile,119,47,26,15,0,0,0,2171
2026-07-04,home,organic,desktop,246,117,53,28,0,0,1,1146
2026-07-04,home,organic,mobile,134,62,27,18,0,0,1,2195
2026-07-04,home,webinar,desktop,61,28,12,8,0,0,0,1339
2026-07-04,home,webinar,mobile,34,15,9,6,0,0,0,2274
2026-07-04,home,partner,desktop,10,4,6,2,0,0,0,1109
2026-07-04,home,partner,mobile,15,7,6,3,0,0,0,2083
2026-07-04,home,email,desktop,45,14,11,6,0,0,0,1174
2026-07-04,home,email,mobile,44,23,10,2,0,0,0,1904
2026-07-04,pricing,paid_search,desktop,132,70,33,7,0,0,1,1092
2026-07-04,pricing,paid_search,mobile,77,47,13,3,0,0,1,2143
2026-07-04,pricing,paid_social,desktop,40,14,14,5,0,0,0,1238
2026-07-04,pricing,paid_social,mobile,67,25,15,5,0,0,0,2118
2026-07-04,pricing,organic,desktop,139,61,35,15,0,0,2,1313
2026-07-04,pricing,organic,mobile,81,28,32,7,0,0,0,2171
2026-07-04,pricing,webinar,desktop,20,7,10,3,0,0,0,1365
2026-07-04,pricing,webinar,mobile,23,7,5,3,0,0,0,2319
2026-07-04,pricing,partner,desktop,11,6,0,2,0,0,0,1294
2026-07-04,pricing,partner,mobile,5,3,2,0,0,0,0,2041
2026-07-04,pricing,email,desktop,20,10,5,3,0,0,0,1180
2026-07-04,pricing,email,mobile,22,11,5,0,0,0,0,2183
2026-07-04,demo,paid_search,desktop,99,23,37,11,36,12,0,1310
2026-07-04,demo,paid_search,mobile,47,12,15,0,19,3,1,4872
2026-07-04,demo,paid_social,desktop,36,19,8,6,13,5,0,1623
2026-07-04,demo,paid_social,mobile,51,20,15,4,21,4,0,4211
2026-07-04,demo,organic,desktop,98,30,27,12,25,16,0,1273
2026-07-04,demo,organic,mobile,58,20,17,3,21,7,2,4837
2026-07-04,demo,webinar,desktop,22,12,4,0,8,7,0,1274
2026-07-04,demo,webinar,mobile,14,3,6,4,5,0,2,5262
2026-07-04,demo,partner,desktop,16,6,0,4,8,7,0,1288
2026-07-04,demo,partner,mobile,5,1,3,0,2,2,0,4771
2026-07-04,demo,email,desktop,16,5,7,4,5,3,0,1448
2026-07-04,demo,email,mobile,16,6,3,0,4,1,0,4281
2026-07-04,features,paid_search,desktop,88,23,28,8,0,0,0,1304
2026-07-04,features,paid_search,mobile,48,15,18,5,0,0,0,2327
2026-07-04,features,paid_social,desktop,36,11,7,5,0,0,0,1352
2026-07-04,features,paid_social,mobile,54,20,13,5,0,0,0,2035
2026-07-04,features,organic,desktop,149,58,48,17,0,0,0,1371
2026-07-04,features,organic,mobile,54,21,14,3,0,0,0,1712
2026-07-04,features,webinar,desktop,27,10,7,6,0,0,1,1240
2026-07-04,features,webinar,mobile,15,4,8,0,0,0,0,1845
2026-07-04,features,partner,desktop,14,5,2,0,0,0,0,1323
2026-07-04,features,partner,mobile,4,2,1,0,0,0,0,2111
2026-07-04,features,email,desktop,19,8,4,1,0,0,0,1205
2026-07-04,features,email,mobile,15,9,5,0,0,0,0,2271
2026-07-04,compare,paid_search,desktop,56,32,9,5,0,0,0,1092
2026-07-04,compare,paid_search,mobile,20,12,6,0,0,0,1,2371
2026-07-04,compare,paid_social,desktop,22,12,4,1,0,0,0,1403
2026-07-04,compare,paid_social,mobile,35,14,9,2,0,0,0,2115
2026-07-04,compare,organic,desktop,69,31,18,3,0,0,0,1243
2026-07-04,compare,organic,mobile,38,19,8,2,0,0,0,2053
2026-07-04,compare,webinar,desktop,15,7,2,2,0,0,0,1330
2026-07-04,compare,webinar,mobile,8,5,2,1,0,0,0,1987
2026-07-04,compare,partner,desktop,11,5,2,0,0,0,0,1283
2026-07-04,compare,partner,mobile,2,0,2,0,0,0,0,2150
2026-07-04,compare,email,desktop,14,9,4,1,0,0,0,1358
2026-07-04,compare,email,mobile,8,5,1,0,0,0,0,2323
2026-07-05,home,paid_search,desktop,136,55,38,18,0,0,0,1450
2026-07-05,home,paid_search,mobile,87,34,28,12,0,0,1,2083
2026-07-05,home,paid_social,desktop,73,34,16,9,0,0,0,1134
2026-07-05,home,paid_social,mobile,91,38,24,10,0,0,0,2094
2026-07-05,home,organic,desktop,232,97,66,27,0,0,2,1435
2026-07-05,home,organic,mobile,120,46,38,11,0,0,1,2079
2026-07-05,home,webinar,desktop,48,23,12,8,0,0,0,1464
2026-07-05,home,webinar,mobile,36,17,5,5,0,0,0,1891
2026-07-05,home,partner,desktop,24,7,8,4,0,0,0,1342
2026-07-05,home,partner,mobile,18,6,3,4,0,0,0,2168
2026-07-05,home,email,desktop,46,14,10,9,0,0,0,1478
2026-07-05,home,email,mobile,26,9,8,5,0,0,0,2108
2026-07-05,pricing,paid_search,desktop,158,76,39,13,0,0,0,1344
2026-07-05,pricing,paid_search,mobile,78,46,12,4,0,0,0,2213
2026-07-05,pricing,paid_social,desktop,29,12,11,4,0,0,0,1187
2026-07-05,pricing,paid_social,mobile,61,23,10,10,0,0,0,2000
2026-07-05,pricing,organic,desktop,144,70,31,13,0,0,0,1333
2026-07-05,pricing,organic,mobile,62,25,21,4,0,0,0,2128
2026-07-05,pricing,webinar,desktop,40,18,6,5,0,0,1,1269
2026-07-05,pricing,webinar,mobile,21,8,2,2,0,0,0,2166
2026-07-05,pricing,partner,desktop,18,9,4,1,0,0,0,1316
2026-07-05,pricing,partner,mobile,6,4,1,0,0,0,0,2260
2026-07-05,pricing,email,desktop,30,16,5,2,0,0,0,1243
2026-07-05,pricing,email,mobile,23,6,5,3,0,0,0,2150
2026-07-05,demo,paid_search,desktop,119,31,35,17,36,23,1,1357
2026-07-05,demo,paid_search,mobile,59,10,24,4,17,6,1,4599
2026-07-05,demo,paid_social,desktop,24,9,7,2,8,7,0,1543
2026-07-05,demo,paid_social,mobile,32,15,5,2,9,2,0,5164
2026-07-05,demo,organic,desktop,112,36,41,8,31,20,0,1411
2026-07-05,demo,organic,mobile,42,16,11,2,18,2,2,4589
2026-07-05,demo,webinar,desktop,19,10,3,2,2,1,1,1546
2026-07-05,demo,webinar,mobile,6,2,2,1,2,1,0,5496
2026-07-05,demo,partner,desktop,8,5,2,0,1,0,0,1238
2026-07-05,demo,partner,mobile,8,4,3,1,5,2,0,4562
2026-07-05,demo,email,desktop,16,4,4,2,4,3,0,1338
2026-07-05,demo,email,mobile,15,4,5,1,6,3,0,4712
2026-07-05,features,paid_search,desktop,69,24,19,6,0,0,3,1258
2026-07-05,features,paid_search,mobile,42,15,10,3,0,0,0,2074
2026-07-05,features,paid_social,desktop,46,15,7,6,0,0,0,1368
2026-07-05,features,paid_social,mobile,70,24,19,6,0,0,0,2048
2026-07-05,features,organic,desktop,124,43,37,17,0,0,0,1255
2026-07-05,features,organic,mobile,54,14,19,6,0,0,2,2080
2026-07-05,features,webinar,desktop,27,9,12,4,0,0,0,1324
2026-07-05,features,webinar,mobile,18,7,6,3,0,0,1,2116
2026-07-05,features,partner,desktop,11,4,2,1,0,0,0,1332
2026-07-05,features,partner,mobile,10,2,4,1,0,0,0,2092
2026-07-05,features,email,desktop,27,15,4,4,0,0,0,1239
2026-07-05,features,email,mobile,14,2,4,4,0,0,0,2152
2026-07-05,compare,paid_search,desktop,43,22,13,6,0,0,0,1138
2026-07-05,compare,paid_search,mobile,28,13,5,5,0,0,1,2194
2026-07-05,compare,paid_social,desktop,27,13,6,2,0,0,0,1393
2026-07-05,compare,paid_social,mobile,29,17,8,1,0,0,0,1917
2026-07-05,compare,organic,desktop,53,29,11,7,0,0,0,1396
2026-07-05,compare,organic,mobile,28,13,7,2,0,0,0,2345
2026-07-05,compare,webinar,desktop,15,7,3,2,0,0,0,1209
2026-07-05,compare,webinar,mobile,6,3,0,0,0,0,0,2144
2026-07-05,compare,partner,desktop,7,2,3,0,0,0,0,1260
2026-07-05,compare,partner,mobile,2,1,1,1,0,0,0,2070
2026-07-05,compare,email,desktop,14,7,5,1,0,0,0,1245
2026-07-05,compare,email,mobile,11,5,4,3,0,0,0,1891
2026-07-06,home,paid_search,desktop,344,120,110,45,0,0,0,1448
2026-07-06,home,paid_search,mobile,165,73,33,17,0,0,2,2090
2026-07-06,home,paid_social,desktop,169,77,47,23,0,0,0,1311
2026-07-06,home,paid_social,mobile,296,118,81,32,0,0,2,2217
2026-07-06,home,organic,desktop,613,254,161,64,0,0,2,1354
2026-07-06,home,organic,mobile,325,128,83,32,0,0,1,2017
2026-07-06,home,webinar,desktop,120,55,30,13,0,0,0,1252
2026-07-06,home,webinar,mobile,72,32,20,7,0,0,0,2057
2026-07-06,home,partner,desktop,71,29,17,5,0,0,0,1411
2026-07-06,home,partner,mobile,49,16,16,7,0,0,0,2031
2026-07-06,home,email,desktop,103,44,23,10,0,0,2,1240
2026-07-06,home,email,mobile,113,52,27,12,0,0,1,2003
2026-07-06,pricing,paid_search,desktop,439,244,75,37,0,0,3,1304
2026-07-06,pricing,paid_search,mobile,223,124,40,14,0,0,1,2155
2026-07-06,pricing,paid_social,desktop,132,48,34,16,0,0,0,1579
2026-07-06,pricing,paid_social,mobile,155,75,38,13,0,0,1,1907
2026-07-06,pricing,organic,desktop,324,133,91,41,0,0,2,1185
2026-07-06,pricing,organic,mobile,154,66,36,16,0,0,1,2362
2026-07-06,pricing,webinar,desktop,76,26,21,9,0,0,0,1071
2026-07-06,pricing,webinar,mobile,33,18,8,2,0,0,0,2264
2026-07-06,pricing,partner,desktop,42,14,14,2,0,0,0,1225
2026-07-06,pricing,partner,mobile,12,4,4,2,0,0,0,2077
2026-07-06,pricing,email,desktop,67,26,14,11,0,0,0,1285
2026-07-06,pricing,email,mobile,50,19,13,3,0,0,0,2348
2026-07-06,demo,paid_search,desktop,321,94,123,43,96,63,0,1361
2026-07-06,demo,paid_search,mobile,146,55,37,11,53,12,3,5111
2026-07-06,demo,paid_social,desktop,57,13,18,6,12,6,1,1349
2026-07-06,demo,paid_social,mobile,110,40,35,11,38,11,1,4500
2026-07-06,demo,organic,desktop,228,63,65,32,73,51,1,1329
2026-07-06,demo,organic,mobile,154,53,48,11,58,12,8,4623
2026-07-06,demo,webinar,desktop,45,13,11,5,14,8,0,1253
2026-07-06,demo,webinar,mobile,30,12,10,3,8,0,1,4689
2026-07-06,demo,partner,desktop,30,10,12,7,13,10,0,1548
2026-07-06,demo,partner,mobile,13,6,2,4,4,1,0,5086
2026-07-06,demo,email,desktop,53,15,22,10,22,14,0,1395
2026-07-06,demo,email,mobile,36,12,11,3,12,3,3,4952
2026-07-06,features,paid_search,desktop,204,78,56,22,0,0,3,1263
2026-07-06,features,paid_search,mobile,101,42,27,7,0,0,1,2114
2026-07-06,features,paid_social,desktop,86,31,22,14,0,0,0,1339
2026-07-06,features,paid_social,mobile,163,70,47,16,0,0,1,1874
2026-07-06,features,organic,desktop,310,108,103,42,0,0,0,1350
2026-07-06,features,organic,mobile,146,61,35,13,0,0,1,2178
2026-07-06,features,webinar,desktop,71,25,20,9,0,0,0,1232
2026-07-06,features,webinar,mobile,42,11,13,5,0,0,2,2013
2026-07-06,features,partner,desktop,19,6,7,1,0,0,0,1401
2026-07-06,features,partner,mobile,18,5,6,2,0,0,0,2292
2026-07-06,features,email,desktop,55,16,22,6,0,0,0,1260
2026-07-06,features,email,mobile,67,24,20,14,0,0,0,2206
2026-07-06,compare,paid_search,desktop,162,70,40,21,0,0,1,1456
2026-07-06,compare,paid_search,mobile,59,24,17,5,0,0,0,2134
2026-07-06,compare,paid_social,desktop,49,27,11,3,0,0,0,1169
2026-07-06,compare,paid_social,mobile,72,30,13,11,0,0,1,2021
2026-07-06,compare,organic,desktop,171,77,41,17,0,0,0,1148
2026-07-06,compare,organic,mobile,112,51,28,22,0,0,1,2311
2026-07-06,compare,webinar,desktop,41,24,8,4,0,0,1,1513
2026-07-06,compare,webinar,mobile,22,4,7,2,0,0,0,2167
2026-07-06,compare,partner,desktop,18,12,2,2,0,0,0,1209
2026-07-06,compare,partner,mobile,7,3,1,1,0,0,0,2251
2026-07-06,compare,email,desktop,24,9,6,1,0,0,0,1208
2026-07-06,compare,email,mobile,35,20,7,2,0,0,1,2420
2026-07-07,home,paid_search,desktop,355,153,86,50,0,0,3,1216
2026-07-07,home,paid_search,mobile,174,77,47,31,0,0,0,2129
2026-07-07,home,paid_social,desktop,173,75,41,24,0,0,0,1394
2026-07-07,home,paid_social,mobile,272,108,54,35,0,0,0,2128
2026-07-07,home,organic,desktop,484,181,147,66,0,0,4,1115
2026-07-07,home,organic,mobile,376,161,107,34,0,0,0,2179
2026-07-07,home,webinar,desktop,130,50,30,13,0,0,0,1216
2026-07-07,home,webinar,mobile,70,33,13,11,0,0,0,2140
2026-07-07,home,partner,desktop,56,21,12,8,0,0,0,1172
2026-07-07,home,partner,mobile,32,12,6,7,0,0,0,2138
2026-07-07,home,email,desktop,119,42,39,14,0,0,1,1366
2026-07-07,home,email,mobile,93,28,29,9,0,0,1,2277
2026-07-07,pricing,paid_search,desktop,439,246,90,31,0,0,1,1388
2026-07-07,pricing,paid_search,mobile,192,114,38,8,0,0,0,2353
2026-07-07,pricing,paid_social,desktop,104,43,26,12,0,0,0,1367
2026-07-07,pricing,paid_social,mobile,119,48,26,19,0,0,1,2055
2026-07-07,pricing,organic,desktop,315,139,77,42,0,0,0,1315
2026-07-07,pricing,organic,mobile,157,70,42,20,0,0,0,2226
2026-07-07,pricing,webinar,desktop,74,31,22,11,0,0,1,1135
2026-07-07,pricing,webinar,mobile,35,11,10,3,0,0,0,1766
2026-07-07,pricing,partner,desktop,47,24,12,6,0,0,0,1333
2026-07-07,pricing,partner,mobile,19,8,4,2,0,0,0,2460
2026-07-07,pricing,email,desktop,75,37,19,10,0,0,1,1416
2026-07-07,pricing,email,mobile,45,19,13,8,0,0,0,2051
2026-07-07,demo,paid_search,desktop,290,95,85,29,88,50,0,1512
2026-07-07,demo,paid_search,mobile,145,46,44,21,48,7,6,4694
2026-07-07,demo,paid_social,desktop,74,25,22,5,27,17,0,1311
2026-07-07,demo,paid_social,mobile,115,50,28,14,45,6,7,4306
2026-07-07,demo,organic,desktop,244,66,79,18,77,43,0,1387
2026-07-07,demo,organic,mobile,150,74,33,16,50,13,6,4501
2026-07-07,demo,webinar,desktop,62,25,12,8,21,11,1,1498
2026-07-07,demo,webinar,mobile,26,4,11,2,8,0,0,4208
2026-07-07,demo,partner,desktop,24,6,6,1,7,6,0,1475
2026-07-07,demo,partner,mobile,15,3,6,1,2,0,0,4477
2026-07-07,demo,email,desktop,52,23,13,8,17,9,0,1422
2026-07-07,demo,email,mobile,39,12,11,4,13,3,1,4549
2026-07-07,features,paid_search,desktop,198,61,67,21,0,0,1,1401
2026-07-07,features,paid_search,mobile,99,35,24,14,0,0,1,2058
2026-07-07,features,paid_social,desktop,105,35,33,17,0,0,0,1380
2026-07-07,features,paid_social,mobile,202,82,57,24,0,0,0,2145
2026-07-07,features,organic,desktop,372,133,96,43,0,0,1,1400
2026-07-07,features,organic,mobile,154,56,50,15,0,0,1,2017
2026-07-07,features,webinar,desktop,78,21,26,5,0,0,0,1450
2026-07-07,features,webinar,mobile,33,9,12,9,0,0,0,2014
2026-07-07,features,partner,desktop,33,11,7,2,0,0,0,1311
2026-07-07,features,partner,mobile,15,2,6,1,0,0,0,2086
2026-07-07,features,email,desktop,55,21,14,5,0,0,1,1378
2026-07-07,features,email,mobile,56,22,19,5,0,0,1,2348
2026-07-07,compare,paid_search,desktop,134,61,38,13,0,0,0,1295
2026-07-07,compare,paid_search,mobile,80,40,21,9,0,0,0,2263
2026-07-07,compare,paid_social,desktop,52,27,11,8,0,0,0,1188
2026-07-07,compare,paid_social,mobile,77,41,17,6,0,0,1,2149
2026-07-07,compare,organic,desktop,170,75,49,24,0,0,1,1470
2026-07-07,compare,organic,mobile,69,39,10,8,0,0,1,2115
2026-07-07,compare,webinar,desktop,47,25,9,12,0,0,0,1340
2026-07-07,compare,webinar,mobile,10,3,3,1,0,0,0,2288
2026-07-07,compare,partner,desktop,24,12,7,5,0,0,0,1246
2026-07-07,compare,partner,mobile,7,4,2,0,0,0,0,2453
2026-07-07,compare,email,desktop,23,10,6,4,0,0,2,1275
2026-07-07,compare,email,mobile,27,14,7,2,0,0,0,2163
2026-07-08,home,paid_search,desktop,360,154,82,38,0,0,2,1132
2026-07-08,home,paid_search,mobile,169,70,44,21,0,0,1,2287
2026-07-08,home,paid_social,desktop,164,73,43,20,0,0,1,1331
2026-07-08,home,paid_social,mobile,288,138,61,38,0,0,1,2079
2026-07-08,home,organic,desktop,534,223,120,67,0,0,1,1199
2026-07-08,home,organic,mobile,337,149,78,37,0,0,2,2433
2026-07-08,home,webinar,desktop,132,55,40,12,0,0,1,1356
2026-07-08,home,webinar,mobile,63,31,16,4,0,0,0,2390
2026-07-08,home,partner,desktop,61,19,15,9,0,0,0,1331
2026-07-08,home,partner,mobile,36,19,7,8,0,0,0,2155
2026-07-08,home,email,desktop,120,51,26,16,0,0,3,1331
2026-07-08,home,email,mobile,90,45,19,10,0,0,0,2000
2026-07-08,pricing,paid_search,desktop,413,223,87,35,0,0,1,1253
2026-07-08,pricing,paid_search,mobile,203,116,40,17,0,0,1,2116
2026-07-08,pricing,paid_social,desktop,91,37,24,10,0,0,0,1488
2026-07-08,pricing,paid_social,mobile,145,63,34,12,0,0,1,1727
2026-07-08,pricing,organic,desktop,333,143,86,39,0,0,4,1431
2026-07-08,pricing,organic,mobile,166,67,44,21,0,0,0,1943
2026-07-08,pricing,webinar,desktop,74,31,24,9,0,0,0,1291
2026-07-08,pricing,webinar,mobile,41,23,10,2,0,0,0,2014
2026-07-08,pricing,partner,desktop,34,15,9,6,0,0,0,1370
2026-07-08,pricing,partner,mobile,24,8,7,3,0,0,0,2347
2026-07-08,pricing,email,desktop,68,24,18,7,0,0,0,1376
2026-07-08,pricing,email,mobile,61,26,19,11,0,0,0,1964
2026-07-08,demo,paid_search,desktop,240,79,59,24,76,54,1,1428
2026-07-08,demo,paid_search,mobile,141,55,34,13,54,11,2,5134
2026-07-08,demo,paid_social,desktop,93,33,27,9,25,16,1,1441
2026-07-08,demo,paid_social,mobile,101,30,33,16,35,10,3,5097
2026-07-08,demo,organic,desktop,228,59,81,33,63,38,2,1524
2026-07-08,demo,organic,mobile,149,65,34,18,43,10,8,4608
2026-07-08,demo,webinar,desktop,39,14,16,4,14,8,1,1403
2026-07-08,demo,webinar,mobile,28,14,5,1,14,3,2,4958
2026-07-08,demo,partner,desktop,25,4,12,5,8,5,0,1491
2026-07-08,demo,partner,mobile,18,6,4,0,5,4,0,4862
2026-07-08,demo,email,desktop,49,12,12,1,16,13,0,1231
2026-07-08,demo,email,mobile,49,23,13,5,17,6,2,4823
2026-07-08,features,paid_search,desktop,200,80,56,25,0,0,1,1282
2026-07-08,features,paid_search,mobile,102,48,29,12,0,0,0,2001
2026-07-08,features,paid_social,desktop,90,32,24,11,0,0,0,1201
2026-07-08,features,paid_social,mobile,133,55,33,14,0,0,0,1919
2026-07-08,features,organic,desktop,347,126,100,33,0,0,1,1254
2026-07-08,features,organic,mobile,153,55,48,14,0,0,1,1994
2026-07-08,features,webinar,desktop,73,27,19,7,0,0,0,1271
2026-07-08,features,webinar,mobile,36,8,15,1,0,0,0,2050
2026-07-08,features,partner,desktop,43,16,12,3,0,0,0,1180
2026-07-08,features,partner,mobile,17,7,6,0,0,0,0,1724
2026-07-08,features,email,desktop,52,17,24,9,0,0,0,1436
2026-07-08,features,email,mobile,51,16,16,6,0,0,0,2152
2026-07-08,compare,paid_search,desktop,154,70,32,16,0,0,0,1227
2026-07-08,compare,paid_search,mobile,55,22,13,7,0,0,0,2101
2026-07-08,compare,paid_social,desktop,63,32,12,10,0,0,0,1464
2026-07-08,compare,paid_social,mobile,62,31,13,10,0,0,0,2336
2026-07-08,compare,organic,desktop,124,60,36,17,0,0,0,1132
2026-07-08,compare,organic,mobile,84,49,17,8,0,0,0,2072
2026-07-08,compare,webinar,desktop,34,14,10,2,0,0,0,1330
2026-07-08,compare,webinar,mobile,28,13,5,6,0,0,0,2336
2026-07-08,compare,partner,desktop,22,8,6,1,0,0,0,1192
2026-07-08,compare,partner,mobile,16,11,1,4,0,0,0,2093
2026-07-08,compare,email,desktop,14,6,1,3,0,0,0,1207
2026-07-08,compare,email,mobile,29,13,8,3,0,0,0,2038
2026-07-09,home,paid_search,desktop,308,117,75,32,0,0,1,1307
2026-07-09,home,paid_search,mobile,171,89,31,25,0,0,0,1957
2026-07-09,home,paid_social,desktop,154,62,42,18,0,0,2,1259
2026-07-09,home,paid_social,mobile,272,125,62,28,0,0,3,2115
2026-07-09,home,organic,desktop,624,253,162,67,0,0,2,1393
2026-07-09,home,organic,mobile,296,130,67,35,0,0,3,1965
2026-07-09,home,webinar,desktop,103,37,33,11,0,0,0,1339
2026-07-09,home,webinar,mobile,65,32,12,11,0,0,0,2082
2026-07-09,home,partner,desktop,61,28,14,5,0,0,1,1380
2026-07-09,home,partner,mobile,47,17,16,5,0,0,0,1831
2026-07-09,home,email,desktop,78,41,19,13,0,0,0,1199
2026-07-09,home,email,mobile,88,35,25,9,0,0,1,1978
2026-07-09,pricing,paid_search,desktop,393,231,80,27,0,0,0,1163
2026-07-09,pricing,paid_search,mobile,216,126,32,13,0,0,0,2121
2026-07-09,pricing,paid_social,desktop,99,32,25,14,0,0,0,1296
2026-07-09,pricing,paid_social,mobile,145,57,38,15,0,0,1,2156
2026-07-09,pricing,organic,desktop,322,124,92,35,0,0,5,1314
2026-07-09,pricing,organic,mobile,159,80,27,20,0,0,1,2427
2026-07-09,pricing,webinar,desktop,75,26,18,12,0,0,0,1375
2026-07-09,pricing,webinar,mobile,49,24,11,4,0,0,1,2194
2026-07-09,pricing,partner,desktop,43,14,14,4,0,0,0,1282
2026-07-09,pricing,partner,mobile,20,9,7,0,0,0,0,2376
2026-07-09,pricing,email,desktop,54,22,12,2,0,0,0,1271
2026-07-09,pricing,email,mobile,61,31,11,6,0,0,0,2198
2026-07-09,demo,paid_search,desktop,253,69,78,36,78,49,0,1365
2026-07-09,demo,paid_search,mobile,149,56,43,12,53,12,5,4891
2026-07-09,demo,paid_social,desktop,88,29,24,10,27,15,0,1457
2026-07-09,demo,paid_social,mobile,96,40,22,13,32,7,2,5152
2026-07-09,demo,organic,desktop,245,82,83,23,59,37,1,1282
2026-07-09,demo,organic,mobile,129,46,46,15,53,14,4,4859
2026-07-09,demo,webinar,desktop,57,17,21,6,19,12,0,1292
2026-07-09,demo,webinar,mobile,29,9,9,2,15,7,0,4666
2026-07-09,demo,partner,desktop,33,12,7,8,7,3,0,1411
2026-07-09,demo,partner,mobile,23,6,10,4,11,3,0,4910
2026-07-09,demo,email,desktop,47,11,16,4,12,6,0,1396
2026-07-09,demo,email,mobile,39,17,10,4,14,3,1,4434
2026-07-09,features,paid_search,desktop,194,61,68,20,0,0,1,1381
2026-07-09,features,paid_search,mobile,114,46,29,12,0,0,0,1824
2026-07-09,features,paid_social,desktop,92,31,28,9,0,0,0,1332
2026-07-09,features,paid_social,mobile,170,74,38,12,0,0,1,2120
2026-07-09,features,organic,desktop,323,94,95,45,0,0,1,1307
2026-07-09,features,organic,mobile,196,77,64,23,0,0,1,2326
2026-07-09,features,webinar,desktop,78,25,25,12,0,0,1,1322
2026-07-09,features,webinar,mobile,35,15,9,3,0,0,0,2398
2026-07-09,features,partner,desktop,42,14,9,8,0,0,0,1453
2026-07-09,features,partner,mobile,20,7,6,1,0,0,0,2002
2026-07-09,features,email,desktop,50,18,18,5,0,0,0,1303
2026-07-09,features,email,mobile,51,28,8,2,0,0,0,2028
2026-07-09,compare,paid_search,desktop,153,64,37,21,0,0,0,1435
2026-07-09,compare,paid_search,mobile,89,42,28,14,0,0,0,2193
2026-07-09,compare,paid_social,desktop,47,18,9,6,0,0,0,1188
2026-07-09,compare,paid_social,mobile,72,34,14,7,0,0,0,2248
2026-07-09,compare,organic,desktop,177,72,47,22,0,0,0,1312
2026-07-09,compare,organic,mobile,90,40,18,12,0,0,0,2251
2026-07-09,compare,webinar,desktop,46,24,6,5,0,0,0,1168
2026-07-09,compare,webinar,mobile,23,11,8,4,0,0,0,2086
2026-07-09,compare,partner,desktop,21,6,6,2,0,0,0,1344
2026-07-09,compare,partner,mobile,10,4,3,1,0,0,0,2007
2026-07-09,compare,email,desktop,26,8,7,5,0,0,0,1350
2026-07-09,compare,email,mobile,20,10,5,3,0,0,0,2015
2026-07-10,home,paid_search,desktop,311,133,68,34,0,0,1,1321
2026-07-10,home,paid_search,mobile,209,103,51,28,0,0,3,2237
2026-07-10,home,paid_social,desktop,153,65,41,18,0,0,0,1338
2026-07-10,home,paid_social,mobile,253,122,67,16,0,0,0,1863
2026-07-10,home,organic,desktop,550,207,173,59,0,0,1,1450
2026-07-10,home,organic,mobile,315,134,85,38,0,0,1,2244
2026-07-10,home,webinar,desktop,157,61,34,24,0,0,0,1334
2026-07-10,home,webinar,mobile,72,30,16,8,0,0,0,2415
2026-07-10,home,partner,desktop,66,23,17,7,0,0,0,1295
2026-07-10,home,partner,mobile,40,20,11,4,0,0,0,2233
2026-07-10,home,email,desktop,111,43,23,13,0,0,0,1107
2026-07-10,home,email,mobile,92,39,20,6,0,0,1,2356
2026-07-10,pricing,paid_search,desktop,383,229,67,25,0,0,1,1379
2026-07-10,pricing,paid_search,mobile,236,135,48,14,0,0,0,2363
2026-07-10,pricing,paid_social,desktop,93,33,25,12,0,0,0,1239
2026-07-10,pricing,paid_social,mobile,122,50,41,11,0,0,0,2461
2026-07-10,pricing,organic,desktop,307,125,84,36,0,0,1,1383
2026-07-10,pricing,organic,mobile,136,62,34,14,0,0,0,2246
2026-07-10,pricing,webinar,desktop,78,34,19,7,0,0,0,1212
2026-07-10,pricing,webinar,mobile,26,15,5,5,0,0,0,2191
2026-07-10,pricing,partner,desktop,32,10,10,4,0,0,0,1335
2026-07-10,pricing,partner,mobile,21,9,1,3,0,0,0,2126
2026-07-10,pricing,email,desktop,76,27,25,12,0,0,0,1350
2026-07-10,pricing,email,mobile,60,21,16,6,0,0,0,1839
2026-07-10,demo,paid_search,desktop,291,76,96,38,75,47,1,1511
2026-07-10,demo,paid_search,mobile,134,49,37,12,47,8,3,4489
2026-07-10,demo,paid_social,desktop,76,19,33,11,22,11,0,1400
2026-07-10,demo,paid_social,mobile,117,47,29,8,40,8,2,4715
2026-07-10,demo,organic,desktop,275,90,88,36,90,60,2,1402
2026-07-10,demo,organic,mobile,153,71,30,20,53,5,3,4280
2026-07-10,demo,webinar,desktop,59,11,23,10,22,15,0,1235
2026-07-10,demo,webinar,mobile,29,8,10,1,11,2,0,4664
2026-07-10,demo,partner,desktop,31,11,12,2,9,5,1,1215
2026-07-10,demo,partner,mobile,19,8,4,0,3,1,2,4416
2026-07-10,demo,email,desktop,50,17,16,7,18,14,0,1462
2026-07-10,demo,email,mobile,38,16,10,4,14,4,1,4669
2026-07-10,features,paid_search,desktop,176,61,49,25,0,0,1,1273
2026-07-10,features,paid_search,mobile,122,43,43,17,0,0,0,2347
2026-07-10,features,paid_social,desktop,102,34,30,10,0,0,0,1041
2026-07-10,features,paid_social,mobile,136,56,33,13,0,0,0,2019
2026-07-10,features,organic,desktop,276,105,75,35,0,0,0,1316
2026-07-10,features,organic,mobile,155,54,48,19,0,0,1,2170
2026-07-10,features,webinar,desktop,75,25,23,8,0,0,2,1158
2026-07-10,features,webinar,mobile,36,10,13,5,0,0,0,2159
2026-07-10,features,partner,desktop,37,10,14,5,0,0,0,1257
2026-07-10,features,partner,mobile,25,9,5,4,0,0,0,2332
2026-07-10,features,email,desktop,66,24,15,8,0,0,0,1389
2026-07-10,features,email,mobile,34,16,6,2,0,0,0,2055
2026-07-10,compare,paid_search,desktop,147,60,40,23,0,0,0,1297
2026-07-10,compare,paid_search,mobile,87,40,24,11,0,0,0,2147
2026-07-10,compare,paid_social,desktop,54,21,14,6,0,0,0,1319
2026-07-10,compare,paid_social,mobile,68,37,13,5,0,0,0,2091
2026-07-10,compare,organic,desktop,161,75,36,21,0,0,0,1276
2026-07-10,compare,organic,mobile,92,41,26,11,0,0,0,2429
2026-07-10,compare,webinar,desktop,54,22,15,6,0,0,0,1390
2026-07-10,compare,webinar,mobile,24,8,6,2,0,0,0,2152
2026-07-10,compare,partner,desktop,19,10,6,3,0,0,0,1363
2026-07-10,compare,partner,mobile,7,4,3,0,0,0,0,1979
2026-07-10,compare,email,desktop,17,7,4,2,0,0,1,1278
2026-07-10,compare,email,mobile,26,12,6,7,0,0,0,1912
2026-07-11,home,paid_search,desktop,134,49,38,21,0,0,0,1296
2026-07-11,home,paid_search,mobile,79,36,20,7,0,0,0,1930
2026-07-11,home,paid_social,desktop,84,28,24,9,0,0,0,1267
2026-07-11,home,paid_social,mobile,131,61,35,19,0,0,0,2060
2026-07-11,home,organic,desktop,232,85,62,29,0,0,0,1237
2026-07-11,home,organic,mobile,124,56,26,11,0,0,0,2242
2026-07-11,home,webinar,desktop,56,26,14,5,0,0,0,1542
2026-07-11,home,webinar,mobile,28,10,10,0,0,0,0,1846
2026-07-11,home,partner,desktop,24,12,5,5,0,0,0,1382
2026-07-11,home,partner,mobile,19,4,7,1,0,0,0,2086
2026-07-11,home,email,desktop,27,11,10,2,0,0,0,1181
2026-07-11,home,email,mobile,35,16,7,3,0,0,0,1972
2026-07-11,pricing,paid_search,desktop,148,82,30,13,0,0,0,1314
2026-07-11,pricing,paid_search,mobile,103,60,18,2,0,0,0,2110
2026-07-11,pricing,paid_social,desktop,42,14,15,3,0,0,0,1336
2026-07-11,pricing,paid_social,mobile,71,34,15,11,0,0,0,1962
2026-07-11,pricing,organic,desktop,113,43,29,11,0,0,0,1111
2026-07-11,pricing,organic,mobile,66,31,11,5,0,0,0,2116
2026-07-11,pricing,webinar,desktop,29,12,4,4,0,0,0,1410
2026-07-11,pricing,webinar,mobile,7,3,2,0,0,0,0,1901
2026-07-11,pricing,partner,desktop,22,11,5,3,0,0,1,1374
2026-07-11,pricing,partner,mobile,6,3,1,2,0,0,0,2129
2026-07-11,pricing,email,desktop,28,9,11,6,0,0,0,1442
2026-07-11,pricing,email,mobile,26,9,8,4,0,0,0,2180
2026-07-11,demo,paid_search,desktop,109,31,42,18,28,18,2,1605
2026-07-11,demo,paid_search,mobile,52,20,15,9,16,2,2,5254
2026-07-11,demo,paid_social,desktop,29,7,12,2,7,4,0,1195
2026-07-11,demo,paid_social,mobile,42,21,12,5,16,6,0,4583
2026-07-11,demo,organic,desktop,126,41,35,14,39,25,1,1207
2026-07-11,demo,organic,mobile,58,17,16,6,23,6,1,5295
2026-07-11,demo,webinar,desktop,28,6,8,2,7,0,0,1374
2026-07-11,demo,webinar,mobile,10,3,1,1,2,2,0,4939
2026-07-11,demo,partner,desktop,10,3,6,1,1,1,0,1204
2026-07-11,demo,partner,mobile,10,2,5,0,4,0,0,4158
2026-07-11,demo,email,desktop,25,10,6,2,15,10,1,1348
2026-07-11,demo,email,mobile,16,5,7,3,6,1,0,4750
2026-07-11,features,paid_search,desktop,83,28,21,11,0,0,0,1211
2026-07-11,features,paid_search,mobile,32,14,7,2,0,0,0,2068
2026-07-11,features,paid_social,desktop,38,8,9,7,0,0,0,1314
2026-07-11,features,paid_social,mobile,49,17,14,2,0,0,0,2167
2026-07-11,features,organic,desktop,131,43,37,14,0,0,0,1268
2026-07-11,features,organic,mobile,76,28,19,5,0,0,0,2240
2026-07-11,features,webinar,desktop,23,6,6,3,0,0,0,1378
2026-07-11,features,webinar,mobile,24,6,5,5,0,0,0,2359
2026-07-11,features,partner,desktop,13,5,4,0,0,0,0,1466
2026-07-11,features,partner,mobile,12,3,2,1,0,0,0,2036
2026-07-11,features,email,desktop,27,13,8,4,0,0,1,1175
2026-07-11,features,email,mobile,28,9,8,3,0,0,0,2050
2026-07-11,compare,paid_search,desktop,60,27,22,10,0,0,0,1346
2026-07-11,compare,paid_search,mobile,19,8,3,2,0,0,1,2057
2026-07-11,compare,paid_social,desktop,17,4,6,2,0,0,0,1277
2026-07-11,compare,paid_social,mobile,24,19,4,1,0,0,0,2117
2026-07-11,compare,organic,desktop,63,32,13,8,0,0,0,1257
2026-07-11,compare,organic,mobile,44,20,10,3,0,0,0,1982
2026-07-11,compare,webinar,desktop,13,6,2,2,0,0,0,1197
2026-07-11,compare,webinar,mobile,4,1,2,1,0,0,0,2257
2026-07-11,compare,partner,desktop,8,3,2,1,0,0,0,1284
2026-07-11,compare,partner,mobile,3,1,1,0,0,0,0,2190
2026-07-11,compare,email,desktop,9,3,4,2,0,0,0,1299
2026-07-11,compare,email,mobile,10,6,2,1,0,0,0,1982
2026-07-12,home,paid_search,desktop,125,52,31,13,0,0,2,1257
2026-07-12,home,paid_search,mobile,66,34,16,10,0,0,0,1840
2026-07-12,home,paid_social,desktop,64,23,19,11,0,0,0,1328
2026-07-12,home,paid_social,mobile,107,47,23,12,0,0,0,2394
2026-07-12,home,organic,desktop,218,90,62,19,0,0,1,1325
2026-07-12,home,organic,mobile,103,47,24,11,0,0,0,2244
2026-07-12,home,webinar,desktop,54,27,16,11,0,0,1,1173
2026-07-12,home,webinar,mobile,27,11,11,4,0,0,0,1773
2026-07-12,home,partner,desktop,29,9,11,5,0,0,0,1260
2026-07-12,home,partner,mobile,11,3,6,1,0,0,0,2527
2026-07-12,home,email,desktop,35,14,13,3,0,0,0,1119
2026-07-12,home,email,mobile,34,12,9,2,0,0,0,2287
2026-07-12,pricing,paid_search,desktop,149,100,21,9,0,0,1,1331
2026-07-12,pricing,paid_search,mobile,90,53,11,2,0,0,1,2193
2026-07-12,pricing,paid_social,desktop,40,9,12,7,0,0,0,1322
2026-07-12,pricing,paid_social,mobile,65,25,15,5,0,0,0,2003
2026-07-12,pricing,organic,desktop,133,44,42,16,0,0,1,1261
2026-07-12,pricing,organic,mobile,64,24,17,8,0,0,0,2227
2026-07-12,pricing,webinar,desktop,25,10,7,2,0,0,0,1392
2026-07-12,pricing,webinar,mobile,9,4,3,2,0,0,1,1844
2026-07-12,pricing,partner,desktop,13,7,2,0,0,0,0,1307
2026-07-12,pricing,partner,mobile,3,2,1,1,0,0,0,2047
2026-07-12,pricing,email,desktop,14,7,3,1,0,0,0,1168
2026-07-12,pricing,email,mobile,20,12,4,1,0,0,0,2308
2026-07-12,demo,paid_search,desktop,100,25,29,10,39,20,2,1359
2026-07-12,demo,paid_search,mobile,65,19,20,4,29,9,4,4850
2026-07-12,demo,paid_social,desktop,21,5,9,0,9,4,0,1535
2026-07-12,demo,paid_social,mobile,52,25,11,7,18,2,1,5134
2026-07-12,demo,organic,desktop,87,32,31,5,27,15,0,1547
2026-07-12,demo,organic,mobile,56,16,19,11,21,5,0,4384
2026-07-12,demo,webinar,desktop,23,11,8,2,2,1,0,1575
2026-07-12,demo,webinar,mobile,11,4,3,3,1,0,0,4580
2026-07-12,demo,partner,desktop,10,3,2,3,6,3,0,1300
2026-07-12,demo,partner,mobile,1,0,0,0,0,0,0,5005
2026-07-12,demo,email,desktop,15,5,3,2,6,4,0,1353
2026-07-12,demo,email,mobile,24,12,4,2,6,0,0,5091
2026-07-12,features,paid_search,desktop,91,33,25,9,0,0,1,1220
2026-07-12,features,paid_search,mobile,48,13,15,10,0,0,0,2119
2026-07-12,features,paid_social,desktop,50,16,10,9,0,0,0,1473
2026-07-12,features,paid_social,mobile,46,23,8,4,0,0,0,2184
2026-07-12,features,organic,desktop,141,48,44,15,0,0,1,1290
2026-07-12,features,organic,mobile,70,26,22,9,0,0,0,2154
2026-07-12,features,webinar,desktop,37,10,13,3,0,0,0,1059
2026-07-12,features,webinar,mobile,14,6,5,2,0,0,0,2062
2026-07-12,features,partner,desktop,19,6,4,1,0,0,0,1171
2026-07-12,features,partner,mobile,10,0,7,1,0,0,0,2050
2026-07-12,features,email,desktop,23,6,6,1,0,0,0,1180
2026-07-12,features,email,mobile,18,7,4,2,0,0,0,2144
2026-07-12,compare,paid_search,desktop,57,19,16,7,0,0,0,1093
2026-07-12,compare,paid_search,mobile,25,13,8,3,0,0,0,2086
2026-07-12,compare,paid_social,desktop,20,15,1,2,0,0,0,1436
2026-07-12,compare,paid_social,mobile,33,16,8,5,0,0,0,2260
2026-07-12,compare,organic,desktop,70,28,22,5,0,0,0,1291
2026-07-12,compare,organic,mobile,31,16,10,3,0,0,0,2267
2026-07-12,compare,webinar,desktop,16,7,5,3,0,0,0,1289
2026-07-12,compare,webinar,mobile,7,2,1,0,0,0,0,2105
2026-07-12,compare,partner,desktop,8,5,2,2,0,0,0,1204
2026-07-12,compare,partner,mobile,5,3,1,0,0,0,0,2064
2026-07-12,compare,email,desktop,11,5,5,1,0,0,0,1407
2026-07-12,compare,email,mobile,11,4,2,2,0,0,0,2210
2026-07-13,home,paid_search,desktop,353,138,104,45,0,0,0,1483
2026-07-13,home,paid_search,mobile,167,73,44,16,0,0,0,2246
2026-07-13,home,paid_social,desktop,166,51,50,19,0,0,3,1195
2026-07-13,home,paid_social,mobile,242,103,63,28,0,0,1,1759
2026-07-13,home,organic,desktop,622,254,176,75,0,0,3,1356
2026-07-13,home,organic,mobile,319,132,78,26,0,0,0,2209
2026-07-13,home,webinar,desktop,145,58,34,16,0,0,0,1303
2026-07-13,home,webinar,mobile,73,34,15,11,0,0,0,2366
2026-07-13,home,partner,desktop,53,21,13,4,0,0,0,1322
2026-07-13,home,partner,mobile,45,15,10,8,0,0,0,2264
2026-07-13,home,email,desktop,106,52,25,16,0,0,1,1331
2026-07-13,home,email,mobile,87,34,20,11,0,0,0,2135
2026-07-13,pricing,paid_search,desktop,416,257,74,32,0,0,3,1424
2026-07-13,pricing,paid_search,mobile,188,119,30,17,0,0,1,2459
2026-07-13,pricing,paid_social,desktop,104,43,25,16,0,0,1,1294
2026-07-13,pricing,paid_social,mobile,137,64,34,16,0,0,0,2208
2026-07-13,pricing,organic,desktop,352,131,95,31,0,0,1,1349
2026-07-13,pricing,organic,mobile,192,94,50,27,0,0,0,2062
2026-07-13,pricing,webinar,desktop,78,39,18,7,0,0,1,1220
2026-07-13,pricing,webinar,mobile,37,12,13,3,0,0,1,2285
2026-07-13,pricing,partner,desktop,34,20,5,3,0,0,0,1458
2026-07-13,pricing,partner,mobile,18,9,4,3,0,0,0,2110
2026-07-13,pricing,email,desktop,51,17,14,6,0,0,0,1259
2026-07-13,pricing,email,mobile,36,14,10,2,0,0,2,2283
2026-07-13,demo,paid_search,desktop,245,85,76,28,79,52,0,1302
2026-07-13,demo,paid_search,mobile,146,56,35,20,57,13,6,4965
2026-07-13,demo,paid_social,desktop,100,28,34,13,34,21,0,1447
2026-07-13,demo,paid_social,mobile,110,37,38,13,45,10,2,4849
2026-07-13,demo,organic,desktop,223,69,67,21,68,44,0,1524
2026-07-13,demo,organic,mobile,118,34,34,13,54,12,4,4949
2026-07-13,demo,webinar,desktop,63,19,19,11,15,11,0,1404
2026-07-13,demo,webinar,mobile,40,13,17,7,11,4,0,4609
2026-07-13,demo,partner,desktop,35,12,11,7,10,8,1,1385
2026-07-13,demo,partner,mobile,15,8,6,3,3,1,1,4658
2026-07-13,demo,email,desktop,40,17,8,4,15,9,0,1376
2026-07-13,demo,email,mobile,28,11,8,3,10,1,0,5085
2026-07-13,features,paid_search,desktop,224,69,64,29,0,0,1,1236
2026-07-13,features,paid_search,mobile,129,59,30,11,0,0,0,2237
2026-07-13,features,paid_social,desktop,114,34,32,16,0,0,0,1400
2026-07-13,features,paid_social,mobile,155,60,38,19,0,0,1,2364
2026-07-13,features,organic,desktop,287,89,93,38,0,0,0,1366
2026-07-13,features,organic,mobile,180,60,45,12,0,0,2,2163
2026-07-13,features,webinar,desktop,81,39,14,13,0,0,2,1387
2026-07-13,features,webinar,mobile,53,22,9,5,0,0,1,2210
2026-07-13,features,partner,desktop,34,14,13,3,0,0,0,1390
2026-07-13,features,partner,mobile,21,8,9,2,0,0,0,1892
2026-07-13,features,email,desktop,79,24,24,11,0,0,0,1204
2026-07-13,features,email,mobile,47,16,15,5,0,0,0,1976
2026-07-13,compare,paid_search,desktop,126,61,23,17,0,0,0,1458
2026-07-13,compare,paid_search,mobile,73,41,16,8,0,0,2,1730
2026-07-13,compare,paid_social,desktop,35,17,8,7,0,0,0,1421
2026-07-13,compare,paid_social,mobile,93,45,22,12,0,0,0,2087
2026-07-13,compare,organic,desktop,157,77,35,19,0,0,1,1310
2026-07-13,compare,organic,mobile,79,42,14,11,0,0,0,2145
2026-07-13,compare,webinar,desktop,44,15,7,1,0,0,1,1091
2026-07-13,compare,webinar,mobile,15,4,5,4,0,0,0,2004
2026-07-13,compare,partner,desktop,10,2,2,1,0,0,0,1350
2026-07-13,compare,partner,mobile,11,3,2,0,0,0,0,2243
2026-07-13,compare,email,desktop,37,14,9,4,0,0,0,1390
2026-07-13,compare,email,mobile,25,10,7,4,0,0,0,2117
2026-07-14,home,paid_search,desktop,350,164,78,42,0,0,2,1443
2026-07-14,home,paid_search,mobile,191,82,41,18,0,0,3,2091
2026-07-14,home,paid_social,desktop,163,61,44,11,0,0,0,1337
2026-07-14,home,paid_social,mobile,261,127,69,24,0,0,0,2203
2026-07-14,home,organic,desktop,603,220,176,84,0,0,3,1245
2026-07-14,home,organic,mobile,316,131,80,52,0,0,2,2178
2026-07-14,home,webinar,desktop,129,50,35,11,0,0,2,1279
2026-07-14,home,webinar,mobile,68,25,22,6,0,0,0,2068
2026-07-14,home,partner,desktop,61,21,18,8,0,0,1,1347
2026-07-14,home,partner,mobile,28,7,7,4,0,0,0,2206
2026-07-14,home,email,desktop,93,33,25,8,0,0,0,1312
2026-07-14,home,email,mobile,78,36,17,6,0,0,0,2097
2026-07-14,pricing,paid_search,desktop,391,260,48,23,0,0,1,1350
2026-07-14,pricing,paid_search,mobile,227,135,52,19,0,0,1,2136
2026-07-14,pricing,paid_social,desktop,122,52,39,14,0,0,2,1219
2026-07-14,pricing,paid_social,mobile,146,55,45,19,0,0,0,2269
2026-07-14,pricing,organic,desktop,279,105,71,35,0,0,0,1229
2026-07-14,pricing,organic,mobile,205,97,50,22,0,0,2,2283
2026-07-14,pricing,webinar,desktop,69,24,20,6,0,0,0,1363
2026-07-14,pricing,webinar,mobile,40,15,10,6,0,0,0,2195
2026-07-14,pricing,partner,desktop,50,16,12,5,0,0,1,1424
2026-07-14,pricing,partner,mobile,21,12,3,4,0,0,0,2167
2026-07-14,pricing,email,desktop,61,25,15,9,0,0,0,1544
2026-07-14,pricing,email,mobile,57,30,12,8,0,0,1,2101
2026-07-14,demo,paid_search,desktop,334,116,92,33,99,55,0,1184
2026-07-14,demo,paid_search,mobile,98,23,28,5,39,9,6,4683
2026-07-14,demo,paid_social,desktop,73,22,28,10,17,9,0,1569
2026-07-14,demo,paid_social,mobile,140,65,34,19,42,6,3,5662
2026-07-14,demo,organic,desktop,263,79,77,29,66,41,0,1645
2026-07-14,demo,organic,mobile,150,58,37,20,60,16,6,5396
2026-07-14,demo,webinar,desktop,49,13,20,7,11,6,0,1414
2026-07-14,demo,webinar,mobile,33,9,9,3,16,3,2,4753
2026-07-14,demo,partner,desktop,33,11,10,3,9,7,0,1629
2026-07-14,demo,partner,mobile,19,8,7,4,7,0,0,5053
2026-07-14,demo,email,desktop,63,23,19,5,18,9,0,1374
2026-07-14,demo,email,mobile,32,13,7,3,9,5,0,5189
2026-07-14,features,paid_search,desktop,167,69,50,19,0,0,1,1181
2026-07-14,features,paid_search,mobile,124,46,35,14,0,0,0,1967
2026-07-14,features,paid_social,desktop,116,38,35,13,0,0,0,1165
2026-07-14,features,paid_social,mobile,161,63,43,14,0,0,2,2137
2026-07-14,features,organic,desktop,298,93,93,43,0,0,0,1400
2026-07-14,features,organic,mobile,149,46,44,17,0,0,0,2175
2026-07-14,features,webinar,desktop,74,27,20,13,0,0,0,1168
2026-07-14,features,webinar,mobile,43,23,12,6,0,0,0,2157
2026-07-14,features,partner,desktop,36,8,16,4,0,0,0,1244
2026-07-14,features,partner,mobile,18,8,5,3,0,0,0,1920
2026-07-14,features,email,desktop,60,19,17,11,0,0,0,1186
2026-07-14,features,email,mobile,60,22,17,4,0,0,0,2287
2026-07-14,compare,paid_search,desktop,124,49,35,14,0,0,0,1338
2026-07-14,compare,paid_search,mobile,80,38,16,11,0,0,1,2272
2026-07-14,compare,paid_social,desktop,48,16,15,7,0,0,0,1527
2026-07-14,compare,paid_social,mobile,69,32,14,5,0,0,1,2135
2026-07-14,compare,organic,desktop,169,81,41,20,0,0,1,1435
2026-07-14,compare,organic,mobile,107,51,26,11,0,0,1,2050
2026-07-14,compare,webinar,desktop,26,10,9,2,0,0,0,1292
2026-07-14,compare,webinar,mobile,17,5,5,1,0,0,0,2164
2026-07-14,compare,partner,desktop,17,6,6,2,0,0,0,1316
2026-07-14,compare,partner,mobile,4,0,0,1,0,0,0,2176
2026-07-14,compare,email,desktop,24,8,7,5,0,0,0,1169
2026-07-14,compare,email,mobile,34,17,7,1,0,0,0,2287
2026-07-15,home,paid_search,desktop,357,129,88,42,0,0,1,1244
2026-07-15,home,paid_search,mobile,180,87,40,20,0,0,0,2115
2026-07-15,home,paid_social,desktop,188,70,43,28,0,0,1,1332
2026-07-15,home,paid_social,mobile,313,128,85,31,0,0,0,2336
2026-07-15,home,organic,desktop,535,250,124,72,0,0,1,1389
2026-07-15,home,organic,mobile,328,153,87,36,0,0,2,2046
2026-07-15,home,webinar,desktop,123,53,38,12,0,0,1,1098
2026-07-15,home,webinar,mobile,90,36,31,6,0,0,1,2222
2026-07-15,home,partner,desktop,54,23,11,10,0,0,0,1445
2026-07-15,home,partner,mobile,42,15,7,5,0,0,0,1965
2026-07-15,home,email,desktop,114,46,35,17,0,0,0,1353
2026-07-15,home,email,mobile,105,48,27,9,0,0,0,2188
2026-07-15,pricing,paid_search,desktop,414,244,87,22,0,0,2,1427
2026-07-15,pricing,paid_search,mobile,222,138,36,16,0,0,0,2022
2026-07-15,pricing,paid_social,desktop,126,40,32,14,0,0,1,1395
2026-07-15,pricing,paid_social,mobile,150,71,34,22,0,0,0,2059
2026-07-15,pricing,organic,desktop,306,129,79,24,0,0,1,1206
2026-07-15,pricing,organic,mobile,184,85,47,25,0,0,1,1990
2026-07-15,pricing,webinar,desktop,58,24,17,4,0,0,0,1305
2026-07-15,pricing,webinar,mobile,48,15,9,1,0,0,0,2203
2026-07-15,pricing,partner,desktop,33,19,7,3,0,0,0,1329
2026-07-15,pricing,partner,mobile,22,8,4,5,0,0,0,2050
2026-07-15,pricing,email,desktop,50,10,17,7,0,0,0,1273
2026-07-15,pricing,email,mobile,49,20,10,6,0,0,0,1895
2026-07-15,demo,paid_search,desktop,273,66,89,29,72,44,2,1199
2026-07-15,demo,paid_search,mobile,149,53,48,16,40,12,6,4368
2026-07-15,demo,paid_social,desktop,66,17,21,9,23,14,0,1248
2026-07-15,demo,paid_social,mobile,124,46,33,14,36,6,1,5425
2026-07-15,demo,organic,desktop,268,87,84,21,66,48,3,1451
2026-07-15,demo,organic,mobile,142,51,42,18,58,14,4,5120
2026-07-15,demo,webinar,desktop,57,13,20,7,27,17,0,1438
2026-07-15,demo,webinar,mobile,37,18,7,6,10,4,0,4595
2026-07-15,demo,partner,desktop,24,7,11,1,8,6,0,1364
2026-07-15,demo,partner,mobile,13,8,3,2,6,3,1,4091
2026-07-15,demo,email,desktop,41,14,11,3,11,6,0,1331
2026-07-15,demo,email,mobile,23,5,5,5,7,3,1,4514
2026-07-15,features,paid_search,desktop,203,73,58,29,0,0,0,1111
2026-07-15,features,paid_search,mobile,102,34,32,10,0,0,0,2203
2026-07-15,features,paid_social,desktop,97,28,31,14,0,0,0,1275
2026-07-15,features,paid_social,mobile,178,64,47,14,0,0,0,2299
2026-07-15,features,organic,desktop,356,126,106,39,0,0,3,1419
2026-07-15,features,organic,mobile,192,72,50,18,0,0,0,2416
2026-07-15,features,webinar,desktop,78,31,22,9,0,0,0,1420
2026-07-15,features,webinar,mobile,47,21,12,7,0,0,0,2154
2026-07-15,features,partner,desktop,37,10,11,4,0,0,0,1290
2026-07-15,features,partner,mobile,22,5,5,2,0,0,0,2011
2026-07-15,features,email,desktop,83,32,27,10,0,0,0,1428
2026-07-15,features,email,mobile,50,20,11,4,0,0,0,1936
2026-07-15,compare,paid_search,desktop,127,59,32,19,0,0,1,1297
2026-07-15,compare,paid_search,mobile,81,43,19,6,0,0,0,2116
2026-07-15,compare,paid_social,desktop,45,20,9,7,0,0,0,1303
2026-07-15,compare,paid_social,mobile,72,34,13,5,0,0,1,1821
2026-07-15,compare,organic,desktop,150,70,42,18,0,0,1,1297
2026-07-15,compare,organic,mobile,68,25,18,10,0,0,0,2060
2026-07-15,compare,webinar,desktop,35,19,6,4,0,0,0,1420
2026-07-15,compare,webinar,mobile,23,12,3,1,0,0,0,2287
2026-07-15,compare,partner,desktop,21,9,8,0,0,0,0,1214
2026-07-15,compare,partner,mobile,8,4,1,1,0,0,0,2279
2026-07-15,compare,email,desktop,35,12,11,4,0,0,0,1227
2026-07-15,compare,email,mobile,28,11,7,5,0,0,0,2016
2026-07-16,home,paid_search,desktop,314,121,76,47,0,0,1,1308
2026-07-16,home,paid_search,mobile,207,95,55,16,0,0,1,2200
2026-07-16,home,paid_social,desktop,198,73,61,24,0,0,0,1180
2026-07-16,home,paid_social,mobile,265,123,65,24,0,0,3,2187
2026-07-16,home,organic,desktop,529,211,124,55,0,0,3,1272
2026-07-16,home,organic,mobile,316,128,93,31,0,0,2,1997
2026-07-16,home,webinar,desktop,134,45,36,13,0,0,0,1185
2026-07-16,home,webinar,mobile,84,40,18,6,0,0,1,2159
2026-07-16,home,partner,desktop,77,34,20,9,0,0,0,1389
2026-07-16,home,partner,mobile,31,15,6,2,0,0,0,1855
2026-07-16,home,email,desktop,126,49,35,18,0,0,2,1185
2026-07-16,home,email,mobile,80,41,13,14,0,0,0,1938
2026-07-16,pricing,paid_search,desktop,398,292,57,28,0,0,3,1345
2026-07-16,pricing,paid_search,mobile,234,135,44,12,0,0,1,2180
2026-07-16,pricing,paid_social,desktop,101,37,34,15,0,0,0,1315
2026-07-16,pricing,paid_social,mobile,157,70,38,15,0,0,3,1855
2026-07-16,pricing,organic,desktop,334,146,92,32,0,0,0,1288
2026-07-16,pricing,organic,mobile,147,66,32,21,0,0,1,1803
2026-07-16,pricing,webinar,desktop,74,32,20,5,0,0,0,1322
2026-07-16,pricing,webinar,mobile,30,12,7,1,0,0,0,2235
2026-07-16,pricing,partner,desktop,41,21,7,4,0,0,0,1071
2026-07-16,pricing,partner,mobile,18,6,5,2,0,0,0,1826
2026-07-16,pricing,email,desktop,50,22,14,2,0,0,1,1221
2026-07-16,pricing,email,mobile,43,19,10,5,0,0,0,1993
2026-07-16,demo,paid_search,desktop,272,59,87,42,84,61,2,1398
2026-07-16,demo,paid_search,mobile,164,74,36,17,63,16,7,5413
2026-07-16,demo,paid_social,desktop,63,14,23,9,16,9,0,1410
2026-07-16,demo,paid_social,mobile,120,42,30,16,39,12,2,4393
2026-07-16,demo,organic,desktop,216,54,66,28,60,34,2,1050
2026-07-16,demo,organic,mobile,113,40,35,12,39,8,4,5243
2026-07-16,demo,webinar,desktop,49,13,15,3,17,8,0,1358
2026-07-16,demo,webinar,mobile,32,8,8,3,8,2,0,5155
2026-07-16,demo,partner,desktop,19,4,9,2,5,4,0,1414
2026-07-16,demo,partner,mobile,14,4,4,2,4,0,0,4700
2026-07-16,demo,email,desktop,50,14,15,6,17,11,0,1331
2026-07-16,demo,email,mobile,38,18,9,7,9,4,0,4968
2026-07-16,features,paid_search,desktop,188,79,58,31,0,0,0,1394
2026-07-16,features,paid_search,mobile,115,54,26,12,0,0,1,2262
2026-07-16,features,paid_social,desktop,92,34,27,8,0,0,0,1346
2026-07-16,features,paid_social,mobile,184,76,48,16,0,0,2,2089
2026-07-16,features,organic,desktop,328,113,101,38,0,0,1,1382
2026-07-16,features,organic,mobile,188,67,57,17,0,0,1,1973
2026-07-16,features,webinar,desktop,63,25,26,10,0,0,1,1397
2026-07-16,features,webinar,mobile,37,12,13,2,0,0,0,1920
2026-07-16,features,partner,desktop,50,19,11,4,0,0,1,1377
2026-07-16,features,partner,mobile,22,3,6,6,0,0,0,2252
2026-07-16,features,email,desktop,83,21,24,11,0,0,0,1318
2026-07-16,features,email,mobile,61,23,21,9,0,0,0,2140
2026-07-16,compare,paid_search,desktop,137,62,34,17,0,0,1,1323
2026-07-16,compare,paid_search,mobile,79,43,17,9,0,0,0,2046
2026-07-16,compare,paid_social,desktop,49,23,14,6,0,0,0,1233
2026-07-16,compare,paid_social,mobile,63,31,13,5,0,0,0,2161
2026-07-16,compare,organic,desktop,143,66,39,24,0,0,1,1298
2026-07-16,compare,organic,mobile,94,37,20,14,0,0,0,2140
2026-07-16,compare,webinar,desktop,24,10,4,1,0,0,0,1361
2026-07-16,compare,webinar,mobile,15,6,5,2,0,0,0,2259
2026-07-16,compare,partner,desktop,20,6,4,1,0,0,0,1266
2026-07-16,compare,partner,mobile,13,7,3,2,0,0,0,1979
2026-07-16,compare,email,desktop,20,11,6,3,0,0,0,1295
2026-07-16,compare,email,mobile,20,7,6,3,0,0,0,2068
2026-07-17,home,paid_search,desktop,304,114,94,34,0,0,2,1142
2026-07-17,home,paid_search,mobile,151,69,36,17,0,0,1,2042
2026-07-17,home,paid_social,desktop,149,60,38,20,0,0,3,1224
2026-07-17,home,paid_social,mobile,274,133,67,30,0,0,2,2045
2026-07-17,home,organic,desktop,588,207,175,79,0,0,2,1330
2026-07-17,home,organic,mobile,327,155,83,47,0,0,1,1732
2026-07-17,home,webinar,desktop,157,75,33,13,0,0,0,1319
2026-07-17,home,webinar,mobile,78,39,18,7,0,0,0,2231
2026-07-17,home,partner,desktop,67,28,20,6,0,0,0,1343
2026-07-17,home,partner,mobile,26,14,5,5,0,0,0,1968
2026-07-17,home,email,desktop,93,41,29,9,0,0,1,1490
2026-07-17,home,email,mobile,95,35,30,10,0,0,0,1921
2026-07-17,pricing,paid_search,desktop,388,217,89,25,0,0,2,1320
2026-07-17,pricing,paid_search,mobile,217,141,40,13,0,0,1,2397
2026-07-17,pricing,paid_social,desktop,87,34,18,10,0,0,1,1251
2026-07-17,pricing,paid_social,mobile,177,80,44,18,0,0,0,2061
2026-07-17,pricing,organic,desktop,339,137,82,37,0,0,2,1313
2026-07-17,pricing,organic,mobile,156,73,35,16,0,0,0,2196
2026-07-17,pricing,webinar,desktop,58,23,15,9,0,0,0,1567
2026-07-17,pricing,webinar,mobile,33,13,7,3,0,0,0,2150
2026-07-17,pricing,partner,desktop,29,15,5,9,0,0,0,1301
2026-07-17,pricing,partner,mobile,22,10,6,6,0,0,0,2173
2026-07-17,pricing,email,desktop,53,19,11,10,0,0,0,1109
2026-07-17,pricing,email,mobile,50,21,17,6,0,0,1,2300
2026-07-17,demo,paid_search,desktop,262,69,85,30,80,58,3,1651
2026-07-17,demo,paid_search,mobile,128,42,34,13,53,7,4,5698
2026-07-17,demo,paid_social,desktop,71,21,26,5,16,9,0,1442
2026-07-17,demo,paid_social,mobile,117,51,29,13,40,12,4,4458
2026-07-17,demo,organic,desktop,235,70,75,31,64,43,1,1340
2026-07-17,demo,organic,mobile,152,66,42,18,55,11,7,4778
2026-07-17,demo,webinar,desktop,62,17,22,10,19,8,2,1366
2026-07-17,demo,webinar,mobile,34,12,8,7,20,4,3,4590
2026-07-17,demo,partner,desktop,30,3,14,5,5,2,0,1325
2026-07-17,demo,partner,mobile,20,8,6,2,8,1,1,4501
2026-07-17,demo,email,desktop,42,9,16,6,13,8,0,1250
2026-07-17,demo,email,mobile,37,16,11,4,13,2,1,4945
2026-07-17,features,paid_search,desktop,215,63,74,22,0,0,1,1428
2026-07-17,features,paid_search,mobile,98,32,32,7,0,0,0,2180
2026-07-17,features,paid_social,desktop,80,37,14,10,0,0,0,1471
2026-07-17,features,paid_social,mobile,171,62,44,29,0,0,0,2274
2026-07-17,features,organic,desktop,344,126,98,40,0,0,0,1394
2026-07-17,features,organic,mobile,178,69,59,19,0,0,2,1896
2026-07-17,features,webinar,desktop,83,34,20,11,0,0,0,1206
2026-07-17,features,webinar,mobile,42,15,9,4,0,0,0,2025
2026-07-17,features,partner,desktop,39,7,13,4,0,0,0,1272
2026-07-17,features,partner,mobile,21,6,8,4,0,0,0,1912
2026-07-17,features,email,desktop,62,25,22,6,0,0,0,1449
2026-07-17,features,email,mobile,56,24,10,4,0,0,0,2345
2026-07-17,compare,paid_search,desktop,125,61,28,13,0,0,0,1212
2026-07-17,compare,paid_search,mobile,76,39,19,9,0,0,0,2054
2026-07-17,compare,paid_social,desktop,50,21,16,6,0,0,0,1206
2026-07-17,compare,paid_social,mobile,63,29,18,5,0,0,0,1964
2026-07-17,compare,organic,desktop,149,76,39,25,0,0,1,1417
2026-07-17,compare,organic,mobile,85,41,19,10,0,0,1,1946
2026-07-17,compare,webinar,desktop,42,17,12,9,0,0,0,1322
2026-07-17,compare,webinar,mobile,26,10,5,3,0,0,0,1618
2026-07-17,compare,partner,desktop,8,6,1,0,0,0,0,1480
2026-07-17,compare,partner,mobile,12,10,0,2,0,0,0,2114
2026-07-17,compare,email,desktop,49,18,12,5,0,0,0,1390
2026-07-17,compare,email,mobile,21,8,7,3,0,0,0,2150
2026-07-18,home,paid_search,desktop,123,46,37,16,0,0,0,1333
2026-07-18,home,paid_search,mobile,68,27,23,11,0,0,0,1966
2026-07-18,home,paid_social,desktop,91,35,25,5,0,0,0,1187
2026-07-18,home,paid_social,mobile,109,57,25,13,0,0,1,1762
2026-07-18,home,organic,desktop,241,94,63,21,0,0,1,1490
2026-07-18,home,organic,mobile,115,53,33,9,0,0,1,2326
2026-07-18,home,webinar,desktop,39,10,14,4,0,0,0,1432
2026-07-18,home,webinar,mobile,26,12,5,4,0,0,0,2044
2026-07-18,home,partner,desktop,21,9,3,1,0,0,0,1376
2026-07-18,home,partner,mobile,12,8,4,0,0,0,0,1986
2026-07-18,home,email,desktop,44,13,18,5,0,0,0,1426
2026-07-18,home,email,mobile,36,20,8,2,0,0,0,2080
2026-07-18,pricing,paid_search,desktop,149,87,28,10,0,0,1,1256
2026-07-18,pricing,paid_search,mobile,83,54,14,2,0,0,1,1949
2026-07-18,pricing,paid_social,desktop,44,13,14,8,0,0,0,1282
2026-07-18,pricing,paid_social,mobile,48,19,16,4,0,0,0,1921
2026-07-18,pricing,organic,desktop,121,46,38,14,0,0,0,1139
2026-07-18,pricing,organic,mobile,79,40,16,7,0,0,1,2024
2026-07-18,pricing,webinar,desktop,27,15,6,4,0,0,0,1336
2026-07-18,pricing,webinar,mobile,14,7,6,0,0,0,0,2043
2026-07-18,pricing,partner,desktop,13,6,4,1,0,0,0,1208
2026-07-18,pricing,partner,mobile,7,3,2,0,0,0,0,2623
2026-07-18,pricing,email,desktop,23,7,9,7,0,0,0,1255
2026-07-18,pricing,email,mobile,23,10,7,4,0,0,0,2315
2026-07-18,demo,paid_search,desktop,111,34,30,11,38,26,0,1176
2026-07-18,demo,paid_search,mobile,69,32,17,9,28,8,3,3730
2026-07-18,demo,paid_social,desktop,33,9,16,6,12,2,0,1564
2026-07-18,demo,paid_social,mobile,46,15,12,6,13,3,1,4905
2026-07-18,demo,organic,desktop,114,42,35,16,33,21,0,1501
2026-07-18,demo,organic,mobile,63,22,12,13,13,4,0,5025
2026-07-18,demo,webinar,desktop,26,9,7,4,8,5,0,1224
2026-07-18,demo,webinar,mobile,14,4,3,0,3,1,0,4900
2026-07-18,demo,partner,desktop,12,5,3,1,3,3,0,1522
2026-07-18,demo,partner,mobile,9,3,4,1,3,0,0,4128
2026-07-18,demo,email,desktop,19,5,11,6,3,1,0,1353
2026-07-18,demo,email,mobile,18,10,4,2,7,1,0,5032
2026-07-18,features,paid_search,desktop,95,33,34,16,0,0,1,1188
2026-07-18,features,paid_search,mobile,47,19,16,3,0,0,0,2270
2026-07-18,features,paid_social,desktop,18,3,5,2,0,0,0,1212
2026-07-18,features,paid_social,mobile,61,23,11,5,0,0,0,1740
2026-07-18,features,organic,desktop,118,46,37,16,0,0,0,1340
2026-07-18,features,organic,mobile,54,17,14,8,0,0,0,2278
2026-07-18,features,webinar,desktop,33,12,9,3,0,0,0,1447
2026-07-18,features,webinar,mobile,16,7,3,2,0,0,0,2398
2026-07-18,features,partner,desktop,18,5,7,3,0,0,0,1137
2026-07-18,features,partner,mobile,6,1,1,3,0,0,0,2098
2026-07-18,features,email,desktop,17,8,4,0,0,0,0,1422
2026-07-18,features,email,mobile,14,6,3,2,0,0,0,2212
2026-07-18,compare,paid_search,desktop,60,33,14,9,0,0,0,1266
2026-07-18,compare,paid_search,mobile,35,19,7,3,0,0,0,2375
2026-07-18,compare,paid_social,desktop,25,13,6,2,0,0,0,1369
2026-07-18,compare,paid_social,mobile,39,18,11,0,0,0,1,2307
2026-07-18,compare,organic,desktop,70,38,16,11,0,0,1,1166
2026-07-18,compare,organic,mobile,31,11,12,1,0,0,0,2036
2026-07-18,compare,webinar,desktop,9,5,1,0,0,0,0,1227
2026-07-18,compare,webinar,mobile,7,2,1,1,0,0,0,2090
2026-07-18,compare,partner,desktop,4,3,0,1,0,0,0,1264
2026-07-18,compare,partner,mobile,3,3,0,0,0,0,0,2321
2026-07-18,compare,email,desktop,14,5,4,3,0,0,0,1228
2026-07-18,compare,email,mobile,9,2,3,1,0,0,0,2060
2026-07-19,home,paid_search,desktop,107,35,32,8,0,0,0,1382
2026-07-19,home,paid_search,mobile,79,34,18,12,0,0,1,1887
2026-07-19,home,paid_social,desktop,72,30,16,10,0,0,1,1285
2026-07-19,home,paid_social,mobile,116,49,35,14,0,0,0,2132
2026-07-19,home,organic,desktop,214,89,57,35,0,0,1,1255
2026-07-19,home,organic,mobile,135,65,24,13,0,0,0,2018
2026-07-19,home,webinar,desktop,55,24,13,9,0,0,1,1331
2026-07-19,home,webinar,mobile,32,14,9,7,0,0,0,1953
2026-07-19,home,partner,desktop,22,12,4,2,0,0,0,1326
2026-07-19,home,partner,mobile,15,8,3,2,0,0,0,2021
2026-07-19,home,email,desktop,44,18,13,5,0,0,0,1326
2026-07-19,home,email,mobile,32,16,5,4,0,0,0,2217
2026-07-19,pricing,paid_search,desktop,140,72,33,10,0,0,0,1347
2026-07-19,pricing,paid_search,mobile,75,54,9,4,0,0,0,2054
2026-07-19,pricing,paid_social,desktop,46,16,15,5,0,0,0,1548
2026-07-19,pricing,paid_social,mobile,66,32,17,5,0,0,1,2193
2026-07-19,pricing,organic,desktop,95,41,23,16,0,0,0,1202
2026-07-19,pricing,organic,mobile,60,25,15,6,0,0,0,2227
2026-07-19,pricing,webinar,desktop,37,15,8,4,0,0,0,1263
2026-07-19,pricing,webinar,mobile,14,4,4,2,0,0,0,2200
2026-07-19,pricing,partner,desktop,13,5,5,1,0,0,0,1337
2026-07-19,pricing,partner,mobile,6,1,3,0,0,0,0,2134
2026-07-19,pricing,email,desktop,25,11,4,1,0,0,0,1348
2026-07-19,pricing,email,mobile,20,7,4,2,0,0,0,1893
2026-07-19,demo,paid_search,desktop,76,23,17,11,23,16,0,1320
2026-07-19,demo,paid_search,mobile,63,15,21,4,24,2,4,4563
2026-07-19,demo,paid_social,desktop,32,11,12,7,12,6,0,1348
2026-07-19,demo,paid_social,mobile,55,23,15,7,18,4,1,5375
2026-07-19,demo,organic,desktop,110,31,37,17,36,24,0,1457
2026-07-19,demo,organic,mobile,47,10,13,7,17,3,1,4922
2026-07-19,demo,webinar,desktop,15,5,4,1,3,2,0,1394
2026-07-19,demo,webinar,mobile,11,2,4,1,4,0,0,5687
2026-07-19,demo,partner,desktop,8,1,2,4,1,1,1,1328
2026-07-19,demo,partner,mobile,4,2,0,0,0,0,0,5130
2026-07-19,demo,email,desktop,14,7,2,5,6,4,0,1500
2026-07-19,demo,email,mobile,15,6,2,4,7,3,1,5111
2026-07-19,features,paid_search,desktop,85,32,20,9,0,0,0,1262
2026-07-19,features,paid_search,mobile,53,23,19,6,0,0,0,1927
2026-07-19,features,paid_social,desktop,40,14,13,4,0,0,0,1345
2026-07-19,features,paid_social,mobile,71,27,21,7,0,0,0,2117
2026-07-19,features,organic,desktop,126,49,41,12,0,0,1,1277
2026-07-19,features,organic,mobile,77,24,24,10,0,0,0,2032
2026-07-19,features,webinar,desktop,32,13,8,2,0,0,0,1388
2026-07-19,features,webinar,mobile,8,3,1,0,0,0,0,2072
2026-07-19,features,partner,desktop,15,4,6,0,0,0,0,1205
2026-07-19,features,partner,mobile,7,3,1,0,0,0,0,2530
2026-07-19,features,email,desktop,18,7,6,3,0,0,0,1450
2026-07-19,features,email,mobile,23,4,6,3,0,0,0,2032
2026-07-19,compare,paid_search,desktop,40,17,10,1,0,0,1,1487
2026-07-19,compare,paid_search,mobile,17,9,4,4,0,0,0,1867
2026-07-19,compare,paid_social,desktop,15,5,5,1,0,0,0,1176
2026-07-19,compare,paid_social,mobile,35,20,11,6,0,0,1,2019
2026-07-19,compare,organic,desktop,62,29,14,8,0,0,1,1443
2026-07-19,compare,organic,mobile,40,18,9,6,0,0,1,1990
2026-07-19,compare,webinar,desktop,21,14,4,5,0,0,1,1392
2026-07-19,compare,webinar,mobile,8,4,0,2,0,0,0,1944
2026-07-19,compare,partner,desktop,9,6,1,1,0,0,0,1320
2026-07-19,compare,partner,mobile,4,4,0,0,0,0,0,2137
2026-07-19,compare,email,desktop,22,10,7,6,0,0,0,1233
2026-07-19,compare,email,mobile,8,3,2,0,0,0,0,2186
2026-07-20,home,paid_search,desktop,315,131,93,39,0,0,0,1207
2026-07-20,home,paid_search,mobile,149,68,44,19,0,0,0,1900
2026-07-20,home,paid_social,desktop,166,60,53,21,0,0,0,1244
2026-07-20,home,paid_social,mobile,270,102,85,33,0,0,3,1907
2026-07-20,home,organic,desktop,516,205,123,53,0,0,2,1170
2026-07-20,home,organic,mobile,340,142,94,34,0,0,1,2386
2026-07-20,home,webinar,desktop,135,53,44,13,0,0,0,1279
2026-07-20,home,webinar,mobile,69,31,15,8,0,0,0,2074
2026-07-20,home,partner,desktop,71,23,19,10,0,0,0,1272
2026-07-20,home,partner,mobile,32,12,8,5,0,0,0,2018
2026-07-20,home,email,desktop,118,62,23,14,0,0,0,1038
2026-07-20,home,email,mobile,95,36,24,7,0,0,0,2263
2026-07-20,pricing,paid_search,desktop,351,208,59,23,0,0,1,1517
2026-07-20,pricing,paid_search,mobile,204,119,43,12,0,0,4,2017
2026-07-20,pricing,paid_social,desktop,103,38,34,6,0,0,1,1313
2026-07-20,pricing,paid_social,mobile,162,64,41,18,0,0,0,2149
2026-07-20,pricing,organic,desktop,388,149,101,45,0,0,3,1254
2026-07-20,pricing,organic,mobile,168,76,34,19,0,0,0,2004
2026-07-20,pricing,webinar,desktop,67,22,19,10,0,0,0,1339
2026-07-20,pricing,webinar,mobile,48,18,12,3,0,0,0,1876
2026-07-20,pricing,partner,desktop,26,10,8,3,0,0,0,1391
2026-07-20,pricing,partner,mobile,23,9,7,3,0,0,0,2020
2026-07-20,pricing,email,desktop,69,28,19,8,0,0,0,1070
2026-07-20,pricing,email,mobile,40,17,12,5,0,0,0,1918
2026-07-20,demo,paid_search,desktop,274,81,79,37,77,39,1,1363
2026-07-20,demo,paid_search,mobile,128,49,43,17,55,8,4,5135
2026-07-20,demo,paid_social,desktop,79,17,31,9,27,19,0,1552
2026-07-20,demo,paid_social,mobile,126,51,39,12,48,10,1,5111
2026-07-20,demo,organic,desktop,222,65,69,33,62,43,0,1448
2026-07-20,demo,organic,mobile,134,52,37,13,38,9,5,5112
2026-07-20,demo,webinar,desktop,42,12,10,6,12,7,1,1329
2026-07-20,demo,webinar,mobile,23,9,8,0,9,3,0,5022
2026-07-20,demo,partner,desktop,23,6,10,2,3,1,0,1528
2026-07-20,demo,partner,mobile,15,6,3,0,5,0,0,4477
2026-07-20,demo,email,desktop,42,11,17,12,15,8,0,1314
2026-07-20,demo,email,mobile,43,14,9,6,18,4,0,4618
2026-07-20,features,paid_search,desktop,210,79,66,23,0,0,0,1146
2026-07-20,features,paid_search,mobile,98,33,32,15,0,0,0,2311
2026-07-20,features,paid_social,desktop,90,36,27,16,0,0,0,1246
2026-07-20,features,paid_social,mobile,141,53,46,14,0,0,0,1826
2026-07-20,features,organic,desktop,351,129,101,51,0,0,2,1056
2026-07-20,features,organic,mobile,189,66,59,14,0,0,0,2360
2026-07-20,features,webinar,desktop,76,23,21,15,0,0,0,1408
2026-07-20,features,webinar,mobile,54,21,14,6,0,0,0,1963
2026-07-20,features,partner,desktop,38,13,15,4,0,0,2,1371
2026-07-20,features,partner,mobile,20,6,9,2,0,0,0,1905
2026-07-20,features,email,desktop,59,17,15,9,0,0,0,1293
2026-07-20,features,email,mobile,53,28,13,4,0,0,1,1973
2026-07-20,compare,paid_search,desktop,158,63,39,18,0,0,1,1179
2026-07-20,compare,paid_search,mobile,84,43,21,12,0,0,0,2251
2026-07-20,compare,paid_social,desktop,43,17,9,5,0,0,0,1339
2026-07-20,compare,paid_social,mobile,84,43,16,12,0,0,1,2042
2026-07-20,compare,organic,desktop,176,94,33,23,0,0,1,1374
2026-07-20,compare,organic,mobile,90,40,24,9,0,0,0,2122
2026-07-20,compare,webinar,desktop,36,16,11,8,0,0,0,1220
2026-07-20,compare,webinar,mobile,18,10,4,2,0,0,0,1941
2026-07-20,compare,partner,desktop,24,8,7,3,0,0,0,1384
2026-07-20,compare,partner,mobile,8,3,2,0,0,0,0,2120
2026-07-20,compare,email,desktop,27,14,2,3,0,0,1,1273
2026-07-20,compare,email,mobile,29,20,5,2,0,0,0,2061
2026-07-21,home,paid_search,desktop,321,156,82,38,0,0,0,1417
2026-07-21,home,paid_search,mobile,179,89,50,20,0,0,1,2220
2026-07-21,home,paid_social,desktop,143,60,41,21,0,0,0,1293
2026-07-21,home,paid_social,mobile,263,124,59,39,0,0,1,2486
2026-07-21,home,organic,desktop,653,269,172,59,0,0,2,1298
2026-07-21,home,organic,mobile,285,136,65,23,0,0,3,2189
2026-07-21,home,webinar,desktop,129,57,34,23,0,0,2,1379
2026-07-21,home,webinar,mobile,69,31,25,11,0,0,0,1812
2026-07-21,home,partner,desktop,62,16,19,4,0,0,1,1275
2026-07-21,home,partner,mobile,33,15,3,6,0,0,0,2081
2026-07-21,home,email,desktop,131,52,37,8,0,0,0,1047
2026-07-21,home,email,mobile,70,29,12,8,0,0,0,2153
2026-07-21,pricing,paid_search,desktop,338,208,56,25,0,0,1,1112
2026-07-21,pricing,paid_search,mobile,216,123,46,14,0,0,1,2562
2026-07-21,pricing,paid_social,desktop,109,41,28,12,0,0,0,1384
2026-07-21,pricing,paid_social,mobile,156,62,41,21,0,0,0,1952
2026-07-21,pricing,organic,desktop,296,101,83,35,0,0,0,1539
2026-07-21,pricing,organic,mobile,152,67,36,18,0,0,2,2295
2026-07-21,pricing,webinar,desktop,73,38,16,9,0,0,0,1367
2026-07-21,pricing,webinar,mobile,60,22,15,4,0,0,0,2173
2026-07-21,pricing,partner,desktop,36,12,6,7,0,0,1,1270
2026-07-21,pricing,partner,mobile,20,8,5,1,0,0,0,2064
2026-07-21,pricing,email,desktop,54,24,11,4,0,0,0,1363
2026-07-21,pricing,email,mobile,32,17,4,5,0,0,0,2457
2026-07-21,demo,paid_search,desktop,253,68,80,34,83,47,2,1492
2026-07-21,demo,paid_search,mobile,97,38,24,20,38,6,2,5470
2026-07-21,demo,paid_social,desktop,89,18,27,10,35,21,0,1424
2026-07-21,demo,paid_social,mobile,124,46,32,9,54,10,2,4609
2026-07-21,demo,organic,desktop,245,74,81,37,71,40,4,1603
2026-07-21,demo,organic,mobile,122,49,36,14,53,22,2,5572
2026-07-21,demo,webinar,desktop,53,18,20,5,14,7,0,1281
2026-07-21,demo,webinar,mobile,20,5,8,0,8,2,0,4785
2026-07-21,demo,partner,desktop,34,10,14,4,5,2,0,1533
2026-07-21,demo,partner,mobile,14,4,3,3,7,3,0,4602
2026-07-21,demo,email,desktop,47,10,17,6,14,7,0,1384
2026-07-21,demo,email,mobile,23,6,11,2,8,2,1,5329
2026-07-21,features,paid_search,desktop,216,67,76,25,0,0,0,1317
2026-07-21,features,paid_search,mobile,105,46,21,10,0,0,0,2066
2026-07-21,features,paid_social,desktop,91,35,32,10,0,0,1,1352
2026-07-21,features,paid_social,mobile,141,54,42,12,0,0,1,2232
2026-07-21,features,organic,desktop,270,69,76,34,0,0,1,1020
2026-07-21,features,organic,mobile,162,69,42,17,0,0,2,2472
2026-07-21,features,webinar,desktop,81,19,20,13,0,0,0,1330
2026-07-21,features,webinar,mobile,49,15,16,2,0,0,0,2274
2026-07-21,features,partner,desktop,46,14,13,4,0,0,0,1423
2026-07-21,features,partner,mobile,24,7,8,2,0,0,0,1932
2026-07-21,features,email,desktop,61,19,17,7,0,0,1,1105
2026-07-21,features,email,mobile,40,13,14,10,0,0,0,2278
2026-07-21,compare,paid_search,desktop,157,63,46,17,0,0,0,1412
2026-07-21,compare,paid_search,mobile,67,33,20,10,0,0,1,1974
2026-07-21,compare,paid_social,desktop,40,11,16,3,0,0,0,1458
2026-07-21,compare,paid_social,mobile,70,36,12,9,0,0,0,1960
2026-07-21,compare,organic,desktop,169,79,46,24,0,0,0,1254
2026-07-21,compare,organic,mobile,74,36,16,6,0,0,1,2092
2026-07-21,compare,webinar,desktop,47,23,8,3,0,0,0,1183
2026-07-21,compare,webinar,mobile,11,5,3,1,0,0,0,2030
2026-07-21,compare,partner,desktop,20,9,5,3,0,0,0,1347
2026-07-21,compare,partner,mobile,9,6,2,2,0,0,1,2299
2026-07-21,compare,email,desktop,26,8,8,3,0,0,0,1319
2026-07-21,compare,email,mobile,31,11,9,3,0,0,0,2056
2026-07-22,home,paid_search,desktop,411,165,121,43,0,0,0,1195
2026-07-22,home,paid_search,mobile,162,70,36,17,0,0,1,2091
2026-07-22,home,paid_social,desktop,194,72,62,21,0,0,2,1214
2026-07-22,home,paid_social,mobile,230,109,53,30,0,0,2,1946
2026-07-22,home,organic,desktop,538,217,135,63,0,0,0,1212
2026-07-22,home,organic,mobile,292,137,78,37,0,0,1,2151
2026-07-22,home,webinar,desktop,138,57,45,15,0,0,1,1345
2026-07-22,home,webinar,mobile,58,29,13,5,0,0,0,2074
2026-07-22,home,partner,desktop,70,28,20,10,0,0,0,1422
2026-07-22,home,partner,mobile,37,17,12,6,0,0,0,2273
2026-07-22,home,email,desktop,98,37,25,13,0,0,0,1211
2026-07-22,home,email,mobile,90,43,21,11,0,0,0,2362
2026-07-22,pricing,paid_search,desktop,373,254,60,29,0,0,3,1075
2026-07-22,pricing,paid_search,mobile,219,130,39,13,0,0,1,2257
2026-07-22,pricing,paid_social,desktop,93,34,28,8,0,0,1,1326
2026-07-22,pricing,paid_social,mobile,119,45,34,12,0,0,2,2039
2026-07-22,pricing,organic,desktop,309,117,96,43,0,0,3,1265
2026-07-22,pricing,organic,mobile,215,115,58,27,0,0,1,2158
2026-07-22,pricing,webinar,desktop,81,39,17,10,0,0,0,1256
2026-07-22,pricing,webinar,mobile,36,15,9,4,0,0,0,2216
2026-07-22,pricing,partner,desktop,32,12,7,3,0,0,0,1079
2026-07-22,pricing,partner,mobile,25,12,9,3,0,0,0,2034
2026-07-22,pricing,email,desktop,82,32,24,11,0,0,0,1342
2026-07-22,pricing,email,mobile,56,28,14,5,0,0,0,2095
2026-07-22,demo,paid_search,desktop,202,52,68,19,63,34,0,1281
2026-07-22,demo,paid_search,mobile,152,57,46,16,67,13,5,4789
2026-07-22,demo,paid_social,desktop,77,23,24,11,20,12,0,1455
2026-07-22,demo,paid_social,mobile,132,46,34,15,41,7,5,4953
2026-07-22,demo,organic,desktop,259,86,77,37,90,62,0,1369
2026-07-22,demo,organic,mobile,137,52,40,19,56,9,2,5039
2026-07-22,demo,webinar,desktop,65,14,30,5,23,16,0,1354
2026-07-22,demo,webinar,mobile,35,8,12,3,17,3,1,4672
2026-07-22,demo,partner,desktop,15,6,5,0,2,2,0,1500
2026-07-22,demo,partner,mobile,17,5,8,2,7,1,1,4417
2026-07-22,demo,email,desktop,46,18,8,11,15,10,0,1412
2026-07-22,demo,email,mobile,34,8,9,2,15,3,1,4323
2026-07-22,features,paid_search,desktop,199,70,58,24,0,0,0,1397
2026-07-22,features,paid_search,mobile,113,48,31,17,0,0,0,2151
2026-07-22,features,paid_social,desktop,96,39,19,12,0,0,0,1438
2026-07-22,features,paid_social,mobile,151,63,35,12,0,0,0,2342
2026-07-22,features,organic,desktop,315,114,108,50,0,0,1,1310
2026-07-22,features,organic,mobile,195,89,52,29,0,0,0,1884
2026-07-22,features,webinar,desktop,92,25,30,8,0,0,1,1253
2026-07-22,features,webinar,mobile,55,27,16,9,0,0,0,2004
2026-07-22,features,partner,desktop,38,13,9,8,0,0,1,1504
2026-07-22,features,partner,mobile,18,5,3,3,0,0,0,2175
2026-07-22,features,email,desktop,67,33,21,9,0,0,0,1378
2026-07-22,features,email,mobile,58,25,11,10,0,0,0,2367
2026-07-22,compare,paid_search,desktop,129,50,35,14,0,0,1,1367
2026-07-22,compare,paid_search,mobile,72,39,13,11,0,0,0,2154
2026-07-22,compare,paid_social,desktop,45,19,11,6,0,0,0,1407
2026-07-22,compare,paid_social,mobile,68,34,15,6,0,0,1,1785
2026-07-22,compare,organic,desktop,168,77,39,12,0,0,1,1181
2026-07-22,compare,organic,mobile,64,24,21,9,0,0,1,2136
2026-07-22,compare,webinar,desktop,35,14,9,4,0,0,0,1407
2026-07-22,compare,webinar,mobile,22,5,13,4,0,0,0,2114
2026-07-22,compare,partner,desktop,10,4,4,1,0,0,0,1317
2026-07-22,compare,partner,mobile,7,4,0,0,0,0,0,1797
2026-07-22,compare,email,desktop,34,17,10,4,0,0,0,1425
2026-07-22,compare,email,mobile,23,11,4,3,0,0,0,2392
2026-07-23,home,paid_search,desktop,342,147,87,33,0,0,2,1161
2026-07-23,home,paid_search,mobile,176,84,41,14,0,0,0,1786
2026-07-23,home,paid_social,desktop,153,67,45,16,0,0,3,1386
2026-07-23,home,paid_social,mobile,254,103,80,30,0,0,0,2266
2026-07-23,home,organic,desktop,628,263,167,81,0,0,1,950
2026-07-23,home,organic,mobile,235,107,45,25,0,0,4,2188
2026-07-23,home,webinar,desktop,120,54,28,17,0,0,1,1272
2026-07-23,home,webinar,mobile,70,30,21,11,0,0,0,2003
2026-07-23,home,partner,desktop,59,18,22,7,0,0,0,1145
2026-07-23,home,partner,mobile,29,13,9,6,0,0,0,2148
2026-07-23,home,email,desktop,98,32,29,10,0,0,1,1235
2026-07-23,home,email,mobile,104,44,26,13,0,0,0,2050
2026-07-23,pricing,paid_search,desktop,445,239,92,38,0,0,1,1513
2026-07-23,pricing,paid_search,mobile,240,149,44,10,0,0,0,2408
2026-07-23,pricing,paid_social,desktop,82,38,22,10,0,0,0,1412
2026-07-23,pricing,paid_social,mobile,189,74,52,16,0,0,0,1963
2026-07-23,pricing,organic,desktop,337,130,92,41,0,0,2,1241
2026-07-23,pricing,organic,mobile,185,81,46,30,0,0,2,2082
2026-07-23,pricing,webinar,desktop,82,37,24,13,0,0,1,1414
2026-07-23,pricing,webinar,mobile,44,12,13,4,0,0,0,1887
2026-07-23,pricing,partner,desktop,44,14,11,4,0,0,0,1226
2026-07-23,pricing,partner,mobile,36,13,11,4,0,0,0,2131
2026-07-23,pricing,email,desktop,72,31,24,4,0,0,2,1269
2026-07-23,pricing,email,mobile,54,22,19,7,0,0,0,1959
2026-07-23,demo,paid_search,desktop,269,81,96,34,72,44,0,1424
2026-07-23,demo,paid_search,mobile,155,57,44,14,58,18,0,4322
2026-07-23,demo,paid_social,desktop,89,25,33,9,29,18,0,1380
2026-07-23,demo,paid_social,mobile,112,42,33,15,36,8,4,4219
2026-07-23,demo,organic,desktop,251,81,78,34,77,47,2,1483
2026-07-23,demo,organic,mobile,133,49,41,14,44,12,3,4117
2026-07-23,demo,webinar,desktop,51,11,25,7,14,11,0,1209
2026-07-23,demo,webinar,mobile,30,13,7,2,14,5,0,4491
2026-07-23,demo,partner,desktop,35,5,14,4,10,8,0,1224
2026-07-23,demo,partner,mobile,19,8,4,2,6,1,0,4682
2026-07-23,demo,email,desktop,54,18,17,7,20,11,0,1340
2026-07-23,demo,email,mobile,37,17,9,7,15,3,0,4950
2026-07-23,features,paid_search,desktop,212,70,74,26,0,0,0,1257
2026-07-23,features,paid_search,mobile,113,29,33,18,0,0,1,2162
2026-07-23,features,paid_social,desktop,104,28,27,8,0,0,0,1276
2026-07-23,features,paid_social,mobile,166,62,46,23,0,0,2,2500
2026-07-23,features,organic,desktop,325,119,95,42,0,0,1,1163
2026-07-23,features,organic,mobile,162,53,43,14,0,0,2,1831
2026-07-23,features,webinar,desktop,62,16,21,6,0,0,1,1299
2026-07-23,features,webinar,mobile,41,24,10,5,0,0,1,1899
2026-07-23,features,partner,desktop,38,20,11,5,0,0,0,1276
2026-07-23,features,partner,mobile,17,7,3,2,0,0,0,2296
2026-07-23,features,email,desktop,81,26,27,15,0,0,0,1334
2026-07-23,features,email,mobile,51,26,8,6,0,0,0,2222
2026-07-23,compare,paid_search,desktop,138,66,35,14,0,0,1,1234
2026-07-23,compare,paid_search,mobile,70,32,21,9,0,0,0,1981
2026-07-23,compare,paid_social,desktop,63,34,12,9,0,0,0,1388
2026-07-23,compare,paid_social,mobile,76,42,16,4,0,0,2,1832
2026-07-23,compare,organic,desktop,160,73,41,22,0,0,0,1322
2026-07-23,compare,organic,mobile,87,40,18,5,0,0,0,2036
2026-07-23,compare,webinar,desktop,34,14,5,4,0,0,0,1221
2026-07-23,compare,webinar,mobile,17,7,4,0,0,0,0,2056
2026-07-23,compare,partner,desktop,17,4,8,1,0,0,0,1262
2026-07-23,compare,partner,mobile,10,1,4,1,0,0,0,2176
2026-07-23,compare,email,desktop,31,13,11,3,0,0,0,1316
2026-07-23,compare,email,mobile,37,19,5,3,0,0,0,1935
2026-07-24,home,paid_search,desktop,384,170,104,42,0,0,2,1426
2026-07-24,home,paid_search,mobile,178,69,51,20,0,0,0,2341
2026-07-24,home,paid_social,desktop,178,79,50,25,0,0,1,1327
2026-07-24,home,paid_social,mobile,287,121,72,32,0,0,1,2264
2026-07-24,home,organic,desktop,583,238,150,65,0,0,1,1296
2026-07-24,home,organic,mobile,305,138,63,37,0,0,0,1938
2026-07-24,home,webinar,desktop,136,48,35,23,0,0,0,1367
2026-07-24,home,webinar,mobile,90,38,20,10,0,0,2,2092
2026-07-24,home,partner,desktop,55,21,14,9,0,0,0,1315
2026-07-24,home,partner,mobile,37,12,9,2,0,0,0,2083
2026-07-24,home,email,desktop,121,54,25,11,0,0,0,1395
2026-07-24,home,email,mobile,96,39,30,7,0,0,0,2077
2026-07-24,pricing,paid_search,desktop,407,257,70,34,0,0,3,1303
2026-07-24,pricing,paid_search,mobile,221,112,46,10,0,0,1,2237
2026-07-24,pricing,paid_social,desktop,109,52,26,19,0,0,0,1497
2026-07-24,pricing,paid_social,mobile,118,42,35,15,0,0,1,2057
2026-07-24,pricing,organic,desktop,338,134,80,41,0,0,1,1517
2026-07-24,pricing,organic,mobile,171,75,38,19,0,0,1,2288
2026-07-24,pricing,webinar,desktop,59,25,13,6,0,0,0,1347
2026-07-24,pricing,webinar,mobile,37,16,11,6,0,0,0,2234
2026-07-24,pricing,partner,desktop,36,16,11,2,0,0,1,1481
2026-07-24,pricing,partner,mobile,22,9,5,1,0,0,0,2070
2026-07-24,pricing,email,desktop,86,47,16,8,0,0,0,1099
2026-07-24,pricing,email,mobile,58,18,17,7,0,0,0,1852
2026-07-24,demo,paid_search,desktop,282,69,93,34,85,56,1,1297
2026-07-24,demo,paid_search,mobile,177,65,52,16,68,15,2,5043
2026-07-24,demo,paid_social,desktop,74,19,22,10,20,12,1,1392
2026-07-24,demo,paid_social,mobile,133,52,39,23,46,6,4,5487
2026-07-24,demo,organic,desktop,289,91,93,43,73,46,0,1502
2026-07-24,demo,organic,mobile,111,40,31,12,40,4,3,4830
2026-07-24,demo,webinar,desktop,47,16,18,2,14,10,0,1399
2026-07-24,demo,webinar,mobile,17,6,6,2,4,1,0,4670
2026-07-24,demo,partner,desktop,24,11,6,0,6,5,0,1365
2026-07-24,demo,partner,mobile,16,6,4,3,4,0,0,4832
2026-07-24,demo,email,desktop,43,22,10,4,13,8,0,1245
2026-07-24,demo,email,mobile,35,12,14,6,11,1,0,4210
2026-07-24,features,paid_search,desktop,235,75,74,26,0,0,0,1283
2026-07-24,features,paid_search,mobile,110,52,34,13,0,0,0,2129
2026-07-24,features,paid_social,desktop,91,25,31,5,0,0,0,1280
2026-07-24,features,paid_social,mobile,168,59,41,23,0,0,1,1998
2026-07-24,features,organic,desktop,337,125,104,48,0,0,0,1440
2026-07-24,features,organic,mobile,151,56,34,12,0,0,1,2216
2026-07-24,features,webinar,desktop,78,26,26,11,0,0,0,1287
2026-07-24,features,webinar,mobile,41,18,10,6,0,0,0,1988
2026-07-24,features,partner,desktop,40,19,11,7,0,0,0,1208
2026-07-24,features,partner,mobile,22,11,5,3,0,0,0,2228
2026-07-24,features,email,desktop,76,33,15,7,0,0,0,1207
2026-07-24,features,email,mobile,45,15,11,9,0,0,1,2331
2026-07-24,compare,paid_search,desktop,110,53,29,13,0,0,0,1366
2026-07-24,compare,paid_search,mobile,81,39,23,5,0,0,1,2069
2026-07-24,compare,paid_social,desktop,46,22,12,10,0,0,1,1223
2026-07-24,compare,paid_social,mobile,85,36,20,14,0,0,0,2169
2026-07-24,compare,organic,desktop,145,57,36,15,0,0,1,1273
2026-07-24,compare,organic,mobile,86,41,24,4,0,0,0,2025
2026-07-24,compare,webinar,desktop,49,20,14,4,0,0,0,1238
2026-07-24,compare,webinar,mobile,15,7,6,2,0,0,0,2141
2026-07-24,compare,partner,desktop,15,6,2,0,0,0,0,1227
2026-07-24,compare,partner,mobile,6,3,0,2,0,0,0,2115
2026-07-24,compare,email,desktop,30,16,11,2,0,0,0,1412
2026-07-24,compare,email,mobile,27,16,7,6,0,0,0,1996
2026-07-25,home,paid_search,desktop,175,77,41,24,0,0,0,1195
2026-07-25,home,paid_search,mobile,80,28,18,15,0,0,0,2420
2026-07-25,home,paid_social,desktop,87,39,21,6,0,0,1,1277
2026-07-25,home,paid_social,mobile,95,31,25,7,0,0,2,2227
2026-07-25,home,organic,desktop,233,91,57,36,0,0,1,1285
2026-07-25,home,organic,mobile,124,57,25,7,0,0,0,2042
2026-07-25,home,webinar,desktop,63,27,20,5,0,0,0,1390
2026-07-25,home,webinar,mobile,35,16,10,2,0,0,0,2304
2026-07-25,home,partner,desktop,19,9,2,2,0,0,0,1182
2026-07-25,home,partner,mobile,15,11,1,3,0,0,0,1734
2026-07-25,home,email,desktop,41,22,9,6,0,0,1,1365
2026-07-25,home,email,mobile,32,18,6,2,0,0,0,2321
2026-07-25,pricing,paid_search,desktop,160,89,30,11,0,0,0,1301
2026-07-25,pricing,paid_search,mobile,90,44,17,7,0,0,0,2046
2026-07-25,pricing,paid_social,desktop,38,16,8,2,0,0,0,1304
2026-07-25,pricing,paid_social,mobile,50,25,12,4,0,0,0,2246
2026-07-25,pricing,organic,desktop,151,69,39,16,0,0,1,1358
2026-07-25,pricing,organic,mobile,63,27,15,7,0,0,1,1940
2026-07-25,pricing,webinar,desktop,32,13,10,8,0,0,0,1165
2026-07-25,pricing,webinar,mobile,15,8,3,4,0,0,0,1828
2026-07-25,pricing,partner,desktop,12,6,2,3,0,0,1,1311
2026-07-25,pricing,partner,mobile,12,6,3,0,0,0,0,2359
2026-07-25,pricing,email,desktop,32,7,8,9,0,0,1,1054
2026-07-25,pricing,email,mobile,30,14,7,4,0,0,0,1938
2026-07-25,demo,paid_search,desktop,105,31,29,21,28,19,0,1508
2026-07-25,demo,paid_search,mobile,68,28,11,13,16,1,5,4480
2026-07-25,demo,paid_social,desktop,34,11,12,3,11,7,0,1470
2026-07-25,demo,paid_social,mobile,54,34,11,2,18,5,1,4519
2026-07-25,demo,organic,desktop,85,25,33,11,19,13,0,1278
2026-07-25,demo,organic,mobile,50,19,10,9,17,3,0,4998
2026-07-25,demo,webinar,desktop,24,8,3,0,13,9,0,1258
2026-07-25,demo,webinar,mobile,11,5,2,1,4,1,1,4742
2026-07-25,demo,partner,desktop,13,6,2,0,5,4,0,1381
2026-07-25,demo,partner,mobile,6,3,1,0,3,1,0,5494
2026-07-25,demo,email,desktop,18,9,3,3,6,5,0,1326
2026-07-25,demo,email,mobile,13,6,4,0,4,1,0,4566
2026-07-25,features,paid_search,desktop,92,30,29,17,0,0,1,1366
2026-07-25,features,paid_search,mobile,34,13,9,2,0,0,0,2154
2026-07-25,features,paid_social,desktop,37,15,11,4,0,0,0,1220
2026-07-25,features,paid_social,mobile,57,21,15,6,0,0,1,1987
2026-07-25,features,organic,desktop,146,43,52,14,0,0,1,1206
2026-07-25,features,organic,mobile,64,22,17,5,0,0,1,2050
2026-07-25,features,webinar,desktop,25,7,8,1,0,0,0,1343
2026-07-25,features,webinar,mobile,10,6,1,2,0,0,0,1959
2026-07-25,features,partner,desktop,18,9,7,1,0,0,0,1231
2026-07-25,features,partner,mobile,7,3,1,1,0,0,0,2344
2026-07-25,features,email,desktop,27,6,9,2,0,0,0,1280
2026-07-25,features,email,mobile,23,12,6,5,0,0,0,2226
2026-07-25,compare,paid_search,desktop,55,22,13,8,0,0,0,1323
2026-07-25,compare,paid_search,mobile,28,9,9,2,0,0,0,2087
2026-07-25,compare,paid_social,desktop,15,4,6,2,0,0,0,1397
2026-07-25,compare,paid_social,mobile,26,11,10,1,0,0,0,2046
2026-07-25,compare,organic,desktop,80,37,20,8,0,0,0,1315
2026-07-25,compare,organic,mobile,29,11,9,2,0,0,0,1882
2026-07-25,compare,webinar,desktop,9,6,2,1,0,0,0,1173
2026-07-25,compare,webinar,mobile,5,4,0,0,0,0,0,1909
2026-07-25,compare,partner,desktop,10,7,1,1,0,0,0,1164
2026-07-25,compare,partner,mobile,6,4,2,1,0,0,0,2318
2026-07-25,compare,email,desktop,12,6,3,2,0,0,1,1216
2026-07-25,compare,email,mobile,11,5,0,0,0,0,0,2057
2026-07-26,home,paid_search,desktop,133,58,38,23,0,0,1,1385
2026-07-26,home,paid_search,mobile,68,28,18,8,0,0,0,2346
2026-07-26,home,paid_social,desktop,64,31,15,6,0,0,0,1279
2026-07-26,home,paid_social,mobile,91,36,19,6,0,0,2,2069
2026-07-26,home,organic,desktop,223,81,70,28,0,0,0,1165
2026-07-26,home,organic,mobile,117,54,29,14,0,0,1,1790
2026-07-26,home,webinar,desktop,38,18,13,2,0,0,0,1403
2026-07-26,home,webinar,mobile,34,17,9,3,0,0,0,2083
2026-07-26,home,partner,desktop,24,5,12,1,0,0,0,1357
2026-07-26,home,partner,mobile,15,6,4,3,0,0,0,2163
2026-07-26,home,email,desktop,31,12,5,2,0,0,0,1198
2026-07-26,home,email,mobile,38,14,9,4,0,0,0,1949
2026-07-26,pricing,paid_search,desktop,144,83,27,11,0,0,0,1350
2026-07-26,pricing,paid_search,mobile,88,45,18,4,0,0,1,2155
2026-07-26,pricing,paid_social,desktop,33,13,9,5,0,0,0,1407
2026-07-26,pricing,paid_social,mobile,53,31,13,6,0,0,1,1967
2026-07-26,pricing,organic,desktop,117,45,31,16,0,0,1,1202
2026-07-26,pricing,organic,mobile,62,23,23,8,0,0,1,2122
2026-07-26,pricing,webinar,desktop,28,10,9,2,0,0,0,1439
2026-07-26,pricing,webinar,mobile,15,8,3,0,0,0,0,2345
2026-07-26,pricing,partner,desktop,15,6,3,1,0,0,0,1191
2026-07-26,pricing,partner,mobile,7,3,2,1,0,0,0,2107
2026-07-26,pricing,email,desktop,25,8,9,3,0,0,0,1433
2026-07-26,pricing,email,mobile,19,13,5,3,0,0,0,2214
2026-07-26,demo,paid_search,desktop,123,42,35,11,40,27,0,1226
2026-07-26,demo,paid_search,mobile,60,24,11,3,20,1,0,5142
2026-07-26,demo,paid_social,desktop,31,13,10,4,11,5,0,1313
2026-07-26,demo,paid_social,mobile,39,18,12,5,10,3,2,4927
2026-07-26,demo,organic,desktop,107,38,32,16,43,32,1,1449
2026-07-26,demo,organic,mobile,36,12,15,3,13,1,2,5090
2026-07-26,demo,webinar,desktop,11,3,4,0,4,0,0,1391
2026-07-26,demo,webinar,mobile,12,3,4,3,3,1,1,4921
2026-07-26,demo,partner,desktop,11,3,2,1,3,3,0,1399
2026-07-26,demo,partner,mobile,7,2,1,1,0,0,0,4853
2026-07-26,demo,email,desktop,17,3,5,1,0,0,0,1555
2026-07-26,demo,email,mobile,19,8,3,1,6,0,2,4933
2026-07-26,features,paid_search,desktop,71,23,17,16,0,0,1,1204
2026-07-26,features,paid_search,mobile,40,14,15,2,0,0,0,2141
2026-07-26,features,paid_social,desktop,42,14,10,7,0,0,0,1261
2026-07-26,features,paid_social,mobile,58,22,19,8,0,0,1,2246
2026-07-26,features,organic,desktop,129,41,50,18,0,0,0,1373
2026-07-26,features,organic,mobile,56,20,14,4,0,0,0,2184
2026-07-26,features,webinar,desktop,31,7,13,4,0,0,0,1165
2026-07-26,features,webinar,mobile,16,3,9,0,0,0,0,2138
2026-07-26,features,partner,desktop,13,4,2,2,0,0,0,1183
2026-07-26,features,partner,mobile,10,5,2,0,0,0,0,1919
2026-07-26,features,email,desktop,26,11,8,0,0,0,0,1279
2026-07-26,features,email,mobile,23,10,2,7,0,0,0,2191
2026-07-26,compare,paid_search,desktop,48,22,11,3,0,0,0,1327
2026-07-26,compare,paid_search,mobile,25,12,4,2,0,0,0,2012
2026-07-26,compare,paid_social,desktop,16,6,6,1,0,0,0,1305
2026-07-26,compare,paid_social,mobile,26,17,3,3,0,0,0,2359
2026-07-26,compare,organic,desktop,57,27,14,6,0,0,0,1233
2026-07-26,compare,organic,mobile,30,13,8,4,0,0,0,1785
2026-07-26,compare,webinar,desktop,16,9,5,1,0,0,0,1294
2026-07-26,compare,webinar,mobile,8,4,0,0,0,0,0,1926
2026-07-26,compare,partner,desktop,9,4,2,1,0,0,0,1328
2026-07-26,compare,partner,mobile,5,4,1,0,0,0,0,1834
2026-07-26,compare,email,desktop,13,6,3,1,0,0,0,1088
2026-07-26,compare,email,mobile,11,7,4,0,0,0,0,1976
2026-07-27,home,paid_search,desktop,330,129,90,39,0,0,2,1407
2026-07-27,home,paid_search,mobile,178,65,55,25,0,0,1,2006
2026-07-27,home,paid_social,desktop,174,69,55,18,0,0,0,1380
2026-07-27,home,paid_social,mobile,265,110,69,27,0,0,1,2096
2026-07-27,home,organic,desktop,599,248,138,65,0,0,5,1120
2026-07-27,home,organic,mobile,282,104,77,30,0,0,1,2096
2026-07-27,home,webinar,desktop,111,50,25,16,0,0,2,1428
2026-07-27,home,webinar,mobile,80,28,16,4,0,0,0,2149
2026-07-27,home,partner,desktop,47,19,12,7,0,0,0,1420
2026-07-27,home,partner,mobile,48,26,11,5,0,0,0,2125
2026-07-27,home,email,desktop,105,37,29,10,0,0,0,1429
2026-07-27,home,email,mobile,74,26,22,6,0,0,0,2147
2026-07-27,pricing,paid_search,desktop,401,266,56,25,0,0,0,1132
2026-07-27,pricing,paid_search,mobile,223,118,45,15,0,0,0,1939
2026-07-27,pricing,paid_social,desktop,83,32,26,12,0,0,0,1414
2026-07-27,pricing,paid_social,mobile,134,54,36,15,0,0,0,1981
2026-07-27,pricing,organic,desktop,257,94,73,34,0,0,0,1301
2026-07-27,pricing,organic,mobile,190,92,38,24,0,0,3,2156
2026-07-27,pricing,webinar,desktop,67,39,15,4,0,0,0,1283
2026-07-27,pricing,webinar,mobile,49,20,13,3,0,0,0,2025
2026-07-27,pricing,partner,desktop,45,12,21,6,0,0,0,1347
2026-07-27,pricing,partner,mobile,17,6,3,2,0,0,0,2087
2026-07-27,pricing,email,desktop,82,28,26,11,0,0,2,1389
2026-07-27,pricing,email,mobile,46,12,13,3,0,0,0,1915
2026-07-27,demo,paid_search,desktop,228,74,76,42,77,48,2,1341
2026-07-27,demo,paid_search,mobile,141,54,39,21,46,9,5,5459
2026-07-27,demo,paid_social,desktop,73,23,23,10,21,10,1,1586
2026-07-27,demo,paid_social,mobile,114,46,37,11,45,11,3,4763
2026-07-27,demo,organic,desktop,217,77,54,30,60,29,0,1278
2026-07-27,demo,organic,mobile,146,56,34,16,37,7,3,5220
2026-07-27,demo,webinar,desktop,46,14,16,7,15,10,0,1660
2026-07-27,demo,webinar,mobile,30,16,6,3,11,3,3,4252
2026-07-27,demo,partner,desktop,17,4,5,2,4,1,0,1504
2026-07-27,demo,partner,mobile,10,4,3,0,4,2,0,5012
2026-07-27,demo,email,desktop,51,13,19,6,17,11,0,1299
2026-07-27,demo,email,mobile,53,21,12,2,23,4,2,5177
2026-07-27,features,paid_search,desktop,198,73,54,21,0,0,1,1194
2026-07-27,features,paid_search,mobile,89,33,23,13,0,0,1,2033
2026-07-27,features,paid_social,desktop,107,41,31,16,0,0,0,1276
2026-07-27,features,paid_social,mobile,169,65,47,18,0,0,2,1905
2026-07-27,features,organic,desktop,317,94,103,30,0,0,2,1295
2026-07-27,features,organic,mobile,191,68,59,25,0,0,0,1901
2026-07-27,features,webinar,desktop,70,24,21,6,0,0,0,1251
2026-07-27,features,webinar,mobile,44,19,11,2,0,0,0,2324
2026-07-27,features,partner,desktop,48,16,12,7,0,0,0,1383
2026-07-27,features,partner,mobile,20,8,6,4,0,0,0,2210
2026-07-27,features,email,desktop,58,22,18,10,0,0,0,1405
2026-07-27,features,email,mobile,55,19,18,9,0,0,0,2349
2026-07-27,compare,paid_search,desktop,144,68,36,13,0,0,0,1125
2026-07-27,compare,paid_search,mobile,86,34,24,14,0,0,2,2150
2026-07-27,compare,paid_social,desktop,62,26,19,4,0,0,1,1198
2026-07-27,compare,paid_social,mobile,75,39,13,10,0,0,0,1982
2026-07-27,compare,organic,desktop,174,80,45,23,0,0,1,1171
2026-07-27,compare,organic,mobile,80,42,14,8,0,0,0,2459
2026-07-27,compare,webinar,desktop,39,15,12,6,0,0,0,1104
2026-07-27,compare,webinar,mobile,17,9,4,1,0,0,0,2128
2026-07-27,compare,partner,desktop,14,6,2,0,0,0,0,1478
2026-07-27,compare,partner,mobile,9,4,3,0,0,0,0,2088
2026-07-27,compare,email,desktop,32,16,9,6,0,0,0,1022
2026-07-27,compare,email,mobile,21,9,4,1,0,0,0,2475
2026-07-28,home,paid_search,desktop,378,140,109,48,0,0,1,1508
2026-07-28,home,paid_search,mobile,181,71,43,20,0,0,1,1924
2026-07-28,home,paid_social,desktop,176,64,51,16,0,0,1,1414
2026-07-28,home,paid_social,mobile,284,128,75,34,0,0,1,2158
2026-07-28,home,organic,desktop,501,196,136,55,0,0,2,1157
2026-07-28,home,organic,mobile,297,124,67,42,0,0,2,2277
2026-07-28,home,webinar,desktop,125,51,29,18,0,0,1,1247
2026-07-28,home,webinar,mobile,86,29,28,5,0,0,0,2114
2026-07-28,home,partner,desktop,61,31,17,10,0,0,0,1375
2026-07-28,home,partner,mobile,37,11,12,2,0,0,0,2189
2026-07-28,home,email,desktop,118,42,30,13,0,0,2,1360
2026-07-28,home,email,mobile,96,46,31,10,0,0,0,1905
2026-07-28,pricing,paid_search,desktop,409,239,86,19,0,0,1,1015
2026-07-28,pricing,paid_search,mobile,179,104,27,10,0,0,1,1975
2026-07-28,pricing,paid_social,desktop,108,38,31,13,0,0,1,1392
2026-07-28,pricing,paid_social,mobile,168,75,48,21,0,0,1,1895
2026-07-28,pricing,organic,desktop,343,145,92,44,0,0,4,1288
2026-07-28,pricing,organic,mobile,205,101,45,26,0,0,1,2147
2026-07-28,pricing,webinar,desktop,79,30,22,5,0,0,0,1290
2026-07-28,pricing,webinar,mobile,32,15,9,4,0,0,0,2324
2026-07-28,pricing,partner,desktop,47,20,17,5,0,0,0,1243
2026-07-28,pricing,partner,mobile,24,10,4,3,0,0,0,2078
2026-07-28,pricing,email,desktop,53,21,13,9,0,0,0,1326
2026-07-28,pricing,email,mobile,47,22,9,7,0,0,0,2127
2026-07-28,demo,paid_search,desktop,270,76,82,31,76,52,0,1229
2026-07-28,demo,paid_search,mobile,155,58,39,14,57,14,7,5360
2026-07-28,demo,paid_social,desktop,77,22,29,3,30,18,0,1514
2026-07-28,demo,paid_social,mobile,119,46,42,11,38,9,6,4460
2026-07-28,demo,organic,desktop,289,83,89,28,102,64,2,1462
2026-07-28,demo,organic,mobile,104,37,24,7,36,10,5,4654
2026-07-28,demo,webinar,desktop,65,29,16,2,19,11,0,1498
2026-07-28,demo,webinar,mobile,29,14,7,4,8,2,0,5376
2026-07-28,demo,partner,desktop,30,11,5,4,12,6,0,1218
2026-07-28,demo,partner,mobile,14,5,3,3,5,1,0,5490
2026-07-28,demo,email,desktop,47,17,13,8,12,7,1,1586
2026-07-28,demo,email,mobile,38,18,9,5,15,4,0,4429
2026-07-28,features,paid_search,desktop,220,66,65,24,0,0,1,1050
2026-07-28,features,paid_search,mobile,115,33,39,14,0,0,0,2107
2026-07-28,features,paid_social,desktop,114,42,33,15,0,0,0,1335
2026-07-28,features,paid_social,mobile,176,64,48,20,0,0,0,1931
2026-07-28,features,organic,desktop,291,96,90,41,0,0,1,1208
2026-07-28,features,organic,mobile,188,70,51,15,0,0,0,2211
2026-07-28,features,webinar,desktop,96,28,41,17,0,0,0,1299
2026-07-28,features,webinar,mobile,46,21,10,5,0,0,0,1976
2026-07-28,features,partner,desktop,21,10,3,2,0,0,0,1378
2026-07-28,features,partner,mobile,17,6,8,1,0,0,0,2112
2026-07-28,features,email,desktop,67,18,25,6,0,0,0,1507
2026-07-28,features,email,mobile,44,14,13,4,0,0,0,2480
2026-07-28,compare,paid_search,desktop,126,56,28,19,0,0,1,1327
2026-07-28,compare,paid_search,mobile,76,33,17,10,0,0,0,2079
2026-07-28,compare,paid_social,desktop,52,21,8,3,0,0,0,1307
2026-07-28,compare,paid_social,mobile,65,38,11,9,0,0,0,1985
2026-07-28,compare,organic,desktop,153,58,44,19,0,0,1,1346
2026-07-28,compare,organic,mobile,88,51,18,10,0,0,1,1951
2026-07-28,compare,webinar,desktop,39,17,15,4,0,0,0,1325
2026-07-28,compare,webinar,mobile,23,9,9,7,0,0,0,1982
2026-07-28,compare,partner,desktop,25,11,5,2,0,0,0,1217
2026-07-28,compare,partner,mobile,11,3,3,3,0,0,0,2018
2026-07-28,compare,email,desktop,28,17,7,1,0,0,0,1252
2026-07-28,compare,email,mobile,19,7,6,1,0,0,0,2160
2026-07-29,home,paid_search,desktop,341,141,81,37,0,0,0,1342
2026-07-29,home,paid_search,mobile,196,90,40,27,0,0,2,2106
2026-07-29,home,paid_social,desktop,183,82,48,23,0,0,0,1325
2026-07-29,home,paid_social,mobile,207,81,55,25,0,0,0,2184
2026-07-29,home,organic,desktop,565,244,147,63,0,0,1,1212
2026-07-29,home,organic,mobile,359,151,87,41,0,0,1,2118
2026-07-29,home,webinar,desktop,123,45,43,16,0,0,0,1274
2026-07-29,home,webinar,mobile,76,32,20,6,0,0,0,1978
2026-07-29,home,partner,desktop,72,31,23,8,0,0,2,1396
2026-07-29,home,partner,mobile,37,8,7,7,0,0,0,2418
2026-07-29,home,email,desktop,109,41,32,9,0,0,0,1422
2026-07-29,home,email,mobile,85,40,19,11,0,0,1,2244
2026-07-29,pricing,paid_search,desktop,419,253,72,26,0,0,1,1335
2026-07-29,pricing,paid_search,mobile,249,141,42,18,0,0,3,2140
2026-07-29,pricing,paid_social,desktop,91,33,24,8,0,0,1,1337
2026-07-29,pricing,paid_social,mobile,142,68,36,11,0,0,1,2179
2026-07-29,pricing,organic,desktop,340,138,94,47,0,0,1,1420
2026-07-29,pricing,organic,mobile,192,79,53,28,0,0,1,2057
2026-07-29,pricing,webinar,desktop,84,34,21,9,0,0,0,1314
2026-07-29,pricing,webinar,mobile,29,13,6,3,0,0,0,2288
2026-07-29,pricing,partner,desktop,45,19,8,6,0,0,0,1236
2026-07-29,pricing,partner,mobile,13,4,6,0,0,0,0,2017
2026-07-29,pricing,email,desktop,63,22,14,2,0,0,1,1244
2026-07-29,pricing,email,mobile,58,21,14,8,0,0,1,2040
2026-07-29,demo,paid_search,desktop,249,78,71,29,72,40,3,1511
2026-07-29,demo,paid_search,mobile,139,46,44,22,51,10,2,5541
2026-07-29,demo,paid_social,desktop,66,28,10,5,16,9,0,1318
2026-07-29,demo,paid_social,mobile,122,53,32,10,41,7,3,4247
2026-07-29,demo,organic,desktop,251,65,90,24,77,48,1,1339
2026-07-29,demo,organic,mobile,117,50,26,16,34,7,1,4836
2026-07-29,demo,webinar,desktop,52,16,18,11,17,6,0,1357
2026-07-29,demo,webinar,mobile,29,12,9,6,10,1,0,4958
2026-07-29,demo,partner,desktop,32,11,11,2,8,6,0,1387
2026-07-29,demo,partner,mobile,13,7,2,3,3,1,0,5171
2026-07-29,demo,email,desktop,35,13,11,5,10,9,0,1445
2026-07-29,demo,email,mobile,41,14,13,3,19,2,1,3842
2026-07-29,features,paid_search,desktop,203,80,55,24,0,0,1,1184
2026-07-29,features,paid_search,mobile,123,55,30,14,0,0,1,2051
2026-07-29,features,paid_social,desktop,93,24,35,9,0,0,1,1142
2026-07-29,features,paid_social,mobile,153,65,39,15,0,0,0,2177
2026-07-29,features,organic,desktop,340,124,98,48,0,0,2,1392
2026-07-29,features,organic,mobile,136,56,35,14,0,0,1,2143
2026-07-29,features,webinar,desktop,75,32,16,14,0,0,0,1275
2026-07-29,features,webinar,mobile,34,12,10,6,0,0,0,2069
2026-07-29,features,partner,desktop,26,11,2,1,0,0,0,1223
2026-07-29,features,partner,mobile,16,8,4,0,0,0,0,2084
2026-07-29,features,email,desktop,66,32,14,6,0,0,0,1186
2026-07-29,features,email,mobile,54,22,13,7,0,0,0,2022
2026-07-29,compare,paid_search,desktop,126,67,21,14,0,0,0,1223
2026-07-29,compare,paid_search,mobile,72,36,14,7,0,0,0,1978
2026-07-29,compare,paid_social,desktop,55,21,17,2,0,0,0,1525
2026-07-29,compare,paid_social,mobile,101,52,21,11,0,0,2,2052
2026-07-29,compare,organic,desktop,164,82,29,17,0,0,0,1342
2026-07-29,compare,organic,mobile,86,42,16,8,0,0,0,2083
2026-07-29,compare,webinar,desktop,44,18,13,2,0,0,0,1186
2026-07-29,compare,webinar,mobile,27,16,3,3,0,0,0,2143
2026-07-29,compare,partner,desktop,15,2,7,2,0,0,0,1157
2026-07-29,compare,partner,mobile,5,2,1,0,0,0,0,2137
2026-07-29,compare,email,desktop,28,13,10,1,0,0,0,1329
2026-07-29,compare,email,mobile,16,8,3,1,0,0,0,2067
2026-07-30,home,paid_search,desktop,283,100,89,37,0,0,0,1187
2026-07-30,home,paid_search,mobile,166,74,36,21,0,0,1,2210
2026-07-30,home,paid_social,desktop,187,62,58,30,0,0,0,1451
2026-07-30,home,paid_social,mobile,272,107,68,22,0,0,1,1739
2026-07-30,home,organic,desktop,524,203,147,75,0,0,1,1218
2026-07-30,home,organic,mobile,284,134,68,21,0,0,1,1922
2026-07-30,home,webinar,desktop,125,44,41,15,0,0,0,1231
2026-07-30,home,webinar,mobile,72,32,20,8,0,0,1,2032
2026-07-30,home,partner,desktop,61,25,12,8,0,0,0,1278
2026-07-30,home,partner,mobile,36,14,5,4,0,0,1,2406
2026-07-30,home,email,desktop,128,52,35,18,0,0,0,1262
2026-07-30,home,email,mobile,105,43,31,10,0,0,1,2180
2026-07-30,pricing,paid_search,desktop,459,266,84,24,0,0,1,1325
2026-07-30,pricing,paid_search,mobile,210,117,38,15,0,0,1,2106
2026-07-30,pricing,paid_social,desktop,81,31,15,12,0,0,1,1390
2026-07-30,pricing,paid_social,mobile,143,68,34,16,0,0,0,2052
2026-07-30,pricing,organic,desktop,343,136,96,42,0,0,2,1393
2026-07-30,pricing,organic,mobile,198,86,49,26,0,0,1,2391
2026-07-30,pricing,webinar,desktop,85,27,24,12,0,0,0,1202
2026-07-30,pricing,webinar,mobile,36,15,12,3,0,0,0,2259
2026-07-30,pricing,partner,desktop,38,16,9,3,0,0,0,1330
2026-07-30,pricing,partner,mobile,28,15,7,2,0,0,0,2155
2026-07-30,pricing,email,desktop,48,13,15,5,0,0,0,1279
2026-07-30,pricing,email,mobile,52,24,13,4,0,0,0,2246
2026-07-30,demo,paid_search,desktop,260,71,79,28,79,62,3,1229
2026-07-30,demo,paid_search,mobile,174,64,53,19,57,15,7,4743
2026-07-30,demo,paid_social,desktop,85,25,26,11,29,20,0,1261
2026-07-30,demo,paid_social,mobile,114,50,22,6,45,10,1,4072
2026-07-30,demo,organic,desktop,291,87,99,34,76,52,2,1518
2026-07-30,demo,organic,mobile,134,45,40,10,43,6,8,4259
2026-07-30,demo,webinar,desktop,48,14,17,7,16,9,0,1574
2026-07-30,demo,webinar,mobile,31,9,10,3,13,1,0,4979
2026-07-30,demo,partner,desktop,42,13,14,6,10,7,0,1415
2026-07-30,demo,partner,mobile,14,5,4,1,5,0,0,4495
2026-07-30,demo,email,desktop,39,8,12,3,11,6,0,1498
2026-07-30,demo,email,mobile,48,17,12,7,16,5,0,5210
2026-07-30,features,paid_search,desktop,210,83,55,31,0,0,2,1306
2026-07-30,features,paid_search,mobile,120,49,30,15,0,0,1,2363
2026-07-30,features,paid_social,desktop,103,26,36,11,0,0,0,1290
2026-07-30,features,paid_social,mobile,152,68,42,13,0,0,2,2042
2026-07-30,features,organic,desktop,337,129,81,35,0,0,4,1321
2026-07-30,features,organic,mobile,158,84,25,15,0,0,2,2381
2026-07-30,features,webinar,desktop,80,31,22,10,0,0,0,1216
2026-07-30,features,webinar,mobile,60,18,17,9,0,0,0,2280
2026-07-30,features,partner,desktop,40,14,5,5,0,0,1,1357
2026-07-30,features,partner,mobile,15,5,5,2,0,0,0,2205
2026-07-30,features,email,desktop,55,22,15,5,0,0,1,1277
2026-07-30,features,email,mobile,63,20,18,6,0,0,0,1999
2026-07-30,compare,paid_search,desktop,139,76,29,16,0,0,2,1336
2026-07-30,compare,paid_search,mobile,100,47,26,11,0,0,1,1994
2026-07-30,compare,paid_social,desktop,52,22,14,7,0,0,0,1319
2026-07-30,compare,paid_social,mobile,70,43,12,7,0,0,0,2064
2026-07-30,compare,organic,desktop,183,85,47,14,0,0,2,1360
2026-07-30,compare,organic,mobile,111,56,24,12,0,0,1,2221
2026-07-30,compare,webinar,desktop,39,17,7,4,0,0,0,1396
2026-07-30,compare,webinar,mobile,22,12,2,3,0,0,0,2080
2026-07-30,compare,partner,desktop,22,9,6,1,0,0,0,1395
2026-07-30,compare,partner,mobile,6,4,1,3,0,0,0,2306
2026-07-30,compare,email,desktop,28,10,10,6,0,0,0,1168
2026-07-30,compare,email,mobile,24,12,1,4,0,0,0,2158
2026-07-31,home,paid_search,desktop,279,103,76,36,0,0,2,1141
2026-07-31,home,paid_search,mobile,184,80,52,20,0,0,2,2289
2026-07-31,home,paid_social,desktop,180,64,60,24,0,0,2,1541
2026-07-31,home,paid_social,mobile,284,127,67,26,0,0,1,2140
2026-07-31,home,organic,desktop,627,261,175,80,0,0,1,1263
2026-07-31,home,organic,mobile,317,141,70,43,0,0,1,2110
2026-07-31,home,webinar,desktop,128,52,32,13,0,0,0,1247
2026-07-31,home,webinar,mobile,73,32,23,3,0,0,0,1897
2026-07-31,home,partner,desktop,72,28,23,9,0,0,1,1070
2026-07-31,home,partner,mobile,28,12,7,4,0,0,0,1960
2026-07-31,home,email,desktop,119,48,22,16,0,0,0,1263
2026-07-31,home,email,mobile,88,31,26,11,0,0,0,2005
2026-07-31,pricing,paid_search,desktop,429,254,77,27,0,0,1,1296
2026-07-31,pricing,paid_search,mobile,160,91,33,16,0,0,1,2106
2026-07-31,pricing,paid_social,desktop,100,42,36,6,0,0,1,1215
2026-07-31,pricing,paid_social,mobile,153,71,42,12,0,0,0,2088
2026-07-31,pricing,organic,desktop,313,135,76,44,0,0,1,1302
2026-07-31,pricing,organic,mobile,171,75,36,15,0,0,1,2049
2026-07-31,pricing,webinar,desktop,84,23,28,9,0,0,0,1372
2026-07-31,pricing,webinar,mobile,42,25,8,1,0,0,0,2535
2026-07-31,pricing,partner,desktop,29,8,9,4,0,0,0,1385
2026-07-31,pricing,partner,mobile,19,11,1,2,0,0,1,2066
2026-07-31,pricing,email,desktop,47,21,14,4,0,0,0,1203
2026-07-31,pricing,email,mobile,52,27,11,7,0,0,0,2527
2026-07-31,demo,paid_search,desktop,262,82,72,31,91,58,1,1469
2026-07-31,demo,paid_search,mobile,132,54,31,12,54,13,3,4783
2026-07-31,demo,paid_social,desktop,61,13,23,12,16,11,0,1486
2026-07-31,demo,paid_social,mobile,124,50,42,11,39,11,5,4911
2026-07-31,demo,organic,desktop,238,80,64,24,65,40,1,1487
2026-07-31,demo,organic,mobile,120,54,29,12,42,8,4,4855
2026-07-31,demo,webinar,desktop,63,12,18,3,17,10,0,1297
2026-07-31,demo,webinar,mobile,42,16,9,5,18,5,2,4710
2026-07-31,demo,partner,desktop,26,5,14,4,6,5,0,1253
2026-07-31,demo,partner,mobile,20,11,5,2,7,0,0,5033
2026-07-31,demo,email,desktop,56,18,22,6,18,14,0,1462
2026-07-31,demo,email,mobile,43,15,15,6,12,1,1,5108
2026-07-31,features,paid_search,desktop,192,79,49,23,0,0,0,1407
2026-07-31,features,paid_search,mobile,105,42,28,11,0,0,0,1671
2026-07-31,features,paid_social,desktop,92,29,26,10,0,0,2,1270
2026-07-31,features,paid_social,mobile,159,51,48,22,0,0,0,2057
2026-07-31,features,organic,desktop,350,129,94,37,0,0,2,1245
2026-07-31,features,organic,mobile,193,77,52,21,0,0,2,2102
2026-07-31,features,webinar,desktop,82,22,28,8,0,0,0,1184
2026-07-31,features,webinar,mobile,44,20,8,4,0,0,1,2302
2026-07-31,features,partner,desktop,38,9,13,4,0,0,0,1109
2026-07-31,features,partner,mobile,24,15,5,0,0,0,0,1861
2026-07-31,features,email,desktop,72,23,18,8,0,0,0,1178
2026-07-31,features,email,mobile,66,26,13,10,0,0,0,2194
2026-07-31,compare,paid_search,desktop,171,74,53,24,0,0,0,1222
2026-07-31,compare,paid_search,mobile,75,29,18,7,0,0,1,2280
2026-07-31,compare,paid_social,desktop,56,20,16,3,0,0,0,1170
2026-07-31,compare,paid_social,mobile,58,20,14,6,0,0,1,2081
2026-07-31,compare,organic,desktop,129,58,21,14,0,0,2,1330
2026-07-31,compare,organic,mobile,98,51,24,7,0,0,0,2161
2026-07-31,compare,webinar,desktop,38,9,11,3,0,0,0,1183
2026-07-31,compare,webinar,mobile,32,13,6,7,0,0,0,2108
2026-07-31,compare,partner,desktop,18,7,4,5,0,0,1,1079
2026-07-31,compare,partner,mobile,8,1,3,0,0,0,0,2535
2026-07-31,compare,email,desktop,33,16,10,3,0,0,0,1407
2026-07-31,compare,email,mobile,28,13,3,5,0,0,0,2254
2026-08-01,home,paid_search,desktop,147,64,35,21,0,0,1,1269
2026-08-01,home,paid_search,mobile,62,24,13,9,0,0,0,2075
2026-08-01,home,paid_social,desktop,73,22,22,9,0,0,0,1365
2026-08-01,home,paid_social,mobile,104,42,27,11,0,0,0,2056
2026-08-01,home,organic,desktop,220,84,63,20,0,0,0,1357
2026-08-01,home,organic,mobile,102,48,24,16,0,0,0,2343
2026-08-01,home,webinar,desktop,79,35,19,13,0,0,0,1188
2026-08-01,home,webinar,mobile,22,5,9,2,0,0,1,2264
2026-08-01,home,partner,desktop,27,11,4,2,0,0,0,1204
2026-08-01,home,partner,mobile,9,1,2,1,0,0,0,1941
2026-08-01,home,email,desktop,41,19,7,10,0,0,1,1296
2026-08-01,home,email,mobile,36,21,7,4,0,0,0,2175
2026-08-01,pricing,paid_search,desktop,168,115,19,13,0,0,1,1125
2026-08-01,pricing,paid_search,mobile,94,65,9,5,0,0,1,2306
2026-08-01,pricing,paid_social,desktop,30,10,11,3,0,0,0,1187
2026-08-01,pricing,paid_social,mobile,50,14,22,7,0,0,0,1674
2026-08-01,pricing,organic,desktop,129,48,35,22,0,0,0,1239
2026-08-01,pricing,organic,mobile,59,24,16,8,0,0,1,1901
2026-08-01,pricing,webinar,desktop,18,7,7,5,0,0,0,1301
2026-08-01,pricing,webinar,mobile,17,4,6,1,0,0,0,2133
2026-08-01,pricing,partner,desktop,12,6,2,0,0,0,0,1158
2026-08-01,pricing,partner,mobile,5,1,3,0,0,0,0,2061
2026-08-01,pricing,email,desktop,30,7,12,2,0,0,0,1406
2026-08-01,pricing,email,mobile,32,12,11,5,0,0,0,2451
2026-08-01,demo,paid_search,desktop,120,37,36,12,37,16,0,1365
2026-08-01,demo,paid_search,mobile,52,23,11,4,25,7,2,4908
2026-08-01,demo,paid_social,desktop,30,11,8,6,5,3,0,1300
2026-08-01,demo,paid_social,mobile,37,12,14,6,14,3,1,4705
2026-08-01,demo,organic,desktop,106,22,43,7,26,17,1,1529
2026-08-01,demo,organic,mobile,46,22,13,6,18,2,0,4628
2026-08-01,demo,webinar,desktop,14,3,6,1,8,7,0,1309
2026-08-01,demo,webinar,mobile,9,4,3,0,5,1,1,4740
2026-08-01,demo,partner,desktop,11,4,2,1,6,4,1,1307
2026-08-01,demo,partner,mobile,1,0,0,0,0,0,0,4514
2026-08-01,demo,email,desktop,18,6,4,4,6,3,0,1421
2026-08-01,demo,email,mobile,21,7,7,2,9,3,1,4451
2026-08-01,features,paid_search,desktop,68,22,19,11,0,0,0,1036
2026-08-01,features,paid_search,mobile,40,18,7,2,0,0,0,1998
2026-08-01,features,paid_social,desktop,39,16,11,3,0,0,0,1231
2026-08-01,features,paid_social,mobile,60,20,17,9,0,0,0,2102
2026-08-01,features,organic,desktop,127,52,32,14,0,0,0,1352
2026-08-01,features,organic,mobile,66,25,20,5,0,0,0,2106
2026-08-01,features,webinar,desktop,23,10,7,4,0,0,0,1220
2026-08-01,features,webinar,mobile,14,6,3,0,0,0,0,2135
2026-08-01,features,partner,desktop,16,8,4,2,0,0,0,1369
2026-08-01,features,partner,mobile,6,3,2,0,0,0,1,1978
2026-08-01,features,email,desktop,21,10,2,2,0,0,1,1272
2026-08-01,features,email,mobile,15,8,3,4,0,0,0,2404
2026-08-01,compare,paid_search,desktop,45,13,11,6,0,0,0,1368
2026-08-01,compare,paid_search,mobile,27,12,8,5,0,0,0,2328
2026-08-01,compare,paid_social,desktop,18,8,7,2,0,0,0,1321
2026-08-01,compare,paid_social,mobile,33,17,10,5,0,0,0,1990
2026-08-01,compare,organic,desktop,63,27,20,6,0,0,0,1372
2026-08-01,compare,organic,mobile,26,18,3,2,0,0,1,2027
2026-08-01,compare,webinar,desktop,23,11,5,2,0,0,0,1164
2026-08-01,compare,webinar,mobile,6,3,1,0,0,0,0,1955
2026-08-01,compare,partner,desktop,6,4,1,1,0,0,0,1339
2026-08-01,compare,partner,mobile,6,4,0,0,0,0,0,2082
2026-08-01,compare,email,desktop,11,3,4,1,0,0,0,1263
2026-08-01,compare,email,mobile,8,4,3,0,0,0,0,2032
2026-08-02,home,paid_search,desktop,128,48,37,13,0,0,2,1292
2026-08-02,home,paid_search,mobile,82,42,18,9,0,0,0,2307
2026-08-02,home,paid_social,desktop,87,38,23,16,0,0,1,1108
2026-08-02,home,paid_social,mobile,141,54,35,19,0,0,1,2141
2026-08-02,home,organic,desktop,227,99,56,24,0,0,0,1416
2026-08-02,home,organic,mobile,128,45,36,23,0,0,0,2136
2026-08-02,home,webinar,desktop,58,29,15,3,0,0,0,1349
2026-08-02,home,webinar,mobile,21,9,5,0,0,0,0,2281
2026-08-02,home,partner,desktop,24,13,4,1,0,0,0,1210
2026-08-02,home,partner,mobile,12,5,1,1,0,0,0,2124
2026-08-02,home,email,desktop,33,16,7,6,0,0,0,1176
2026-08-02,home,email,mobile,32,14,10,5,0,0,0,2228
2026-08-02,pricing,paid_search,desktop,194,138,25,12,0,0,0,1466
2026-08-02,pricing,paid_search,mobile,65,45,6,3,0,0,0,2208
2026-08-02,pricing,paid_social,desktop,39,17,9,2,0,0,1,1197
2026-08-02,pricing,paid_social,mobile,50,23,11,4,0,0,0,2526
2026-08-02,pricing,organic,desktop,127,59,30,15,0,0,1,1411
2026-08-02,pricing,organic,mobile,72,22,19,5,0,0,0,1967
2026-08-02,pricing,webinar,desktop,30,13,9,4,0,0,0,1318
2026-08-02,pricing,webinar,mobile,14,8,2,3,0,0,0,2023
2026-08-02,pricing,partner,desktop,12,7,2,0,0,0,0,1304
2026-08-02,pricing,partner,mobile,4,2,0,0,0,0,0,2244
2026-08-02,pricing,email,desktop,19,6,7,2,0,0,1,1260
2026-08-02,pricing,email,mobile,16,9,5,2,0,0,0,1908
2026-08-02,demo,paid_search,desktop,123,34,40,10,38,18,0,1252
2026-08-02,demo,paid_search,mobile,59,26,19,7,20,3,1,4791
2026-08-02,demo,paid_social,desktop,32,12,13,4,12,5,0,1492
2026-08-02,demo,paid_social,mobile,45,16,10,4,19,4,2,4159
2026-08-02,demo,organic,desktop,81,27,25,9,28,16,0,1391
2026-08-02,demo,organic,mobile,62,23,18,9,20,1,3,4803
2026-08-02,demo,webinar,desktop,34,11,10,4,12,7,0,1322
2026-08-02,demo,webinar,mobile,10,4,4,3,2,0,1,4305
2026-08-02,demo,partner,desktop,14,3,2,4,7,6,0,1421
2026-08-02,demo,partner,mobile,6,3,2,2,2,0,0,4926
2026-08-02,demo,email,desktop,21,4,6,0,7,5,0,1393
2026-08-02,demo,email,mobile,20,12,2,4,11,3,1,4798
2026-08-02,features,paid_search,desktop,91,27,30,11,0,0,0,1264
2026-08-02,features,paid_search,mobile,37,11,16,1,0,0,0,2069
2026-08-02,features,paid_social,desktop,33,10,10,4,0,0,0,1492
2026-08-02,features,paid_social,mobile,63,24,23,9,0,0,0,2138
2026-08-02,features,organic,desktop,113,38,36,13,0,0,0,1382
2026-08-02,features,organic,mobile,85,34,24,12,0,0,0,1952
2026-08-02,features,webinar,desktop,28,8,6,5,0,0,0,1209
2026-08-02,features,webinar,mobile,18,9,7,2,0,0,0,2121
2026-08-02,features,partner,desktop,17,6,4,2,0,0,1,1227
2026-08-02,features,partner,mobile,8,1,3,1,0,0,0,1936
2026-08-02,features,email,desktop,26,11,5,0,0,0,0,1215
2026-08-02,features,email,mobile,20,8,5,3,0,0,0,2011
2026-08-02,compare,paid_search,desktop,53,23,11,3,0,0,1,1530
2026-08-02,compare,paid_search,mobile,31,17,8,4,0,0,0,2424
2026-08-02,compare,paid_social,desktop,27,14,3,2,0,0,0,1425
2026-08-02,compare,paid_social,mobile,28,14,6,6,0,0,0,2297
2026-08-02,compare,organic,desktop,56,27,15,12,0,0,1,1386
2026-08-02,compare,organic,mobile,35,10,14,2,0,0,1,1859
2026-08-02,compare,webinar,desktop,13,6,6,2,0,0,0,1384
2026-08-02,compare,webinar,mobile,11,5,1,0,0,0,0,1821
2026-08-02,compare,partner,desktop,8,2,1,3,0,0,0,1461
2026-08-02,compare,partner,mobile,4,2,0,2,0,0,0,2186
2026-08-02,compare,email,desktop,16,6,7,2,0,0,1,1217
2026-08-02,compare,email,mobile,11,7,4,1,0,0,0,2169
2026-08-03,home,paid_search,desktop,318,113,91,50,0,0,1,1194
2026-08-03,home,paid_search,mobile,179,73,43,19,0,0,1,2071
2026-08-03,home,paid_social,desktop,180,75,34,22,0,0,1,1292
2026-08-03,home,paid_social,mobile,244,96,63,23,0,0,0,2044
2026-08-03,home,organic,desktop,515,203,130,50,0,0,2,1487
2026-08-03,home,organic,mobile,287,127,85,38,0,0,1,2205
2026-08-03,home,webinar,desktop,131,66,31,15,0,0,1,1361
2026-08-03,home,webinar,mobile,64,28,16,13,0,0,0,2018
2026-08-03,home,partner,desktop,72,33,18,11,0,0,1,1274
2026-08-03,home,partner,mobile,28,14,4,4,0,0,0,2269
2026-08-03,home,email,desktop,84,32,23,7,0,0,0,1246
2026-08-03,home,email,mobile,82,37,18,7,0,0,0,2013
2026-08-03,pricing,paid_search,desktop,420,287,68,34,0,0,1,1313
2026-08-03,pricing,paid_search,mobile,187,132,24,10,0,0,2,2146
2026-08-03,pricing,paid_social,desktop,105,40,39,7,0,0,0,1268
2026-08-03,pricing,paid_social,mobile,143,61,31,19,0,0,0,2037
2026-08-03,pricing,organic,desktop,313,127,80,35,0,0,0,1162
2026-08-03,pricing,organic,mobile,164,78,30,17,0,0,0,2225
2026-08-03,pricing,webinar,desktop,66,28,14,7,0,0,0,1229
2026-08-03,pricing,webinar,mobile,41,23,14,6,0,0,0,2092
2026-08-03,pricing,partner,desktop,32,15,10,2,0,0,0,1040
2026-08-03,pricing,partner,mobile,30,11,6,2,0,0,0,2218
2026-08-03,pricing,email,desktop,54,26,13,6,0,0,0,1412
2026-08-03,pricing,email,mobile,44,18,13,9,0,0,0,2222
2026-08-03,demo,paid_search,desktop,256,91,81,25,83,52,1,1485
2026-08-03,demo,paid_search,mobile,162,60,47,25,64,14,4,4702
2026-08-03,demo,paid_social,desktop,77,26,18,3,25,15,0,1608
2026-08-03,demo,paid_social,mobile,119,42,29,10,42,10,0,4712
2026-08-03,demo,organic,desktop,232,84,70,20,75,42,1,1566
2026-08-03,demo,organic,mobile,151,60,44,17,51,13,4,4612
2026-08-03,demo,webinar,desktop,72,19,20,13,19,13,2,1606
2026-08-03,demo,webinar,mobile,32,13,8,5,14,1,0,4824
2026-08-03,demo,partner,desktop,32,7,10,4,13,7,0,1299
2026-08-03,demo,partner,mobile,18,6,7,4,7,1,0,3983
2026-08-03,demo,email,desktop,65,20,25,7,12,7,0,1345
2026-08-03,demo,email,mobile,39,18,10,9,13,1,1,5169
2026-08-03,features,paid_search,desktop,230,92,55,23,0,0,3,1218
2026-08-03,features,paid_search,mobile,84,29,18,12,0,0,0,1839
2026-08-03,features,paid_social,desktop,111,44,32,8,0,0,0,1281
2026-08-03,features,paid_social,mobile,133,47,38,6,0,0,1,2381
2026-08-03,features,organic,desktop,307,109,94,30,0,0,2,1473
2026-08-03,features,organic,mobile,178,75,42,26,0,0,2,1550
2026-08-03,features,webinar,desktop,80,30,22,5,0,0,0,1361
2026-08-03,features,webinar,mobile,45,18,13,2,0,0,0,2180
2026-08-03,features,partner,desktop,39,13,8,7,0,0,0,1150
2026-08-03,features,partner,mobile,20,12,3,1,0,0,0,2094
2026-08-03,features,email,desktop,70,23,21,6,0,0,0,1489
2026-08-03,features,email,mobile,49,18,15,5,0,0,0,2162
2026-08-03,compare,paid_search,desktop,138,63,34,17,0,0,0,1433
2026-08-03,compare,paid_search,mobile,82,34,25,7,0,0,0,1880
2026-08-03,compare,paid_social,desktop,34,14,9,4,0,0,0,1393
2026-08-03,compare,paid_social,mobile,76,35,20,6,0,0,0,2086
2026-08-03,compare,organic,desktop,170,78,43,13,0,0,1,1264
2026-08-03,compare,organic,mobile,84,46,18,5,0,0,0,1962
2026-08-03,compare,webinar,desktop,34,17,6,4,0,0,0,1238
2026-08-03,compare,webinar,mobile,18,9,6,1,0,0,0,2104
2026-08-03,compare,partner,desktop,19,12,3,3,0,0,0,1242
2026-08-03,compare,partner,mobile,10,6,2,1,0,0,0,2248
2026-08-03,compare,email,desktop,38,19,7,5,0,0,0,1081
2026-08-03,compare,email,mobile,23,9,9,1,0,0,0,2260
2026-08-04,home,paid_search,desktop,338,147,92,50,0,0,3,1121
2026-08-04,home,paid_search,mobile,173,68,41,18,0,0,2,1954
2026-08-04,home,paid_social,desktop,182,69,51,21,0,0,1,1394
2026-08-04,home,paid_social,mobile,316,153,71,34,0,0,0,2257
2026-08-04,home,organic,desktop,564,208,159,74,0,0,1,1343
2026-08-04,home,organic,mobile,321,153,86,32,0,0,1,2262
2026-08-04,home,webinar,desktop,112,48,21,18,0,0,1,1330
2026-08-04,home,webinar,mobile,78,36,23,7,0,0,0,2069
2026-08-04,home,partner,desktop,72,24,27,12,0,0,0,1262
2026-08-04,home,partner,mobile,30,18,6,2,0,0,0,2081
2026-08-04,home,email,desktop,107,42,28,16,0,0,0,1307
2026-08-04,home,email,mobile,101,54,24,9,0,0,0,2055
2026-08-04,pricing,paid_search,desktop,385,253,55,21,0,0,0,1213
2026-08-04,pricing,paid_search,mobile,225,151,30,15,0,0,2,1840
2026-08-04,pricing,paid_social,desktop,106,48,29,13,0,0,2,1203
2026-08-04,pricing,paid_social,mobile,146,58,46,12,0,0,0,2270
2026-08-04,pricing,organic,desktop,329,149,83,51,0,0,2,1276
2026-08-04,pricing,organic,mobile,189,70,62,22,0,0,0,2011
2026-08-04,pricing,webinar,desktop,69,29,20,11,0,0,0,1398
2026-08-04,pricing,webinar,mobile,33,15,7,3,0,0,1,2085
2026-08-04,pricing,partner,desktop,41,18,14,4,0,0,0,1344
2026-08-04,pricing,partner,mobile,16,6,5,4,0,0,0,2036
2026-08-04,pricing,email,desktop,77,34,22,5,0,0,0,1268
2026-08-04,pricing,email,mobile,57,20,14,7,0,0,0,1912
2026-08-04,demo,paid_search,desktop,306,98,90,28,96,58,0,1398
2026-08-04,demo,paid_search,mobile,143,47,50,11,51,12,7,4506
2026-08-04,demo,paid_social,desktop,99,27,33,15,30,14,2,1298
2026-08-04,demo,paid_social,mobile,95,35,19,12,38,7,1,4855
2026-08-04,demo,organic,desktop,257,73,75,26,81,48,0,1409
2026-08-04,demo,organic,mobile,141,55,47,21,47,13,2,4502
2026-08-04,demo,webinar,desktop,53,13,19,10,13,5,0,1367
2026-08-04,demo,webinar,mobile,23,7,7,1,9,1,2,4749
2026-08-04,demo,partner,desktop,27,10,9,2,10,5,0,1530
2026-08-04,demo,partner,mobile,9,4,3,2,4,0,0,4197
2026-08-04,demo,email,desktop,48,22,11,6,13,6,0,1537
2026-08-04,demo,email,mobile,41,14,10,6,14,3,0,5179
2026-08-04,features,paid_search,desktop,220,101,56,27,0,0,0,1302
2026-08-04,features,paid_search,mobile,107,41,32,9,0,0,0,2174
2026-08-04,features,paid_social,desktop,110,39,28,11,0,0,0,1354
2026-08-04,features,paid_social,mobile,169,79,45,24,0,0,0,1866
2026-08-04,features,organic,desktop,340,114,85,44,0,0,3,1326
2026-08-04,features,organic,mobile,185,70,58,24,0,0,0,2032
2026-08-04,features,webinar,desktop,61,17,22,10,0,0,0,1105
2026-08-04,features,webinar,mobile,24,10,6,2,0,0,0,1967
2026-08-04,features,partner,desktop,33,8,11,2,0,0,0,1414
2026-08-04,features,partner,mobile,23,6,9,1,0,0,0,2067
2026-08-04,features,email,desktop,60,25,17,10,0,0,0,1395
2026-08-04,features,email,mobile,45,11,23,5,0,0,0,2144
2026-08-04,compare,paid_search,desktop,131,58,32,14,0,0,0,1160
2026-08-04,compare,paid_search,mobile,78,33,20,8,0,0,0,2231
2026-08-04,compare,paid_social,desktop,48,19,8,7,0,0,0,1387
2026-08-04,compare,paid_social,mobile,96,47,24,9,0,0,0,2015
2026-08-04,compare,organic,desktop,140,52,40,18,0,0,1,1146
2026-08-04,compare,organic,mobile,93,43,22,10,0,0,0,2071
2026-08-04,compare,webinar,desktop,31,15,5,3,0,0,1,1236
2026-08-04,compare,webinar,mobile,23,11,6,3,0,0,0,2081
2026-08-04,compare,partner,desktop,19,8,4,3,0,0,0,1429
2026-08-04,compare,partner,mobile,12,9,2,1,0,0,0,2279
2026-08-04,compare,email,desktop,34,16,7,5,0,0,1,1385
2026-08-04,compare,email,mobile,21,11,4,2,0,0,0,2192
2026-08-05,home,paid_search,desktop,378,145,111,46,0,0,1,1284
2026-08-05,home,paid_search,mobile,182,81,37,18,0,0,1,2304
2026-08-05,home,paid_social,desktop,200,77,54,30,0,0,0,1208
2026-08-05,home,paid_social,mobile,282,126,69,34,0,0,1,1987
2026-08-05,home,organic,desktop,544,199,132,57,0,0,0,1351
2026-08-05,home,organic,mobile,360,142,90,24,0,0,4,2464
2026-08-05,home,webinar,desktop,132,53,27,20,0,0,1,1283
2026-08-05,home,webinar,mobile,52,27,10,3,0,0,0,2287
2026-08-05,home,partner,desktop,73,22,24,12,0,0,0,1188
2026-08-05,home,partner,mobile,41,18,14,7,0,0,0,2144
2026-08-05,home,email,desktop,83,23,29,9,0,0,0,1367
2026-08-05,home,email,mobile,73,43,12,11,0,0,0,2241
2026-08-05,pricing,paid_search,desktop,391,278,52,20,0,0,0,1274
2026-08-05,pricing,paid_search,mobile,234,172,23,12,0,0,1,1998
2026-08-05,pricing,paid_social,desktop,115,36,45,14,0,0,1,1185
2026-08-05,pricing,paid_social,mobile,185,81,51,31,0,0,0,2075
2026-08-05,pricing,organic,desktop,301,113,84,28,0,0,0,1475
2026-08-05,pricing,organic,mobile,156,66,41,23,0,0,1,2052
2026-08-05,pricing,webinar,desktop,84,38,23,9,0,0,2,1560
2026-08-05,pricing,webinar,mobile,53,21,12,8,0,0,0,2105
2026-08-05,pricing,partner,desktop,43,17,12,9,0,0,0,1389
2026-08-05,pricing,partner,mobile,14,7,3,3,0,0,0,2469
2026-08-05,pricing,email,desktop,61,22,19,5,0,0,0,1316
2026-08-05,pricing,email,mobile,56,24,15,2,0,0,0,2421
2026-08-05,demo,paid_search,desktop,313,91,95,46,89,63,2,1410
2026-08-05,demo,paid_search,mobile,137,63,39,13,55,10,1,4732
2026-08-05,demo,paid_social,desktop,94,29,30,12,27,16,1,1416
2026-08-05,demo,paid_social,mobile,136,61,35,10,51,12,0,4228
2026-08-05,demo,organic,desktop,214,66,60,27,74,47,1,1305
2026-08-05,demo,organic,mobile,148,68,40,18,51,6,1,4402
2026-08-05,demo,webinar,desktop,52,16,14,5,16,9,1,1402
2026-08-05,demo,webinar,mobile,29,10,8,2,14,2,0,5032
2026-08-05,demo,partner,desktop,30,12,10,3,7,5,0,1339
2026-08-05,demo,partner,mobile,17,9,2,4,8,0,1,5763
2026-08-05,demo,email,desktop,27,7,7,1,9,7,0,1225
2026-08-05,demo,email,mobile,43,20,8,3,23,3,2,4341
2026-08-05,features,paid_search,desktop,208,90,59,14,0,0,2,1377
2026-08-05,features,paid_search,mobile,118,37,34,13,0,0,1,2040
2026-08-05,features,paid_social,desktop,122,41,27,21,0,0,0,1091
2026-08-05,features,paid_social,mobile,115,40,32,17,0,0,1,2179
2026-08-05,features,organic,desktop,323,104,103,39,0,0,1,1336
2026-08-05,features,organic,mobile,223,82,72,18,0,0,1,2137
2026-08-05,features,webinar,desktop,70,20,21,7,0,0,0,1296
2026-08-05,features,webinar,mobile,37,20,6,6,0,0,0,2097
2026-08-05,features,partner,desktop,32,14,7,4,0,0,0,1474
2026-08-05,features,partner,mobile,12,8,0,2,0,0,0,2275
2026-08-05,features,email,desktop,76,35,19,12,0,0,1,1378
2026-08-05,features,email,mobile,56,18,15,3,0,0,0,2285
2026-08-05,compare,paid_search,desktop,116,54,32,13,0,0,1,1293
2026-08-05,compare,paid_search,mobile,65,29,13,7,0,0,0,2156
2026-08-05,compare,paid_social,desktop,41,17,11,8,0,0,0,970
2026-08-05,compare,paid_social,mobile,78,42,18,10,0,0,1,2528
2026-08-05,compare,organic,desktop,164,69,47,28,0,0,0,1305
2026-08-05,compare,organic,mobile,102,54,27,10,0,0,1,2299
2026-08-05,compare,webinar,desktop,37,15,14,3,0,0,0,1395
2026-08-05,compare,webinar,mobile,18,11,3,1,0,0,0,2236
2026-08-05,compare,partner,desktop,21,11,4,2,0,0,0,1268
2026-08-05,compare,partner,mobile,11,4,3,1,0,0,0,2323
2026-08-05,compare,email,desktop,29,11,8,3,0,0,0,1387
2026-08-05,compare,email,mobile,33,16,9,4,0,0,0,1909
2026-08-06,home,paid_search,desktop,348,158,86,33,0,0,0,1320
2026-08-06,home,paid_search,mobile,199,81,55,18,0,0,1,2121
2026-08-06,home,paid_social,desktop,177,75,40,34,0,0,2,1256
2026-08-06,home,paid_social,mobile,246,114,61,24,0,0,3,1914
2026-08-06,home,organic,desktop,608,249,158,69,0,0,4,1202
2026-08-06,home,organic,mobile,307,132,80,34,0,0,2,2211
2026-08-06,home,webinar,desktop,135,51,42,20,0,0,1,1261
2026-08-06,home,webinar,mobile,75,38,21,10,0,0,0,2188
2026-08-06,home,partner,desktop,70,26,17,11,0,0,0,1286
2026-08-06,home,partner,mobile,40,15,8,3,0,0,0,2082
2026-08-06,home,email,desktop,123,38,45,16,0,0,0,1205
2026-08-06,home,email,mobile,100,38,18,10,0,0,2,2000
2026-08-06,pricing,paid_search,desktop,388,269,59,22,0,0,1,1292
2026-08-06,pricing,paid_search,mobile,256,192,36,18,0,0,2,1825
2026-08-06,pricing,paid_social,desktop,120,58,23,14,0,0,1,1325
2026-08-06,pricing,paid_social,mobile,149,61,35,13,0,0,0,2088
2026-08-06,pricing,organic,desktop,333,146,85,52,0,0,1,1141
2026-08-06,pricing,organic,mobile,174,78,35,19,0,0,1,2083
2026-08-06,pricing,webinar,desktop,99,38,29,16,0,0,1,1015
2026-08-06,pricing,webinar,mobile,49,26,11,7,0,0,0,2023
2026-08-06,pricing,partner,desktop,32,16,9,2,0,0,0,1309
2026-08-06,pricing,partner,mobile,32,14,7,3,0,0,0,2254
2026-08-06,pricing,email,desktop,64,28,15,7,0,0,0,1575
2026-08-06,pricing,email,mobile,47,25,10,6,0,0,0,2132
2026-08-06,demo,paid_search,desktop,242,80,79,30,69,50,1,1434
2026-08-06,demo,paid_search,mobile,130,48,36,15,49,8,5,4188
2026-08-06,demo,paid_social,desktop,77,18,21,10,23,15,2,1380
2026-08-06,demo,paid_social,mobile,88,35,30,7,36,5,1,4623
2026-08-06,demo,organic,desktop,254,71,71,29,72,48,2,1210
2026-08-06,demo,organic,mobile,143,54,42,10,43,8,1,5467
2026-08-06,demo,webinar,desktop,57,17,15,7,20,14,2,1450
2026-08-06,demo,webinar,mobile,28,16,5,4,15,4,0,5010
2026-08-06,demo,partner,desktop,35,7,15,5,9,7,1,1588
2026-08-06,demo,partner,mobile,19,6,4,4,4,1,0,4260
2026-08-06,demo,email,desktop,48,19,9,5,16,11,0,1257
2026-08-06,demo,email,mobile,42,17,7,7,17,5,3,5340
2026-08-06,features,paid_search,desktop,195,70,57,22,0,0,1,1198
2026-08-06,features,paid_search,mobile,119,51,30,16,0,0,2,2216
2026-08-06,features,paid_social,desktop,116,37,29,14,0,0,1,1331
2026-08-06,features,paid_social,mobile,145,40,49,10,0,0,0,2438
2026-08-06,features,organic,desktop,295,120,78,35,0,0,1,1456
2026-08-06,features,organic,mobile,185,84,43,23,0,0,0,2360
2026-08-06,features,webinar,desktop,85,23,32,8,0,0,0,1127
2026-08-06,features,webinar,mobile,47,16,15,6,0,0,0,2215
2026-08-06,features,partner,desktop,49,19,14,9,0,0,0,1410
2026-08-06,features,partner,mobile,26,5,13,5,0,0,0,2099
2026-08-06,features,email,desktop,65,25,19,4,0,0,0,1237
2026-08-06,features,email,mobile,59,19,18,11,0,0,0,2079
2026-08-06,compare,paid_search,desktop,138,64,30,14,0,0,0,1391
2026-08-06,compare,paid_search,mobile,81,37,23,11,0,0,0,1890
2026-08-06,compare,paid_social,desktop,51,16,15,6,0,0,0,1485
2026-08-06,compare,paid_social,mobile,72,33,13,11,0,0,0,1788
2026-08-06,compare,organic,desktop,191,93,49,21,0,0,0,1230
2026-08-06,compare,organic,mobile,93,53,14,15,0,0,1,1896
2026-08-06,compare,webinar,desktop,23,7,10,3,0,0,0,1303
2026-08-06,compare,webinar,mobile,22,12,3,2,0,0,1,2016
2026-08-06,compare,partner,desktop,20,8,5,3,0,0,0,1436
2026-08-06,compare,partner,mobile,8,4,3,0,0,0,0,2064
2026-08-06,compare,email,desktop,41,19,9,7,0,0,0,1333
2026-08-06,compare,email,mobile,41,8,14,3,0,0,0,2080
2026-08-07,home,paid_search,desktop,352,154,89,47,0,0,1,1268
2026-08-07,home,paid_search,mobile,169,84,33,24,0,0,1,2134
2026-08-07,home,paid_social,desktop,164,74,35,21,0,0,1,1164
2026-08-07,home,paid_social,mobile,313,146,80,39,0,0,0,1940
2026-08-07,home,organic,desktop,577,237,161,73,0,0,3,1185
2026-08-07,home,organic,mobile,239,106,58,21,0,0,1,2153
2026-08-07,home,webinar,desktop,140,56,36,17,0,0,1,1315
2026-08-07,home,webinar,mobile,72,38,16,6,0,0,1,2137
2026-08-07,home,partner,desktop,81,30,28,9,0,0,0,1304
2026-08-07,home,partner,mobile,37,17,11,6,0,0,0,2169
2026-08-07,home,email,desktop,125,49,39,10,0,0,0,1256
2026-08-07,home,email,mobile,97,51,18,9,0,0,0,2077
2026-08-07,pricing,paid_search,desktop,394,269,49,26,0,0,2,1340
2026-08-07,pricing,paid_search,mobile,197,132,33,7,0,0,0,1976
2026-08-07,pricing,paid_social,desktop,104,34,38,6,0,0,1,1351
2026-08-07,pricing,paid_social,mobile,158,57,53,18,0,0,0,2295
2026-08-07,pricing,organic,desktop,327,139,72,42,0,0,2,1321
2026-08-07,pricing,organic,mobile,176,85,44,22,0,0,1,2344
2026-08-07,pricing,webinar,desktop,89,39,19,13,0,0,0,1289
2026-08-07,pricing,webinar,mobile,34,15,6,7,0,0,1,2286
2026-08-07,pricing,partner,desktop,45,19,8,4,0,0,0,1217
2026-08-07,pricing,partner,mobile,25,7,6,0,0,0,0,2155
2026-08-07,pricing,email,desktop,71,28,20,6,0,0,0,1360
2026-08-07,pricing,email,mobile,44,20,6,5,0,0,0,2268
2026-08-07,demo,paid_search,desktop,247,69,80,26,86,53,1,1459
2026-08-07,demo,paid_search,mobile,167,66,50,19,56,20,9,5403
2026-08-07,demo,paid_social,desktop,92,29,29,13,27,15,0,1485
2026-08-07,demo,paid_social,mobile,130,50,33,22,47,7,4,4836
2026-08-07,demo,organic,desktop,269,73,83,28,87,47,0,1414
2026-08-07,demo,organic,mobile,159,64,41,14,52,16,4,4565
2026-08-07,demo,webinar,desktop,60,21,17,2,19,14,0,1373
2026-08-07,demo,webinar,mobile,26,8,10,2,6,0,2,4745
2026-08-07,demo,partner,desktop,39,11,9,6,8,5,1,1427
2026-08-07,demo,partner,mobile,17,6,5,3,6,4,2,4749
2026-08-07,demo,email,desktop,42,12,16,2,13,6,0,1247
2026-08-07,demo,email,mobile,46,16,8,2,14,4,2,5277
2026-08-07,features,paid_search,desktop,204,75,55,29,0,0,0,1078
2026-08-07,features,paid_search,mobile,112,42,32,14,0,0,0,1957
2026-08-07,features,paid_social,desktop,112,40,33,13,0,0,0,1433
2026-08-07,features,paid_social,mobile,161,54,46,16,0,0,1,1967
2026-08-07,features,organic,desktop,323,118,95,43,0,0,1,1405
2026-08-07,features,organic,mobile,154,62,47,21,0,0,2,2143
2026-08-07,features,webinar,desktop,75,28,20,11,0,0,1,1357
2026-08-07,features,webinar,mobile,48,17,14,3,0,0,1,2033
2026-08-07,features,partner,desktop,30,10,13,4,0,0,0,1273
2026-08-07,features,partner,mobile,15,7,5,0,0,0,0,2213
2026-08-07,features,email,desktop,65,19,12,6,0,0,0,1309
2026-08-07,features,email,mobile,40,15,10,7,0,0,0,2023
2026-08-07,compare,paid_search,desktop,126,53,37,17,0,0,2,1298
2026-08-07,compare,paid_search,mobile,61,27,13,5,0,0,0,2052
2026-08-07,compare,paid_social,desktop,44,19,10,4,0,0,0,1169
2026-08-07,compare,paid_social,mobile,98,45,23,14,0,0,0,2116
2026-08-07,compare,organic,desktop,195,92,42,24,0,0,0,1373
2026-08-07,compare,organic,mobile,78,35,16,6,0,0,0,2099
2026-08-07,compare,webinar,desktop,42,17,10,4,0,0,0,1286
2026-08-07,compare,webinar,mobile,15,8,3,4,0,0,0,2155
2026-08-07,compare,partner,desktop,15,7,4,1,0,0,0,1194
2026-08-07,compare,partner,mobile,9,2,4,1,0,0,0,1770
2026-08-07,compare,email,desktop,39,19,8,3,0,0,0,1399
2026-08-07,compare,email,mobile,22,10,7,4,0,0,0,2202
2026-08-08,home,paid_search,desktop,87,27,26,13,0,0,0,1092
2026-08-08,home,paid_search,mobile,48,21,14,5,0,0,1,2073
2026-08-08,home,paid_social,desktop,75,32,16,4,0,0,0,1299
2026-08-08,home,paid_social,mobile,115,57,25,14,0,0,0,2027
2026-08-08,home,organic,desktop,238,95,70,29,0,0,0,1209
2026-08-08,home,organic,mobile,136,61,31,15,0,0,0,2091
2026-08-08,home,webinar,desktop,39,14,11,4,0,0,0,1220
2026-08-08,home,webinar,mobile,22,12,2,1,0,0,0,2092
2026-08-08,home,partner,desktop,30,7,10,0,0,0,0,1157
2026-08-08,home,partner,mobile,20,10,7,2,0,0,0,2187
2026-08-08,home,email,desktop,34,17,8,1,0,0,0,1467
2026-08-08,home,email,mobile,29,10,9,4,0,0,1,2107
2026-08-08,pricing,paid_search,desktop,165,121,20,6,0,0,0,1375
2026-08-08,pricing,paid_search,mobile,93,63,11,8,0,0,0,2060
2026-08-08,pricing,paid_social,desktop,38,19,6,3,0,0,0,1462
2026-08-08,pricing,paid_social,mobile,61,28,14,4,0,0,0,1987
2026-08-08,pricing,organic,desktop,101,41,27,13,0,0,0,1135
2026-08-08,pricing,organic,mobile,76,32,21,10,0,0,0,1858
2026-08-08,pricing,webinar,desktop,34,20,7,2,0,0,0,1208
2026-08-08,pricing,webinar,mobile,21,9,6,1,0,0,0,2128
2026-08-08,pricing,partner,desktop,15,7,3,1,0,0,0,1268
2026-08-08,pricing,partner,mobile,10,1,3,1,0,0,0,2436
2026-08-08,pricing,email,desktop,22,6,8,2,0,0,1,1326
2026-08-08,pricing,email,mobile,16,5,7,1,0,0,0,2118
2026-08-08,demo,paid_search,desktop,92,23,32,17,32,21,1,1416
2026-08-08,demo,paid_search,mobile,70,18,26,7,27,7,2,5301
2026-08-08,demo,paid_social,desktop,30,4,12,1,7,6,0,1211
2026-08-08,demo,paid_social,mobile,46,17,14,6,19,5,2,5042
2026-08-08,demo,organic,desktop,106,38,28,10,22,12,1,1296
2026-08-08,demo,organic,mobile,65,21,21,6,23,5,2,4924
2026-08-08,demo,webinar,desktop,26,9,8,3,3,2,0,1362
2026-08-08,demo,webinar,mobile,14,3,4,0,7,1,0,4837
2026-08-08,demo,partner,desktop,12,6,2,1,3,1,0,1456
2026-08-08,demo,partner,mobile,4,1,2,1,1,1,0,5143
2026-08-08,demo,email,desktop,12,3,4,2,5,2,0,1456
2026-08-08,demo,email,mobile,15,4,4,3,3,1,0,4855
2026-08-08,features,paid_search,desktop,58,15,22,3,0,0,0,1351
2026-08-08,features,paid_search,mobile,45,14,14,5,0,0,0,2092
2026-08-08,features,paid_social,desktop,46,25,10,7,0,0,0,1358
2026-08-08,features,paid_social,mobile,57,15,19,6,0,0,0,2297
2026-08-08,features,organic,desktop,147,46,44,15,0,0,0,1489
2026-08-08,features,organic,mobile,76,32,18,3,0,0,0,2298
2026-08-08,features,webinar,desktop,24,9,8,0,0,0,0,1450
2026-08-08,features,webinar,mobile,15,2,7,1,0,0,0,1956
2026-08-08,features,partner,desktop,14,2,3,3,0,0,0,1397
2026-08-08,features,partner,mobile,9,4,3,1,0,0,0,2140
2026-08-08,features,email,desktop,25,11,5,2,0,0,0,1215
2026-08-08,features,email,mobile,18,7,7,3,0,0,0,1994
2026-08-08,compare,paid_search,desktop,75,38,16,9,0,0,0,1414
2026-08-08,compare,paid_search,mobile,18,10,3,3,0,0,0,2264
2026-08-08,compare,paid_social,desktop,18,8,4,1,0,0,0,1184
2026-08-08,compare,paid_social,mobile,25,16,5,3,0,0,0,2079
2026-08-08,compare,organic,desktop,55,27,14,10,0,0,0,1165
2026-08-08,compare,organic,mobile,36,20,8,5,0,0,0,2036
2026-08-08,compare,webinar,desktop,13,8,4,1,0,0,0,1229
2026-08-08,compare,webinar,mobile,10,6,1,2,0,0,0,2095
2026-08-08,compare,partner,desktop,9,1,4,0,0,0,0,1381
2026-08-08,compare,partner,mobile,5,2,1,0,0,0,0,1966
2026-08-08,compare,email,desktop,7,3,2,0,0,0,0,1195
2026-08-08,compare,email,mobile,12,7,1,3,0,0,0,2101
2026-08-09,home,paid_search,desktop,93,41,28,9,0,0,0,1299
2026-08-09,home,paid_search,mobile,57,25,18,7,0,0,0,1892
2026-08-09,home,paid_social,desktop,63,29,20,9,0,0,0,1357
2026-08-09,home,paid_social,mobile,117,49,29,3,0,0,0,1949
2026-08-09,home,organic,desktop,232,80,59,26,0,0,0,1442
2026-08-09,home,organic,mobile,125,53,36,12,0,0,0,2226
2026-08-09,home,webinar,desktop,54,34,8,6,0,0,0,1430
2026-08-09,home,webinar,mobile,24,11,7,1,0,0,0,2062
2026-08-09,home,partner,desktop,20,12,5,1,0,0,0,1460
2026-08-09,home,partner,mobile,11,4,2,0,0,0,0,2186
2026-08-09,home,email,desktop,39,15,3,4,0,0,0,1398
2026-08-09,home,email,mobile,46,22,13,3,0,0,1,2279
2026-08-09,pricing,paid_search,desktop,161,123,15,6,0,0,0,1383
2026-08-09,pricing,paid_search,mobile,79,46,15,5,0,0,1,1906
2026-08-09,pricing,paid_social,desktop,36,15,15,3,0,0,0,1268
2026-08-09,pricing,paid_social,mobile,48,17,16,2,0,0,0,2137
2026-08-09,pricing,organic,desktop,105,46,23,15,0,0,0,1220
2026-08-09,pricing,organic,mobile,86,34,29,6,0,0,2,2178
2026-08-09,pricing,webinar,desktop,25,7,6,5,0,0,0,1218
2026-08-09,pricing,webinar,mobile,13,9,3,1,0,0,0,2206
2026-08-09,pricing,partner,desktop,8,4,0,4,0,0,0,1420
2026-08-09,pricing,partner,mobile,7,4,1,1,0,0,0,2454
2026-08-09,pricing,email,desktop,36,16,6,5,0,0,0,1283
2026-08-09,pricing,email,mobile,12,2,5,1,0,0,0,2148
2026-08-09,demo,paid_search,desktop,111,35,33,8,34,22,0,1372
2026-08-09,demo,paid_search,mobile,52,15,10,8,17,5,1,5109
2026-08-09,demo,paid_social,desktop,34,12,9,3,9,8,0,1400
2026-08-09,demo,paid_social,mobile,62,21,14,7,19,5,1,4671
2026-08-09,demo,organic,desktop,100,29,32,14,28,18,2,1628
2026-08-09,demo,organic,mobile,48,15,13,3,24,6,1,5143
2026-08-09,demo,webinar,desktop,17,3,5,1,3,1,0,1254
2026-08-09,demo,webinar,mobile,8,3,2,0,5,0,1,4635
2026-08-09,demo,partner,desktop,6,0,4,1,2,0,0,1430
2026-08-09,demo,partner,mobile,7,3,2,2,3,0,0,4936
2026-08-09,demo,email,desktop,21,4,7,2,8,5,1,1212
2026-08-09,demo,email,mobile,16,6,4,3,3,0,0,4726
2026-08-09,features,paid_search,desktop,90,36,26,9,0,0,1,1466
2026-08-09,features,paid_search,mobile,32,14,13,4,0,0,0,2252
2026-08-09,features,paid_social,desktop,47,16,14,5,0,0,0,1385
2026-08-09,features,paid_social,mobile,47,15,12,8,0,0,2,1750
2026-08-09,features,organic,desktop,121,47,27,14,0,0,0,1104
2026-08-09,features,organic,mobile,78,28,24,9,0,0,0,2077
2026-08-09,features,webinar,desktop,27,11,3,5,0,0,0,1209
2026-08-09,features,webinar,mobile,8,2,2,2,0,0,0,2020
2026-08-09,features,partner,desktop,10,3,1,1,0,0,0,1241
2026-08-09,features,partner,mobile,7,4,0,0,0,0,0,2122
2026-08-09,features,email,desktop,22,6,7,5,0,0,0,1250
2026-08-09,features,email,mobile,17,7,6,4,0,0,0,2355
2026-08-09,compare,paid_search,desktop,47,27,10,5,0,0,0,1044
2026-08-09,compare,paid_search,mobile,33,17,10,4,0,0,0,2180
2026-08-09,compare,paid_social,desktop,22,8,6,2,0,0,0,1277
2026-08-09,compare,paid_social,mobile,26,8,6,2,0,0,0,2157
2026-08-09,compare,organic,desktop,68,37,10,9,0,0,0,1339
2026-08-09,compare,organic,mobile,34,17,6,3,0,0,0,1967
2026-08-09,compare,webinar,desktop,12,5,3,1,0,0,0,1287
2026-08-09,compare,webinar,mobile,3,1,0,0,0,0,0,2193
2026-08-09,compare,partner,desktop,9,5,3,0,0,0,0,1232
2026-08-09,compare,partner,mobile,2,0,1,0,0,0,0,2203
2026-08-09,compare,email,desktop,22,9,6,4,0,0,0,1397
2026-08-09,compare,email,mobile,6,3,2,0,0,0,0,1860
2026-08-10,home,paid_search,desktop,345,125,110,44,0,0,1,1202
2026-08-10,home,paid_search,mobile,201,79,48,21,0,0,1,1700
2026-08-10,home,paid_social,desktop,166,68,39,31,0,0,1,1437
2026-08-10,home,paid_social,mobile,279,137,82,28,0,0,0,1975
2026-08-10,home,organic,desktop,605,219,174,79,0,0,2,1494
2026-08-10,home,organic,mobile,330,141,77,28,0,0,1,2046
2026-08-10,home,webinar,desktop,94,42,27,16,0,0,1,1513
2026-08-10,home,webinar,mobile,59,22,14,4,0,0,0,2072
2026-08-10,home,partner,desktop,73,28,25,12,0,0,1,1174
2026-08-10,home,partner,mobile,37,13,11,4,0,0,0,2106
2026-08-10,home,email,desktop,109,45,30,15,0,0,0,1249
2026-08-10,home,email,mobile,85,36,21,12,0,0,1,2050
2026-08-10,pricing,paid_search,desktop,428,293,55,23,0,0,3,1410
2026-08-10,pricing,paid_search,mobile,251,164,34,10,0,0,0,2226
2026-08-10,pricing,paid_social,desktop,110,47,35,18,0,0,0,1327
2026-08-10,pricing,paid_social,mobile,159,79,33,15,0,0,1,2045
2026-08-10,pricing,organic,desktop,288,104,84,35,0,0,3,1266
2026-08-10,pricing,organic,mobile,148,74,37,12,0,0,0,2203
2026-08-10,pricing,webinar,desktop,68,25,27,7,0,0,0,1479
2026-08-10,pricing,webinar,mobile,45,19,12,5,0,0,0,2284
2026-08-10,pricing,partner,desktop,48,24,11,8,0,0,0,1154
2026-08-10,pricing,partner,mobile,13,7,3,0,0,0,0,2258
2026-08-10,pricing,email,desktop,63,26,12,11,0,0,0,1246
2026-08-10,pricing,email,mobile,55,24,13,6,0,0,0,2078
2026-08-10,demo,paid_search,desktop,287,74,103,25,101,67,1,1509
2026-08-10,demo,paid_search,mobile,147,63,36,16,60,16,5,4837
2026-08-10,demo,paid_social,desktop,73,22,24,12,23,16,0,1502
2026-08-10,demo,paid_social,mobile,125,44,35,10,42,8,2,4708
2026-08-10,demo,organic,desktop,244,71,70,35,68,36,0,1215
2026-08-10,demo,organic,mobile,158,45,38,22,48,8,11,4569
2026-08-10,demo,webinar,desktop,45,11,10,6,17,7,0,1199
2026-08-10,demo,webinar,mobile,37,15,13,5,11,3,2,4961
2026-08-10,demo,partner,desktop,32,14,10,5,13,7,0,1350
2026-08-10,demo,partner,mobile,12,4,2,5,5,3,0,4674
2026-08-10,demo,email,desktop,43,13,14,5,16,8,0,1369
2026-08-10,demo,email,mobile,36,15,9,4,13,1,0,5141
2026-08-10,features,paid_search,desktop,235,83,65,26,0,0,2,1349
2026-08-10,features,paid_search,mobile,104,37,34,9,0,0,0,1568
2026-08-10,features,paid_social,desktop,105,36,36,11,0,0,0,1055
2026-08-10,features,paid_social,mobile,136,56,32,17,0,0,1,2273
2026-08-10,features,organic,desktop,403,129,115,42,0,0,0,1329
2026-08-10,features,organic,mobile,154,72,37,24,0,0,0,2065
2026-08-10,features,webinar,desktop,60,24,20,5,0,0,1,1303
2026-08-10,features,webinar,mobile,42,17,12,3,0,0,1,2123
2026-08-10,features,partner,desktop,37,12,8,7,0,0,0,1304
2026-08-10,features,partner,mobile,23,9,6,5,0,0,0,2221
2026-08-10,features,email,desktop,58,28,13,9,0,0,1,1189
2026-08-10,features,email,mobile,37,10,10,3,0,0,0,2044
2026-08-10,compare,paid_search,desktop,98,47,21,12,0,0,1,1292
2026-08-10,compare,paid_search,mobile,81,37,22,12,0,0,0,2129
2026-08-10,compare,paid_social,desktop,52,19,14,7,0,0,0,1280
2026-08-10,compare,paid_social,mobile,79,35,17,7,0,0,0,2071
2026-08-10,compare,organic,desktop,189,94,51,15,0,0,2,1353
2026-08-10,compare,organic,mobile,78,38,21,8,0,0,0,2273
2026-08-10,compare,webinar,desktop,33,17,4,5,0,0,1,1324
2026-08-10,compare,webinar,mobile,25,10,7,0,0,0,0,1888
2026-08-10,compare,partner,desktop,19,12,4,2,0,0,0,1254
2026-08-10,compare,partner,mobile,6,2,1,1,0,0,0,1824
2026-08-10,compare,email,desktop,36,16,8,5,0,0,0,1362
2026-08-10,compare,email,mobile,22,11,9,0,0,0,0,2059
2026-08-11,home,paid_search,desktop,387,137,115,48,0,0,0,1404
2026-08-11,home,paid_search,mobile,176,74,37,23,0,0,0,2153
2026-08-11,home,paid_social,desktop,174,81,42,11,0,0,0,1347
2026-08-11,home,paid_social,mobile,292,127,72,30,0,0,2,1882
2026-08-11,home,organic,desktop,483,177,134,51,0,0,1,1201
2026-08-11,home,organic,mobile,329,119,96,42,0,0,3,2056
2026-08-11,home,webinar,desktop,108,44,29,13,0,0,0,1249
2026-08-11,home,webinar,mobile,61,24,15,5,0,0,0,2049
2026-08-11,home,partner,desktop,60,25,15,8,0,0,0,1195
2026-08-11,home,partner,mobile,36,14,11,2,0,0,1,2191
2026-08-11,home,email,desktop,106,46,27,17,0,0,1,1280
2026-08-11,home,email,mobile,69,26,20,8,0,0,0,2267
2026-08-11,pricing,paid_search,desktop,371,259,52,33,0,0,1,1150
2026-08-11,pricing,paid_search,mobile,255,178,36,10,0,0,2,2345
2026-08-11,pricing,paid_social,desktop,113,44,31,8,0,0,0,1286
2026-08-11,pricing,paid_social,mobile,163,82,34,15,0,0,0,1957
2026-08-11,pricing,organic,desktop,315,139,83,47,0,0,1,1273
2026-08-11,pricing,organic,mobile,180,79,41,12,0,0,1,1957
2026-08-11,pricing,webinar,desktop,87,44,17,14,0,0,1,1272
2026-08-11,pricing,webinar,mobile,45,11,12,5,0,0,0,2275
2026-08-11,pricing,partner,desktop,36,15,12,3,0,0,0,1266
2026-08-11,pricing,partner,mobile,21,10,7,2,0,0,0,2119
2026-08-11,pricing,email,desktop,57,23,12,8,0,0,0,1259
2026-08-11,pricing,email,mobile,57,21,13,7,0,0,0,2060
2026-08-11,demo,paid_search,desktop,274,88,90,35,93,62,0,1355
2026-08-11,demo,paid_search,mobile,150,61,39,14,67,14,6,4316
2026-08-11,demo,paid_social,desktop,65,18,20,9,20,12,0,1602
2026-08-11,demo,paid_social,mobile,119,44,41,11,43,11,5,4928
2026-08-11,demo,organic,desktop,220,68,74,23,51,29,2,1599
2026-08-11,demo,organic,mobile,119,49,25,16,48,16,6,5044
2026-08-11,demo,webinar,desktop,54,16,15,12,22,12,0,1201
2026-08-11,demo,webinar,mobile,36,13,11,2,14,6,3,4941
2026-08-11,demo,partner,desktop,28,5,10,5,8,7,0,1397
2026-08-11,demo,partner,mobile,17,3,6,2,10,2,0,4705
2026-08-11,demo,email,desktop,43,13,14,5,13,11,0,1364
2026-08-11,demo,email,mobile,38,14,13,3,18,7,2,5302
2026-08-11,features,paid_search,desktop,190,53,61,40,0,0,4,1183
2026-08-11,features,paid_search,mobile,115,46,29,10,0,0,0,2054
2026-08-11,features,paid_social,desktop,99,31,32,20,0,0,0,1349
2026-08-11,features,paid_social,mobile,161,56,46,20,0,0,1,1991
2026-08-11,features,organic,desktop,326,109,95,52,0,0,1,1319
2026-08-11,features,organic,mobile,209,71,51,22,0,0,2,2282
2026-08-11,features,webinar,desktop,65,20,14,4,0,0,0,1364
2026-08-11,features,webinar,mobile,44,20,9,6,0,0,0,1775
2026-08-11,features,partner,desktop,38,11,20,6,0,0,0,1220
2026-08-11,features,partner,mobile,25,15,6,4,0,0,0,1952
2026-08-11,features,email,desktop,53,17,16,4,0,0,0,1366
2026-08-11,features,email,mobile,49,20,14,2,0,0,0,2015
2026-08-11,compare,paid_search,desktop,135,52,42,18,0,0,1,1304
2026-08-11,compare,paid_search,mobile,55,30,7,4,0,0,1,2006
2026-08-11,compare,paid_social,desktop,62,30,15,8,0,0,0,1285
2026-08-11,compare,paid_social,mobile,82,34,17,8,0,0,0,2401
2026-08-11,compare,organic,desktop,159,89,32,19,0,0,0,1541
2026-08-11,compare,organic,mobile,76,32,23,10,0,0,0,2145
2026-08-11,compare,webinar,desktop,33,16,6,6,0,0,0,1195
2026-08-11,compare,webinar,mobile,20,10,3,2,0,0,0,2137
2026-08-11,compare,partner,desktop,9,3,2,2,0,0,0,1459
2026-08-11,compare,partner,mobile,10,5,1,4,0,0,0,2143
2026-08-11,compare,email,desktop,30,16,5,3,0,0,0,1126
2026-08-11,compare,email,mobile,16,6,4,2,0,0,0,2072
2026-08-12,home,paid_search,desktop,301,136,71,35,0,0,0,1163
2026-08-12,home,paid_search,mobile,153,62,42,13,0,0,0,1940
2026-08-12,home,paid_social,desktop,145,57,29,17,0,0,0,1287
2026-08-12,home,paid_social,mobile,289,120,82,26,0,0,0,1959
2026-08-12,home,organic,desktop,562,234,148,77,0,0,4,1350
2026-08-12,home,organic,mobile,266,101,75,27,0,0,0,2260
2026-08-12,home,webinar,desktop,133,48,38,16,0,0,2,1168
2026-08-12,home,webinar,mobile,75,41,14,3,0,0,0,2262
2026-08-12,home,partner,desktop,59,24,17,4,0,0,0,1388
2026-08-12,home,partner,mobile,24,8,9,3,0,0,0,2114
2026-08-12,home,email,desktop,114,37,40,13,0,0,0,1334
2026-08-12,home,email,mobile,83,27,19,10,0,0,0,2202
2026-08-12,pricing,paid_search,desktop,456,307,60,27,0,0,2,1408
2026-08-12,pricing,paid_search,mobile,244,152,49,14,0,0,2,1818
2026-08-12,pricing,paid_social,desktop,80,27,22,11,0,0,0,1395
2026-08-12,pricing,paid_social,mobile,143,53,37,9,0,0,1,2288
2026-08-12,pricing,organic,desktop,361,150,80,48,0,0,0,1323
2026-08-12,pricing,organic,mobile,177,76,43,16,0,0,1,2243
2026-08-12,pricing,webinar,desktop,73,30,19,13,0,0,0,1094
2026-08-12,pricing,webinar,mobile,28,7,10,2,0,0,0,2244
2026-08-12,pricing,partner,desktop,35,8,17,5,0,0,0,1175
2026-08-12,pricing,partner,mobile,19,7,5,4,0,0,0,2266
2026-08-12,pricing,email,desktop,66,22,22,5,0,0,0,1506
2026-08-12,pricing,email,mobile,43,23,12,3,0,0,0,2382
2026-08-12,demo,paid_search,desktop,255,87,73,23,75,47,1,1577
2026-08-12,demo,paid_search,mobile,137,60,38,17,44,9,4,4714
2026-08-12,demo,paid_social,desktop,73,19,27,12,23,13,0,1526
2026-08-12,demo,paid_social,mobile,121,43,31,14,47,13,2,4717
2026-08-12,demo,organic,desktop,221,62,73,30,65,46,1,1562
2026-08-12,demo,organic,mobile,114,50,37,15,48,11,5,4990
2026-08-12,demo,webinar,desktop,51,11,21,3,17,8,0,1132
2026-08-12,demo,webinar,mobile,42,17,13,2,19,5,1,5124
2026-08-12,demo,partner,desktop,20,5,5,1,10,8,0,1229
2026-08-12,demo,partner,mobile,16,8,2,0,3,0,1,5525
2026-08-12,demo,email,desktop,49,15,17,4,12,10,0,1494
2026-08-12,demo,email,mobile,30,9,11,5,5,1,0,4751
2026-08-12,features,paid_search,desktop,169,63,44,20,0,0,0,1485
2026-08-12,features,paid_search,mobile,126,61,30,11,0,0,1,2140
2026-08-12,features,paid_social,desktop,111,35,38,18,0,0,0,1207
2026-08-12,features,paid_social,mobile,147,57,44,16,0,0,0,2147
2026-08-12,features,organic,desktop,272,87,94,26,0,0,0,1481
2026-08-12,features,organic,mobile,178,70,46,17,0,0,1,2181
2026-08-12,features,webinar,desktop,70,21,27,9,0,0,0,1102
2026-08-12,features,webinar,mobile,29,13,8,3,0,0,0,2152
2026-08-12,features,partner,desktop,29,13,9,7,0,0,0,1350
2026-08-12,features,partner,mobile,34,14,9,1,0,0,0,2124
2026-08-12,features,email,desktop,59,20,17,6,0,0,0,1031
2026-08-12,features,email,mobile,44,19,10,5,0,0,0,1970
2026-08-12,compare,paid_search,desktop,120,51,38,23,0,0,0,1354
2026-08-12,compare,paid_search,mobile,92,38,27,6,0,0,0,2364
2026-08-12,compare,paid_social,desktop,59,28,11,3,0,0,0,1205
2026-08-12,compare,paid_social,mobile,78,34,22,11,0,0,0,1964
2026-08-12,compare,organic,desktop,189,91,47,20,0,0,0,1209
2026-08-12,compare,organic,mobile,71,31,18,7,0,0,0,2199
2026-08-12,compare,webinar,desktop,32,13,7,6,0,0,0,1362
2026-08-12,compare,webinar,mobile,18,8,3,1,0,0,0,2201
2026-08-12,compare,partner,desktop,24,15,2,4,0,0,0,1255
2026-08-12,compare,partner,mobile,8,3,2,0,0,0,0,1995
2026-08-12,compare,email,desktop,35,13,10,5,0,0,0,1361
2026-08-12,compare,email,mobile,39,16,13,5,0,0,0,2338
2026-08-13,home,paid_search,desktop,304,124,81,31,0,0,2,1327
2026-08-13,home,paid_search,mobile,180,66,44,20,0,0,1,2172
2026-08-13,home,paid_social,desktop,173,76,40,14,0,0,0,1213
2026-08-13,home,paid_social,mobile,299,135,71,25,0,0,2,1914
2026-08-13,home,organic,desktop,578,213,168,64,0,0,1,1362
2026-08-13,home,organic,mobile,369,145,104,44,0,0,0,2033
2026-08-13,home,webinar,desktop,126,60,35,12,0,0,1,1301
2026-08-13,home,webinar,mobile,74,35,17,7,0,0,0,2241
2026-08-13,home,partner,desktop,68,32,14,11,0,0,1,1353
2026-08-13,home,partner,mobile,31,9,10,4,0,0,0,2006
2026-08-13,home,email,desktop,94,39,21,21,0,0,0,1377
2026-08-13,home,email,mobile,79,35,20,8,0,0,0,2266
2026-08-13,pricing,paid_search,desktop,379,244,52,26,0,0,0,1450
2026-08-13,pricing,paid_search,mobile,258,169,52,10,0,0,2,2056
2026-08-13,pricing,paid_social,desktop,88,39,30,9,0,0,0,1284
2026-08-13,pricing,paid_social,mobile,165,69,40,19,0,0,0,1945
2026-08-13,pricing,organic,desktop,380,122,117,57,0,0,0,1385
2026-08-13,pricing,organic,mobile,197,84,51,28,0,0,1,2253
2026-08-13,pricing,webinar,desktop,67,29,21,2,0,0,1,1314
2026-08-13,pricing,webinar,mobile,48,17,14,8,0,0,0,2371
2026-08-13,pricing,partner,desktop,40,12,17,3,0,0,0,1341
2026-08-13,pricing,partner,mobile,19,8,5,2,0,0,0,1975
2026-08-13,pricing,email,desktop,52,21,8,7,0,0,0,1318
2026-08-13,pricing,email,mobile,43,17,11,8,0,0,0,2072
2026-08-13,demo,paid_search,desktop,335,100,109,45,106,68,2,1461
2026-08-13,demo,paid_search,mobile,152,56,42,21,51,8,5,5798
2026-08-13,demo,paid_social,desktop,75,29,19,8,25,18,1,1571
2026-08-13,demo,paid_social,mobile,106,43,28,14,41,10,6,5251
2026-08-13,demo,organic,desktop,270,85,93,33,84,53,0,1251
2026-08-13,demo,organic,mobile,128,60,28,17,52,16,5,5345
2026-08-13,demo,webinar,desktop,57,20,13,2,23,13,0,1487
2026-08-13,demo,webinar,mobile,41,18,12,4,18,6,2,5355
2026-08-13,demo,partner,desktop,32,6,13,2,4,3,0,1212
2026-08-13,demo,partner,mobile,11,5,2,1,4,2,0,4533
2026-08-13,demo,email,desktop,41,12,10,4,7,4,0,1479
2026-08-13,demo,email,mobile,36,13,15,3,13,1,1,4195
2026-08-13,features,paid_search,desktop,206,76,60,30,0,0,1,1461
2026-08-13,features,paid_search,mobile,89,25,26,4,0,0,0,2207
2026-08-13,features,paid_social,desktop,101,30,29,9,0,0,0,1319
2026-08-13,features,paid_social,mobile,138,59,37,16,0,0,1,1957
2026-08-13,features,organic,desktop,292,86,108,31,0,0,1,1233
2026-08-13,features,organic,mobile,229,80,69,30,0,0,4,1916
2026-08-13,features,webinar,desktop,72,21,20,13,0,0,0,1277
2026-08-13,features,webinar,mobile,41,14,15,6,0,0,0,2253
2026-08-13,features,partner,desktop,35,12,12,6,0,0,0,1265
2026-08-13,features,partner,mobile,19,8,5,1,0,0,0,2254
2026-08-13,features,email,desktop,53,19,12,2,0,0,0,1160
2026-08-13,features,email,mobile,57,24,17,6,0,0,1,1798
2026-08-13,compare,paid_search,desktop,131,52,27,18,0,0,0,1423
2026-08-13,compare,paid_search,mobile,91,48,17,6,0,0,0,1989
2026-08-13,compare,paid_social,desktop,53,24,14,10,0,0,0,1284
2026-08-13,compare,paid_social,mobile,72,32,17,8,0,0,0,1956
2026-08-13,compare,organic,desktop,160,78,44,16,0,0,1,1328
2026-08-13,compare,organic,mobile,93,48,26,13,0,0,1,2387
2026-08-13,compare,webinar,desktop,41,19,14,3,0,0,0,1220
2026-08-13,compare,webinar,mobile,12,5,3,0,0,0,0,1836
2026-08-13,compare,partner,desktop,17,10,0,1,0,0,0,1179
2026-08-13,compare,partner,mobile,8,3,3,1,0,0,0,2108
2026-08-13,compare,email,desktop,45,16,11,6,0,0,0,1177
2026-08-13,compare,email,mobile,33,11,11,3,0,0,0,1954
2026-08-14,home,paid_search,desktop,379,157,92,39,0,0,3,1082
2026-08-14,home,paid_search,mobile,166,63,57,18,0,0,1,2148
2026-08-14,home,paid_social,desktop,181,69,61,21,0,0,1,1378
2026-08-14,home,paid_social,mobile,260,105,72,30,0,0,1,1952
2026-08-14,home,organic,desktop,617,252,183,72,0,0,1,1228
2026-08-14,home,organic,mobile,307,128,90,44,0,0,3,2133
2026-08-14,home,webinar,desktop,154,54,50,16,0,0,0,1356
2026-08-14,home,webinar,mobile,68,30,14,5,0,0,0,2112
2026-08-14,home,partner,desktop,61,28,14,7,0,0,0,1310
2026-08-14,home,partner,mobile,30,12,11,4,0,0,0,2038
2026-08-14,home,email,desktop,114,41,32,14,0,0,2,1367
2026-08-14,home,email,mobile,95,52,20,16,0,0,0,2178
2026-08-14,pricing,paid_search,desktop,400,269,64,21,0,0,3,1210
2026-08-14,pricing,paid_search,mobile,202,131,32,8,0,0,1,2038
2026-08-14,pricing,paid_social,desktop,104,46,26,14,0,0,0,1360
2026-08-14,pricing,paid_social,mobile,158,57,38,16,0,0,1,2193
2026-08-14,pricing,organic,desktop,350,148,90,42,0,0,2,1194
2026-08-14,pricing,organic,mobile,199,70,64,28,0,0,2,2091
2026-08-14,pricing,webinar,desktop,71,30,20,6,0,0,0,1257
2026-08-14,pricing,webinar,mobile,41,11,17,6,0,0,0,1784
2026-08-14,pricing,partner,desktop,35,16,7,4,0,0,0,1461
2026-08-14,pricing,partner,mobile,24,8,8,2,0,0,1,2038
2026-08-14,pricing,email,desktop,66,30,20,6,0,0,0,1216
2026-08-14,pricing,email,mobile,51,27,12,4,0,0,0,2092
2026-08-14,demo,paid_search,desktop,248,83,74,32,75,45,0,1349
2026-08-14,demo,paid_search,mobile,144,57,45,17,56,7,3,5315
2026-08-14,demo,paid_social,desktop,52,14,15,1,14,9,0,1528
2026-08-14,demo,paid_social,mobile,114,47,31,13,46,6,3,4788
2026-08-14,demo,organic,desktop,251,79,82,29,71,53,2,1502
2026-08-14,demo,organic,mobile,146,52,39,16,47,14,6,4807
2026-08-14,demo,webinar,desktop,62,23,15,6,20,11,0,1211
2026-08-14,demo,webinar,mobile,37,12,11,3,11,1,1,4805
2026-08-14,demo,partner,desktop,30,10,5,4,12,6,0,1337
2026-08-14,demo,partner,mobile,12,5,3,0,5,0,1,4519
2026-08-14,demo,email,desktop,55,14,19,6,14,5,0,1465
2026-08-14,demo,email,mobile,48,21,15,7,22,4,1,5597
2026-08-14,features,paid_search,desktop,226,86,60,31,0,0,2,1219
2026-08-14,features,paid_search,mobile,111,45,34,16,0,0,0,2140
2026-08-14,features,paid_social,desktop,91,39,28,14,0,0,0,1309
2026-08-14,features,paid_social,mobile,131,42,38,11,0,0,2,2427
2026-08-14,features,organic,desktop,337,128,95,42,0,0,3,1254
2026-08-14,features,organic,mobile,166,61,47,22,0,0,0,2387
2026-08-14,features,webinar,desktop,95,38,27,5,0,0,0,1109
2026-08-14,features,webinar,mobile,44,18,11,6,0,0,0,1993
2026-08-14,features,partner,desktop,34,12,9,6,0,0,0,1389
2026-08-14,features,partner,mobile,20,12,4,2,0,0,0,1743
2026-08-14,features,email,desktop,48,14,18,2,0,0,1,1271
2026-08-14,features,email,mobile,59,23,12,7,0,0,0,1866
2026-08-14,compare,paid_search,desktop,129,65,28,14,0,0,1,1156
2026-08-14,compare,paid_search,mobile,78,34,18,7,0,0,1,2388
2026-08-14,compare,paid_social,desktop,57,25,11,6,0,0,0,1404
2026-08-14,compare,paid_social,mobile,82,46,13,5,0,0,0,2128
2026-08-14,compare,organic,desktop,189,79,46,19,0,0,0,1432
2026-08-14,compare,organic,mobile,107,62,25,12,0,0,0,2181
2026-08-14,compare,webinar,desktop,51,18,15,5,0,0,0,1401
2026-08-14,compare,webinar,mobile,24,10,8,4,0,0,0,2148
2026-08-14,compare,partner,desktop,19,10,2,4,0,0,1,1258
2026-08-14,compare,partner,mobile,13,6,5,0,0,0,0,1979
2026-08-14,compare,email,desktop,19,9,4,4,0,0,1,1275
2026-08-14,compare,email,mobile,32,16,10,6,0,0,0,1825
2026-08-15,home,paid_search,desktop,147,54,44,16,0,0,0,1312
2026-08-15,home,paid_search,mobile,77,28,24,7,0,0,1,2355
2026-08-15,home,paid_social,desktop,60,24,10,8,0,0,0,1211
2026-08-15,home,paid_social,mobile,114,41,33,11,0,0,1,2080
2026-08-15,home,organic,desktop,187,81,46,32,0,0,0,1077
2026-08-15,home,organic,mobile,112,46,33,14,0,0,0,2115
2026-08-15,home,webinar,desktop,58,25,9,2,0,0,0,1607
2026-08-15,home,webinar,mobile,28,13,7,3,0,0,2,2129
2026-08-15,home,partner,desktop,32,16,12,2,0,0,1,1402
2026-08-15,home,partner,mobile,7,5,1,1,0,0,0,2018
2026-08-15,home,email,desktop,40,13,15,6,0,0,0,1362
2026-08-15,home,email,mobile,45,16,10,4,0,0,1,1995
2026-08-15,pricing,paid_search,desktop,150,106,22,4,0,0,0,1322
2026-08-15,pricing,paid_search,mobile,79,59,7,4,0,0,2,1816
2026-08-15,pricing,paid_social,desktop,36,15,8,3,0,0,1,1417
2026-08-15,pricing,paid_social,mobile,60,21,17,5,0,0,0,2183
2026-08-15,pricing,organic,desktop,133,53,45,14,0,0,1,1375
2026-08-15,pricing,organic,mobile,83,34,27,6,0,0,0,2028
2026-08-15,pricing,webinar,desktop,26,10,8,7,0,0,0,1350
2026-08-15,pricing,webinar,mobile,18,8,6,2,0,0,0,2346
2026-08-15,pricing,partner,desktop,13,9,3,0,0,0,0,1222
2026-08-15,pricing,partner,mobile,10,3,3,2,0,0,0,2228
2026-08-15,pricing,email,desktop,19,13,4,1,0,0,0,1299
2026-08-15,pricing,email,mobile,26,13,8,3,0,0,0,2362
2026-08-15,demo,paid_search,desktop,99,23,31,15,33,19,0,1319
2026-08-15,demo,paid_search,mobile,39,13,10,4,18,3,3,4597
2026-08-15,demo,paid_social,desktop,35,9,11,2,14,9,0,1510
2026-08-15,demo,paid_social,mobile,47,20,8,9,8,1,1,4737
2026-08-15,demo,organic,desktop,95,25,30,12,29,14,2,1455
2026-08-15,demo,organic,mobile,48,17,15,8,13,4,0,5092
2026-08-15,demo,webinar,desktop,24,9,6,2,6,5,0,1424
2026-08-15,demo,webinar,mobile,9,4,4,1,2,0,0,4141
2026-08-15,demo,partner,desktop,17,6,2,2,5,5,0,1475
2026-08-15,demo,partner,mobile,5,2,1,0,3,0,0,4548
2026-08-15,demo,email,desktop,24,9,4,3,5,5,0,1233
2026-08-15,demo,email,mobile,17,7,3,2,6,3,1,5467
2026-08-15,features,paid_search,desktop,70,30,16,7,0,0,0,1421
2026-08-15,features,paid_search,mobile,37,15,12,4,0,0,0,1897
2026-08-15,features,paid_social,desktop,47,18,16,7,0,0,0,1057
2026-08-15,features,paid_social,mobile,73,29,18,14,0,0,0,2060
2026-08-15,features,organic,desktop,140,58,33,13,0,0,0,1474
2026-08-15,features,organic,mobile,95,35,29,15,0,0,1,1935
2026-08-15,features,webinar,desktop,21,6,10,2,0,0,0,1254
2026-08-15,features,webinar,mobile,11,5,4,1,0,0,0,1916
2026-08-15,features,partner,desktop,15,6,3,2,0,0,0,1334
2026-08-15,features,partner,mobile,5,3,2,0,0,0,0,2082
2026-08-15,features,email,desktop,22,6,7,5,0,0,0,1218
2026-08-15,features,email,mobile,24,10,9,4,0,0,0,1849
2026-08-15,compare,paid_search,desktop,56,26,15,12,0,0,1,1325
2026-08-15,compare,paid_search,mobile,28,14,6,2,0,0,0,2244
2026-08-15,compare,paid_social,desktop,23,12,5,1,0,0,0,1240
2026-08-15,compare,paid_social,mobile,39,20,7,6,0,0,0,2207
2026-08-15,compare,organic,desktop,62,15,22,10,0,0,0,1293
2026-08-15,compare,organic,mobile,36,20,6,5,0,0,1,2437
2026-08-15,compare,webinar,desktop,12,9,1,0,0,0,0,1442
2026-08-15,compare,webinar,mobile,6,4,0,0,0,0,0,2173
2026-08-15,compare,partner,desktop,8,3,2,0,0,0,0,1308
2026-08-15,compare,partner,mobile,4,3,1,0,0,0,0,2119
2026-08-15,compare,email,desktop,14,4,5,0,0,0,0,1301
2026-08-15,compare,email,mobile,6,5,0,3,0,0,0,2083
2026-08-16,home,paid_search,desktop,120,48,32,13,0,0,2,1115
2026-08-16,home,paid_search,mobile,73,38,14,7,0,0,0,2393
2026-08-16,home,paid_social,desktop,96,44,23,13,0,0,0,1177
2026-08-16,home,paid_social,mobile,97,41,24,15,0,0,0,2324
2026-08-16,home,organic,desktop,226,82,65,17,0,0,0,1184
2026-08-16,home,organic,mobile,119,36,37,15,0,0,1,2028
2026-08-16,home,webinar,desktop,59,22,20,6,0,0,0,1310
2026-08-16,home,webinar,mobile,20,12,4,1,0,0,0,2117
2026-08-16,home,partner,desktop,26,11,6,1,0,0,0,1142
2026-08-16,home,partner,mobile,14,2,8,2,0,0,0,2242
2026-08-16,home,email,desktop,48,19,13,8,0,0,0,1241
2026-08-16,home,email,mobile,35,12,12,4,0,0,0,2195
2026-08-16,pricing,paid_search,desktop,123,85,15,10,0,0,0,1500
2026-08-16,pricing,paid_search,mobile,108,74,14,5,0,0,0,2094
2026-08-16,pricing,paid_social,desktop,43,14,13,1,0,0,0,1323
2026-08-16,pricing,paid_social,mobile,55,25,14,9,0,0,0,1909
2026-08-16,pricing,organic,desktop,153,65,39,23,0,0,0,1304
2026-08-16,pricing,organic,mobile,74,27,22,8,0,0,2,1899
2026-08-16,pricing,webinar,desktop,21,12,3,1,0,0,0,1281
2026-08-16,pricing,webinar,mobile,7,4,2,0,0,0,0,2157
2026-08-16,pricing,partner,desktop,15,8,2,1,0,0,0,1170
2026-08-16,pricing,partner,mobile,8,7,0,2,0,0,0,1947
2026-08-16,pricing,email,desktop,21,8,7,1,0,0,0,1366
2026-08-16,pricing,email,mobile,15,9,4,4,0,0,0,2058
2026-08-16,demo,paid_search,desktop,122,35,46,19,37,22,1,1372
2026-08-16,demo,paid_search,mobile,53,23,16,8,12,3,3,5318
2026-08-16,demo,paid_social,desktop,39,13,13,7,11,6,0,1269
2026-08-16,demo,paid_social,mobile,42,19,11,4,15,4,1,4280
2026-08-16,demo,organic,desktop,130,41,45,17,41,25,0,1432
2026-08-16,demo,organic,mobile,45,15,14,3,12,4,1,5617
2026-08-16,demo,webinar,desktop,23,6,9,2,10,6,0,1463
2026-08-16,demo,webinar,mobile,14,4,4,2,2,0,0,4769
2026-08-16,demo,partner,desktop,6,1,3,0,3,3,0,1431
2026-08-16,demo,partner,mobile,7,5,0,2,5,0,0,4638
2026-08-16,demo,email,desktop,17,6,6,1,5,4,0,1534
2026-08-16,demo,email,mobile,19,7,7,1,9,0,0,4475
2026-08-16,features,paid_search,desktop,67,20,20,10,0,0,1,1265
2026-08-16,features,paid_search,mobile,39,11,10,3,0,0,0,2361
2026-08-16,features,paid_social,desktop,30,10,9,2,0,0,0,1312
2026-08-16,features,paid_social,mobile,58,20,18,8,0,0,0,2225
2026-08-16,features,organic,desktop,114,35,37,11,0,0,0,1201
2026-08-16,features,organic,mobile,83,32,18,9,0,0,1,1987
2026-08-16,features,webinar,desktop,22,11,7,2,0,0,0,1303
2026-08-16,features,webinar,mobile,15,5,4,2,0,0,0,2128
2026-08-16,features,partner,desktop,11,3,4,3,0,0,0,1266
2026-08-16,features,partner,mobile,7,3,2,0,0,0,0,1859
2026-08-16,features,email,desktop,25,11,5,4,0,0,0,1335
2026-08-16,features,email,mobile,28,12,9,6,0,0,0,2118
2026-08-16,compare,paid_search,desktop,72,26,17,6,0,0,0,1407
2026-08-16,compare,paid_search,mobile,30,17,10,2,0,0,1,1815
2026-08-16,compare,paid_social,desktop,12,6,3,2,0,0,0,1184
2026-08-16,compare,paid_social,mobile,19,9,4,3,0,0,1,1979
2026-08-16,compare,organic,desktop,66,24,19,11,0,0,0,1070
2026-08-16,compare,organic,mobile,35,17,7,6,0,0,0,2184
2026-08-16,compare,webinar,desktop,18,9,4,6,0,0,0,1235
2026-08-16,compare,webinar,mobile,8,4,0,0,0,0,0,2003
2026-08-16,compare,partner,desktop,2,2,0,1,0,0,0,1298
2026-08-16,compare,partner,mobile,3,1,2,0,0,0,0,1896
2026-08-16,compare,email,desktop,13,2,8,1,0,0,0,1256
2026-08-16,compare,email,mobile,5,2,1,0,0,0,0,2242
2026-08-17,home,paid_search,desktop,306,126,85,30,0,0,1,1121
2026-08-17,home,paid_search,mobile,206,87,49,20,0,0,0,1952
2026-08-17,home,paid_social,desktop,192,81,52,26,0,0,0,1336
2026-08-17,home,paid_social,mobile,304,140,78,28,0,0,1,2396
2026-08-17,home,organic,desktop,569,232,147,70,0,0,2,1386
2026-08-17,home,organic,mobile,277,122,57,27,0,0,0,2112
2026-08-17,home,webinar,desktop,125,55,30,11,0,0,1,1472
2026-08-17,home,webinar,mobile,57,19,19,5,0,0,0,1949
2026-08-17,home,partner,desktop,53,24,17,10,0,0,0,1406
2026-08-17,home,partner,mobile,32,15,11,5,0,0,1,2186
2026-08-17,home,email,desktop,102,30,38,12,0,0,0,1396
2026-08-17,home,email,mobile,86,36,22,8,0,0,1,2445
2026-08-17,pricing,paid_search,desktop,363,241,68,22,0,0,0,1229
2026-08-17,pricing,paid_search,mobile,211,141,33,20,0,0,2,2043
2026-08-17,pricing,paid_social,desktop,95,40,30,9,0,0,0,1288
2026-08-17,pricing,paid_social,mobile,146,59,29,13,0,0,1,2292
2026-08-17,pricing,organic,desktop,320,134,69,27,0,0,2,1150
2026-08-17,pricing,organic,mobile,176,73,47,21,0,0,2,2286
2026-08-17,pricing,webinar,desktop,94,28,33,11,0,0,0,1065
2026-08-17,pricing,webinar,mobile,44,18,12,1,0,0,0,2168
2026-08-17,pricing,partner,desktop,28,13,3,2,0,0,0,1190
2026-08-17,pricing,partner,mobile,6,2,2,1,0,0,0,2048
2026-08-17,pricing,email,desktop,68,24,13,7,0,0,0,1252
2026-08-17,pricing,email,mobile,57,18,15,3,0,0,0,2137
2026-08-17,demo,paid_search,desktop,237,66,86,35,60,38,0,1417
2026-08-17,demo,paid_search,mobile,131,39,42,16,43,7,5,5318
2026-08-17,demo,paid_social,desktop,68,23,21,11,24,14,0,1259
2026-08-17,demo,paid_social,mobile,114,45,34,13,43,15,2,4820
2026-08-17,demo,organic,desktop,247,62,75,33,83,48,4,1424
2026-08-17,demo,organic,mobile,127,48,34,15,54,13,3,4654
2026-08-17,demo,webinar,desktop,57,21,14,4,16,11,0,1406
2026-08-17,demo,webinar,mobile,40,15,11,3,15,3,2,4698
2026-08-17,demo,partner,desktop,30,8,12,1,9,2,0,1572
2026-08-17,demo,partner,mobile,16,4,4,2,5,1,0,5095
2026-08-17,demo,email,desktop,53,17,20,6,12,8,0,1460
2026-08-17,demo,email,mobile,37,14,13,3,12,1,0,5658
2026-08-17,features,paid_search,desktop,202,67,58,24,0,0,1,1281
2026-08-17,features,paid_search,mobile,92,41,21,9,0,0,0,2228
2026-08-17,features,paid_social,desktop,107,32,31,21,0,0,0,1229
2026-08-17,features,paid_social,mobile,149,60,40,20,0,0,0,2091
2026-08-17,features,organic,desktop,318,102,92,46,0,0,0,1265
2026-08-17,features,organic,mobile,167,66,41,22,0,0,3,2111
2026-08-17,features,webinar,desktop,102,36,21,13,0,0,0,1377
2026-08-17,features,webinar,mobile,29,17,5,3,0,0,0,2094
2026-08-17,features,partner,desktop,40,14,10,6,0,0,0,1334
2026-08-17,features,partner,mobile,23,7,5,3,0,0,0,1991
2026-08-17,features,email,desktop,68,30,19,9,0,0,0,1180
2026-08-17,features,email,mobile,63,19,17,7,0,0,0,2068
2026-08-17,compare,paid_search,desktop,112,56,19,16,0,0,0,1220
2026-08-17,compare,paid_search,mobile,67,30,16,8,0,0,0,2268
2026-08-17,compare,paid_social,desktop,47,20,12,7,0,0,0,1329
2026-08-17,compare,paid_social,mobile,65,26,16,8,0,0,0,2046
2026-08-17,compare,organic,desktop,169,72,39,16,0,0,1,1316
2026-08-17,compare,organic,mobile,72,38,14,9,0,0,0,2095
2026-08-17,compare,webinar,desktop,41,18,10,13,0,0,0,1175
2026-08-17,compare,webinar,mobile,11,4,1,0,0,0,0,2057
2026-08-17,compare,partner,desktop,17,8,1,2,0,0,0,1283
2026-08-17,compare,partner,mobile,12,5,5,1,0,0,0,2230
2026-08-17,compare,email,desktop,32,16,8,3,0,0,0,1135
2026-08-17,compare,email,mobile,27,17,4,4,0,0,0,2027
2026-08-18,home,paid_search,desktop,323,146,84,35,0,0,0,1414
2026-08-18,home,paid_search,mobile,178,71,39,19,0,0,2,2041
2026-08-18,home,paid_social,desktop,161,66,43,22,0,0,0,1390
2026-08-18,home,paid_social,mobile,313,132,78,31,0,0,1,2173
2026-08-18,home,organic,desktop,621,245,156,80,0,0,0,1383
2026-08-18,home,organic,mobile,365,160,96,36,0,0,2,2057
2026-08-18,home,webinar,desktop,133,54,43,21,0,0,3,1149
2026-08-18,home,webinar,mobile,97,36,26,12,0,0,0,2073
2026-08-18,home,partner,desktop,79,29,19,11,0,0,0,1353
2026-08-18,home,partner,mobile,41,19,9,5,0,0,0,2290
2026-08-18,home,email,desktop,98,40,23,11,0,0,1,1209
2026-08-18,home,email,mobile,111,50,32,14,0,0,1,2045
2026-08-18,pricing,paid_search,desktop,401,265,60,19,0,0,0,1260
2026-08-18,pricing,paid_search,mobile,233,161,34,12,0,0,1,2378
2026-08-18,pricing,paid_social,desktop,80,34,21,12,0,0,0,1286
2026-08-18,pricing,paid_social,mobile,169,84,31,18,0,0,1,2150
2026-08-18,pricing,organic,desktop,291,118,78,45,0,0,0,1321
2026-08-18,pricing,organic,mobile,140,56,38,14,0,0,0,1727
2026-08-18,pricing,webinar,desktop,73,29,22,9,0,0,0,1330
2026-08-18,pricing,webinar,mobile,42,17,9,5,0,0,0,2076
2026-08-18,pricing,partner,desktop,34,9,16,3,0,0,0,1190
2026-08-18,pricing,partner,mobile,23,8,8,3,0,0,0,2461
2026-08-18,pricing,email,desktop,72,27,22,10,0,0,0,1455
2026-08-18,pricing,email,mobile,49,19,17,6,0,0,1,2152
2026-08-18,demo,paid_search,desktop,305,84,110,38,94,62,0,1417
2026-08-18,demo,paid_search,mobile,159,65,46,20,60,16,6,5384
2026-08-18,demo,paid_social,desktop,76,22,31,7,24,15,0,1526
2026-08-18,demo,paid_social,mobile,98,51,16,12,32,5,2,4686
2026-08-18,demo,organic,desktop,248,65,80,25,80,41,5,1416
2026-08-18,demo,organic,mobile,142,56,31,14,49,10,8,5050
2026-08-18,demo,webinar,desktop,59,11,18,7,24,15,0,1324
2026-08-18,demo,webinar,mobile,24,10,7,2,11,3,0,5778
2026-08-18,demo,partner,desktop,35,10,11,5,12,8,0,1494
2026-08-18,demo,partner,mobile,14,5,5,2,7,2,1,4629
2026-08-18,demo,email,desktop,58,16,16,8,20,12,0,1820
2026-08-18,demo,email,mobile,40,19,12,3,13,5,0,4615
2026-08-18,features,paid_search,desktop,213,76,68,23,0,0,0,1409
2026-08-18,features,paid_search,mobile,117,35,40,13,0,0,0,2020
2026-08-18,features,paid_social,desktop,123,46,34,20,0,0,0,1253
2026-08-18,features,paid_social,mobile,154,65,38,10,0,0,3,2175
2026-08-18,features,organic,desktop,324,96,100,32,0,0,1,1315
2026-08-18,features,organic,mobile,204,92,46,18,0,0,1,2111
2026-08-18,features,webinar,desktop,68,20,25,9,0,0,0,1326
2026-08-18,features,webinar,mobile,34,11,13,4,0,0,0,2259
2026-08-18,features,partner,desktop,30,8,5,4,0,0,0,1432
2026-08-18,features,partner,mobile,17,5,7,1,0,0,0,2658
2026-08-18,features,email,desktop,64,23,19,3,0,0,1,1423
2026-08-18,features,email,mobile,46,14,16,4,0,0,0,2061
2026-08-18,compare,paid_search,desktop,139,59,35,19,0,0,1,1234
2026-08-18,compare,paid_search,mobile,75,33,16,4,0,0,0,2253
2026-08-18,compare,paid_social,desktop,48,15,12,4,0,0,1,1276
2026-08-18,compare,paid_social,mobile,68,29,18,5,0,0,0,1972
2026-08-18,compare,organic,desktop,160,89,35,20,0,0,0,1169
2026-08-18,compare,organic,mobile,95,44,25,14,0,0,1,2067
2026-08-18,compare,webinar,desktop,41,16,12,5,0,0,0,1144
2026-08-18,compare,webinar,mobile,30,15,7,4,0,0,0,2210
2026-08-18,compare,partner,desktop,22,14,5,2,0,0,0,1175
2026-08-18,compare,partner,mobile,7,4,2,3,0,0,0,2246
2026-08-18,compare,email,desktop,40,19,11,4,0,0,0,1442
2026-08-18,compare,email,mobile,24,11,4,0,0,0,0,2072
2026-08-19,home,paid_search,desktop,340,138,105,30,0,0,0,1095
2026-08-19,home,paid_search,mobile,152,63,31,17,0,0,1,2409
2026-08-19,home,paid_social,desktop,157,67,41,12,0,0,0,1305
2026-08-19,home,paid_social,mobile,267,115,68,27,0,0,0,2243
2026-08-19,home,organic,desktop,508,201,141,50,0,0,1,1169
2026-08-19,home,organic,mobile,331,140,79,36,0,0,4,2363
2026-08-19,home,webinar,desktop,157,54,42,18,0,0,0,1073
2026-08-19,home,webinar,mobile,68,29,18,10,0,0,0,1848
2026-08-19,home,partner,desktop,57,24,13,7,0,0,0,1444
2026-08-19,home,partner,mobile,42,16,12,5,0,0,0,1912
2026-08-19,home,email,desktop,114,37,38,10,0,0,2,1394
2026-08-19,home,email,mobile,77,32,21,7,0,0,1,2205
2026-08-19,pricing,paid_search,desktop,406,285,64,32,0,0,0,1380
2026-08-19,pricing,paid_search,mobile,182,120,29,12,0,0,1,2312
2026-08-19,pricing,paid_social,desktop,112,37,36,18,0,0,0,1189
2026-08-19,pricing,paid_social,mobile,169,73,41,20,0,0,0,2400
2026-08-19,pricing,organic,desktop,375,154,108,43,0,0,0,1288
2026-08-19,pricing,organic,mobile,150,61,44,17,0,0,0,2231
2026-08-19,pricing,webinar,desktop,74,35,16,8,0,0,0,1493
2026-08-19,pricing,webinar,mobile,33,16,6,5,0,0,1,2124
2026-08-19,pricing,partner,desktop,43,18,8,5,0,0,1,1568
2026-08-19,pricing,partner,mobile,24,16,1,2,0,0,0,1764
2026-08-19,pricing,email,desktop,78,36,18,8,0,0,0,1495
2026-08-19,pricing,email,mobile,62,29,11,5,0,0,0,2026
2026-08-19,demo,paid_search,desktop,247,66,86,26,70,48,3,1266
2026-08-19,demo,paid_search,mobile,147,46,49,15,39,8,5,5898
2026-08-19,demo,paid_social,desktop,67,21,28,11,18,16,1,1259
2026-08-19,demo,paid_social,mobile,112,39,28,15,45,12,7,4427
2026-08-19,demo,organic,desktop,243,82,64,26,61,36,0,1516
2026-08-19,demo,organic,mobile,137,54,32,25,52,15,4,5164
2026-08-19,demo,webinar,desktop,44,13,12,7,16,9,0,1376
2026-08-19,demo,webinar,mobile,33,12,11,5,6,1,0,4327
2026-08-19,demo,partner,desktop,15,4,4,1,5,2,0,1370
2026-08-19,demo,partner,mobile,23,10,6,2,8,1,0,4682
2026-08-19,demo,email,desktop,52,12,20,8,14,10,0,1272
2026-08-19,demo,email,mobile,28,14,10,1,13,5,2,4594
2026-08-19,features,paid_search,desktop,231,95,65,30,0,0,0,1434
2026-08-19,features,paid_search,mobile,92,32,27,10,0,0,1,2213
2026-08-19,features,paid_social,desktop,108,31,33,17,0,0,0,1384
2026-08-19,features,paid_social,mobile,163,54,49,21,0,0,1,2023
2026-08-19,features,organic,desktop,328,97,117,38,0,0,3,1201
2026-08-19,features,organic,mobile,133,50,39,17,0,0,0,2383
2026-08-19,features,webinar,desktop,75,33,15,9,0,0,0,1230
2026-08-19,features,webinar,mobile,36,15,11,5,0,0,0,1896
2026-08-19,features,partner,desktop,42,20,12,5,0,0,1,1336
2026-08-19,features,partner,mobile,25,10,7,1,0,0,0,2097
2026-08-19,features,email,desktop,53,22,14,6,0,0,0,1230
2026-08-19,features,email,mobile,54,24,10,3,0,0,1,1918
2026-08-19,compare,paid_search,desktop,112,54,23,17,0,0,1,1182
2026-08-19,compare,paid_search,mobile,83,40,25,5,0,0,0,2164
2026-08-19,compare,paid_social,desktop,51,25,11,10,0,0,0,1209
2026-08-19,compare,paid_social,mobile,67,28,20,5,0,0,0,2335
2026-08-19,compare,organic,desktop,156,76,41,20,0,0,0,1398
2026-08-19,compare,organic,mobile,90,39,27,13,0,0,0,2135
2026-08-19,compare,webinar,desktop,41,19,10,8,0,0,0,1310
2026-08-19,compare,webinar,mobile,28,14,6,3,0,0,0,2357
2026-08-19,compare,partner,desktop,18,9,4,0,0,0,0,1449
2026-08-19,compare,partner,mobile,10,2,5,1,0,0,0,2338
2026-08-19,compare,email,desktop,36,13,9,4,0,0,0,1415
2026-08-19,compare,email,mobile,31,11,13,2,0,0,0,2055
2026-08-20,home,paid_search,desktop,380,157,109,43,0,0,2,1512
2026-08-20,home,paid_search,mobile,189,75,50,21,0,0,1,2121
2026-08-20,home,paid_social,desktop,175,70,59,20,0,0,0,1308
2026-08-20,home,paid_social,mobile,257,110,59,32,0,0,2,2038
2026-08-20,home,organic,desktop,537,215,144,61,0,0,1,1231
2026-08-20,home,organic,mobile,322,139,84,42,0,0,0,2126
2026-08-20,home,webinar,desktop,134,52,40,9,0,0,2,1225
2026-08-20,home,webinar,mobile,85,45,15,8,0,0,0,2017
2026-08-20,home,partner,desktop,63,22,23,9,0,0,0,1442
2026-08-20,home,partner,mobile,42,19,13,4,0,0,1,2206
2026-08-20,home,email,desktop,97,40,30,9,0,0,1,1360
2026-08-20,home,email,mobile,97,47,23,13,0,0,0,1858
2026-08-20,pricing,paid_search,desktop,426,324,52,36,0,0,3,1552
2026-08-20,pricing,paid_search,mobile,244,164,32,8,0,0,1,1982
2026-08-20,pricing,paid_social,desktop,114,40,31,9,0,0,0,1288
2026-08-20,pricing,paid_social,mobile,138,62,35,12,0,0,1,2118
2026-08-20,pricing,organic,desktop,341,133,95,42,0,0,2,1337
2026-08-20,pricing,organic,mobile,163,66,46,10,0,0,1,2122
2026-08-20,pricing,webinar,desktop,100,37,34,10,0,0,0,1254
2026-08-20,pricing,webinar,mobile,31,8,14,2,0,0,0,1967
2026-08-20,pricing,partner,desktop,45,16,12,5,0,0,0,1249
2026-08-20,pricing,partner,mobile,15,6,5,1,0,0,0,1661
2026-08-20,pricing,email,desktop,61,21,17,6,0,0,0,1466
2026-08-20,pricing,email,mobile,65,39,13,3,0,0,0,2522
2026-08-20,demo,paid_search,desktop,285,91,97,37,89,52,4,1608
2026-08-20,demo,paid_search,mobile,158,69,39,22,57,12,5,5130
2026-08-20,demo,paid_social,desktop,73,25,20,8,28,21,0,1486
2026-08-20,demo,paid_social,mobile,99,41,28,10,40,8,1,4933
2026-08-20,demo,organic,desktop,243,69,80,27,84,47,2,1434
2026-08-20,demo,organic,mobile,134,40,50,15,40,7,2,4695
2026-08-20,demo,webinar,desktop,42,17,12,2,12,8,0,1338
2026-08-20,demo,webinar,mobile,25,9,4,5,7,2,1,3976
2026-08-20,demo,partner,desktop,43,13,18,4,11,4,0,1405
2026-08-20,demo,partner,mobile,17,9,4,1,6,0,1,4748
2026-08-20,demo,email,desktop,47,15,13,6,20,12,0,1418
2026-08-20,demo,email,mobile,49,19,15,4,15,4,0,5015
2026-08-20,features,paid_search,desktop,202,62,52,25,0,0,1,1327
2026-08-20,features,paid_search,mobile,103,42,27,14,0,0,0,2138
2026-08-20,features,paid_social,desktop,119,43,38,16,0,0,0,1238
2026-08-20,features,paid_social,mobile,165,65,44,18,0,0,0,2115
2026-08-20,features,organic,desktop,330,110,102,42,0,0,2,1335
2026-08-20,features,organic,mobile,164,62,44,21,0,0,0,2001
2026-08-20,features,webinar,desktop,108,31,34,11,0,0,1,1271
2026-08-20,features,webinar,mobile,50,18,14,3,0,0,0,1790
2026-08-20,features,partner,desktop,38,13,11,5,0,0,0,1514
2026-08-20,features,partner,mobile,13,3,5,0,0,0,0,1891
2026-08-20,features,email,desktop,64,20,17,7,0,0,0,1380
2026-08-20,features,email,mobile,54,27,13,4,0,0,0,2213
2026-08-20,compare,paid_search,desktop,134,64,40,16,0,0,1,1218
2026-08-20,compare,paid_search,mobile,69,34,15,8,0,0,0,2263
2026-08-20,compare,paid_social,desktop,57,33,8,6,0,0,0,1354
2026-08-20,compare,paid_social,mobile,66,32,17,4,0,0,0,1903
2026-08-20,compare,organic,desktop,189,77,62,16,0,0,1,1261
2026-08-20,compare,organic,mobile,104,43,28,9,0,0,0,2028
2026-08-20,compare,webinar,desktop,26,14,8,2,0,0,0,1357
2026-08-20,compare,webinar,mobile,17,9,4,3,0,0,0,2211
2026-08-20,compare,partner,desktop,21,11,5,2,0,0,0,1242
2026-08-20,compare,partner,mobile,9,5,2,1,0,0,0,2192
2026-08-20,compare,email,desktop,28,14,5,3,0,0,0,1276
2026-08-20,compare,email,mobile,17,9,2,2,0,0,0,2146
2026-08-21,home,paid_search,desktop,268,119,61,29,0,0,2,1358
2026-08-21,home,paid_search,mobile,171,76,38,15,0,0,1,2226
2026-08-21,home,paid_social,desktop,152,63,40,16,0,0,1,1252
2026-08-21,home,paid_social,mobile,251,97,78,27,0,0,1,1853
2026-08-21,home,organic,desktop,610,239,168,75,0,0,2,1284
2026-08-21,home,organic,mobile,312,127,83,26,0,0,1,2117
2026-08-21,home,webinar,desktop,124,58,33,21,0,0,0,1093
2026-08-21,home,webinar,mobile,85,42,19,10,0,0,1,2048
2026-08-21,home,partner,desktop,61,27,18,8,0,0,0,1230
2026-08-21,home,partner,mobile,33,13,11,4,0,0,0,1984
2026-08-21,home,email,desktop,101,38,31,7,0,0,0,1206
2026-08-21,home,email,mobile,83,41,25,6,0,0,1,2194
2026-08-21,pricing,paid_search,desktop,391,272,47,21,0,0,1,1167
2026-08-21,pricing,paid_search,mobile,228,161,31,16,0,0,0,2194
2026-08-21,pricing,paid_social,desktop,100,39,29,12,0,0,0,1403
2026-08-21,pricing,paid_social,mobile,166,52,48,20,0,0,0,2321
2026-08-21,pricing,organic,desktop,329,122,102,39,0,0,3,1322
2026-08-21,pricing,organic,mobile,164,68,46,22,0,0,2,2313
2026-08-21,pricing,webinar,desktop,77,26,29,15,0,0,0,1266
2026-08-21,pricing,webinar,mobile,34,16,7,1,0,0,0,2094
2026-08-21,pricing,partner,desktop,47,19,10,5,0,0,0,1389
2026-08-21,pricing,partner,mobile,19,7,8,1,0,0,0,2116
2026-08-21,pricing,email,desktop,61,26,18,7,0,0,0,1227
2026-08-21,pricing,email,mobile,42,16,11,6,0,0,0,1913
2026-08-21,demo,paid_search,desktop,231,75,70,20,75,45,1,1486
2026-08-21,demo,paid_search,mobile,138,55,38,21,43,12,2,4856
2026-08-21,demo,paid_social,desktop,76,21,21,12,19,13,0,1401
2026-08-21,demo,paid_social,mobile,126,44,27,9,46,7,3,5006
2026-08-21,demo,organic,desktop,267,76,97,35,70,44,1,1285
2026-08-21,demo,organic,mobile,172,76,48,20,65,19,3,4954
2026-08-21,demo,webinar,desktop,63,17,24,8,21,13,0,1391
2026-08-21,demo,webinar,mobile,30,11,9,3,8,2,0,4388
2026-08-21,demo,partner,desktop,30,9,10,5,10,7,0,1345
2026-08-21,demo,partner,mobile,20,7,5,5,4,2,0,5303
2026-08-21,demo,email,desktop,56,20,15,6,15,9,1,1335
2026-08-21,demo,email,mobile,35,15,6,4,14,6,0,4895
2026-08-21,features,paid_search,desktop,248,96,65,35,0,0,3,1385
2026-08-21,features,paid_search,mobile,120,40,35,16,0,0,1,2014
2026-08-21,features,paid_social,desktop,87,33,21,8,0,0,1,1520
2026-08-21,features,paid_social,mobile,161,70,40,11,0,0,0,2254
2026-08-21,features,organic,desktop,315,125,79,37,0,0,2,1252
2026-08-21,features,organic,mobile,178,62,50,25,0,0,1,2118
2026-08-21,features,webinar,desktop,77,29,20,6,0,0,0,910
2026-08-21,features,webinar,mobile,35,13,9,6,0,0,0,2165
2026-08-21,features,partner,desktop,43,11,11,6,0,0,1,1560
2026-08-21,features,partner,mobile,13,4,3,1,0,0,0,2123
2026-08-21,features,email,desktop,69,20,24,10,0,0,1,1247
2026-08-21,features,email,mobile,53,21,15,6,0,0,0,2169
2026-08-21,compare,paid_search,desktop,175,82,46,21,0,0,0,1119
2026-08-21,compare,paid_search,mobile,55,28,15,3,0,0,0,2313
2026-08-21,compare,paid_social,desktop,50,20,12,4,0,0,1,1281
2026-08-21,compare,paid_social,mobile,68,36,10,9,0,0,0,1967
2026-08-21,compare,organic,desktop,164,79,43,22,0,0,0,1231
2026-08-21,compare,organic,mobile,70,31,16,9,0,0,0,2165
2026-08-21,compare,webinar,desktop,35,15,8,5,0,0,0,1391
2026-08-21,compare,webinar,mobile,20,4,6,2,0,0,0,2091
2026-08-21,compare,partner,desktop,15,7,3,2,0,0,1,1372
2026-08-21,compare,partner,mobile,14,3,5,1,0,0,0,2177
2026-08-21,compare,email,desktop,29,12,8,3,0,0,0,1172
2026-08-21,compare,email,mobile,20,5,4,0,0,0,0,2231
2026-08-22,home,paid_search,desktop,120,49,34,17,0,0,0,1342
2026-08-22,home,paid_search,mobile,78,30,15,8,0,0,0,2069
2026-08-22,home,paid_social,desktop,75,25,29,13,0,0,1,1421
2026-08-22,home,paid_social,mobile,118,51,30,11,0,0,1,2090
2026-08-22,home,organic,desktop,215,84,58,26,0,0,2,1368
2026-08-22,home,organic,mobile,112,47,21,15,0,0,0,1874
2026-08-22,home,webinar,desktop,52,23,10,10,0,0,0,1438
2026-08-22,home,webinar,mobile,28,12,5,5,0,0,0,2356
2026-08-22,home,partner,desktop,21,8,6,4,0,0,0,1172
2026-08-22,home,partner,mobile,10,2,1,0,0,0,0,1906
2026-08-22,home,email,desktop,45,21,10,2,0,0,0,1319
2026-08-22,home,email,mobile,36,12,9,3,0,0,0,2381
2026-08-22,pricing,paid_search,desktop,151,94,27,7,0,0,0,1413
2026-08-22,pricing,paid_search,mobile,77,56,6,6,0,0,0,2104
2026-08-22,pricing,paid_social,desktop,34,16,9,8,0,0,0,1308
2026-08-22,pricing,paid_social,mobile,55,25,14,3,0,0,1,1961
2026-08-22,pricing,organic,desktop,153,54,41,20,0,0,1,1370
2026-08-22,pricing,organic,mobile,69,27,16,9,0,0,0,1934
2026-08-22,pricing,webinar,desktop,25,7,5,1,0,0,0,1447
2026-08-22,pricing,webinar,mobile,13,7,1,2,0,0,0,2170
2026-08-22,pricing,partner,desktop,16,7,7,5,0,0,0,1152
2026-08-22,pricing,partner,mobile,6,2,1,0,0,0,0,2157
2026-08-22,pricing,email,desktop,23,11,7,2,0,0,0,1299
2026-08-22,pricing,email,mobile,15,8,3,1,0,0,0,1868
2026-08-22,demo,paid_search,desktop,106,29,27,15,27,17,0,1350
2026-08-22,demo,paid_search,mobile,64,31,13,8,15,6,1,5114
2026-08-22,demo,paid_social,desktop,34,8,12,4,11,7,0,1451
2026-08-22,demo,paid_social,mobile,54,20,13,5,28,2,0,4819
2026-08-22,demo,organic,desktop,101,33,31,15,29,19,1,1383
2026-08-22,demo,organic,mobile,54,24,13,3,16,3,3,4375
2026-08-22,demo,webinar,desktop,24,6,6,5,8,4,0,1374
2026-08-22,demo,webinar,mobile,7,1,3,0,5,2,2,4961
2026-08-22,demo,partner,desktop,8,4,2,1,1,0,0,1359
2026-08-22,demo,partner,mobile,5,1,1,1,1,0,0,5130
2026-08-22,demo,email,desktop,20,4,7,4,5,2,0,1284
2026-08-22,demo,email,mobile,16,13,2,0,5,1,0,4841
2026-08-22,features,paid_search,desktop,83,25,24,7,0,0,1,1324
2026-08-22,features,paid_search,mobile,36,15,12,4,0,0,0,2263
2026-08-22,features,paid_social,desktop,33,4,15,5,0,0,0,1363
2026-08-22,features,paid_social,mobile,72,33,20,5,0,0,0,1967
2026-08-22,features,organic,desktop,109,22,40,11,0,0,0,1401
2026-08-22,features,organic,mobile,58,20,19,5,0,0,0,2027
2026-08-22,features,webinar,desktop,21,6,5,4,0,0,0,1234
2026-08-22,features,webinar,mobile,15,5,5,1,0,0,1,2051
2026-08-22,features,partner,desktop,8,2,2,2,0,0,0,1305
2026-08-22,features,partner,mobile,7,2,1,0,0,0,0,2308
2026-08-22,features,email,desktop,28,9,9,2,0,0,1,1350
2026-08-22,features,email,mobile,15,5,8,0,0,0,0,2293
2026-08-22,compare,paid_search,desktop,44,17,7,6,0,0,0,1380
2026-08-22,compare,paid_search,mobile,30,19,6,4,0,0,0,2293
2026-08-22,compare,paid_social,desktop,18,6,4,3,0,0,0,1282
2026-08-22,compare,paid_social,mobile,27,15,2,2,0,0,0,1656
2026-08-22,compare,organic,desktop,88,37,20,9,0,0,0,1470
2026-08-22,compare,organic,mobile,41,22,6,0,0,0,0,2170
2026-08-22,compare,webinar,desktop,12,3,3,1,0,0,0,1419
2026-08-22,compare,webinar,mobile,8,6,1,0,0,0,0,1688
2026-08-22,compare,partner,desktop,5,3,2,1,0,0,0,1449
2026-08-22,compare,partner,mobile,6,4,0,0,0,0,0,2411
2026-08-22,compare,email,desktop,7,6,0,2,0,0,0,1508
2026-08-22,compare,email,mobile,12,8,0,1,0,0,0,1903
2026-08-23,home,paid_search,desktop,144,52,55,21,0,0,1,1090
2026-08-23,home,paid_search,mobile,65,33,14,8,0,0,0,1938
2026-08-23,home,paid_social,desktop,69,27,22,9,0,0,1,1310
2026-08-23,home,paid_social,mobile,92,48,22,12,0,0,1,2212
2026-08-23,home,organic,desktop,184,81,54,17,0,0,3,1245
2026-08-23,home,organic,mobile,120,49,28,10,0,0,0,2229
2026-08-23,home,webinar,desktop,49,24,16,9,0,0,0,1263
2026-08-23,home,webinar,mobile,30,14,10,2,0,0,0,2075
2026-08-23,home,partner,desktop,19,11,4,4,0,0,0,1293
2026-08-23,home,partner,mobile,14,7,3,0,0,0,0,1875
2026-08-23,home,email,desktop,43,24,9,6,0,0,0,1262
2026-08-23,home,email,mobile,32,19,4,5,0,0,0,2086
2026-08-23,pricing,paid_search,desktop,155,112,21,11,0,0,1,1241
2026-08-23,pricing,paid_search,mobile,81,56,13,6,0,0,0,1997
2026-08-23,pricing,paid_social,desktop,44,13,15,4,0,0,0,1322
2026-08-23,pricing,paid_social,mobile,54,22,8,9,0,0,0,1818
2026-08-23,pricing,organic,desktop,120,46,33,15,0,0,1,1412
2026-08-23,pricing,organic,mobile,69,24,22,5,0,0,1,2340
2026-08-23,pricing,webinar,desktop,33,13,9,6,0,0,0,1270
2026-08-23,pricing,webinar,mobile,17,10,4,3,0,0,0,2177
2026-08-23,pricing,partner,desktop,9,3,5,1,0,0,0,1374
2026-08-23,pricing,partner,mobile,9,7,1,1,0,0,0,2286
2026-08-23,pricing,email,desktop,37,9,11,6,0,0,0,1299
2026-08-23,pricing,email,mobile,30,14,8,5,0,0,0,2261
2026-08-23,demo,paid_search,desktop,71,25,19,9,21,16,0,1476
2026-08-23,demo,paid_search,mobile,54,21,14,4,22,5,1,4575
2026-08-23,demo,paid_social,desktop,33,11,6,5,10,9,0,1298
2026-08-23,demo,paid_social,mobile,39,13,11,6,14,4,1,4391
2026-08-23,demo,organic,desktop,94,32,36,8,20,11,0,1235
2026-08-23,demo,organic,mobile,59,18,21,4,15,4,4,4672
2026-08-23,demo,webinar,desktop,20,4,10,3,8,5,0,1419
2026-08-23,demo,webinar,mobile,11,5,2,2,5,1,2,4509
2026-08-23,demo,partner,desktop,11,3,3,1,2,1,0,1331
2026-08-23,demo,partner,mobile,5,2,0,1,3,0,0,4380
2026-08-23,demo,email,desktop,17,6,5,1,9,7,0,1496
2026-08-23,demo,email,mobile,9,3,4,2,4,1,1,4884
2026-08-23,features,paid_search,desktop,74,25,29,11,0,0,0,1352
2026-08-23,features,paid_search,mobile,34,13,8,2,0,0,0,2041
2026-08-23,features,paid_social,desktop,35,15,6,5,0,0,0,1266
2026-08-23,features,paid_social,mobile,65,25,18,6,0,0,0,2102
2026-08-23,features,organic,desktop,121,44,38,15,0,0,0,1156
2026-08-23,features,organic,mobile,62,25,17,10,0,0,0,2101
2026-08-23,features,webinar,desktop,27,12,7,5,0,0,0,1269
2026-08-23,features,webinar,mobile,10,6,4,1,0,0,0,1868
2026-08-23,features,partner,desktop,18,9,5,3,0,0,0,1244
2026-08-23,features,partner,mobile,6,2,2,0,0,0,0,2028
2026-08-23,features,email,desktop,31,6,9,2,0,0,0,1218
2026-08-23,features,email,mobile,21,9,7,2,0,0,0,2327
2026-08-23,compare,paid_search,desktop,55,24,10,6,0,0,0,1409
2026-08-23,compare,paid_search,mobile,27,10,7,3,0,0,0,2066
2026-08-23,compare,paid_social,desktop,23,9,5,1,0,0,0,1338
2026-08-23,compare,paid_social,mobile,24,10,3,2,0,0,0,2045
2026-08-23,compare,organic,desktop,63,33,12,5,0,0,0,1294
2026-08-23,compare,organic,mobile,30,10,7,3,0,0,0,2223
2026-08-23,compare,webinar,desktop,13,6,4,2,0,0,0,1195
2026-08-23,compare,webinar,mobile,11,9,0,1,0,0,0,2022
2026-08-23,compare,partner,desktop,8,4,3,0,0,0,0,1307
2026-08-23,compare,partner,mobile,5,4,1,1,0,0,0,1925
2026-08-23,compare,email,desktop,14,6,2,2,0,0,0,1334
2026-08-23,compare,email,mobile,8,2,4,0,0,0,0,2294
2026-08-24,home,paid_search,desktop,334,138,86,39,0,0,1,1376
2026-08-24,home,paid_search,mobile,179,74,43,26,0,0,0,2227
2026-08-24,home,paid_social,desktop,153,50,46,17,0,0,0,1219
2026-08-24,home,paid_social,mobile,294,119,77,33,0,0,5,2095
2026-08-24,home,organic,desktop,573,261,139,69,0,0,5,1407
2026-08-24,home,organic,mobile,379,157,102,39,0,0,0,1921
2026-08-24,home,webinar,desktop,104,49,23,15,0,0,0,1167
2026-08-24,home,webinar,mobile,72,23,19,10,0,0,2,2103
2026-08-24,home,partner,desktop,73,30,16,8,0,0,0,1282
2026-08-24,home,partner,mobile,30,10,8,4,0,0,0,2303
2026-08-24,home,email,desktop,119,50,32,15,0,0,1,1412
2026-08-24,home,email,mobile,80,36,22,8,0,0,1,2108
2026-08-24,pricing,paid_search,desktop,377,268,35,16,0,0,1,1276
2026-08-24,pricing,paid_search,mobile,235,170,33,8,0,0,0,2049
2026-08-24,pricing,paid_social,desktop,104,44,26,9,0,0,0,1192
2026-08-24,pricing,paid_social,mobile,186,69,54,24,0,0,2,2003
2026-08-24,pricing,organic,desktop,265,114,67,30,0,0,1,1168
2026-08-24,pricing,organic,mobile,175,82,41,14,0,0,1,2064
2026-08-24,pricing,webinar,desktop,85,37,24,12,0,0,0,1242
2026-08-24,pricing,webinar,mobile,44,29,5,2,0,0,0,2182
2026-08-24,pricing,partner,desktop,49,26,9,6,0,0,0,1401
2026-08-24,pricing,partner,mobile,14,7,1,2,0,0,0,2177
2026-08-24,pricing,email,desktop,70,31,14,6,0,0,1,1345
2026-08-24,pricing,email,mobile,44,17,11,3,0,0,0,2242
2026-08-24,demo,paid_search,desktop,265,81,87,22,88,56,1,1404
2026-08-24,demo,paid_search,mobile,119,58,26,10,43,6,2,5645
2026-08-24,demo,paid_social,desktop,65,21,16,11,24,16,0,1475
2026-08-24,demo,paid_social,mobile,116,50,32,8,33,7,4,4609
2026-08-24,demo,organic,desktop,250,78,71,31,73,41,1,1343
2026-08-24,demo,organic,mobile,123,42,38,10,33,7,3,4492
2026-08-24,demo,webinar,desktop,68,11,27,8,18,11,0,1403
2026-08-24,demo,webinar,mobile,34,13,8,4,12,1,2,4275
2026-08-24,demo,partner,desktop,32,9,10,0,12,7,0,1376
2026-08-24,demo,partner,mobile,14,5,4,2,2,0,1,3793
2026-08-24,demo,email,desktop,43,10,14,3,12,8,0,1542
2026-08-24,demo,email,mobile,32,14,4,1,14,5,0,4763
2026-08-24,features,paid_search,desktop,195,68,56,27,0,0,2,1559
2026-08-24,features,paid_search,mobile,90,32,24,7,0,0,0,2097
2026-08-24,features,paid_social,desktop,92,31,25,17,0,0,0,1285
2026-08-24,features,paid_social,mobile,145,44,50,21,0,0,0,1919
2026-08-24,features,organic,desktop,334,122,91,37,0,0,1,1280
2026-08-24,features,organic,mobile,189,73,35,22,0,0,0,2421
2026-08-24,features,webinar,desktop,81,29,25,6,0,0,0,1325
2026-08-24,features,webinar,mobile,34,16,8,6,0,0,0,2286
2026-08-24,features,partner,desktop,45,13,16,4,0,0,1,1304
2026-08-24,features,partner,mobile,27,11,10,1,0,0,0,2355
2026-08-24,features,email,desktop,62,22,14,12,0,0,0,1386
2026-08-24,features,email,mobile,53,21,15,4,0,0,1,1974
2026-08-24,compare,paid_search,desktop,123,59,23,13,0,0,0,1362
2026-08-24,compare,paid_search,mobile,56,31,10,6,0,0,0,2285
2026-08-24,compare,paid_social,desktop,48,16,14,4,0,0,0,1083
2026-08-24,compare,paid_social,mobile,79,40,13,12,0,0,0,1987
2026-08-24,compare,organic,desktop,165,73,41,20,0,0,0,1128
2026-08-24,compare,organic,mobile,100,42,23,12,0,0,1,2254
2026-08-24,compare,webinar,desktop,34,15,10,5,0,0,0,1366
2026-08-24,compare,webinar,mobile,25,11,7,5,0,0,0,2075
2026-08-24,compare,partner,desktop,22,11,5,4,0,0,0,1290
2026-08-24,compare,partner,mobile,8,3,2,0,0,0,0,2141
2026-08-24,compare,email,desktop,26,12,5,4,0,0,0,1334
2026-08-24,compare,email,mobile,27,14,6,3,0,0,0,2504
2026-08-25,home,paid_search,desktop,321,142,77,47,0,0,3,1277
2026-08-25,home,paid_search,mobile,158,67,41,24,0,0,0,2121
2026-08-25,home,paid_social,desktop,180,79,43,23,0,0,2,1365
2026-08-25,home,paid_social,mobile,254,111,68,31,0,0,1,2260
2026-08-25,home,organic,desktop,493,231,122,59,0,0,1,1314
2026-08-25,home,organic,mobile,353,153,93,35,0,0,1,2157
2026-08-25,home,webinar,desktop,118,55,31,18,0,0,1,1298
2026-08-25,home,webinar,mobile,62,30,11,11,0,0,0,2057
2026-08-25,home,partner,desktop,49,22,10,8,0,0,0,1602
2026-08-25,home,partner,mobile,40,18,11,1,0,0,1,2124
2026-08-25,home,email,desktop,101,42,31,14,0,0,1,1467
2026-08-25,home,email,mobile,93,45,25,11,0,0,0,2056
2026-08-25,pricing,paid_search,desktop,343,223,46,11,0,0,4,1195
2026-08-25,pricing,paid_search,mobile,212,146,32,10,0,0,1,1869
2026-08-25,pricing,paid_social,desktop,79,26,22,5,0,0,0,1267
2026-08-25,pricing,paid_social,mobile,120,55,29,13,0,0,1,1764
2026-08-25,pricing,organic,desktop,331,139,80,37,0,0,3,1440
2026-08-25,pricing,organic,mobile,181,86,39,19,0,0,1,2071
2026-08-25,pricing,webinar,desktop,74,30,24,9,0,0,0,1318
2026-08-25,pricing,webinar,mobile,36,14,7,6,0,0,0,1941
2026-08-25,pricing,partner,desktop,31,11,7,7,0,0,0,1154
2026-08-25,pricing,partner,mobile,15,5,4,0,0,0,0,1922
2026-08-25,pricing,email,desktop,77,28,27,7,0,0,1,1423
2026-08-25,pricing,email,mobile,43,22,12,8,0,0,0,2258
2026-08-25,demo,paid_search,desktop,251,54,96,24,65,37,0,1389
2026-08-25,demo,paid_search,mobile,159,69,34,16,51,12,3,4332
2026-08-25,demo,paid_social,desktop,87,29,29,6,32,15,0,1411
2026-08-25,demo,paid_social,mobile,96,44,22,7,30,8,5,5263
2026-08-25,demo,organic,desktop,263,78,85,34,76,38,1,1613
2026-08-25,demo,organic,mobile,133,58,29,16,47,13,4,5683
2026-08-25,demo,webinar,desktop,52,16,17,7,11,4,1,1441
2026-08-25,demo,webinar,mobile,31,8,14,3,16,3,0,4508
2026-08-25,demo,partner,desktop,28,8,8,4,11,8,0,1431
2026-08-25,demo,partner,mobile,20,9,2,3,11,4,0,4524
2026-08-25,demo,email,desktop,49,14,19,10,23,15,0,1539
2026-08-25,demo,email,mobile,41,14,7,2,12,2,1,5346
2026-08-25,features,paid_search,desktop,227,75,68,30,0,0,0,1282
2026-08-25,features,paid_search,mobile,111,49,30,8,0,0,1,2225
2026-08-25,features,paid_social,desktop,111,31,34,12,0,0,0,1425
2026-08-25,features,paid_social,mobile,138,56,35,15,0,0,0,1902
2026-08-25,features,organic,desktop,398,142,123,44,0,0,2,1415
2026-08-25,features,organic,mobile,188,80,46,18,0,0,0,2135
2026-08-25,features,webinar,desktop,68,22,24,7,0,0,0,1250
2026-08-25,features,webinar,mobile,49,20,17,6,0,0,0,1876
2026-08-25,features,partner,desktop,35,11,11,5,0,0,0,1340
2026-08-25,features,partner,mobile,17,7,3,3,0,0,0,2216
2026-08-25,features,email,desktop,65,13,22,9,0,0,0,1529
2026-08-25,features,email,mobile,43,17,14,6,0,0,0,1961
2026-08-25,compare,paid_search,desktop,137,75,25,19,0,0,1,1425
2026-08-25,compare,paid_search,mobile,66,31,12,4,0,0,1,2329
2026-08-25,compare,paid_social,desktop,42,18,15,4,0,0,0,1262
2026-08-25,compare,paid_social,mobile,72,36,17,8,0,0,0,2271
2026-08-25,compare,organic,desktop,190,85,47,22,0,0,3,1158
2026-08-25,compare,organic,mobile,78,37,20,11,0,0,0,2437
2026-08-25,compare,webinar,desktop,42,12,11,5,0,0,0,1283
2026-08-25,compare,webinar,mobile,23,15,5,0,0,0,0,1972
2026-08-25,compare,partner,desktop,14,8,3,1,0,0,0,1294
2026-08-25,compare,partner,mobile,12,3,4,2,0,0,0,2122
2026-08-25,compare,email,desktop,27,15,8,5,0,0,0,1211
2026-08-25,compare,email,mobile,24,12,4,7,0,0,0,2318
2026-08-26,home,paid_search,desktop,282,123,78,40,0,0,0,1339
2026-08-26,home,paid_search,mobile,148,58,44,15,0,0,0,2124
2026-08-26,home,paid_social,desktop,183,64,61,24,0,0,0,1189
2026-08-26,home,paid_social,mobile,280,115,69,27,0,0,0,2232
2026-08-26,home,organic,desktop,564,227,165,67,0,0,3,1400
2026-08-26,home,organic,mobile,315,130,96,31,0,0,3,2190
2026-08-26,home,webinar,desktop,131,54,37,21,0,0,0,1295
2026-08-26,home,webinar,mobile,72,35,16,5,0,0,2,2033
2026-08-26,home,partner,desktop,52,22,12,4,0,0,0,1328
2026-08-26,home,partner,mobile,30,19,6,6,0,0,0,2135
2026-08-26,home,email,desktop,116,43,25,16,0,0,0,1394
2026-08-26,home,email,mobile,97,41,23,4,0,0,1,2176
2026-08-26,pricing,paid_search,desktop,412,275,49,24,0,0,3,1120
2026-08-26,pricing,paid_search,mobile,214,128,35,14,0,0,2,2176
2026-08-26,pricing,paid_social,desktop,86,39,23,16,0,0,0,1256
2026-08-26,pricing,paid_social,mobile,126,61,22,17,0,0,1,1916
2026-08-26,pricing,organic,desktop,354,134,90,43,0,0,1,1158
2026-08-26,pricing,organic,mobile,168,72,39,23,0,0,0,1978
2026-08-26,pricing,webinar,desktop,78,31,16,7,0,0,0,1114
2026-08-26,pricing,webinar,mobile,32,11,12,6,0,0,0,2052
2026-08-26,pricing,partner,desktop,56,27,10,6,0,0,0,1424
2026-08-26,pricing,partner,mobile,21,10,5,1,0,0,0,2101
2026-08-26,pricing,email,desktop,68,29,24,12,0,0,0,1161
2026-08-26,pricing,email,mobile,51,20,15,7,0,0,1,1926
2026-08-26,demo,paid_search,desktop,258,93,79,21,82,50,2,1662
2026-08-26,demo,paid_search,mobile,136,54,46,16,45,12,3,4881
2026-08-26,demo,paid_social,desktop,90,14,23,17,21,16,0,1428
2026-08-26,demo,paid_social,mobile,127,37,41,16,54,8,2,4825
2026-08-26,demo,organic,desktop,264,70,89,20,76,52,0,1198
2026-08-26,demo,organic,mobile,134,41,30,15,46,16,5,4140
2026-08-26,demo,webinar,desktop,54,6,23,6,19,16,0,1276
2026-08-26,demo,webinar,mobile,31,17,8,3,13,1,1,4536
2026-08-26,demo,partner,desktop,29,8,11,3,8,6,0,1292
2026-08-26,demo,partner,mobile,24,10,4,4,11,4,0,4751
2026-08-26,demo,email,desktop,58,19,20,7,17,11,0,1514
2026-08-26,demo,email,mobile,57,27,17,10,14,6,0,5300
2026-08-26,features,paid_search,desktop,213,69,63,27,0,0,0,1246
2026-08-26,features,paid_search,mobile,102,41,29,10,0,0,0,2064
2026-08-26,features,paid_social,desktop,104,25,36,15,0,0,0,1339
2026-08-26,features,paid_social,mobile,137,48,32,12,0,0,0,2138
2026-08-26,features,organic,desktop,366,135,105,33,0,0,1,1308
2026-08-26,features,organic,mobile,172,65,48,16,0,0,0,2209
2026-08-26,features,webinar,desktop,76,22,28,3,0,0,0,1382
2026-08-26,features,webinar,mobile,39,19,11,4,0,0,0,2254
2026-08-26,features,partner,desktop,32,16,7,3,0,0,0,1306
2026-08-26,features,partner,mobile,23,8,7,1,0,0,1,2243
2026-08-26,features,email,desktop,68,27,21,2,0,0,0,1006
2026-08-26,features,email,mobile,53,21,10,5,0,0,0,2124
2026-08-26,compare,paid_search,desktop,165,70,40,26,0,0,0,1369
2026-08-26,compare,paid_search,mobile,81,39,20,14,0,0,0,1919
2026-08-26,compare,paid_social,desktop,59,25,15,7,0,0,0,1420
2026-08-26,compare,paid_social,mobile,79,33,22,12,0,0,0,1739
2026-08-26,compare,organic,desktop,161,78,32,14,0,0,0,1110
2026-08-26,compare,organic,mobile,81,41,19,12,0,0,1,2110
2026-08-26,compare,webinar,desktop,42,17,10,5,0,0,0,1035
2026-08-26,compare,webinar,mobile,18,5,7,0,0,0,0,2106
2026-08-26,compare,partner,desktop,15,5,5,0,0,0,0,1436
2026-08-26,compare,partner,mobile,12,6,3,0,0,0,0,2098
2026-08-26,compare,email,desktop,24,12,4,2,0,0,0,1225
2026-08-26,compare,email,mobile,22,13,3,2,0,0,0,2268
2026-08-27,home,paid_search,desktop,338,141,85,34,0,0,1,1070
2026-08-27,home,paid_search,mobile,218,94,54,25,0,0,2,2173
2026-08-27,home,paid_social,desktop,159,64,38,27,0,0,0,1297
2026-08-27,home,paid_social,mobile,276,102,76,41,0,0,1,1841
2026-08-27,home,organic,desktop,574,243,148,77,0,0,6,1256
2026-08-27,home,organic,mobile,305,130,78,36,0,0,0,2104
2026-08-27,home,webinar,desktop,115,53,23,17,0,0,0,1328
2026-08-27,home,webinar,mobile,54,23,11,6,0,0,0,2403
2026-08-27,home,partner,desktop,83,43,20,7,0,0,0,1274
2026-08-27,home,partner,mobile,31,12,9,3,0,0,0,2046
2026-08-27,home,email,desktop,102,38,26,14,0,0,0,1236
2026-08-27,home,email,mobile,96,45,26,8,0,0,0,1982
2026-08-27,pricing,paid_search,desktop,422,286,55,37,0,0,1,1493
2026-08-27,pricing,paid_search,mobile,239,171,36,10,0,0,0,2278
2026-08-27,pricing,paid_social,desktop,100,45,20,12,0,0,0,1147
2026-08-27,pricing,paid_social,mobile,151,70,37,10,0,0,1,2139
2026-08-27,pricing,organic,desktop,313,115,105,21,0,0,1,1250
2026-08-27,pricing,organic,mobile,152,66,47,19,0,0,1,2129
2026-08-27,pricing,webinar,desktop,78,35,13,8,0,0,0,1037
2026-08-27,pricing,webinar,mobile,26,11,7,3,0,0,1,1821
2026-08-27,pricing,partner,desktop,35,18,7,6,0,0,0,1282
2026-08-27,pricing,partner,mobile,22,11,7,5,0,0,0,2219
2026-08-27,pricing,email,desktop,76,27,21,6,0,0,1,1287
2026-08-27,pricing,email,mobile,46,18,16,7,0,0,0,1894
2026-08-27,demo,paid_search,desktop,266,87,65,36,78,52,4,1453
2026-08-27,demo,paid_search,mobile,129,52,33,18,51,9,4,4695
2026-08-27,demo,paid_social,desktop,79,20,25,8,29,22,0,1368
2026-08-27,demo,paid_social,mobile,127,48,32,17,50,8,3,4465
2026-08-27,demo,organic,desktop,262,78,79,40,79,49,1,1567
2026-08-27,demo,organic,mobile,132,55,40,13,60,8,5,4696
2026-08-27,demo,webinar,desktop,56,18,18,4,12,5,0,1521
2026-08-27,demo,webinar,mobile,39,12,13,2,13,3,0,4690
2026-08-27,demo,partner,desktop,30,11,6,4,9,6,0,1205
2026-08-27,demo,partner,mobile,16,5,6,2,7,0,0,4940
2026-08-27,demo,email,desktop,51,13,14,7,14,11,0,1463
2026-08-27,demo,email,mobile,46,19,13,2,13,2,1,4236
2026-08-27,features,paid_search,desktop,186,66,47,19,0,0,1,1409
2026-08-27,features,paid_search,mobile,94,36,20,8,0,0,0,2027
2026-08-27,features,paid_social,desktop,104,33,33,17,0,0,0,1429
2026-08-27,features,paid_social,mobile,153,56,41,14,0,0,0,2142
2026-08-27,features,organic,desktop,364,112,103,43,0,0,1,1227
2026-08-27,features,organic,mobile,171,60,54,19,0,0,0,2016
2026-08-27,features,webinar,desktop,67,28,20,3,0,0,0,1476
2026-08-27,features,webinar,mobile,32,10,12,2,0,0,0,2232
2026-08-27,features,partner,desktop,33,10,12,4,0,0,1,1330
2026-08-27,features,partner,mobile,19,11,3,0,0,0,0,2251
2026-08-27,features,email,desktop,75,22,26,9,0,0,0,1397
2026-08-27,features,email,mobile,54,22,11,8,0,0,0,2292
2026-08-27,compare,paid_search,desktop,130,63,25,18,0,0,0,1470
2026-08-27,compare,paid_search,mobile,74,33,22,6,0,0,0,2334
2026-08-27,compare,paid_social,desktop,35,15,6,2,0,0,0,1514
2026-08-27,compare,paid_social,mobile,76,32,17,11,0,0,1,2030
2026-08-27,compare,organic,desktop,176,98,30,24,0,0,0,1241
2026-08-27,compare,organic,mobile,102,50,18,10,0,0,0,2443
2026-08-27,compare,webinar,desktop,25,11,7,4,0,0,0,1338
2026-08-27,compare,webinar,mobile,14,8,1,0,0,0,0,2051
2026-08-27,compare,partner,desktop,24,14,5,1,0,0,0,1247
2026-08-27,compare,partner,mobile,13,2,8,2,0,0,0,2181
2026-08-27,compare,email,desktop,22,10,4,3,0,0,1,1230
2026-08-27,compare,email,mobile,26,14,6,3,0,0,0,1954
2026-08-28,home,paid_search,desktop,323,129,90,43,0,0,0,1319
2026-08-28,home,paid_search,mobile,194,90,55,18,0,0,0,2142
2026-08-28,home,paid_social,desktop,187,66,37,24,0,0,1,1337
2026-08-28,home,paid_social,mobile,291,119,88,28,0,0,2,1951
2026-08-28,home,organic,desktop,633,242,168,84,0,0,2,1227
2026-08-28,home,organic,mobile,254,112,62,21,0,0,0,2255
2026-08-28,home,webinar,desktop,130,50,42,20,0,0,3,1304
2026-08-28,home,webinar,mobile,55,28,10,10,0,0,0,2402
2026-08-28,home,partner,desktop,46,16,13,7,0,0,0,1317
2026-08-28,home,partner,mobile,37,8,19,3,0,0,1,2064
2026-08-28,home,email,desktop,99,41,28,13,0,0,0,1134
2026-08-28,home,email,mobile,97,40,35,9,0,0,0,1948
2026-08-28,pricing,paid_search,desktop,422,287,62,21,0,0,1,1205
2026-08-28,pricing,paid_search,mobile,200,143,27,14,0,0,1,2142
2026-08-28,pricing,paid_social,desktop,70,35,8,10,0,0,0,1141
2026-08-28,pricing,paid_social,mobile,174,62,52,24,0,0,1,2115
2026-08-28,pricing,organic,desktop,348,119,107,44,0,0,2,1319
2026-08-28,pricing,organic,mobile,176,60,51,15,0,0,2,1872
2026-08-28,pricing,webinar,desktop,65,26,20,6,0,0,0,1276
2026-08-28,pricing,webinar,mobile,39,22,5,2,0,0,0,1955
2026-08-28,pricing,partner,desktop,21,8,7,1,0,0,0,1319
2026-08-28,pricing,partner,mobile,18,6,5,1,0,0,0,2037
2026-08-28,pricing,email,desktop,65,20,16,14,0,0,0,1426
2026-08-28,pricing,email,mobile,55,16,19,8,0,0,0,1753
2026-08-28,demo,paid_search,desktop,277,73,105,34,89,55,1,1541
2026-08-28,demo,paid_search,mobile,129,47,45,16,39,9,5,4219
2026-08-28,demo,paid_social,desktop,80,29,32,7,32,23,0,1490
2026-08-28,demo,paid_social,mobile,120,40,41,18,53,13,1,4276
2026-08-28,demo,organic,desktop,229,70,79,36,65,35,0,1448
2026-08-28,demo,organic,mobile,140,48,40,17,47,11,1,5158
2026-08-28,demo,webinar,desktop,59,21,22,6,22,14,1,1351
2026-08-28,demo,webinar,mobile,41,20,8,6,19,3,2,4990
2026-08-28,demo,partner,desktop,20,7,8,2,6,4,0,1316
2026-08-28,demo,partner,mobile,12,4,3,1,7,3,1,5225
2026-08-28,demo,email,desktop,47,15,14,2,9,4,0,1298
2026-08-28,demo,email,mobile,43,8,12,5,10,2,2,4477
2026-08-28,features,paid_search,desktop,194,69,45,21,0,0,1,1305
2026-08-28,features,paid_search,mobile,110,46,24,15,0,0,0,2233
2026-08-28,features,paid_social,desktop,79,27,27,10,0,0,0,1223
2026-08-28,features,paid_social,mobile,161,70,36,17,0,0,1,2067
2026-08-28,features,organic,desktop,315,118,70,39,0,0,0,1264
2026-08-28,features,organic,mobile,144,63,44,11,0,0,1,2284
2026-08-28,features,webinar,desktop,74,18,23,8,0,0,0,1394
2026-08-28,features,webinar,mobile,44,14,13,5,0,0,0,1941
2026-08-28,features,partner,desktop,30,14,6,2,0,0,0,996
2026-08-28,features,partner,mobile,24,6,9,3,0,0,0,1813
2026-08-28,features,email,desktop,57,23,12,9,0,0,0,1443
2026-08-28,features,email,mobile,50,18,13,9,0,0,0,2375
2026-08-28,compare,paid_search,desktop,145,61,43,16,0,0,0,1258
2026-08-28,compare,paid_search,mobile,66,30,19,7,0,0,0,2054
2026-08-28,compare,paid_social,desktop,43,15,9,4,0,0,0,1304
2026-08-28,compare,paid_social,mobile,86,32,28,10,0,0,1,2100
2026-08-28,compare,organic,desktop,177,70,50,15,0,0,0,1429
2026-08-28,compare,organic,mobile,95,41,21,6,0,0,0,2301
2026-08-28,compare,webinar,desktop,40,20,8,5,0,0,0,1172
2026-08-28,compare,webinar,mobile,15,5,4,1,0,0,0,1958
2026-08-28,compare,partner,desktop,19,10,5,2,0,0,0,1313
2026-08-28,compare,partner,mobile,12,4,5,1,0,0,0,2429
2026-08-28,compare,email,desktop,41,20,9,4,0,0,0,1346
2026-08-28,compare,email,mobile,25,5,7,1,0,0,0,2138
2026-08-29,home,paid_search,desktop,113,51,27,19,0,0,2,1260
2026-08-29,home,paid_search,mobile,72,35,19,5,0,0,2,1927
2026-08-29,home,paid_social,desktop,74,35,23,8,0,0,0,1210
2026-08-29,home,paid_social,mobile,95,36,25,10,0,0,0,1967
2026-08-29,home,organic,desktop,193,87,41,25,0,0,0,1417
2026-08-29,home,organic,mobile,108,52,24,8,0,0,0,2307
2026-08-29,home,webinar,desktop,49,16,16,4,0,0,0,1402
2026-08-29,home,webinar,mobile,33,13,7,5,0,0,0,2006
2026-08-29,home,partner,desktop,21,9,5,3,0,0,0,1293
2026-08-29,home,partner,mobile,12,6,2,0,0,0,0,2592
2026-08-29,home,email,desktop,49,22,13,7,0,0,0,1373
2026-08-29,home,email,mobile,38,11,13,3,0,0,0,2043
2026-08-29,pricing,paid_search,desktop,131,83,21,10,0,0,0,1191
2026-08-29,pricing,paid_search,mobile,74,58,11,2,0,0,1,2226
2026-08-29,pricing,paid_social,desktop,38,14,15,4,0,0,0,1334
2026-08-29,pricing,paid_social,mobile,55,31,9,6,0,0,0,1969
2026-08-29,pricing,organic,desktop,146,55,35,23,0,0,0,1364
2026-08-29,pricing,organic,mobile,77,32,20,13,0,0,0,1927
2026-08-29,pricing,webinar,desktop,33,9,6,3,0,0,0,1480
2026-08-29,pricing,webinar,mobile,20,9,5,2,0,0,0,2045
2026-08-29,pricing,partner,desktop,20,9,4,2,0,0,0,1383
2026-08-29,pricing,partner,mobile,12,3,1,1,0,0,0,2328
2026-08-29,pricing,email,desktop,15,9,3,1,0,0,0,1229
2026-08-29,pricing,email,mobile,11,4,5,2,0,0,0,2177
2026-08-29,demo,paid_search,desktop,92,26,22,15,31,19,0,1642
2026-08-29,demo,paid_search,mobile,39,19,11,6,23,7,1,5407
2026-08-29,demo,paid_social,desktop,26,10,8,0,5,4,0,1167
2026-08-29,demo,paid_social,mobile,49,23,11,4,17,3,3,4994
2026-08-29,demo,organic,desktop,112,34,28,15,28,20,0,1564
2026-08-29,demo,organic,mobile,56,22,14,11,21,6,2,5215
2026-08-29,demo,webinar,desktop,15,3,5,0,3,2,0,1463
2026-08-29,demo,webinar,mobile,16,9,2,0,6,2,1,5388
2026-08-29,demo,partner,desktop,11,3,3,0,2,1,0,1416
2026-08-29,demo,partner,mobile,9,4,4,3,3,1,1,5911
2026-08-29,demo,email,desktop,29,10,7,3,11,6,0,1308
2026-08-29,demo,email,mobile,14,1,4,1,7,3,0,4944
2026-08-29,features,paid_search,desktop,83,28,29,9,0,0,1,1246
2026-08-29,features,paid_search,mobile,51,20,14,3,0,0,0,2328
2026-08-29,features,paid_social,desktop,41,8,19,7,0,0,0,1314
2026-08-29,features,paid_social,mobile,58,18,12,6,0,0,0,1805
2026-08-29,features,organic,desktop,131,50,37,15,0,0,0,1113
2026-08-29,features,organic,mobile,79,37,21,11,0,0,0,1824
2026-08-29,features,webinar,desktop,37,13,11,3,0,0,0,1108
2026-08-29,features,webinar,mobile,15,6,1,1,0,0,0,2233
2026-08-29,features,partner,desktop,16,4,8,1,0,0,0,1249
2026-08-29,features,partner,mobile,13,3,1,1,0,0,0,2133
2026-08-29,features,email,desktop,21,7,6,2,0,0,0,1366
2026-08-29,features,email,mobile,23,7,6,4,0,0,0,1840
2026-08-29,compare,paid_search,desktop,57,30,12,9,0,0,0,1252
2026-08-29,compare,paid_search,mobile,31,12,6,1,0,0,0,2480
2026-08-29,compare,paid_social,desktop,21,7,3,0,0,0,0,1432
2026-08-29,compare,paid_social,mobile,30,13,10,2,0,0,0,2204
2026-08-29,compare,organic,desktop,66,29,14,11,0,0,0,1351
2026-08-29,compare,organic,mobile,32,13,7,2,0,0,0,2096
2026-08-29,compare,webinar,desktop,16,4,2,3,0,0,0,1196
2026-08-29,compare,webinar,mobile,6,3,2,0,0,0,0,2396
2026-08-29,compare,partner,desktop,12,6,3,0,0,0,0,1117
2026-08-29,compare,partner,mobile,2,0,2,0,0,0,0,1848
2026-08-29,compare,email,desktop,14,8,3,2,0,0,0,1312
2026-08-29,compare,email,mobile,10,5,3,1,0,0,0,2118
2026-08-30,home,paid_search,desktop,108,52,25,10,0,0,1,1464
2026-08-30,home,paid_search,mobile,65,36,15,5,0,0,0,1756
2026-08-30,home,paid_social,desktop,65,27,16,6,0,0,1,1348
2026-08-30,home,paid_social,mobile,126,51,34,15,0,0,0,2137
2026-08-30,home,organic,desktop,216,75,57,19,0,0,0,1295
2026-08-30,home,organic,mobile,112,36,39,21,0,0,1,1864
2026-08-30,home,webinar,desktop,69,26,20,6,0,0,0,1254
2026-08-30,home,webinar,mobile,33,13,10,4,0,0,0,2055
2026-08-30,home,partner,desktop,32,12,7,5,0,0,0,1552
2026-08-30,home,partner,mobile,14,1,6,2,0,0,0,2206
2026-08-30,home,email,desktop,37,15,7,4,0,0,0,1176
2026-08-30,home,email,mobile,40,14,10,4,0,0,0,2376
2026-08-30,pricing,paid_search,desktop,188,128,24,6,0,0,1,1379
2026-08-30,pricing,paid_search,mobile,120,84,19,6,0,0,1,2081
2026-08-30,pricing,paid_social,desktop,48,18,11,4,0,0,1,1292
2026-08-30,pricing,paid_social,mobile,52,19,11,5,0,0,0,2012
2026-08-30,pricing,organic,desktop,116,43,33,15,0,0,1,1318
2026-08-30,pricing,organic,mobile,77,28,22,7,0,0,0,2190
2026-08-30,pricing,webinar,desktop,35,19,7,4,0,0,0,1309
2026-08-30,pricing,webinar,mobile,16,8,5,4,0,0,0,2066
2026-08-30,pricing,partner,desktop,18,8,4,1,0,0,0,1327
2026-08-30,pricing,partner,mobile,7,2,3,2,0,0,0,2213
2026-08-30,pricing,email,desktop,31,11,6,3,0,0,1,1340
2026-08-30,pricing,email,mobile,24,7,6,2,0,0,0,2216
2026-08-30,demo,paid_search,desktop,102,31,27,9,26,20,0,1304
2026-08-30,demo,paid_search,mobile,51,20,9,4,23,2,0,5048
2026-08-30,demo,paid_social,desktop,24,11,6,1,9,6,0,1265
2026-08-30,demo,paid_social,mobile,37,21,6,3,11,1,0,5141
2026-08-30,demo,organic,desktop,98,27,31,8,32,22,1,1222
2026-08-30,demo,organic,mobile,45,14,13,5,19,4,3,5242
2026-08-30,demo,webinar,desktop,19,6,5,4,4,1,0,1524
2026-08-30,demo,webinar,mobile,11,4,3,2,6,1,0,4937
2026-08-30,demo,partner,desktop,15,3,3,4,3,0,0,1324
2026-08-30,demo,partner,mobile,7,3,2,1,5,2,0,4767
2026-08-30,demo,email,desktop,15,5,4,0,4,2,0,1505
2026-08-30,demo,email,mobile,19,7,8,2,4,1,0,5060
2026-08-30,features,paid_search,desktop,85,31,18,10,0,0,0,1236
2026-08-30,features,paid_search,mobile,39,14,13,9,0,0,0,2032
2026-08-30,features,paid_social,desktop,33,8,7,4,0,0,0,1564
2026-08-30,features,paid_social,mobile,53,18,15,7,0,0,0,1885
2026-08-30,features,organic,desktop,145,56,45,26,0,0,0,1066
2026-08-30,features,organic,mobile,62,21,25,8,0,0,0,1755
2026-08-30,features,webinar,desktop,32,9,10,6,0,0,0,1298
2026-08-30,features,webinar,mobile,21,8,8,5,0,0,0,1980
2026-08-30,features,partner,desktop,12,6,3,3,0,0,0,1282
2026-08-30,features,partner,mobile,11,6,4,2,0,0,0,2256
2026-08-30,features,email,desktop,16,4,8,1,0,0,0,1498
2026-08-30,features,email,mobile,12,4,2,2,0,0,0,2129
2026-08-30,compare,paid_search,desktop,41,16,10,11,0,0,0,1315
2026-08-30,compare,paid_search,mobile,27,17,7,2,0,0,0,2399
2026-08-30,compare,paid_social,desktop,29,14,6,2,0,0,0,1364
2026-08-30,compare,paid_social,mobile,29,6,10,4,0,0,0,2187
2026-08-30,compare,organic,desktop,67,28,15,4,0,0,0,1443
2026-08-30,compare,organic,mobile,41,18,13,6,0,0,0,2071
2026-08-30,compare,webinar,desktop,15,9,2,2,0,0,0,1147
2026-08-30,compare,webinar,mobile,4,2,1,0,0,0,0,2105
2026-08-30,compare,partner,desktop,4,2,1,0,0,0,0,1210
2026-08-30,compare,partner,mobile,1,1,0,0,0,0,0,2034
2026-08-30,compare,email,desktop,15,7,4,2,0,0,0,1231
2026-08-30,compare,email,mobile,11,5,3,0,0,0,0,2100
2026-08-31,home,paid_search,desktop,392,150,110,51,0,0,2,1322
2026-08-31,home,paid_search,mobile,206,76,57,20,0,0,0,1862
2026-08-31,home,paid_social,desktop,156,70,32,20,0,0,0,1446
2026-08-31,home,paid_social,mobile,236,97,71,29,0,0,0,2247
2026-08-31,home,organic,desktop,538,215,154,62,0,0,4,1188
2026-08-31,home,organic,mobile,333,124,89,48,0,0,4,2150
2026-08-31,home,webinar,desktop,131,65,31,23,0,0,1,1550
2026-08-31,home,webinar,mobile,89,37,23,16,0,0,1,2129
2026-08-31,home,partner,desktop,54,22,19,5,0,0,0,1303
2026-08-31,home,partner,mobile,36,16,9,1,0,0,0,1862
2026-08-31,home,email,desktop,99,41,24,14,0,0,0,1220
2026-08-31,home,email,mobile,115,63,24,12,0,0,0,2123
2026-08-31,pricing,paid_search,desktop,354,243,46,23,0,0,2,1364
2026-08-31,pricing,paid_search,mobile,227,161,32,6,0,0,2,2007
2026-08-31,pricing,paid_social,desktop,104,42,28,9,0,0,0,1312
2026-08-31,pricing,paid_social,mobile,163,70,40,19,0,0,0,2367
2026-08-31,pricing,organic,desktop,326,121,91,41,0,0,2,1316
2026-08-31,pricing,organic,mobile,193,86,50,21,0,0,2,2292
2026-08-31,pricing,webinar,desktop,83,28,25,11,0,0,1,1286
2026-08-31,pricing,webinar,mobile,39,20,8,4,0,0,0,2282
2026-08-31,pricing,partner,desktop,45,19,16,7,0,0,1,1355
2026-08-31,pricing,partner,mobile,30,15,9,1,0,0,0,1965
2026-08-31,pricing,email,desktop,75,36,24,5,0,0,1,1193
2026-08-31,pricing,email,mobile,52,24,14,6,0,0,0,2321
2026-08-31,demo,paid_search,desktop,279,77,90,32,88,49,3,1470
2026-08-31,demo,paid_search,mobile,146,46,51,15,52,10,1,4424
2026-08-31,demo,paid_social,desktop,52,15,16,6,15,10,0,1396
2026-08-31,demo,paid_social,mobile,112,39,33,8,35,5,3,5032
2026-08-31,demo,organic,desktop,223,68,58,25,56,41,0,1178
2026-08-31,demo,organic,mobile,147,52,38,22,50,13,4,4888
2026-08-31,demo,webinar,desktop,65,17,18,9,20,15,0,1478
2026-08-31,demo,webinar,mobile,35,9,14,3,11,2,5,4824
2026-08-31,demo,partner,desktop,26,3,8,2,9,5,0,1485
2026-08-31,demo,partner,mobile,8,5,2,0,3,1,0,4414
2026-08-31,demo,email,desktop,65,17,25,6,20,11,0,1611
2026-08-31,demo,email,mobile,36,16,7,5,13,2,0,3664
2026-08-31,features,paid_search,desktop,186,49,55,18,0,0,1,1137
2026-08-31,features,paid_search,mobile,82,33,23,5,0,0,0,2234
2026-08-31,features,paid_social,desktop,102,34,34,13,0,0,0,1319
2026-08-31,features,paid_social,mobile,153,70,33,17,0,0,1,1809
2026-08-31,features,organic,desktop,302,102,70,29,0,0,1,1422
2026-08-31,features,organic,mobile,151,53,42,19,0,0,3,1910
2026-08-31,features,webinar,desktop,79,35,18,10,0,0,0,1364
2026-08-31,features,webinar,mobile,54,19,22,6,0,0,0,1648
2026-08-31,features,partner,desktop,37,13,8,5,0,0,0,1138
2026-08-31,features,partner,mobile,24,11,3,2,0,0,0,2257
2026-08-31,features,email,desktop,70,23,21,6,0,0,0,1503
2026-08-31,features,email,mobile,47,16,9,6,0,0,0,2130
2026-08-31,compare,paid_search,desktop,160,82,35,28,0,0,0,1313
2026-08-31,compare,paid_search,mobile,66,30,16,7,0,0,1,1850
2026-08-31,compare,paid_social,desktop,49,18,19,10,0,0,1,1227
2026-08-31,compare,paid_social,mobile,71,39,17,7,0,0,1,1936
2026-08-31,compare,organic,desktop,199,90,53,21,0,0,1,1222
2026-08-31,compare,organic,mobile,83,39,22,13,0,0,0,1843
2026-08-31,compare,webinar,desktop,44,18,10,6,0,0,1,1378
2026-08-31,compare,webinar,mobile,15,7,4,1,0,0,0,2018
2026-08-31,compare,partner,desktop,15,7,1,0,0,0,0,1450
2026-08-31,compare,partner,mobile,19,11,5,2,0,0,0,1942
2026-08-31,compare,email,desktop,31,13,6,3,0,0,0,1277
2026-08-31,compare,email,mobile,27,11,6,4,0,0,0,2119
